v     0.1325063001    -0.1916053705    -1.6734988502
v     0.1608208894    -0.1958966374    -1.5516852408
v     0.0044383996    -0.1755933646    -1.5791695841
v    -0.0243811549    -0.1626893876    -1.6439680902
v     0.0378470010    -0.1744346638    -1.6877507036
v     0.4615780460    -0.2211522383    -1.8655606482
v     0.4155580757    -0.2162756240    -1.7527446171
v     0.2951258177    -0.2077114221    -1.8667035153
v     0.6305177136    -0.2202589333    -1.6546143313
v     0.8851504101    -0.2095531829    -1.4160345461
v     0.5424892610    -0.2115862624    -1.4729499928
v     0.4110509921    -0.2129951170    -1.6267717650
v     0.2623849885    -0.2051545707    -1.7424339350
v     0.3217746509    -0.2057418520    -1.5027165316
v     0.1335808722    -0.1873305610    -1.7815432333
v     0.6804788192    -0.2293975617    -1.8647170223
v     0.8387110903    -0.2231103090    -1.6880179215
v     0.9479573280    -0.2311478169    -1.8642682228
v     1.0788916474    -0.2178860719    -1.6380243678
v     3.3724808718    -0.0751904923    -1.3689039418
v     3.5086951788    -0.0690091626    -1.4927689552
v     3.5338498216    -0.0571601214    -1.2364568923
v     2.4074554463    -0.1570943628    -1.6448190673
v     2.6488075058    -0.1517786930    -1.8677417048
v     2.6583150303    -0.1411361660    -1.6621042535
v     2.8041304297    -0.1349762891    -1.7513576912
v     2.9456638774    -0.1207285504    -1.6690655100
v     2.8177773313    -0.1265902643    -1.5924686264
v     2.9574660757    -0.1288224872    -1.8689700304
v     3.1847378644    -0.1107604238    -1.8699555001
v     3.0996628546    -0.1133318787    -1.7696489280
v     0.0581125113    -0.1859490806    -1.4935065150
v     0.2104218274    -0.1982830849    -1.4327639038
v     0.1382456227    -0.1923333073    -1.3453589636
v     3.2531211862    -0.1010080228    -1.7696489280
v     3.3805205251    -0.0906174356    -1.7744539858
v     3.3349341789    -0.0894994357    -1.6508103354
v     3.4715457732    -0.0865083114    -1.8713010969
v     3.2903982054    -0.1020216913    -1.8704375318
v     0.2422765074    -0.1928272703    -1.1596050957
v     0.5500276071    -0.2028947571    -1.2593329489
v     0.4542892646    -0.1904983828    -0.9866905999
v     0.3424343760    -0.2018316437    -1.3385637826
v     0.1726202958    -0.1890766548    -1.8681558914
v     0.2569296199    -0.2041026780    -1.6229209998
v     3.3750624531    -0.0814056371    -1.5298184525
v     3.4912252302    -0.0772383449    -1.6707781838
v     3.2148453609    -0.0927501051    -1.4967610950
v     2.6386946970    -0.1344475278    -1.4953049889
v     2.2441837798    -0.1789783738    -1.8663338067
v     0.7140551523    -0.1870854650    -0.9207947314
v     0.7799610916    -0.1972814623    -1.1440498065
v     2.3748714967    -0.1454829681    -1.3737638788
v     0.9714095320    -0.1830170933    -0.9215139888
v     2.0091596271    -0.1778127002    -1.5844113796
v     1.1161989322    -0.1926564744    -1.1739581241
v     1.3153030303    -0.2006258300    -1.4331474064
v     1.4986423910    -0.1723357377    -1.0310209561
v     1.2947384271    -0.2247781712    -1.8642903554
v     1.6900056690    -0.1806377676    -1.3382206428
v     2.0761042012    -0.1562299302    -1.2444369453
v     1.7476232113    -0.2068579039    -1.8649905751
v     1.7765146865    -0.1652543005    -1.1253166850
v     1.2324075503    -0.1781530329    -0.9619166496
v     1.5968448241    -0.2001012491    -1.6191520010
v     0.0841195545    -0.1456360560    -1.8713010969
v     0.0298761574    -0.1396223323    -1.7940297934
v    -0.0243672398    -0.1336086085    -1.7167584900
v     0.8974955413    -0.0314757170    -1.8782901127
v     0.7740384601    -0.0159946972    -1.7020440609
v     0.9863150667     0.0104966199    -1.4861368952
v     3.2795517186    -0.0503231718    -1.3814538704
v     0.6525166361    -0.0425364383    -1.8778157596
v     0.4474352769    -0.0580513183    -1.8769812983
v     0.5604323054    -0.0220334197    -1.6747832664
v     0.3728466835    -0.0403259493    -1.7133159065
v     3.1983203486    -0.0336563937    -1.1580482456
v     0.3936549439    -0.0108312551    -1.5113980004
v     0.5633552165     0.0028909504    -1.4682417066
v     1.9776721128     0.0185404100    -1.1939745983
v     1.6037058993     0.0301657228    -1.1819688542
v     1.7692908158     0.0485824351    -0.8645963294
v     0.6976503644     0.0209796414    -1.3389877502
v     0.7222046563     0.0007986318    -1.5347833311
v     3.3191792954    -0.0654984795    -1.6236815971
v     2.9841718652    -0.0321563534    -1.3306631231
v     3.0685053079    -0.0525158909    -1.6160564049
v     3.2292345063    -0.0744053951    -1.8724430008
v     2.3274912568     0.0055052150    -1.1970399200
v     2.2973820747     0.0219874808    -0.9611545668
v     2.5819954554     0.0055964290    -1.0205523315
v     1.5217193502     0.0586156659    -0.8307753767
v     0.7700179748     0.0437256464    -1.1207570013
v     1.0422557248     0.0705639448    -0.8075452445
v     1.2248146446     0.0444795819    -1.0924027894
v     0.4837040584     0.0202004036    -1.2909797414
v     0.5535254252     0.0599225752    -0.9319144380
v     2.7228392977    -0.0348364336    -1.5800899973
v     1.3559834776     0.0081627261    -1.5099266319
v     1.5860959449    -0.0246837712    -1.8779246177
v     1.2021064178    -0.0250335831    -1.8783687776
v     0.8000970311     0.0700330130    -0.8373309915
v     1.7918264583    -0.0005414339    -1.5310781061
v     2.0269502932     0.0363241216    -0.9087947784
v     2.0407355935    -0.0318415255    -1.8768693368
v     0.2710675669     0.0036446274    -1.3422358489
v     0.3585827755     0.0338963325    -1.1308957787
v     1.2808956497     0.0661821944    -0.8097001830
v     0.1964911161    -0.0243370280    -1.4991501323
v     0.2439799142    -0.0390281472    -1.6240108021
v     0.2887841679    -0.0768300062    -1.8758619809
v     0.1967314217    -0.0589397301    -1.7079189317
v     0.0270860069    -0.1046347106    -1.7416247904
v     0.1148874952    -0.0787406285    -1.7378324749
v     0.1700426522    -0.0993871146    -1.8744297855
v     2.2564713632    -0.0134419170    -1.5245997958
v     2.6330223972    -0.0135452000    -1.2948609252
v     2.9147819434    -0.0604215097    -1.8738044556
v     2.5034263598    -0.0449676885    -1.8753869421
v     2.8817465378    -0.0128697877    -1.0860538027
v     0.1410077157    -0.1511584839    -1.9523497061
v     3.9221367897    -0.3729294172    -5.1423275498
v     3.7809260166    -0.3939360059    -5.2633072804
v     3.9727254087    -0.3847110069    -5.3038728579
v     3.1482653274    -0.4264372760    -5.2894817731
v     3.0976181107    -0.4379171638    -5.4469456683
v     3.1904617940    -0.4363631088    -5.4429744046
v     3.2971437364    -0.4177279499    -5.2391020763
v     3.2833270452    -0.4338485307    -5.4400353557
v     1.1055308760    -0.2447897326    -3.3265066331
v     1.1790039976    -0.2861698818    -3.2134461478
v     1.0487942195    -0.2392820121    -3.2456738727
v     4.2671554484    -0.3522228501    -5.2015357422
v     4.3013052486    -0.3635545377    -5.3441488908
v     4.4623176942    -0.3421637766    -5.2666605062
v     3.6544363437    -0.4170683128    -5.4342564592
v     3.7500000000    -0.4114779069    -5.4337231695
v     1.8133325209    -0.3440336622    -4.0904263507
v     1.6728974410    -0.2998669377    -4.1348342372
v     1.7296340974    -0.3053746582    -4.2156669976
v     1.5866874093    -0.3235468925    -3.7719616569
v     1.4459508150    -0.2778360556    -3.8115031955
v     1.5026874715    -0.2833437761    -3.8923359559
v     2.5621669150    -0.3141190301    -3.5934492810
v     2.8910446173    -0.2954215092    -3.5807775251
v     2.6479371186    -0.2725103203    -3.1669026444
v     2.5806839448    -0.3879904658    -5.4281584037
v     2.6375721060    -0.3935128937    -5.5092070130
v     2.6668618938    -0.4191349440    -5.4228035604
v     2.6401616598    -0.4000000000    -5.5080318745
v     3.3000912710    -0.2554046771    -3.4433612313
v     3.4606989554    -0.2034412302    -3.0344513005
v     3.0441169312    -0.2466315085    -3.1603249679
v     4.1374081238    -0.3880419487    -5.4637339161
v     4.1483409065    -0.3741596146    -5.3289993219
v     4.0402385233    -0.3941185582    -5.4531554228
v     2.8810638735    -0.4268311448    -5.2548061932
v     2.7748382970    -0.4285728603    -5.3694149730
v     2.9121307526    -0.4369828928    -5.4598474984
v     3.0071058531    -0.4315854237    -5.3348344801
v     3.0048378861    -0.4382572506    -5.4523585220
v     3.2797207807    -0.1077276374    -1.9186526248
v     3.1720355794    -0.1299113441    -2.0531192579
v     3.3734827426    -0.1046347106    -1.9670018894
v     3.3760148277    -0.4305518100    -5.4378571715
v     3.5988918798    -0.3204821835    -4.3498060508
v     3.9421306331    -0.2901663922    -4.3067269151
v     3.7708105493    -0.2739466859    -4.0026887022
v     4.4071820353    -0.3279367560    -5.0777114913
v     3.4688381202    -0.4265902200    -5.4362443621
v     3.4476275162    -0.4155858748    -5.2932508200
v     3.6143896035    -0.3975653561    -5.1900196740
v     3.5591741240    -0.4139115747    -5.3393522631
v     3.8468799377    -0.4057410753    -5.4370210904
v     3.9435725283    -0.4000000000    -5.4440966581
v     4.2344188794    -0.3818065014    -5.4756128610
v     4.5242089059    -0.3623397520    -5.5204360971
v     4.5043102118    -0.3529993850    -5.4105681874
v     4.4278368156    -0.3689225280    -5.5035907733
v     4.5363872202    -0.3612764287    -5.5204955783
v     4.3312404387    -0.3754261754    -5.4888313104
v     2.4031514902    -0.3968504190    -4.9041707332
v     2.2908026948    -0.3846762385    -4.8873422734
v     2.2970006624    -0.3604518633    -5.0239946017
v     2.7286263570    -0.4254889460    -5.4855531381
v     3.5893329693    -0.2590580576    -3.7054030887
v     3.9846544580    -0.2189091564    -3.6297162921
v     3.8488612946    -0.1838695437    -3.1643553093
v     3.7196672854    -0.1505327547    -2.7216095215
v     3.3952018188    -0.3038998735    -4.0241774661
v     4.1204434510    -0.2539476929    -4.0950629833
v     2.3879576445    -0.1980169256    -2.1724417884
v     1.9894112017    -0.2256327115    -2.2251425270
v     2.8676386633    -0.2231847375    -2.7827353752
v     3.2001045470    -0.1986279278    -2.7775153846
v     3.6424421786    -0.2233767269    -3.3849204707
v     3.2051329328    -0.2915459912    -3.7550478513
v     2.2319088542    -0.2413158366    -2.5519831628
v     3.0762278277    -0.3820782447    -4.6886058433
v     3.2118741006    -0.3912271986    -4.8721919290
v     3.3897980884    -0.3640145932    -4.6700107966
v     1.2981548816    -0.2835772475    -2.7877318227
v     1.3693895906    -0.2934727258    -2.9737746675
v     1.6014541440    -0.2829895870    -2.7817738656
v     2.0899419297    -0.3113510280    -3.3341089538
v     1.9890806608    -0.3299770377    -3.5782194093
v     2.3087391221    -0.3135055956    -3.4554397863
v     0.7539468102    -0.2430194118    -2.1541585921
v     0.8443381769    -0.2395698304    -2.0207723912
v     0.6300193169    -0.2336529845    -2.0198207742
v     1.1655542683    -0.2849223968    -2.9633311855
v     1.5391160719    -0.2999703266    -3.0567142340
v     2.5175663808    -0.4060995395    -5.0060630884
v     2.6909137939    -0.4090180961    -4.9464090841
v     2.5462580294    -0.4035654014    -4.8850093551
v     2.1114909750    -0.3381160833    -3.7250319290
v     2.3404480142    -0.3409113331    -3.8284792187
v     3.5743337785    -0.3765021392    -4.9312489570
v     3.4526847393    -0.4020566024    -5.1385955776
v     2.0579674735    -0.3489459811    -3.9051775986
v     1.8962669094    -0.3408359544    -3.7850333368
v     0.5881983837    -0.2343458991    -2.1870629341
v     0.4731652252    -0.2241659761    -2.0484504180
v     2.1704104265    -0.3576321342    -4.0535212641
v     2.2455536568    -0.3650970774    -4.1831628292
v     2.4183857922    -0.3574924363    -4.0862762589
v     1.1785386887    -0.2493429680    -2.1846493732
v     1.0537619237    -0.2409237306    -2.0340704662
v     0.9396886674    -0.2512016843    -2.2314295617
v     3.5376986742    -0.1035781843    -2.0980060229
v     3.4223437788    -0.1357900432    -2.3200200699
v     3.6181600545    -0.1243401691    -2.3737458765
v     3.2692296583    -0.1636686408    -2.4748891929
v     3.4716752744    -0.1632313842    -2.6368997099
v     3.7758155065    -0.3736439587    -5.0420414663
v     3.8379369158    -0.3482949077    -4.8210738816
v     2.9284577848    -0.3744281548    -4.5185659645
v     2.8108885917    -0.3945442764    -4.7326340780
v     2.6559514881    -0.3842690992    -4.5400636822
v     2.6418424403    -0.3986078219    -4.7624453795
v     2.5699583068    -0.3674458684    -4.2744701290
v     2.3249923414    -0.3724573378    -4.3105429682
v     2.2883564433    -0.3807681742    -4.4992267750
v     2.4529062380    -0.3807709030    -4.4533252820
v     2.7492255005    -0.4234743496    -5.2398059213
v     2.6751087745    -0.4174254353    -5.1437463815
v     2.6445159762    -0.4185672453    -5.3096352292
v     2.5867421616    -0.4120405541    -5.0985495526
v     3.0066138364    -0.1820016639    -2.4552479030
v     1.7833823668    -0.2960967068    -3.0206159950
v     1.6763315369    -0.3096075752    -3.2206571554
v     3.1918326950    -0.1476100068    -2.2488874736
v     3.3367393566    -0.1226658769    -2.1164243129
v     0.7466077201    -0.2470670977    -2.3143815841
v     0.5945394009    -0.2339289970    -2.3436631144
v     0.6808047789    -0.2422213853    -2.4412594124
v     0.7083742806    -0.2062356890    -2.7606773102
v     0.7912249178    -0.2512713024    -2.6460795996
v     0.6516376241    -0.2007279685    -2.6798445498
v     4.3351375746    -0.3093466448    -4.8308162854
v     4.2300114266    -0.3382386684    -5.0297661608
v     4.0384110297    -0.3456712577    -4.9496336230
v     4.0894358598    -0.3622484417    -5.1601417919
v     1.0917395110    -0.2770727131    -2.7944236165
v     0.9326071476    -0.2647183310    -2.8183529885
v     1.0204794041    -0.2730024930    -2.9150499759
v     2.1479427948    -0.3741252798    -4.5544963745
v     2.2521877103    -0.3829486275    -4.6422144866
v     1.3965940466    -0.2711538640    -2.5613977016
v     1.1416683379    -0.2722185059    -2.6054623723
v     2.8018408842    -0.4171674188    -5.0848295078
v     3.2154046208    -0.3461550252    -4.3571669944
v     1.8837142920    -0.3087445524    -3.2321611319
v     1.8123678199    -0.3216506717    -3.4289972646
v     1.6118355753    -0.3182613840    -3.4179765540
v     3.6528955962    -0.3473052753    -4.6727700133
v     3.3508025531    -0.3946966938    -4.9926394418
v     3.0466790792    -0.4022578103    -4.9262030620
v     1.3459647828    -0.2999315736    -3.1823567084
v     1.2344006207    -0.2915519395    -3.0945685123
v     1.1049442764    -0.2788345326    -3.1279180408
v     0.6785896987    -0.2376242588    -2.5653377202
v     0.5949009676    -0.1952202480    -2.5990117894
v     1.4567672928    -0.3082642722    -3.6930839882
v     1.3892141585    -0.2723283351    -3.7306704351
v     1.9703822613    -0.3533158756    -4.0432179951
v     1.9739431580    -0.3570421797    -4.1683107130
v     3.1582796889    -0.4108449481    -5.0864287628
v     3.0288010231    -0.4226856063    -5.2001969806
v     0.9105372850    -0.2576509493    -2.9173683754
v     0.8218475936    -0.2172511300    -2.9223428310
v     0.8785842501    -0.2227588505    -3.0031755914
v     1.2757408455    -0.2613128941    -3.5690049143
v     1.2917549382    -0.2930314058    -3.4581851940
v     1.2190041890    -0.2558051736    -3.4881721539
v     1.3830787805    -0.3049935271    -3.4905271360
v     1.3479984844    -0.3024854515    -3.3488596768
v     2.1835273494    -0.3494364223    -4.8623290809
v     2.2028646782    -0.3772980766    -4.7454778570
v     2.1267906929    -0.3439287017    -4.7814963204
v     2.3275498621    -0.3898526940    -4.7674074724
v     1.1622675325    -0.2502974531    -3.4073393935
v     1.2227768267    -0.2893809325    -3.3021859792
v     1.7863707539    -0.3108823787    -4.2964997580
v     1.8371833279    -0.3444686135    -4.2077922320
v     0.4814276546    -0.1842048069    -2.4373462686
v     0.5920465308    -0.2272415931    -2.4750967145
v     0.5381643111    -0.1897125275    -2.5181790290
v     2.1643996878    -0.3729988867    -4.4114710415
v     2.0536308063    -0.3646036887    -4.5039054549
v     2.0133173799    -0.3329132607    -4.6198307996
v     1.9565807234    -0.3274055402    -4.5389980392
v     1.4771147121    -0.3125641025    -3.4195920230
v     1.4877785303    -0.3083746301    -3.2606762075
v     1.9779774702    -0.2767732348    -2.8352752599
v     1.6560594798    -0.3262769416    -3.6000420097
v     1.5020891490    -0.3162246635    -3.5638431490
v     2.4672106318    -0.3769750248    -5.2664928829
v     2.4874615359    -0.4035509174    -5.1423373901
v     2.4104739753    -0.3714673043    -5.1856601225
v     0.8281825395    -0.2520031198    -2.7679482765
v     0.9562097070    -0.2668335213    -2.6902022970
v     0.7651109371    -0.2117434095    -2.8415100706
v     1.3324775020    -0.2668206146    -3.6498376747
v     1.3890440159    -0.3020893041    -3.5954121188
v     2.2402640059    -0.3549441428    -4.9431618413
v     2.6688649537    -0.3391129514    -3.9520634304
v     2.1316984525    -0.3699468112    -4.6631260731
v     2.0700540364    -0.3384209812    -4.7006635600
v     2.4105621882    -0.3960132540    -5.0490025728
v     2.3537373189    -0.3659595838    -5.1048273621
v     2.5239472883    -0.3824827453    -5.3473256433
v     0.9920575630    -0.2337742915    -3.1648411122
v     2.4941049882    -0.3964404409    -4.7472575456
v     2.6430611222    -0.2056698776    -2.4339735965
v     2.7144239856    -0.1692087070    -2.0997732778
v     1.4220772975    -0.2489187315    -2.2398353183
v     2.9849784754    -0.1526475305    -2.1352653083
v     2.8461593442    -0.1749175458    -2.2587847936
v     0.2543243582    -0.1990857917    -1.9508362808
v     0.2792128623    -0.1976536481    -2.0349697079
v     0.3643756851    -0.2139498047    -1.9668834150
v     0.8833966190    -0.2565110466    -2.4095438204
v     0.9306054105    -0.2627627187    -2.5559935872
v     2.1019814994    -0.3657432854    -4.2621814516
v     2.0238620868    -0.3629671278    -4.3911210650
v     1.0329971275    -0.2716207392    -3.0424100131
v     0.9353209066    -0.2282665710    -3.0840083518
v     1.8672051011    -0.2609569984    -2.5833371303
v     1.6509872475    -0.2566629707    -2.4309619374
v     0.4246909981    -0.1786970864    -2.3565135081
v     0.4830425476    -0.2205545918    -2.2701814075
v     0.3679543416    -0.1731893659    -2.2756807477
v     0.1977443722    -0.1566662044    -2.0331824665
v     0.1885075719    -0.1834198215    -1.9526671653
v     2.8811473311    -0.4051722620    -4.9053010750
v     2.9562888079    -0.4155129054    -5.0761974387
v     0.3112176851    -0.1676816454    -2.1948479873
v     0.3518693260    -0.2081100615    -2.0894337091
v     0.2544810287    -0.1621739249    -2.1140152269
v     1.6423118231    -0.2321673285    -2.1140167911
v     2.8401490914    -0.3588509933    -4.2820734939
v     3.0103227366    -0.3269161490    -4.0095640966
v     2.0439670940    -0.2945118190    -3.0923898136
v     1.2340062055    -0.2622436265    -2.4002167328
v     1.0481039122    -0.2614853706    -2.4101452621
v     2.8198977676    -0.4333454700    -5.4703862304
v     3.4402550975    -0.1042008718    -2.0198226997
v     4.4012856227    -0.3601845096    -5.3936673216
v     1.8032834215    -0.3319468817    -3.6301120499
v     1.7244742413    -0.3334609726    -3.7404395123
v     1.7310501511    -0.3362964879    -3.8602191756
v     3.5616457785    -0.4220694433    -5.4350725502
v     3.0663024848    -0.1304655446    -1.9729282086
v     1.8532950292    -0.3453418771    -3.9483817341
v     1.5468556671    -0.3202980756    -3.6669495094
v     2.4164636993    -0.3891206041    -4.6200821068
v     2.3047269089    -0.2771346077    -3.0105262457
v     2.5393547407    -0.2410448481    -2.7463094197
v     0.4278954830    -0.2162450978    -2.1769245494
v     1.6161607845    -0.2943592172    -4.0540014768
v     1.6979444241    -0.3327366579    -3.9779953157
v     1.5594241280    -0.2888514966    -3.9731687163
v     1.8431074104    -0.3163900992    -4.3773325184
v     1.9276820073    -0.3538386987    -4.2942062643
v     0.4927700507    -0.2161494363    -2.3533689275
v     2.5640668538    -0.4109498967    -5.2313772337
v     0.7823157900    -0.2518230604    -2.4986383950
v     4.0893438663    -0.3196235969    -4.7256300447
v     3.8958864407    -0.3185756966    -4.5587785798
v     0.9518536961    -0.2602598289    -2.9923976291
v     4.2410427565    -0.2850667334    -4.5083548599
v     1.2405165260    -0.2877290744    -3.3939590766
v     1.6110179380    -0.3236429299    -3.8887057976
v     1.6948473271    -0.3281269496    -4.0642570839
v     1.9769818014    -0.3535662032    -4.4754705558
v     1.8998440669    -0.3218978197    -4.4581652788
v     1.9189324005    -0.3488767562    -4.3836970945
v     0.8265856010    -0.2452892925    -2.8472601337
v     2.2511444517    -0.3816367013    -4.8163481645
v     3.1850802830    -0.3221849543    -5.4590634980
v     3.1747534695    -0.3061393888    -5.2776946719
v     3.2789060618    -0.3209747805    -5.4569864318
v     3.0268747230    -0.0953042121    -2.3490878583
v     3.2725428827    -0.0940821939    -2.1586906490
v     2.7124302674    -0.0743266230    -2.2096741325
v     1.1769910806    -0.1817028942    -3.2120282845
v     1.6308533296    -0.2293556415    -3.8621866559
v     3.3632245680    -0.1210624573    -2.5267707155
v     3.4582893591    -0.1477764044    -2.8870252659
v     3.1145026667    -0.1249060176    -2.7560552321
v     2.7395378743    -0.1013586236    -2.6023267005
v     3.4866433805    -0.3073264942    -5.2695861102
v     3.6710021000    -0.3138147235    -5.3070021657
v     3.5602286991    -0.3221897809    -5.4529286254
v     3.0945754713    -0.2248913025    -4.2449284593
v     3.1273627011    -0.1915334675    -3.7568323402
v     3.4525974194    -0.2250800426    -4.0999970559
v     3.0913002043    -0.3245257647    -5.4619127860
v     3.0388183373    -0.3149049145    -5.3497606407
v     3.4664068426    -0.3211207091    -5.4540856143
v     3.3725887811    -0.3206746719    -5.4553932911
v     3.3269695993    -0.3030031976    -5.2381182118
v     3.8468855215    -0.3287056866    -5.4533130817
v     3.8465724308    -0.3191734565    -5.3132621550
v     3.9431259273    -0.3321122049    -5.4595937668
v     4.2313183020    -0.3447246670    -5.4866874610
v     4.2422894745    -0.3400402030    -5.4048567364
v     4.3271550820    -0.3496021335    -5.4973411567
v     4.0022441017    -0.3245134041    -5.3134123295
v     4.1315600997    -0.3314762373    -5.3434569755
v     4.0392207082    -0.3359546073    -5.4676006281
v     4.5190497016    -0.3603725271    -5.5205799342
v     4.4229097670    -0.3548040976    -5.5086181666
v     3.3700308013    -0.2488870634    -4.4901032594
v     3.5899703436    -0.2708706528    -4.7173082908
v     3.2475695682    -0.2690145862    -4.8074368305
v     3.7500000000    -0.3258949800    -5.4506975858
v     3.6540459272    -0.3237878354    -5.4518302022
v     3.6029425383    -0.3004005562    -5.1405385868
v     2.8661803255    -0.1309226283    -2.9815030271
v     2.4375817679    -0.1123921773    -2.8779408115
v     1.3950120627    -0.0429963428    -2.1023455353
v     0.7161731255    -0.1535598265    -2.6472841883
v     0.7880481653    -0.1225689364    -2.5504636365
v     0.8471771035    -0.1363773818    -2.6800500807
v     1.0687804972    -0.1720639328    -3.0660844010
v     1.5254471828    -0.2179799771    -3.7095372596
v     3.9567687141    -0.2843752886    -4.7165177749
v     2.8123736431    -0.3426946502    -5.4803063935
v     2.7728936975    -0.3308770294    -5.3695391021
v     2.9042523535    -0.3341025714    -5.4717995988
v     2.8946077315    -0.3138457372    -5.2909895482
v     2.1038160363    -0.2717630301    -4.4954774876
v     2.0115430746    -0.2742592417    -4.4346173344
v     2.1464611684    -0.2453995953    -4.3385164237
v     2.7622024405    -0.1534609447    -3.3503189481
v     3.2615994075    -0.1616770885    -3.2372339373
v     3.8045772267    -0.2564998192    -4.3775521354
v     2.3657426191    -0.0717937697    -2.3301536583
v     2.4565824883    -0.1714740598    -3.6540264519
v     2.3299918954    -0.1408267537    -3.2783191236
v     3.7810154493    -0.2292066956    -3.9603720015
v     3.5541662939    -0.1970077537    -3.6049762883
v     1.0868816174    -0.0512983169    -2.1334388922
v     1.3589516815    -0.0634174626    -2.3254892263
v     1.4463125933    -0.0871628968    -2.5960724016
v     1.1760639674    -0.0789144987    -2.4322428548
v     2.7302565338    -0.3136752675    -5.2112718775
v     2.6039968143    -0.3054398728    -5.0738139230
v     2.7636745977    -0.2883229899    -5.0011899063
v     1.5580301013    -0.1739565974    -3.4377078560
v     1.5622749167    -0.1500581006    -3.2420438293
v     1.7728769836    -0.1604866209    -3.4250591293
v     2.1403158512    -0.1814003365    -3.7438823649
v     1.9461606157    -0.2010229806    -3.8660057956
v     1.8912030351    -0.1817573627    -3.6693633068
v     1.6909268057    -0.1201516859    -2.9983019259
v     1.4400809032    -0.1346459795    -3.0505187325
v     4.0763805264    -0.3048265145    -4.9594582654
v     4.1281675125    -0.3209815602    -5.1804139055
v     3.9519423928    -0.3124480819    -5.1570269193
v     3.8817681658    -0.2988774281    -4.9888651244
v     2.7962090565    -0.2365092520    -4.4409527514
v     3.0297523555    -0.2516158475    -4.6151522907
v     2.7874737349    -0.2633325761    -4.7494388012
v     2.2905332917    -0.1965245373    -3.9359474626
v     2.5450835762    -0.1979787471    -3.9763760935
v     2.3950917114    -0.2134181231    -4.1376895784
v     2.5758161453    -0.2248961617    -4.2925260314
v     4.2428403746    -0.3173504053    -5.0391273147
v     2.2118856482    -0.2214275880    -4.1640329009
v     2.3421503420    -0.2317487365    -4.3098027871
v     0.6512319670    -0.0775279483    -2.1514665806
v     0.5934458645    -0.1068357185    -2.3004108470
v     0.4994981350    -0.1040644387    -2.2059489347
v     1.3206908785    -0.2039515999    -3.4555658371
v     2.1443777978    -0.2974377071    -4.6729780777
v     2.2594268136    -0.2994335842    -4.7849045192
v     2.2230554857    -0.2906819224    -4.7044703503
v     2.3700364632    -0.2711418490    -4.6696591211
v     2.5802372469    -0.3305956195    -5.2290927631
v     0.9606732957    -0.1556730524    -2.8840489270
v     1.4192442015    -0.2035598763    -3.5391813763
v     1.8585442930    -0.2520254424    -4.1810666556
v     2.4823023639    -0.2784989952    -4.7904923481
v     2.4816126655    -0.2997490189    -4.9542396489
v     2.3627966663    -0.2970164710    -4.8520919106
v     3.4362794422    -0.2870312451    -5.0060482877
v     2.0003293274    -0.1399600225    -3.2675498903
v     2.0365649512    -0.1591878719    -3.4855731907
v     2.6209467306    -0.2791644365    -4.8610693643
v     2.8708766224    -0.2980447886    -5.1314550333
v     3.0306004767    -0.2984211206    -5.1735592635
v     2.9829208312    -0.2779056710    -4.9369339825
v     1.6829128526    -0.0614622770    -2.3300245987
v     1.6791102712    -0.2017011430    -3.7209703417
v     1.7749878434    -0.2086333780    -3.8333351860
v     1.7613440517    -0.0926516273    -2.7036536357
v     2.0295148062    -0.1144944321    -2.9694280033
v     0.5426889336    -0.1362855716    -2.4016145319
v     0.6813070313    -0.1165173436    -2.4286896427
v     1.3773908643    -0.1745575187    -3.3255843200
v     1.2627274812    -0.1960725610    -3.3632441956
v     1.3321841059    -0.1617641131    -3.2054025220
v     1.2323826045    -0.1513555371    -3.0647254145
v     0.9844682186    -0.1036820688    -2.5546595556
v     0.8539779047    -0.1591663339    -2.8059041289
v     0.9886154303    -0.1267230314    -2.7261660248
v     1.6757062032    -0.2407922996    -3.9627160411
v     2.6428961813    -0.3389171810    -5.3289432954
v     1.2017731336    -0.1949151181    -3.3018979382
v     0.4803405587    -0.1293331001    -2.3102286935
v     2.0984331956    -0.2916157740    -4.6020879001
v     2.2331245336    -0.2710213178    -4.5840110721
v     0.6563449601    -0.1440990267    -2.5475925230
v     1.9920200723    -0.2596099222    -4.3334649251
v     2.4467690290    -0.3227559477    -5.0734297935
v     1.5552779103    -0.2308179169    -3.8035370589
v     1.1179494378    -0.1454370761    -2.9446489483
v     0.9884238383    -0.1730488333    -2.9979746500
v     1.4472789855    -0.2185466683    -3.6438347400
v     1.5864329074    -0.1897656608    -3.5741092776
v     2.3603742531    -0.3201068439    -4.9830714855
v     1.1013581998    -0.1841199714    -3.1564456255
v     1.9005909181    -0.2640568008    -4.2833818251
v     2.0291734441    -0.2352337034    -4.1904808472
v     1.5159614053    -0.1093510948    -2.8415974453
v     3.1991758066    -0.2881604096    -5.0616658090
v     2.7205548463    -0.3565826533    -5.4930744345
v     2.6674360790    -0.3530681966    -5.4274662106
v     2.5712521207    -0.2532639047    -4.5946056651
v     2.3920944236    -0.2475250303    -4.4773007351
v     3.6966726273    -0.2890275238    -4.9365328136
v     3.7712447359    -0.3058908286    -5.1515916393
v     0.2350721677    -0.1033076568    -1.9562139452
v     0.3605757656    -0.0837030206    -1.9748606860
v     1.9138463975    -0.2254635865    -4.0457640317
v     2.0857030407    -0.2086262912    -3.9953228461
v     1.1047894478    -0.1278961254    -2.8117005721
v     1.2965287724    -0.1205445890    -2.8601939828
v     1.7570386895    -0.2498392082    -4.0820166983
v     2.5006007740    -0.3306557875    -5.1627205680
v     4.2775939577    -0.3348184030    -5.2957524631
v     4.1350472936    -0.3401572132    -5.4766997673
v     1.1888279187    -0.1028703274    -2.6559461732
v     0.3508508648    -0.1076153439    -2.0886684327
v     0.8488344462    -0.0706401565    -2.2137003830
v     0.7214075043    -0.0918923817    -2.3005057326
v     2.8189730957    -0.2083154282    -4.0840573389
v     2.7536848808    -0.1816459265    -3.7423883763
v     4.3781474242    -0.3452628054    -5.3881873722
v     1.7938365850    -0.1360010681    -3.1881312179
v     2.2337655151    -0.2535512557    -4.4527796859
v     4.3103888147    -0.3293132685    -5.1812542252
v     1.4393586731    -0.1800233274    -3.4063257590
v     0.8391089098    -0.0965607089    -2.4116368706
v     0.4859252707    -0.0807387699    -2.0567366886
v     1.7998486010    -0.2241140228    -3.9603515333
v     0.8090839659    -0.0525841390    -2.0398284510
v     0.4034007971    -0.1140143727    -2.1682078717
v     2.0619730664    -0.0835785611    -2.5747075105
v     2.9976043701    -0.3283280932    -5.4659513056
v     0.2761278753    -0.1126253012    -2.0353434842
v     2.2588180548    -0.3156061840    -4.8663407410
v     0.9897457251    -0.0781547226    -2.3473131448
v     1.9590164806    -0.0529494161    -2.1883425013
v     1.7263358475    -0.1821303487    -3.5965328182
v     2.2381719489    -0.1622576908    -3.5438439164
v     1.9269295339    -0.2841844025    -4.4038016243
v     0.6095184519    -0.0603887955    -1.9977631420
v     0.5984256120    -0.1411491151    -2.4776889876
v     2.0308159955    -0.2982108932    -4.5659387977
v     0.7736547599    -0.1652624466    -2.7529417302
v     4.5221008230    -0.3615257987    -5.5204955783
v     4.5190265413    -0.3603753730    -5.5205797635
v     3.2903982054    -0.1020216913     1.8704375318
v     3.2531211862    -0.1010080228     1.7696489280
v     3.3795073334    -0.0902102944     1.7619036989
v     0.2951295586    -0.2077118362     1.8667034818
v     0.2307760688    -0.2018937578     1.7571439103
v     0.3595278240    -0.2128194552     1.7472036561
v     3.3318727615    -0.0891747822     1.6364885110
v     3.4715457732    -0.0865083114     1.8713010969
v     3.4912252302    -0.0772383449     1.6707781838
v     3.2148453609    -0.0927501051     1.4967610950
v     3.3818331388    -0.0807529183     1.5271889057
v     3.3724845217    -0.0751900850     1.3689009628
v     3.5338498216    -0.0571601214     1.2364568923
v     3.5086951788    -0.0690091626     1.4927689552
v     2.9574644650    -0.1288226118     1.8689700237
v     3.0996628546    -0.1133318787     1.7696489280
v     3.1847378644    -0.1107604238     1.8699555001
v     2.7168002888    -0.1388674009     1.7004525512
v     2.8177787078    -0.1265902026     1.5924694218
v     2.9456638716    -0.1207285507     1.6690655064
v     0.4615872083    -0.2211527651     1.8655606002
v     0.3536030167    -0.2060915080     1.4647790080
v     0.4593746940    -0.2140410318     1.5993652152
v     0.2873010320    -0.2063060642     1.6286462775
v     0.9713969636    -0.1830173035     0.9215127599
v     0.8965548282    -0.1990268785     1.2087768697
v     0.7140599458    -0.1870853980     0.9207943040
v    -0.0243672398    -0.1336086085     1.7167584900
v     0.1181787492    -0.1894711383     1.6794257629
v     0.0298761574    -0.1396223323     1.7940297934
v     0.1742035396    -0.1970705001     1.5557360247
v     0.0044383996    -0.1755933646     1.5791695841
v     0.0581125113    -0.1859490806     1.4935065150
v    -0.0243811549    -0.1626893876     1.6439680902
v     0.1726214289    -0.1890768976     1.8681558730
v     0.1221066326    -0.1841058704     1.7946472043
v     0.1382037950    -0.1923318469     1.3454406725
v     0.1978704312    -0.1976050534     1.4383815887
v     0.3074802632    -0.1999859702     1.3176826242
v     2.6485193499    -0.1517992666     1.8677406180
v     0.2422828755    -0.1928269852     1.1595889946
v     0.5708255776    -0.2041620185     1.2850139630
v     0.4543009718    -0.1904982336     0.9866849847
v     0.6122480437    -0.2189271921     1.6287577307
v     0.8306379135    -0.2159443342     1.5370941150
v     1.2324008642    -0.1781531702     0.9619152697
v     1.1804563852    -0.2044785053     1.4297087021
v     0.9479889493    -0.2311476250     1.8642681976
v     0.6804961306    -0.2293979275     1.8647169756
v     1.4986319049    -0.1723359934     1.0310179446
v     1.2947961386    -0.2247764925     1.8642904023
v     1.5724396761    -0.1932491603     1.4753741376
v     1.7764914239    -0.1652528118     1.1252677675
v     2.6386946970    -0.1344475278     1.4953049889
v     2.0760816540    -0.1562306774     1.2444276152
v     1.8981904988    -0.1738687373     1.4001923561
v     2.3748680864    -0.1454831011     1.3737623478
v     2.1819553611    -0.1650734971     1.5297521148
v     2.4440438247    -0.1554963809     1.6602094405
v     1.7477182575    -0.2068532810     1.8649907823
v     2.2439258409    -0.1789945594     1.8663329899
v     1.9363799246    -0.1851937542     1.6479501027
v     0.0841195545    -0.1456360560     1.8713010969
v     0.4805387083     0.0169679954     1.3183101390
v     0.6382431432     0.0367697121     1.1745167580
v     0.3618517774     0.0346841944     1.1250886764
v     0.2725417863     0.0042558241     1.3382906891
v     0.0270860069    -0.1046347106     1.7416247904
v     0.4128308440    -0.0081119648     1.4992532947
v     0.1964911161    -0.0243370280     1.4991501323
v     0.2440208212    -0.0392229944     1.6252650623
v     0.8645617945     0.0521334306     1.0343329384
v     0.8052473473     0.0701250142     0.8361293628
v     0.5592450852     0.0603463888     0.9284038054
v     0.1146916673    -0.0787892588     1.7378686005
v     0.1700426522    -0.0993871146     1.8744297855
v     0.2887841679    -0.0768300062     1.8758619809
v     0.3777840067    -0.0391886013     1.7085196166
v     0.1962573349    -0.0590620277     1.7082264536
v     0.6525166361    -0.0425364383     1.8778157596
v     0.7421762662    -0.0167354015     1.6987174264
v     0.5439879288    -0.0333899583     1.7559137367
v     1.0469726735     0.0705201168     0.8072992510
v     1.2851580785     0.0660762275     0.8098823996
v     1.5373474763     0.0419791494     1.0471605559
v     1.5256120806     0.0584753853     0.8312022495
v     1.7729775341     0.0484162720     0.8652089929
v     0.4474352769    -0.0580513183     1.8769812983
v     1.9300844594     0.0199422855     1.1960954124
v     2.0301970376     0.0361602047     0.9093924315
v     2.2933553916    -0.0083918595     1.4292861466
v     2.2999147224     0.0218471376     0.9616660419
v     3.2292345063    -0.0744053951     1.8724430008
v     3.3575304977    -0.0733109593     1.7327588020
v     3.2730389293    -0.0571007290     1.5128557555
v     3.3861630134    -0.0540981501     1.3418897465
v     3.1988586339    -0.0336927487     1.1581707326
v     3.0036881499    -0.0416737622     1.4801290764
v     0.5541307222    -0.0144816704     1.6110960758
v     0.6959933697     0.0089414770     1.4526557494
v     0.8974955413    -0.0314757170     1.8782901127
v     0.9784740362    -0.0019006528     1.6127657496
v     2.9147819434    -0.0604215097     1.8738044556
v     2.5839584470     0.0054791827     1.0209758553
v     0.9345924979     0.0267268955     1.3110994225
v     1.2022218027     0.0409776506     1.1381093740
v     1.2021064178    -0.0250335831     1.8783687776
v     2.6887764889    -0.0168285637     1.3079237457
v     2.6742324066    -0.0337894060     1.5961097235
v     1.5860959449    -0.0246837712     1.8779246177
v     1.3088840903     0.0078250391     1.5180244601
v     1.5550651234     0.0219020072     1.3039632449
v     2.8830668612    -0.0129532340     1.0863392708
v     1.8022332356    -0.0021923656     1.5499335255
v     2.5034263598    -0.0449676885     1.8753869421
v     2.0407355935    -0.0318415255     1.8768693368
v     3.3734827426    -0.1046347106     1.9670018894
v     3.2974027586    -0.4200877981     5.2686783711
v     3.1904617668    -0.4363631094     5.4429744056
v     3.1301465311    -0.4227909967     5.2328815673
v     3.2797201592    -0.1077276574     1.9186523030
v     3.1692076322    -0.1301646425     2.0533758210
v     1.1630608462    -0.2456620159     2.1244603493
v     3.4683700340    -0.3132652480     4.1770015275
v     3.1462096529    -0.3430794437     4.2780246131
v     3.0639935037    -0.3083138993     3.8384184240
v     4.1191695045    -0.2536189680     4.0906971891
v     4.2398499365    -0.2847589421     4.5042670851
v     3.8880154646    -0.3000136123     4.3627489633
v     0.1410077157    -0.1511584839     1.9523497061
v     3.2833269616    -0.4338485334     5.4400353579
v     1.1720682329    -0.2853090677     3.2121270418
v     1.1055308760    -0.2447897326     3.3265066331
v     1.0487942195    -0.2392820121     3.2456738727
v     4.0085282681    -0.3610090343     5.0840961201
v     4.1247083560    -0.3680352964     5.2474255209
v     3.9290672865    -0.3843340583     5.2674603345
v     3.8300624833    -0.3696673650     5.0395071148
v     4.0402363834    -0.3941186901     5.4531552045
v     3.9435725283    -0.4000000000     5.4440966581
v     3.8468799377    -0.4057410753     5.4370210904
v     3.4731219648    -0.4160491918     5.3132469677
v     3.3760147802    -0.4305518119     5.4378571724
v     4.2344171903    -0.3818066114     5.4756126434
v     4.2961032623    -0.3627177191     5.3314079805
v     4.3312357041    -0.3754264910     5.4888306286
v     4.5242089059    -0.3623397520     5.5204360971
v     4.4278334314    -0.3689227577     5.5035902208
v     4.5042913685    -0.3529945227     5.4105036114
v     4.5363872202    -0.3612764287     5.5204955783
v     4.1728428415    -0.3770947621     5.3784833025
v     2.6375721060    -0.3935128937     5.5092070130
v     2.5806839448    -0.3879904658     5.4281584037
v     2.6630552003    -0.4183487788     5.4284464420
v     2.6401616598    -0.4000000000     5.5080318745
v     2.1267906929    -0.3439287017     4.7814963204
v     2.2675023561    -0.3847957317     4.7513102364
v     2.1835273494    -0.3494364223     4.8623290809
v     3.7500000000    -0.4114779069     5.4337231695
v     3.7554415647    -0.3936057313     5.2419751889
v     2.9121307528    -0.4369828928     5.4598474983
v     2.8841849215    -0.4315492280     5.3491701534
v     3.0048378736    -0.4382572505     5.4523585229
v     3.5616457542    -0.4220694445     5.4350725505
v     3.6399860369    -0.4091293643     5.3356674509
v     4.3344308643    -0.3091642877     4.8283944005
v     3.9920007831    -0.3311125309     4.7636290472
v     2.7286263570    -0.4254889460     5.4855531381
v     3.0976181081    -0.4379171639     5.4469456684
v     3.0426551167    -0.4318480739     5.3428325991
v     1.4718417757    -0.2368186620     2.0955157530
v     3.6556775822    -0.3378288793     4.5746112030
v     3.8481467064    -0.1836851538     3.1619064269
v     3.9836601864    -0.2186525979     3.6263089393
v     3.6285764972    -0.2316344379     3.4572352131
v     2.1818396794    -0.2941436780     3.1513109549
v     2.3900148038    -0.2577437103     2.8368984842
v     2.5349519957    -0.2894852262     3.2890476467
v     3.4139647434    -0.2759985791     3.7447323224
v     3.7602892980    -0.2674968786     3.9285388044
v     2.7389669640    -0.3105478278     3.6545864371
v     2.4531203838    -0.3258332094     3.6794973255
v     3.4964214204    -0.1994015792     3.0225213279
v     3.3155290638    -0.3568568193     4.5417045908
v     3.2083759350    -0.2488731615     3.3058126829
v     3.7192882094    -0.1504349392     2.7203104339
v     3.1200271900    -0.2076177341     2.8083491448
v     2.5963612559    -0.3677859645     4.2882704819
v     2.3751583731    -0.3770098390     4.3892523940
v     2.3726389448    -0.3628435979     4.1545025563
v     2.5195549946    -0.3841207054     4.5129445032
v     1.9620480633    -0.3555070078     4.1298338361
v     1.8675058840    -0.3481603321     4.0416226651
v     2.0383599463    -0.3503569861     3.9361577549
v     0.9255931205    -0.2470648087     2.1502237661
v     2.2239140482    -0.3784364509     4.5054911092
v     2.1939440039    -0.3707881220     4.3167019347
v     0.7088984982    -0.2451586211     2.4438369009
v     0.7557684971    -0.2470122439     2.2879693082
v     0.8639425941    -0.2569853251     2.4636367802
v     0.8291593126    -0.2560071750     2.6074002144
v     0.9896745872    -0.2665881442     2.5895676214
v     3.6180010457    -0.1242991390     2.3732009561
v     3.4511183499    -0.1663074219     2.6507679201
v     3.4172917817    -0.1372022378     2.3299266074
v     3.5376548766    -0.1035668829     2.0978559291
v     0.7169513327    -0.2395663826     2.0938387883
v     2.3026694345    -0.3488152573     3.9284520957
v     2.6476836003    -0.3424032654     3.9816322772
v     2.1485673859    -0.3379721200     3.7302100416
v     1.9147894663    -0.3400520059     3.7614798444
v     1.9527803501    -0.3300412257     3.5756581616
v     2.2223755082    -0.3175933361     3.4698005703
v     4.4068778217    -0.3278582577     5.0766689562
v     4.1853759306    -0.3405992236     5.0166977948
v     3.2449934732    -0.1672285166     2.4915297341
v     2.9857539390    -0.1801043193     2.4194878151
v     3.1901882462    -0.1479148855     2.2506547844
v     3.3186196943    -0.1203718301     2.0782006893
v     0.5030318368    -0.2266562295     2.1465583370
v     0.4030521264    -0.2124961448     2.1678649674
v     0.4410335592    -0.2212378045     2.0330920841
v     0.3389075476    -0.2062618280     2.0812985915
v     0.3112176851    -0.1676816454     2.1948479873
v     2.5239472883    -0.3824827453     5.3473256433
v     2.4672106318    -0.3769750248     5.2664928829
v     2.5817727314    -0.4128904281     5.2277049576
v     2.6339398939    -0.4144420157     5.1026279001
v     2.7451841550    -0.4232370204     5.2371033456
v     1.6728974410    -0.2998669377     4.1348342372
v     1.6161607845    -0.2943592172     4.0540014768
v     1.7390367048    -0.3371500285     4.0012709094
v     1.4009273333    -0.3060109623     3.3184682794
v     1.4708336663    -0.3128449167     3.4582454158
v     1.3081658496    -0.2972573255     3.4213821341
v     2.0827292710    -0.3682655620     4.4448050719
v     2.0228691283    -0.3622953715     4.2893192066
v     2.3537373189    -0.3659595838     5.1048273621
v     2.4301814965    -0.3978387263     5.0760989507
v     2.4104739753    -0.3714673043     5.1856601225
v     2.5047620794    -0.4057357944     5.1372987974
v     2.5228694730    -0.4061612789     4.9951303934
v     0.8164090176    -0.2376557294     1.9897156227
v     1.2477563341    -0.2920283543     3.0739632984
v     1.4453432002    -0.3028815326     3.1520564140
v     1.2966667186    -0.2974199875     3.2094488612
v     1.2309840948    -0.2900798107     3.3153658811
v     2.8037420420    -0.4175986263     5.0925024722
v     2.8785254713    -0.4074289062     4.9374513773
v     3.0156739192    -0.4136772839     5.0674074913
v     2.9321288479    -0.4250987760     5.2219807752
v     1.5492703627    -0.3203814442     3.6983635550
v     1.4515931465    -0.3105744588     3.6172133440
v     1.5907645985    -0.3217703137     3.5490242805
v     1.7324068116    -0.3317480535     3.6739377209
v     1.6376118803    -0.3140086774     3.3101991591
v     3.4281635072    -0.4045815782     5.1531283049
v     3.6266438634    -0.3861773191     5.0726553505
v     3.5865529583    -0.4019947166     5.2213603885
v     2.1950734120    -0.3781592780     4.6646061880
v     2.3579886481    -0.3872215015     4.6110842165
v     2.4159118517    -0.3948701408     4.7703263866
v     0.8785842501    -0.2227588505     3.0031755914
v     0.8797684066    -0.2544309751     2.8786847083
v     0.9875011093    -0.2691568297     2.9241901762
v     0.9590210495    -0.2676703110     2.7762076199
v     0.8218475936    -0.2172511300     2.9223428310
v     1.5594241280    -0.2888514966     3.9731687163
v     1.6373037236    -0.3260722681     3.9256543867
v     1.6280930176    -0.3275303629     3.8013118832
v     1.7565923903    -0.3376205686     3.8424425140
v     3.0926991297    -0.3913060693     4.8097496214
v     3.2371261327    -0.4039561138     5.0391063896
v     1.1622675325    -0.2502974531     3.4073393935
v     0.3679543416    -0.1731893659     2.2756807477
v     0.4934208620    -0.2222682902     2.2702328662
v     0.4246909981    -0.1786970864     2.3565135081
v     1.1062674021    -0.2748237239     2.6971965630
v     1.1066053032    -0.2788925443     2.8377505852
v     0.4814276546    -0.1842048069     2.4373462686
v     0.5943139487    -0.2279880252     2.4717576607
v     0.5381643111    -0.1897125275     2.5181790290
v     2.2970006624    -0.3604518633     5.0239946017
v     2.3628883173    -0.3917371181     4.9788018046
v     2.4155718280    -0.3977499080     4.9008443856
v     1.9565807234    -0.3274055402     4.5389980392
v     1.8998440669    -0.3218978197     4.4581652788
v     1.9625619743    -0.3549398202     4.4111133080
v     0.5949009676    -0.1952202480     2.5990117894
v     0.6615552112    -0.2347060773     2.5611870749
v     0.6516376241    -0.2007279685     2.6798445498
v     1.3324775020    -0.2668206146     3.6498376747
v     1.3892141585    -0.2723283351     3.7306704351
v     1.4459508150    -0.2778360556     3.8115031955
v     1.5317736438    -0.3148759171     3.8051189911
v     1.5026874715    -0.2833437761     3.8923359559
v     0.7083742806    -0.2062356890     2.7606773102
v     0.8245579192    -0.2502551619     2.7867089178
v     0.7651109371    -0.2117434095     2.8415100706
v     2.0700540364    -0.3384209812     4.7006635600
v     2.3018124647    -0.3872048807     4.8559186969
v     2.2402640059    -0.3549441428     4.9431618413
v     1.1043663569    -0.2806850087     3.0008083400
v     1.0143761483    -0.2676104611     3.0599667593
v     2.6392379284    -0.4178928259     5.3284795549
v     1.0993645792    -0.2777447248     3.1358496856
v     0.9920575630    -0.2337742915     3.1648411122
v     1.2248294413    -0.2866940122     2.9148867960
v     1.9002420739    -0.3490827991     4.3250648224
v     1.8897931064    -0.3503821834     4.2414386273
v     1.7863707539    -0.3108823787     4.2964997580
v     1.8431074104    -0.3163900992     4.3773325184
v     1.6145160366    -0.2835859655     2.7936965086
v     1.6480111125    -0.2989288244     3.0382003083
v     1.4046303386    -0.2930003914     2.9490182783
v     3.6886036364    -0.3620874860     4.8558880214
v     3.4053919515    -0.3746701138     4.7987167871
v     2.9918616220    -0.1524627501     2.1387785997
v     1.7492722412    -0.3247667917     3.4974719345
v     1.9365389035    -0.3165155272     3.3604143811
v     4.2994843412    -0.3481146297     5.1870371703
v     2.5685942111    -0.3939253327     4.6814783048
v     2.7518795381    -0.4273369006     5.3721703040
v     2.8198977677    -0.4333454700     5.4703862304
v     0.2352608045    -0.1956277941     1.9482183920
v     0.3533995450    -0.2128279343     1.9600479650
v     1.8643499268    -0.3449309520     3.9160094142
v     2.1143217417    -0.3702546415     4.5852188232
v     2.0133173799    -0.3329132607     4.6198307996
v     1.3694681329    -0.3016419062     3.5411397408
v     1.2757408455    -0.2613128941     3.5690049143
v     1.7296340974    -0.3053746582     4.2156669976
v     1.8277844734    -0.3443106868     4.1721982679
v     0.1977443722    -0.1566662044     2.0331824665
v     1.3708810806    -0.2572020758     2.3431864600
v     0.5713024124    -0.2306765769     2.0173621747
v     2.8690550112    -0.3528425522     4.2249380432
v     1.2190041890    -0.2558051736     3.4881721539
v     0.6200443963    -0.2368258687     2.3479379307
v     0.6141012708    -0.2364683624     2.2006580079
v     2.9879951310    -0.3736459295     4.5396320370
v     2.7334501601    -0.3799886326     4.5045614894
v     0.2544810287    -0.1621739249     2.1140152269
v     1.8641185420    -0.3029183067     3.1417935893
v     2.1346190791    -0.3610370452     4.1262908530
v     2.5769080514    -0.4025627390     4.8460322815
v     2.6833126398    -0.2123388347     2.5341383463
v     2.7530909279    -0.1709266126     2.1467818870
v     1.2234746193    -0.2702332553     2.5416239885
v     1.0679721556    -0.2600691481     2.3744756160
v     1.7599076639    -0.3366091642     4.1164392070
v     3.4688380295    -0.4265902241     5.4362443634
v     2.6986933911    -0.4090950911     4.9467555247
v     4.4033085289    -0.3598764043     5.3922938979
v     3.4628822275    -0.3879929209     4.9850049916
v     3.6544363371    -0.4170683132     5.4342564593
v     4.4622125396    -0.3421366428     5.2663001429
v     1.3204895902    -0.2814655006     2.7396252928
v     1.7519710472    -0.2412023003     2.2806441126
v     3.0655437583    -0.1307186202     1.9748952386
v     0.7204024314    -0.2402499111     2.6437158222
v     0.7529976569    -0.2487643153     2.5430751372
v     1.8486770696    -0.2607125520     2.5713803889
v     1.9798709751    -0.2777596809     2.8486460784
v     0.8730850061    -0.2597833400     2.6981757572
v     2.7964393132    -0.3955991294     4.7432238841
v     2.0388661515    -0.3603888034     4.5484557656
v     0.8921455278    -0.2540720377     2.3274274975
v     0.2734514659    -0.1971040715     2.0269002421
v     4.1374056905    -0.3880421031     5.4637336354
v     0.9353209066    -0.2282665710     3.0840083518
v     1.2892243591    -0.2887532209     3.5043340111
v     0.7770765204    -0.2466387232     2.7068374605
v     1.5215940380    -0.2689760582     2.5550541188
v     0.5211837189    -0.2204042541     2.3770795602
v     2.7979450128    -0.2455986768     2.9728851448
v     2.8840950726    -0.2772688392     3.3764380272
v     2.1859053934    -0.2347654671     2.4488871814
v     2.4281593295    -0.2007850692     2.2302638286
v     2.0392147039    -0.2131745769     2.1121620078
v     0.9472252944    -0.2564209811     3.0204280095
v     2.5082124001    -0.1751498354     2.0110578754
v     3.4479204080    -0.1047035051     2.0314164267
v     3.3719818705    -0.1275481757     2.1950070551
v     1.4608194803    -0.3075362548     3.7161001818
v     1.3762739152    -0.0477655591     2.1550349815
v     1.3493256862    -0.1972926643     3.4451411915
v     2.7037557684    -0.3290471352     5.3108158820
v     2.8712893532    -0.3182596213     5.3208619370
v     2.7365502340    -0.3088516112     5.1748908444
v     3.8016679612    -0.3156528921     5.2817581383
v     3.9769269650    -0.3240020076     5.3196918989
v     3.8938084253    -0.3104632610     5.1589386045
v     2.0282023693    -0.2700578468     4.4249713712
v     3.0715720992    -0.1354762008     2.9441944308
v     3.0033473479    -0.0984759285     2.4133140854
v     2.6529141596    -0.0987829306     2.6043560946
v     1.2802130424    -0.1680492213     3.2123472993
v     1.2810480298    -0.1889343089     3.3407344924
v     1.4214301727    -0.1667862808     3.2998902214
v     3.2644930668    -0.0947368454     2.1753606056
v     2.6696259842    -0.0727803090     2.2088509558
v     3.0626499509    -0.3090367963     5.2941971060
v     3.1850894208    -0.3221847857     5.4590632676
v     3.2374001439    -0.3040763935     5.2556336134
v     3.6631514839    -0.3132291536     5.3014198617
v     3.7500000000    -0.3258949800     5.4506975858
v     2.9286451834    -0.3013226382     5.1814141234
v     3.6540459360    -0.3237878355     5.4518302021
v     3.5602287555    -0.3221897817     5.4529286247
v     2.9976082733    -0.3283278984     5.4659511078
v     2.7804632006    -0.3350029353     5.4044780619
v     2.9042530030    -0.3341025225     5.4717995497
v     3.0913044541    -0.3245256283     5.4619126313
v     3.5302887064    -0.3082368924     5.2716442926
v     3.3766904326    -0.3097310409     5.3186005174
v     3.4664069421    -0.3211207100     5.4540856130
v     3.2789115994    -0.3209747380     5.4569863274
v     3.8468855365    -0.3287056871     5.4533130824
v     4.1350473580    -0.3401572162     5.4766997737
v     4.1499227235    -0.3321027298     5.3414445071
v     4.0392207486    -0.3359546090     5.4676006317
v     3.9431259523    -0.3321122059     5.4595937687
v     3.6912558238    -0.2974437167     5.0630910427
v     3.4431940264    -0.2948021721     5.1105373007
v     4.3271550977    -0.3496021343     5.4973411585
v     4.3003516152    -0.3391796877     5.3491934867
v     4.2313185473    -0.3447246791     5.4866874873
v     4.2590472922    -0.3278257364     5.1966708695
v     4.5190497016    -0.3603725271     5.5205799342
v     4.4229097845    -0.3548040986     5.5086181687
v     2.9788889724    -0.1664177365     3.4534140894
v     3.4140375962    -0.1723571432     3.3088149197
v     3.8713951589    -0.2612115285     4.4073801540
v     3.3409406892    -0.1230827967     2.5757273385
v     2.2556220256    -0.0640650045     2.2594431673
v     2.2730140795    -0.0997950382     2.7484867899
v     2.0298401219    -0.1192917084     3.0276201055
v     2.3357592945    -0.1321198474     3.1653409596
v     1.7647394250    -0.0546454938     2.2405193887
v     3.6915422549    -0.2073813141     3.6748897460
v     3.6268179130    -0.2299277764     4.0746291079
v     2.6839111677    -0.1293447613     3.0352215421
v     2.5929949959    -0.1523817072     3.3844208356
v     1.4795644728    -0.0763390124     2.4871950041
v     1.7957832701    -0.0930579060     2.7101166222
v     3.4655902696    -0.1507409819     2.9293694755
v     2.0041187062    -0.0761830393     2.4873161482
v     2.9037436944    -0.1973559986     3.9187458254
v     2.6591185456    -0.1748538405     3.6714830938
v     3.2874684106    -0.1968331270     3.7596045084
v     1.0406259302    -0.0537584038     2.1430437502
v     2.4991524861    -0.1918778091     3.9028102897
v     1.2119948699    -0.0719693833     2.3771572871
v     0.6507367821    -0.0807302980     2.1740845278
v     0.8345720120    -0.0774559228     2.2618338421
v     0.7928297925    -0.0557593204     2.0597091228
v     2.0632852096    -0.1746255077     3.6550727761
v     2.1028498111    -0.1480259248     3.3695429279
v     1.9151355079    -0.1627550102     3.4943131973
v     1.8650268071    -0.1426447072     3.2741587038
v     1.7683244061    -0.1231834803     3.0468983120
v     1.6193869114    -0.1484512274     3.2527578081
v     0.8427877180    -0.1169836793     2.5566431850
v     0.9722442158    -0.1160259027     2.6395934233
v     0.9977642900    -0.0872342002     2.4289021447
v     2.4059933681    -0.2658169828     4.6452528972
v     2.5822128626    -0.2421954066     4.4829058700
v     2.3749568360    -0.2445699963     4.4431424947
v     2.8608223274    -0.2511442618     4.6170246419
v     2.5943483918    -0.2653073531     4.7206650270
v     2.6695235695    -0.2142100012     4.1719192195
v     2.9444946383    -0.2253182456     4.2860151649
v     3.2918590055    -0.2769104594     4.9037305392
v     2.9996887856    -0.2724803191     4.8742432092
v     3.1209412121    -0.2895023386     5.0797063418
v     4.1886255192    -0.3113821116     4.9837228878
v     4.0518095956    -0.2883899185     4.7142639872
v     3.9478835194    -0.2997491606     4.9632656273
v     4.0744932909    -0.3176908632     5.1639204596
v     0.8006371317    -0.1021187267     2.4260479792
v     0.7015109724    -0.1351039853     2.5474947243
v     0.6066275344    -0.1438922956     2.4972842613
v     0.4967651324    -0.1079835618     2.2246511974
v     0.5829224908    -0.1094327034     2.3065566626
v     0.8305325034    -0.1414205075     2.6943952229
v     0.8857879844    -0.1520910730     2.7996751985
v     1.7617496702    -0.2015240940     3.7715082982
v     1.5905263800    -0.2112049598     3.7221146825
v     1.6662835505    -0.2213116014     3.8435444335
v     1.9282233907    -0.2193455645     4.0078917242
v     1.7920622329    -0.2213806397     3.9361222382
v     1.8342607553    -0.2415483685     4.0991971894
v     2.2471143606    -0.2857234497     4.6928845322
v     2.3192307760    -0.2937294300     4.7983589041
v     2.4431410626    -0.3093534798     4.9914559095
v     0.5937106689    -0.0634444012     2.0112020907
v     0.4446836352    -0.0819902698     2.0328193495
v     1.5735830463    -0.1206111301     2.9712197092
v     1.4660322923    -0.1019153051     2.7523681742
v     1.3219041163    -0.1241572496     2.9035149146
v     2.5645552572    -0.2861681004     4.8968583513
v     2.7527104341    -0.2735413615     4.8505542367
v     1.4345753348    -0.1430777185     3.1201661215
v     1.9609586045    -0.1969837706     3.8370253629
v     2.0861051247    -0.2079773672     3.9895319017
v     2.2244922653    -0.1886418507     3.8384839641
v     0.5455739413    -0.1370980971     2.4078642846
v     0.6632545479    -0.1177668171     2.4209512912
v     1.5070408459    -0.1776211683     3.4342376217
v     2.0934703598    -0.2412503076     4.2751763133
v     2.1785777507    -0.2538288425     4.4227258434
v     1.6408759481    -0.2428141495     3.9412898104
v     1.1143299400    -0.1789654601     3.1424764095
v     1.1436090219    -0.1929741630     3.2379575083
v     1.7096556371    -0.2489452084     4.0347175520
v     1.3984626675    -0.2097545388     3.5550113268
v     1.0196621166    -0.1304762955     2.7735794478
v     1.2025426806    -0.1010038507     2.6458293952
v     0.4775188971    -0.1324270104     2.3199168155
v     1.9485271926    -0.2702046594     4.3580077147
v     2.3394612233    -0.3120244716     4.9225732937
v     2.4417093371    -0.2865513076     4.8315406246
v     2.0805464516    -0.2807054912     4.5290782700
v     2.5727683504    -0.3199642119     5.1566213304
v     2.5967022099    -0.3326541393     5.2545774949
v     0.9496133973    -0.1600572741     2.8978246676
v     1.0135097116    -0.1655531226     2.9830976796
v     1.5578405984    -0.2395086494     3.8472733753
v     2.2195738011    -0.3070872951     4.7894965126
v     1.0487893470    -0.1770195235     3.0732550160
v     1.9349544631    -0.2550417437     4.2607341696
v     2.0077572170    -0.2301845013     4.1388468254
v     1.8497208636    -0.2581827688     4.2076191512
v     2.4758648670    -0.3229618806     5.0992117183
v     2.6272660892    -0.2977475092     5.0257945730
v     1.2511305817    -0.2113336528     3.4236296079
v     2.2718445355    -0.2325459733     4.2907944345
v     2.4497423022    -0.2192304773     4.2107214230
v     2.2453414074    -0.2126039780     4.0909616804
v     1.1617458571    -0.1478596982     2.9919827226
v     1.1184620490    -0.1327743460     2.8562225563
v     0.2325864659    -0.1037693901     1.9556107614
v     2.8171294447    -0.2887725000     5.0228725044
v     3.2809278011    -0.2910827219     5.0911399034
v     3.5380608721    -0.2780856499     4.8451905556
v     2.3303356790    -0.1640479495     3.5672317540
v     1.4564408596    -0.2200826883     3.6598637915
v     1.5498415373    -0.1925926071     3.5696159330
v     2.1327579351    -0.2905885694     4.6276687327
v     2.2394221276    -0.2667104467     4.5570327436
v     3.1683508674    -0.2432284531     4.4770654206
v     0.3406176546    -0.1099074773     2.0889724278
v     0.6984785074    -0.0962469756     2.3144378498
v     2.6457484748    -0.3495959377     5.3902605914
v     2.7205617678    -0.3565812574     5.4930732527
v     3.3725889239    -0.3206746720     5.4553932888
v     2.8123764098    -0.3426943314     5.4803060840
v     0.3485981057    -0.0846226929     1.9699580249
v     4.3993909008    -0.3468742858     5.3976027156
v     0.5198033380    -0.0864517141     2.1186500398
v     0.4073748139    -0.1123699444     2.1645160088
v     1.2696512774    -0.1495539246     3.0762447601
v     3.7726743299    -0.2792711703     4.7502287334
v     3.5327340274    -0.2524359833     4.4704943097
v     0.7426615722    -0.1489320006     2.6526998023
v     3.3517884808    -0.2613902666     4.6747340666
v     3.1277068139    -0.2606360912     4.7185042497
v     1.1912329518    -0.1981492341     3.3072151910
v     0.2726856133    -0.1133705976     2.0346390787
v     1.4872598717    -0.2344573342     3.7561905182
v     2.1429997863    -0.3050321155     4.7067978620
v     3.2502245844    -0.2223313830     4.1540031887
v     2.7563588396    -0.2336340231     4.4061205141
v     1.7122625890    -0.1660850813     3.4515667337
v     1.8395706993    -0.1812877339     3.6434003112
v     1.6780222448    -0.1893624756     3.6279153348
v     1.7569309341    -0.2635072244     4.1472388251
v     1.8677791617    -0.2794560134     4.3247794834
v     2.4757853955    -0.3397416016     5.1843604164
v     2.2633625708    -0.3187963067     4.8847782297
v     2.9668113959    -0.2876711573     5.0453250623
v     0.7929156057    -0.1665846863     2.7779255150
v     0.6715753445    -0.1579804391     2.6189931513
v     4.5190265413    -0.3603753730     5.5205797635
v     4.5221008230    -0.3615257987     5.5204955783
v    -0.0885071708    -0.1866841398    -1.4934808462
v    -0.1401030788    -0.1715720159    -1.5956287917
v    -0.0708531034    -0.1046347106    -1.7293353326
v    -0.0243850128    -0.1626895602    -1.6439682236
v    -1.6848300258    -0.1325414152    -1.5155519542
v    -1.7371954762    -0.1463021875    -1.4948910150
v    -1.7319760839    -0.1046347106    -1.5208966332
v    -1.6342629674    -0.1046347106    -1.5331577331
v    -1.5417907799    -0.1608461683    -1.4943831280
v    -1.6395613765    -0.1544866326    -1.4946052079
v    -1.5365498509    -0.1046347106    -1.5454188331
v    -1.4439489161    -0.1659988038    -1.4942031940
v    -1.4388367344    -0.1046347106    -1.5576799331
v    -1.9276283106    -0.1046347106    -1.4963460754
v    -1.8296892004    -0.1046347106    -1.5086355332
v    -1.8344829067    -0.1347160287    -1.4952956126
v    -1.2434105014    -0.1046347106    -1.5822021330
v    -1.1501426068    -0.1767844399    -1.4938265513
v    -1.2481506379    -0.1738084177    -1.4939304763
v    -1.1456973849    -0.1046347106    -1.5944632330
v    -1.0479842684    -0.1046347106    -1.6067243329
v    -1.0496073161    -0.1793229868    -1.4937379033
v    -1.3411236179    -0.1046347106    -1.5699410330
v    -1.3460638618    -0.1702557111    -1.4940545396
v     2.8178058164    -0.1265932030    -1.5924687672
v     2.8807391961    -0.1271533630    -1.4955597067
v     3.2976445598    -0.1137788848    -1.4960267538
v     3.2952353960    -0.1099947150    -1.6469571253
v     3.4581078721    -0.1046347106    -1.6376204057
v     3.5649415472    -0.1046347106    -1.4963460754
v     2.9457522910    -0.1207285543    -1.6690657382
v     3.1470331042    -0.1153411239    -1.6297336212
v     3.0875782105    -0.1206490617    -1.4957868419
v    -0.2479761837    -0.1870347362    -1.4934686031
v    -0.2584527768    -0.1628515137    -1.6232292736
v    -0.1685662199    -0.1046347106    -1.7170742327
v    -0.2662793364    -0.1046347106    -1.7048131327
v    -0.4617055694    -0.1046347106    -1.6802909328
v    -0.5003730824    -0.1674437693    -1.5852935064
v    -0.5594186859    -0.1046347106    -1.6680298328
v    -0.5630571735    -0.1861562570    -1.4934992803
v    -0.4133677869    -0.1868565506    -1.4934748255
v    -0.3639924529    -0.1046347106    -1.6925520327
v    -0.3611278630    -0.1684916791    -1.5933492955
v     3.2285034234    -0.1090923477    -1.7696489280
v    -0.9416259216    -0.1815563282    -1.4936599133
v    -0.8928956184    -0.1608801210    -1.5657536995
v    -0.8252265258    -0.1834621318    -1.4935933612
v    -0.8525580354    -0.1046347106    -1.6312465329
v    -0.9502711519    -0.1046347106    -1.6189854329
v    -0.9971203390    -0.1586167338    -1.5597751514
v    -0.7833376088    -0.1633193835    -1.5708571170
v    -0.6996528638    -0.1850082403    -1.4935393699
v    -0.7548449189    -0.1046347106    -1.6435076328
v    -0.1020242070    -0.1499543277    -1.6769878664
v    -0.6206298085    -0.1656048324    -1.5802777623
v    -0.6571318024    -0.1046347106    -1.6557687328
v     3.3582660095    -0.1046347106    -1.7696489280
v    -0.6868075089    -0.1578716320    -1.5951366428
v    -1.1388116702    -0.0321742874    -1.4988764491
v    -1.6357133228    -0.0545034638    -1.4980966971
v    -1.5365328959    -0.0481192126    -1.4983196401
v    -1.3379864869    -0.0386958103    -1.4986487125
v    -1.4372812454    -0.0429548839    -1.4984999824
v    -1.2386636376    -0.0351492254    -1.4987725620
v    -1.8334530580    -0.0743990367    -1.4974019284
v    -1.7347570891    -0.0627314526    -1.4978093694
v    -1.0326654149    -0.0295639804    -1.4989676031
v     0.0904182314    -0.0389745493    -1.6180685102
v     0.2439530867    -0.0390305739    -1.6240102717
v     0.1967283109    -0.0589372097    -1.7079196084
v     0.1148871888    -0.0787392505    -1.7378333893
v     0.0220372105    -0.0231052353    -1.4991931474
v     3.3893387400    -0.0985756600    -1.4965576621
v     3.3286460733    -0.0999877664    -1.6309408146
v    -0.0666857541    -0.0355311801    -1.5916216968
v    -0.1737271979    -0.0223365551    -1.4992199903
v    -0.2215730143    -0.0400070328    -1.6043422385
v    -0.5903169215    -0.0432172427    -1.5851243030
v    -0.6607249713    -0.0238803782    -1.4991660788
v    -0.5142526424    -0.0228243125    -1.4992029574
v    -0.3730367131    -0.0433844767    -1.6053269032
v    -0.3530366940    -0.0222797562    -1.4992219738
v    -0.4977407868    -0.0468589502    -1.6050642956
v    -0.0070302200    -0.0535416100    -1.6721968660
v    -0.7176887857    -0.0450219179    -1.5782451378
v    -0.7945290013    -0.0253826413    -1.4991136186
v    -0.9182347619    -0.0272906941    -1.4990469880
v    -0.8791129587    -0.0475488197    -1.5684478041
v    -0.9876791093    -0.0502801158    -1.5631987742
v    -0.7835985978    -0.0528686694    -1.5909426223
v    -0.1299760046    -0.0549431702    -1.6643347576
v    -0.6572193566    -0.0450457032    -1.5842566584
v     3.2797300689    -0.1077268686    -1.9186528614
v    -3.4198186680    -0.1311422935     0.4419846752
v    -3.4760306467    -0.1296445546     0.5701289706
v    -3.5973341830    -0.1165610711     0.4427399507
v     3.0875782105    -0.1206490617     1.4957868419
v     2.8807391961    -0.1271533630     1.4955597067
v     2.8711848392    -0.1335798172     1.2974014582
v     2.5777624973    -0.1491537335     0.9473213694
v     2.5315920008    -0.1542881343     0.6865004693
v     2.6832701642    -0.1507721100     0.6895185251
v     4.6200553364    -0.0975508859     0.7474885303
v     4.6008278809    -0.1023579965     0.5977280917
v     4.6933348127    -0.0996797808     0.5972684020
v    -0.9316625247    -0.1987852042     0.6388563435
v    -1.0771337864    -0.1995595124     0.7409386558
v    -1.0884684132    -0.1977402477     0.5863141862
v     2.9796494176    -0.1436763562     0.6924867739
v     3.1272422746    -0.1400488325     0.6921206701
v     3.0562193383    -0.1385404231     0.8684312157
v     2.9534504294    -0.1374078143     1.0495036790
v     2.9124234279    -0.1427097599     0.8429589891
v     2.7696932329    -0.1454092492     0.8907403339
v     2.7532912886    -0.1418363272     1.0917969301
v     2.0143805860    -0.1608349799     1.0557743047
v     1.7765700107    -0.1652583078     1.1252681426
v     1.9292673455    -0.1649871176     0.8900581618
v    -0.0881289112    -0.1866827324     1.4934808953
v    -0.0217678005    -0.1940132637     1.3515731126
v    -3.1785548272    -0.1506572876     0.6417537280
v    -3.2337233703    -0.1432376987     0.4410416433
v    -3.0470979570    -0.1531432878     0.4400030689
v     3.4211869337    -0.1326870276     0.6867443009
v     3.5682172642    -0.1289577250     0.6813355196
v     3.4990070064    -0.1248031690     0.9470609473
v     3.3820107963    -0.1211565349     1.2049047601
v     3.6567322965    -0.1133351229     1.1862456134
v     3.8677555947    -0.1213175055     0.6639466060
v     4.0224829577    -0.1173704835     0.6513288220
v     3.9453517207    -0.1146657927     0.8471631358
v     3.7925866560    -0.1199139389     0.8121087330
v     3.6541574349    -0.1216664334     0.8978594382
v     3.7167491288    -0.1251724942     0.6738412104
v     4.3449433021    -0.1091725609     0.6176037086
v     4.3213339041    -0.1033154400     0.8557834851
v     4.1822223099    -0.1133050498     0.6357537085
v     4.5083129860    -0.1050210781     0.5977928906
v     4.4648647426    -0.1018053224     0.7613093869
v     2.0587993182    -0.1646384253     0.6740727009
v     2.1371551678    -0.1605483101     0.8812354595
v     3.1306768619    -0.1275225387     1.2433821546
v     3.2976445598    -0.1137788848     1.4960267538
v     3.1819743870    -0.1317130802     1.0259920411
v    -0.4137297940    -0.1868555039     1.4934748620
v    -0.5633531342    -0.1861543196     1.4934993479
v    -0.5587701249    -0.1978389807     1.3557469925
v     0.1382034567    -0.1923331982     1.3454406525
v    -2.2203044617    -0.1858297037     1.1034440035
v    -2.2414492501    -0.1864388733     0.8864940568
v    -2.0576281023    -0.1902473209     0.9546658653
v    -0.6998949015    -0.1850057326     1.4935394575
v     1.8951502209    -0.1679678819     0.6708521243
v     1.2375191557    -0.1800483717     0.6287053518
v     1.4020231921    -0.1772622848     0.6421187334
v     1.3385716656    -0.1772781097     0.8316860726
v     1.6253075937    -0.1719395018     0.8240189356
v     1.7139796887    -0.1687458889     0.9569342319
v     1.4986462652    -0.1723542538     1.0310176079
v    -0.1806879855    -0.1969650021     1.2789996439
v     0.0094795441    -0.1955854227     1.1725825887
v     1.2324055789    -0.1781695820     0.9619150865
v    -1.1387212983    -0.1957820496     1.3788449547
v    -1.1502569502    -0.1767812710     1.4938266620
v    -1.2604599746    -0.1906017395     1.4169253587
v    -1.8609551826    -0.1938563712     1.1825844795
v    -1.6700414716    -0.1964855185     1.0844133297
v    -1.7481802416    -0.1947998898     1.2612137154
v    -1.0179862044    -0.1995341929     1.3185197075
v    -1.1200396121    -0.2009546749     1.2151911652
v     0.7140551797    -0.1870946484     0.9207946975
v     0.6549551584    -0.1885135696     0.7466081251
v     0.8259638754    -0.1860469363     0.7697625153
v     1.1411095818    -0.1809558181     0.7964822535
v     0.7533397006    -0.1871652134     0.5962042826
v     0.5962790101    -0.1891310079     0.5935756695
v    -0.9120736585    -0.1976713855     1.3663818967
v    -1.0497432019    -0.1793198693     1.4937380122
v     2.2195108238    -0.1612334052     0.6784016147
v    -0.2484141809    -0.1870350162     1.4934685933
v     6.0682212311    -0.0510504810     0.7300558917
v     5.8780319677    -0.0551215983     0.7882755811
v     5.9619375334    -0.0597764101     0.6068822920
v    -0.3895556884    -0.1990387209     1.2406548253
v     5.6687727558    -0.0596009195     0.8523328580
v     5.7292727281    -0.0631647222     0.7183634728
v     5.5747368410    -0.0674488167     0.7408767780
v     5.5232601045    -0.0749137478     0.5815959277
v     5.6688511559    -0.0699802808     0.5900587908
v     0.9714031285    -0.1830303910     0.9215130191
v     5.8155539102    -0.0649188443     0.5985188239
v     5.2985380895    -0.0744248979     0.7974914453
v     5.2405242875    -0.0837274806     0.5816299911
v     5.3775993306    -0.0797624556     0.5730563928
v     6.2491025162    -0.0494143423     0.6230422175
v     6.2404918471    -0.0473629234     0.6773213599
v     6.1064457845    -0.0546079164     0.6150569741
v     6.3919805330    -0.0441202156     0.6309484781
v    -0.0620717074    -0.1943772359     0.4745326325
v    -0.1767751718    -0.1967052149     0.6514602771
v    -0.2257665678    -0.1952216462     0.4691179323
v     5.1430595350    -0.0802371031     0.7773526974
v     4.9780780566    -0.0871609099     0.7280179409
v     5.1102150025    -0.0875219686     0.5877889379
v     8.2704170821    -0.0063456315    -0.0004437298
v     8.3490263286    -0.0022284558     0.0318684025
v     8.2633733145    -0.0040619108     0.0580880312
v     8.3541210270    -0.0034505004    -0.0002412825
v     8.4531324835    -0.0000000000     0.0000000000
v     4.7968153234    -0.0898763299     0.8173863742
v     4.5952437830    -0.0916475043     0.9518352517
v    -1.8575671354    -0.1842644730     1.3733711056
v    -1.9912999212    -0.1880164035     1.3013559908
v     0.9823441257    -0.1837362460     0.7512147619
v     1.0738833022    -0.1826380858     0.6157811395
v     4.8411307744    -0.0953797607     0.5954184205
v     4.9765577192    -0.0914255583     0.5923519357
v     5.4410591533    -0.0724182115     0.7263646408
v    -1.2436197834    -0.1988813091     1.3091683446
v    -1.3745159174    -0.1944530527     1.3668029959
v    -1.3236761862    -0.2000757664     1.1856319176
v     5.1846622965    -0.0699635993     1.0005260843
v     3.3402518250    -0.1300047314     0.9137130939
v     3.2745140271    -0.1363802561     0.6902407544
v     5.4387792841    -0.0645240701     0.9227371922
v     2.8324600998    -0.1472347266     0.6915679638
v    -3.4977502140    -0.0716925355     1.0252510238
v    -3.5757409589    -0.0674686036     0.9648459830
v    -3.4572884047    -0.1210129568     0.8827726026
v    -3.8366685619    -0.0873994289     0.5508563177
v    -3.8107956143    -0.0871387363     0.6586653723
v    -3.9250685401    -0.0435113861     0.6222418115
v    -0.7618772318    -0.1982976979     0.5957298479
v    -0.8491997510    -0.1960568401     0.4507804069
v    -0.7057600746    -0.1962165593     0.4546120445
v    -0.9584601381    -0.2004120196     0.8890237316
v    -2.4340102061    -0.1795548389     1.0577633980
v    -2.2912432261    -0.1841366880     0.6491761644
v    -2.1088725401    -0.1833052785     0.4355578141
v    -1.9848355899    -0.1911468272     0.7177166268
v    -2.9802443039    -0.1603737394     0.6062748902
v    -3.0370943870    -0.1579774045     0.7894917136
v    -1.2059693762    -0.1998400068     0.8829388455
v    -0.6059850436    -0.1993210652     0.7314362077
v    -0.5532279246    -0.1961511825     0.4589662353
v    -1.4227583402    -0.1988356121     1.0164899982
v    -1.5115213048    -0.1985804303     1.1749871056
v    -1.3265087931    -0.1938182675     0.4403466150
v    -1.1473292072    -0.1949828868     0.4437837462
v    -1.2581386225    -0.1980397965     0.6576130062
v    -0.3196508910    -0.1971061709     0.5994721019
v    -0.3532430374    -0.1985128312     0.7985381206
v    -0.4632447810    -0.1978520880     0.6122710451
v     2.5992157017    -0.1427184629     1.2384446424
v    -3.7569715718    -0.0991699684     0.4431818182
v    -3.7230891895    -0.1043204933     0.5977551131
v    -3.9688801520    -0.0373569828     0.5342297430
v    -3.8598922130    -0.0837845767     0.4431643715
v    -3.9313129414    -0.0686489170     0.4428668990
v    -4.0014346447    -0.0308500295     0.4411759765
v    -2.9128544048    -0.1551378153     1.1239125551
v    -3.0303989909    -0.1447645128     1.1536156037
v    -3.0265107280    -0.1537483971     0.9596150847
v     3.2004512006    -0.1353961684     0.8382276345
v     4.9039136429    -0.0759731956     1.0864673152
v     4.5943685746    -0.0825991968     1.1812235459
v    -3.5490490325    -0.1175159230     0.7956257338
v    -3.3890965802    -0.1361023203     0.7289543802
v    -0.9030524474    -0.2010488690     1.1412490556
v    -0.7532027801    -0.1994179312     1.3249278761
v    -0.6450704897    -0.2005744053     1.1697578148
v    -0.9903825891    -0.1956776403     0.4472894522
v     0.9120266492    -0.1850144352     0.6044268003
v     1.0379787722    -0.1831466347     0.5143917330
v     0.8987661967    -0.1851624053     0.5639971534
v     0.8864086458    -0.1852159841     0.5086176298
v     1.0434263067    -0.1830996770     0.5438008473
v     1.1839874186    -0.1810119837     0.5199289774
v     0.7488751548    -0.1871923741     0.5805777961
v     0.7330514710    -0.1871513663     0.5029091598
v     0.5770265516    -0.1889498076     0.4971441357
v     0.4189500813    -0.1905895902     0.4914039166
v    -0.0932341710    -0.1967426328     0.8378505181
v    -0.0182288653    -0.1954747897     0.6379140948
v    -0.3914933720    -0.1958233393     0.4638523861
v     0.4724595285    -0.1908368239     0.6971002094
v     0.5301610380    -0.1899590093     0.8501076156
v     0.3168518962    -0.1926546555     0.8274936493
v    -0.8254268987    -0.1834592570     1.4935934616
v    -0.8009950292    -0.1998801407     0.7604508804
v     4.1136898918    -0.1096524765     0.8509472810
v    -3.3336689226    -0.1402331099     0.5756538950
v    -1.8633522525    -0.1937065922     0.9761548557
v    -2.0241536951    -0.1906164227     1.1365101616
v    -1.7221562615    -0.1935351864     0.6178362956
v    -1.7207036414    -0.1897174864     0.4355422434
v    -1.5254792228    -0.1920274098     0.4373777701
v     3.8046236239    -0.1149301074     0.9864064161
v     4.1968698787    -0.1012826066     1.0397348414
v    -0.7397010847    -0.2003732619     0.9560801075
v     0.0996212515    -0.1933134224     0.4800651633
v     0.2598363907    -0.1920474901     0.4856942435
v     0.1257180055    -0.1946075545     0.7230911940
v     4.2582408107    -0.0897942167     1.2841171249
v     3.9790829921    -0.1057403866     1.1110417427
v     2.0760817477    -0.1562322084     1.2444275437
v     0.3138184765    -0.1924835181     0.6461279987
v    -1.9164290805    -0.1868101684     0.4350828975
v    -2.8598883917    -0.1614065533     0.4389596993
v    -3.2551045018    -0.1434701689     0.8242979348
v    -3.5316793648    -0.1246482288     0.6760355377
v     3.5649415472    -0.1046347106     1.4963460754
v     4.9897483403    -0.0806444842     0.9017644769
v     1.5656060811    -0.1743186427     0.6550936020
v     1.7302488982    -0.1711953655     0.6667648108
v     0.4543008789    -0.1905146844     0.9866849118
v    -1.4790327295    -0.1963912055     0.6431795062
v     0.2422787427    -0.1928248484     1.1595890969
v    -0.4953681806    -0.1995359654     0.9881675455
v     3.9093511437    -0.0972624130     1.3909173074
v    -1.6263132643    -0.1961875179     1.2765855456
v    -1.4127707402    -0.1985619481     0.8324087954
v    -1.1360087488    -0.2004170586     1.0503721108
v    -1.4744350750    -0.1972116634     1.3009086265
v     4.3947034743    -0.0936821711     1.0747584961
v    -2.8045780206    -0.1687001092     0.6704569196
v    -2.4638581402    -0.1806292484     0.8465963197
v    -2.6381910198    -0.1729167226     0.9854568442
v    -2.6647388049    -0.1742356865     0.8052994359
v    -2.5551910410    -0.1768278148     0.6343431793
v    -2.6722313809    -0.1683647211     0.4379494582
v    -2.2959202598    -0.1791876310     0.4362105331
v    -2.4839488384    -0.1742480686     0.4370186165
v    -2.3510013758    -0.1802394633     1.2384097689
v     1.4854894287    -0.1748139393     0.8007270943
v    -3.3629082065    -0.1292931354     0.9093782772
v    -3.1710093847    -0.1441565824     0.9459727519
v     2.3748679754    -0.1454808810     1.3737624617
v    -2.7832717931    -0.1642136064     1.0789533808
v    -2.8515034253    -0.1650385219     0.9074653954
v    -2.6246410603    -0.1709808906     1.1474886486
v    -1.6396002193    -0.1544837989     1.4946053069
v    -1.7372193053    -0.1462998736     1.4948910958
v    -1.7310083775    -0.1836685330     1.3993404272
v    -2.6081933966    -0.1653701758     1.2824735085
v    -2.7276003027    -0.1576703456     1.2828738060
v    -2.8109451202    -0.0959794874     1.3725706174
v    -2.7134893441    -0.0973054726     1.3915330882
v    -2.5010100884    -0.1753707814     1.2070264486
v    -3.7300261670    -0.0588742135     0.8419404782
v    -3.8030569630    -0.0542501007     0.7758125852
v    -3.7303547212    -0.0968410591     0.7259906141
v    -2.1669500315    -0.1676240428     1.3955831910
v    -2.2729038199    -0.1700354501     1.3641710840
v    -2.1561537796    -0.1853275090     1.2688886051
v    -2.2250557597    -0.1023246645     1.4633108769
v    -2.1313828114    -0.1030940644     1.4743138074
v    -1.8344917440    -0.1347146998     1.4952956590
v    -1.9276283106    -0.1046347106     1.4963460754
v    -1.9444200515    -0.1688694799     1.4279020123
v    -2.4243454625    -0.1005184733     1.4374811387
v    -2.3854862300    -0.1630872376     1.3670702927
v    -2.3245665569    -0.1014547301     1.4508702354
v    -2.0646321183    -0.1715656700     1.3996436341
v    -2.0323262666    -0.1038634642     1.4853167378
v    -1.5951861470    -0.1877745884     1.3944050804
v    -3.0023818153    -0.0927502202     1.3263899442
v    -2.9536303133    -0.1450192990     1.2391818752
v    -2.9051008738    -0.0945191687     1.3516870863
v    -3.0951857841    -0.0906921834     1.2969586463
v    -3.1856491156    -0.0881118373     1.2600579783
v    -3.1168446317    -0.1322412513     1.1966130662
v    -3.3029937197    -0.1289046009     0.9883628986
v    -3.2531198877    -0.1251788191     1.0867294265
v    -3.2708292279    -0.0847512593     1.2119994738
v    -3.3469387849    -0.0805340280     1.1516902570
v    -3.4126880529    -0.1135754496     0.9929502335
v    -3.4210424976    -0.0760091025     1.0869808069
v    -2.4990310175    -0.1661819954     1.3213255282
v    -3.1952055146    -0.1247823671     1.1677352129
v    -3.1127879351    -0.1416404698     1.0731836726
v    -3.6362909223    -0.1127977788     0.6948550541
v    -3.6589377863    -0.1006744996     0.8019911766
v    -3.6181633764    -0.1166290689     0.5604713343
v    -1.2482495493    -0.1738051392     1.4939305908
v    -3.8692698745    -0.0491633985     0.7030693534
v    -2.6688485543    -0.1478371203     1.3466238646
v    -2.6181647305    -0.0984652394     1.4081185263
v    -1.6659699937    -0.1963301635     0.8467503724
v    -1.4440177937    -0.1659955205     1.4942033087
v    -1.4977543369    -0.1863129884     1.4173682681
v    -1.3461477566    -0.1702523842     1.4940546557
v     0.1152592974    -0.1946638994     0.9734109802
v    -2.8455840233    -0.1515394763     1.2623354536
v    -1.5418446400    -0.1608430360     1.4943832374
v    -3.6535497933    -0.0632368712     0.9043293907
v    -0.2143338598    -0.1977141458     1.0325203881
v    -0.9417907647    -0.1815532768     1.4936600199
v    -2.7551921221    -0.1632468012     1.1883936963
v    -2.4644268116    -0.1471563741     1.3941733618
v    -2.5168549930    -0.0995822164     1.4240920420
v     1.7871837651    -0.1689225684     0.8031439223
v    -3.0414294802    -0.1333125116     1.2511523073
v     2.3770912330    -0.1577779558     0.6827026013
v     2.3351166120    -0.1555738203     0.9119792209
v     2.2233086906    -0.1550554776     1.1071221036
v     2.4179502703    -0.1499223821     1.1227988075
v    -3.5625152752    -0.1047207106     0.8886029303
v     2.4534878314    -0.1542977032     0.8143596320
v    -3.3402389386    -0.1108751368     1.0863349481
v    -2.5646808340    -0.1481354148     1.3714132642
v    -0.0243850128    -0.1626895602     1.6439682236
v    -0.1401481891    -0.1715815901     1.5955777600
v    -0.0708531034    -0.1046347106     1.7293353326
v    -1.6848483549    -0.1325429821     1.5155484211
v    -1.7319760839    -0.1046347106     1.5208966332
v    -1.6342629674    -0.1046347106     1.5331577331
v    -1.5365498509    -0.1046347106     1.5454188331
v    -1.4388367344    -0.1046347106     1.5576799331
v    -1.8296892004    -0.1046347106     1.5086355332
v    -1.2434105014    -0.1046347106     1.5822021330
v    -1.1456973849    -0.1046347106     1.5944632330
v    -1.0479842684    -0.1046347106     1.6067243329
v    -1.3411236179    -0.1046347106     1.5699410330
v     2.8178071768    -0.1265931414     1.5924695627
v     3.3582660095    -0.1046347106     1.7696489280
v     3.2952353945    -0.1099947151     1.6469571247
v     3.4581078721    -0.1046347106     1.6376204057
v     2.9457522659    -0.1207285567     1.6690656735
v     3.1470330981    -0.1153411242     1.6297336163
v    -0.1685662199    -0.1046347106     1.7170742327
v    -0.2585637515    -0.1628529376     1.6232142672
v    -0.2662793364    -0.1046347106     1.7048131327
v    -0.5005461936    -0.1674384081     1.5852970255
v    -0.5594186859    -0.1046347106     1.6680298328
v    -0.4617055694    -0.1046347106     1.6802909328
v    -0.3639924529    -0.1046347106     1.6925520327
v    -0.3613226634    -0.1684863434     1.5933543545
v     3.2285034234    -0.1090923477     1.7696489280
v    -0.8525580354    -0.1046347106     1.6312465329
v    -0.8929884066    -0.1608754201     1.5657553902
v    -0.9502711519    -0.1046347106     1.6189854329
v    -0.9971977459    -0.1586123362     1.5597764402
v    -0.7548449189    -0.1046347106     1.6435076328
v    -0.7834513407    -0.1633144274     1.5708591254
v    -0.1020280251    -0.1499586480     1.6769767711
v    -0.6207718141    -0.1655996350     1.5802805538
v    -0.6571318024    -0.1046347106     1.6557687328
v    -0.6869105843    -0.1578666852     1.5951377835
v    -1.5376122101    -0.0481813450     1.4983174704
v    -1.2405884999    -0.0352120557     1.4987703679
v    -1.3396295164    -0.0387600903     1.4986464678
v    -1.4386424310    -0.0430190018     1.4984977434
v    -1.1410826425    -0.0322360317     1.4988742930
v     0.1146914755    -0.0787877446     1.7378697839
v     0.0892859025    -0.0388675528     1.6174149956
v    -1.8336867993    -0.0744339827     1.4974007080
v    -1.7352726459    -0.0627811403     1.4978076343
v    -1.6836664286    -0.0770508170     1.5177977457
v    -1.6365107495    -0.0545611210     1.4980946837
v     0.1962572255    -0.0590605643     1.7082269743
v     0.0140975326    -0.0230608126     1.4991946987
v     0.2440165791    -0.0392262549     1.6252645194
v     3.3893387400    -0.0985756600     1.4965576621
v     3.3286460733    -0.0999877664     1.6309408146
v    -0.1830604255    -0.0223177751     1.4992206461
v    -0.0678399679    -0.0355884982     1.5918913870
v    -0.2003489555    -0.0433320097     1.6196008179
v    -0.6230201296    -0.0445384882     1.5860798343
v    -0.6657396682    -0.0239269494     1.4991644525
v    -0.5203943062    -0.0228573499     1.4992018038
v    -0.3337200365    -0.0421554421     1.6042097079
v    -0.3605935790    -0.0222919980     1.4992215463
v    -0.4837810926    -0.0420216191     1.5908601568
v    -0.0077984477    -0.0534647206     1.6718859862
v    -0.7478813033    -0.0472426408     1.5812375559
v    -0.7986545662    -0.0254379014     1.4991116889
v    -0.8810422597    -0.0476425889     1.5684754015
v    -0.9216340025    -0.0273507810     1.4990448897
v    -0.9892498402    -0.0503681413     1.5632197717
v    -1.0354652780    -0.0296263369     1.4989654255
v    -0.1260361620    -0.0564174916     1.6687026635
v    -1.0932134250    -0.0534803376     1.5581174206
v     3.2797294511    -0.1077268886     1.9186525395
v     6.6463288558    -0.4605040544    -0.7851396258
v     6.5031801582    -0.4681533594    -0.8005533261
v     6.5201332512    -0.4810545838    -1.0072141478
v     6.7698852913    -0.4739186121    -1.0134427977
v     6.9960847561    -0.4842112028    -1.1992689924
v     6.9696497423    -0.4592221664    -0.9731312848
v     6.2474690016    -0.4798030271    -1.0040038803
v     6.3369355544    -0.4855200507    -1.1992689924
v     5.5393355402    -0.3562897661    -0.8648953047
v     5.6065739116    -0.3586363514    -0.9320927163
v     5.6045537427    -0.4073842501    -0.8741930338
v     5.6732741651    -0.3609641567    -0.9987523378
v     5.7318268385    -0.4260295889    -0.9548431230
v     5.7883010243    -0.4512808188    -0.8647770853
v     5.8662029429    -0.4514794695    -0.9670466937
v     5.9213418308    -0.4655168975    -0.8540390837
v     5.6851172129    -0.4322296476    -0.8718968421
v     8.0559764947    -0.4028004612    -1.1992689924
v     7.9205928494    -0.3881794235    -1.0493759922
v     7.7815485833    -0.4293210341    -1.1992689924
v     6.8255310712    -0.4581266583    -0.8743736045
v     7.1115852457    -0.4382431965    -0.8726752424
v     6.9196648660    -0.4404316891    -0.7533622763
v     6.7424407947    -0.4919918062    -1.1992689924
v     7.5167404652    -0.4517309874    -1.1992689924
v     7.6090393570    -0.4127512249    -1.0078265624
v     7.2737441979    -0.4383786775    -0.9811810869
v     7.2550676247    -0.4703012803    -1.1992689924
v     7.4251814022    -0.4353969542    -1.0502694643
v     6.3567018715    -0.4733751370    -0.8153918587
v     7.7669564985    -0.3862436141    -0.9354078536
v     7.8291079427    -0.3518569095    -0.7379549005
v     7.6117097318    -0.3853112263    -0.8110177307
v     8.1082228578    -0.3616021803    -1.0170229432
v     8.3739130435    -0.3679663526    -1.1992689924
v     7.9399115205    -0.3561836870    -0.8618575981
v     6.5219597875    -0.4921707884    -1.1992689924
v     6.0626431554    -0.4663514430    -1.0866938878
v     6.1847203315    -0.4730835188    -1.1992689924
v     6.0512924017    -0.4535900751    -1.1992689924
v     5.9475700661    -0.4267498990    -1.1992689924
v     6.0614013069    -0.4730178774    -0.8424339797
v     6.2073823307    -0.4753286417    -0.8295433337
v     7.4452446810    -0.4099506564    -0.8752428251
v     7.4169362133    -0.3904235066    -0.6885112920
v     7.5323994328    -0.3767578488    -0.6723650208
v     5.8739130435    -0.3679663526    -1.1992689924
v     5.9137906965    -0.4436399496    -1.0852607665
v     5.8066746721    -0.3656197672    -1.1320715808
v     5.8014832359    -0.4244160035    -1.0406690872
v     5.7399744186    -0.3632919620    -1.0654119593
v     7.2980345406    -0.4037217190    -0.7047644641
v     7.2905562642    -0.4176486633    -0.8226298957
v     6.0164770445    -0.4682530349    -0.9663068976
v     7.6450157355    -0.3627176835    -0.6563822778
v     7.0497032146    -0.4288471944    -0.7372336707
v     7.1757111983    -0.4165600376    -0.7210211737
v     7.1255007711    -0.4590932556    -1.0582810175
v     7.7539014208    -0.3484682157    -0.6409154058
v     6.7853403397    -0.4510935039    -0.7693466209
v     6.9542436490    -0.2639360615    -0.8557394309
v     6.7855824588    -0.2521294784    -0.9063531077
v     6.8852966370    -0.2622373132    -0.7379471223
v     7.4507613547    -0.2926294576    -1.0457687937
v     7.3017696528    -0.2854558068    -0.9664232097
v     7.4874616452    -0.3082386238    -0.8598709538
v     6.2595988949    -0.2373897552    -0.8993741713
v     6.0571302958    -0.2418421195    -0.8915253243
v     6.1844865360    -0.2326430847    -0.7766037155
v     7.7799837573    -0.3064698033    -1.1992689924
v     7.9306183883    -0.3373097606    -1.0593472030
v     8.0548428534    -0.3330160527    -1.1992689924
v     5.5974313580    -0.2927008274    -0.8342444303
v     5.8252587695    -0.2475790269    -0.7991472563
v     5.7916754528    -0.2687662733    -0.9084506350
v     5.7059219699    -0.2639147287    -0.8134749338
v     7.5097823090    -0.2836588853    -1.1992689924
v     7.2417629696    -0.2647980203    -1.1992689924
v     6.9902389750    -0.2514697771    -1.1992689924
v     6.9708850826    -0.2600781541    -0.9968057230
v     7.1316711560    -0.2676983262    -1.0530763535
v     7.6213364852    -0.3256517728    -0.7914138564
v     7.5455435546    -0.3240300836    -0.6664509455
v     6.8260619430    -0.2499594012    -1.0697888485
v     6.6154400243    -0.2434862239    -1.0278818480
v     6.4203290044    -0.2367314684    -0.7665954948
v     6.4481807699    -0.2388814152    -0.8888209763
v     6.3029137237    -0.2337383570    -0.7716141586
v     6.6112843810    -0.2441607806    -0.8770819528
v     6.6532118225    -0.2471460228    -0.7546877672
v     6.5245110979    -0.2437193838    -1.1992689924
v     6.7466155143    -0.2440106734    -1.1992689924
v     6.4014769577    -0.2411396424    -1.0315066300
v     6.3383693826    -0.2503300692    -1.1992689924
v     7.6328553964    -0.3051794575    -1.0873326713
v     7.6199318488    -0.3157641837    -0.9427698812
v     7.7821269278    -0.3269744885    -1.0062284689
v     7.1170132618    -0.2748414373    -0.8836963211
v     7.1189978282    -0.2813057754    -0.7139124086
v     7.2506199526    -0.2888845379    -0.8133198208
v     7.2278476980    -0.2913294610    -0.7011167362
v     5.7791951721    -0.2980877366    -1.0135758878
v     5.9033896984    -0.2630364932    -0.9668653945
v     5.8866830934    -0.2855612429    -1.0663377699
v     7.0017439686    -0.2712878671    -0.7270128642
v     5.6855105098    -0.2938055983    -0.9164068818
v     7.3312463480    -0.3014119567    -0.6896197471
v     7.3863427795    -0.3019298910    -0.7976599112
v     6.0516096668    -0.2822816640    -1.1992689924
v     6.1138353311    -0.2574941000    -1.0944366170
v     6.1855175781    -0.2627617937    -1.1992689924
v     6.1646701798    -0.2442283570    -0.9853181674
v     6.2546942687    -0.2467641850    -1.0798279685
v     5.9869134495    -0.2766241165    -1.1139271552
v     6.0179033938    -0.2566910015    -1.0122558981
v     6.5370857030    -0.2412829521    -0.7610700154
v     7.7595879873    -0.3360194344    -0.8600953079
v     7.7234554933    -0.3398574843    -0.7365699360
v     5.9456490632    -0.2384787222    -0.7893304328
v     5.9011897850    -0.2503695905    -0.8749742520
v     5.8893333777    -0.3104410636    -1.1481822839
v     5.9476423661    -0.3091568834    -1.1992689924
v     6.0651796164    -0.2339654381    -0.7822352623
v     7.4378755045    -0.3123735417    -0.6781293821
v     7.6493047937    -0.3358652543    -0.6545086871
v     6.7692322754    -0.2541667329    -0.7470697192
v     5.9498291923    -0.3679663526    -1.2629702049
v     6.9212351777    -0.4493664525    -1.8819039117
v     6.9557502192    -0.4358609607    -1.9796387171
v     7.0571090818    -0.4656559314    -1.8230563979
v     7.3747911164    -0.4393217453    -2.2722774660
v     7.4216358496    -0.4287299854    -2.3705745122
v     7.5334192890    -0.4499390710    -2.2602782441
v     8.7138266300    -0.3925534986    -2.5992689924
v     8.9423680731    -0.3679663526    -2.5992689924
v     8.8384597592    -0.3679663526    -2.3433619604
v     7.5182044665    -0.4345478366    -2.4064326979
v     7.6346049933    -0.4441662524    -2.3875316103
v     6.9539402360    -0.4835386043    -1.4064421524
v     7.8708499683    -0.4350299502    -1.6195189353
v     8.1276422546    -0.4049885966    -1.4335040032
v     6.4718670914    -0.4613395353    -1.4810730805
v     6.6144503019    -0.4748548612    -1.4732758883
v     6.4898467483    -0.4811173542    -1.3350170649
v     7.3559402552    -0.4684785901    -1.5825322532
v     7.2136614576    -0.4706401214    -1.7621711337
v     7.3431559641    -0.4669467866    -1.8335910942
v     7.1270465918    -0.4762117053    -1.5939438230
v     8.3982943985    -0.4057735423    -2.1430461837
v     8.6110643339    -0.3932837101    -2.3581050744
v     8.6999977817    -0.3679663526    -2.0023556214
v     7.7277150667    -0.4500909945    -2.2757937473
v     7.7729816458    -0.4436526381    -2.4484001292
v     7.3102876652    -0.4592871381    -2.0264619466
v     7.4855031321    -0.4614503020    -1.9603982000
v     7.7318563507    -0.4508370217    -1.8827165947
v     7.5121188980    -0.4616407513    -1.7593265898
v     6.1014914655    -0.3679663526    -1.3902299624
v     6.0510897059    -0.4217494230    -1.2952480413
v     6.0256603289    -0.3679663526    -1.3266000836
v     6.1450497872    -0.4458137101    -1.3032495832
v     7.6256806655    -0.4556742691    -2.1019491887
v     7.8669496486    -0.4457605853    -2.1221022031
v     8.0694101002    -0.4278432376    -1.9329691440
v     7.9359791507    -0.4432841375    -2.3256299608
v     6.6160538714    -0.4561891807    -1.6175980830
v     6.6564706708    -0.4414475939    -1.7228252703
v     6.7246860296    -0.4686492062    -1.6008040357
v     6.9026155424    -0.4617810760    -1.7760738832
v     6.8042781962    -0.4359215530    -1.8614166572
v     6.8532201892    -0.4240895330    -1.9428594823
v     6.7839716949    -0.3679663526    -1.9628988712
v     7.0872962413    -0.3679663526    -2.2174183862
v     7.0869417146    -0.4316703169    -2.0998930942
v     7.0114651047    -0.3679663526    -2.1537885074
v     7.1875102178    -0.4380234426    -2.1448576792
v     7.1831526425    -0.4598437240    -1.9606204518
v     6.8598028315    -0.3679663526    -2.0265287499
v     6.9356339681    -0.3679663526    -2.0901586287
v     7.0596909724    -0.4483204230    -1.9879096456
v     6.2494870717    -0.4660224745    -1.2899704581
v     6.3397156363    -0.4673394598    -1.3477981560
v     6.4025602807    -0.4633630226    -1.4181612425
v     7.5423680731    -0.3679663526    -2.5992689924
v     7.6235287627    -0.4121328377    -2.5992689924
v     7.5638121470    -0.4240066494    -2.5023986815
v     7.4664519243    -0.3679663526    -2.5355677800
v     7.1631273779    -0.3679663526    -2.2810482649
v     7.2517790526    -0.4251174358    -2.2561720623
v     7.4297585249    -0.4555004382    -2.1320586945
v     7.3008471126    -0.4466369769    -2.1656278044
v     7.2389585145    -0.3679663526    -2.3446781437
v     7.3147896511    -0.3679663526    -2.4083080225
v     7.3906207877    -0.3679663526    -2.4719379012
v     6.2401393078    -0.4379225334    -1.4062935008
v     6.6458166878    -0.4871510555    -1.3268831683
v     6.9738107628    -0.4752588282    -1.6391785575
v     6.8357267798    -0.4679990789    -1.6750649886
v     6.8556368623    -0.4783571227    -1.5480875363
v     6.7702620685    -0.4837312099    -1.4248853445
v     7.8376270549    -0.4355768537    -2.5992689924
v     7.7218217555    -0.4274137796    -2.5992689924
v     7.6617025655    -0.4346313467    -2.5036815535
v     6.7502088185    -0.4473354532    -1.7668523165
v     6.1773226021    -0.3679663526    -1.4538598411
v     6.2531537387    -0.3679663526    -1.5174897199
v     7.6180670820    -0.4522294414    -1.5347888886
v     8.4994821451    -0.4119087003    -2.5992689924
v     8.3941366904    -0.4150446242    -2.4098078060
v     8.1266267791    -0.4348171193    -2.5992689924
v     8.0307479885    -0.4390875347    -2.4679503964
v     7.9719436157    -0.4379729873    -2.5992689924
v     7.8978125355    -0.4422186540    -2.4853494429
v     8.3022216632    -0.4261203981    -2.5992689924
v     8.1907462143    -0.4293394775    -2.3638480845
v     8.1103248153    -0.4308916453    -2.1703085764
v     6.4048160119    -0.3679663526    -1.6447494774
v     6.4137239052    -0.4302369216    -1.5698366380
v     6.3289848753    -0.3679663526    -1.5811195987
v     6.6902832251    -0.4129552183    -1.8393827852
v     6.7081405583    -0.3679663526    -1.8992689924
v     6.6323094217    -0.3679663526    -1.8356391137
v     6.4806471485    -0.3679663526    -1.7083793562
v     6.5564782851    -0.3679663526    -1.7720092349
v     6.5562381996    -0.4281322702    -1.6911769306
v     6.5266745281    -0.4514983433    -1.5762571274
v     7.0004630944    -0.4219541301    -2.0679601433
v     6.3356493132    -0.4394174114    -1.4776512801
v     8.5261995842    -0.3679663526    -1.5743226833
v     7.1755459896    -0.4763687652    -1.3806559611
v     7.4038594031    -0.4636009936    -1.3717910431
v     6.4729051386    -0.4204042663    -1.6442219303
v     6.3275336236    -0.4101828142    -1.5455494895
v     8.3876837934    -0.3957560278    -1.8581166181
v     8.1683543112    -0.4107850377    -1.6870267970
v     6.5974847711    -0.4112823848    -1.7664769545
v     7.2952935993    -0.4154112468    -2.3256373416
v     6.1604765047    -0.4167988772    -1.3953757749
v     7.4468870183    -0.4141770758    -2.4512482949
v     8.7138137589    -0.3433779364    -2.5992689924
v     6.6367860022    -0.2505658857    -1.3537155055
v     7.1508808135    -0.2586639923    -1.4574059242
v     7.4331297428    -0.2728135736    -1.4591787703
v     6.5752050471    -0.2682014935    -1.5104351655
v     6.4568601621    -0.2660101126    -1.4128399064
v     8.4999732359    -0.3394348904    -2.1588266983
v     7.8152701475    -0.2893634538    -1.9417145568
v     8.0564786801    -0.3107132441    -1.8104248152
v     8.0085797415    -0.2989722849    -2.1168695552
v     7.2450918366    -0.2846737736    -2.0887953148
v     7.1886652519    -0.2791490511    -1.9991970815
v     7.3899014061    -0.2736636435    -1.9803555715
v     7.1198384230    -0.2730383122    -1.8899359673
v     6.9794864806    -0.2755819402    -1.8377263947
v     7.1043788990    -0.2629688331    -1.7090812776
v     7.3038478588    -0.2654588599    -1.6579888437
v     7.2522149452    -0.2677944385    -1.8304583916
v     7.4289997376    -0.2710125641    -1.8172905686
v     6.0676552506    -0.3100820064    -1.2997199088
v     6.1615571198    -0.2873006404    -1.3056785495
v     6.8154411266    -0.2630019456    -1.6085341863
v     6.9053853791    -0.2691729896    -1.7287733642
v     6.7639526506    -0.2828466204    -1.7445362520
v     6.6580224013    -0.2781076323    -1.6381082876
v     6.3105475764    -0.2678986650    -1.3223226358
v     6.4606806996    -0.2531924934    -1.3007882618
v     6.7518625315    -0.3103895148    -1.8567627215
v     7.4541998055    -0.2821401528    -2.1689712950
v     7.4610805942    -0.2957466505    -2.3249636045
v     7.3452866922    -0.2995574728    -2.2706155662
v     6.6679278566    -0.3091070047    -1.7852069755
v     7.4487101288    -0.3160856641    -2.4319677476
v     7.5895415401    -0.2853095020    -2.2681323912
v     7.5748946786    -0.3007589976    -2.4411776464
v     7.8053350794    -0.2978011803    -1.5413374806
v     7.6229783550    -0.2793015028    -1.8574292888
v     7.3252325761    -0.2863845888    -2.1546485010
v     7.6018483932    -0.2792621239    -2.0771098030
v     7.3578106971    -0.3186906914    -2.3696698668
v     7.8378241306    -0.3003476592    -2.5992689924
v     7.7218980263    -0.3085108694    -2.5992689924
v     7.7370801289    -0.2949488495    -2.4791211426
v     7.7057591280    -0.2883677722    -2.3540331605
v     7.8891301751    -0.2908810985    -2.3356239916
v     6.3301706992    -0.2932781438    -1.4616364203
v     7.5334082457    -0.2761046337    -1.6672973435
v     7.7775603300    -0.2859096483    -2.1876819577
v     6.8941566029    -0.3029566833    -1.9438424072
v     7.1910512587    -0.3059400304    -2.1880217997
v     6.5088586607    -0.2970897356    -1.6173207778
v     7.5473340785    -0.3261605785    -2.5460261933
v     7.6235288166    -0.3237998553    -2.5992689924
v     8.6074010265    -0.3401539492    -2.4123682126
v     8.4994719746    -0.3240231756    -2.5992689924
v     8.3941464977    -0.3210569442    -2.4041607667
v     7.9721653192    -0.2979603122    -2.5992689924
v     7.8841690885    -0.2936895004    -2.4884409514
v     8.0243099718    -0.2965897800    -2.4660864278
v     8.1266321390    -0.3011157785    -2.5992689924
v     8.3021049838    -0.3098051367    -2.5992689924
v     8.1967911550    -0.3056173345    -2.4414801599
v     8.2421268652    -0.3132182905    -2.2456450396
v     8.2384147835    -0.3195479572    -2.0280620926
v     8.0663249641    -0.2993883300    -2.3178387775
v     6.7387068504    -0.2565262816    -1.4857850776
v     7.0515108825    -0.2935034578    -2.0189520614
v     7.1116061950    -0.3034898597    -2.1155470395
v     7.2433867547    -0.3127180571    -2.2570918209
v     6.8448150516    -0.2918226919    -1.8550485463
v     6.0013883657    -0.3147921731    -1.2556266000
v     7.0188528217    -0.3184317746    -2.0962666896
v     6.8255859239    -0.2485741734    -1.3318929719
v     6.9330876697    -0.2531629365    -1.4497225258
v     6.4325985172    -0.2891194486    -1.5255049619
v     6.9872188598    -0.2586607688    -1.5988032643
v     6.4124756608    -0.3176519682    -1.5996201297
v     6.2370772897    -0.2946610936    -1.3926174516
v     6.5460305082    -0.3119200050    -1.6946391829
v     8.1857156467    -0.3338217560    -1.5078395038
v     8.3862717387    -0.3413900986    -1.8250462956
v     6.6038161067    -0.3072841157    -1.7279561993
v     6.1633850027    -0.3162861719    -1.3920207546
v     6.2430528299    -0.3188890881    -1.4629450581
v     7.0017059264    -0.2866510053    -1.9402675597
v     6.9394008148    -0.3132647040    -2.0166306790
v     7.6207457150    -0.3679663526    -2.6580265089
v     8.6259133198    -0.3901054719    -3.0992689924
v     8.6460913071    -0.3987762672    -2.9530068761
v     8.5220571873    -0.4066006527    -2.9609285760
v     7.6998143383    -0.3679663526    -2.7154301470
v     8.0555464968    -0.4306317849    -2.7279131849
v     8.7321543270    -0.3939289643    -2.8522148816
v     8.5670132013    -0.4083269101    -2.7808601228
v     8.4075606009    -0.4162124490    -2.8780794475
v     8.4557501686    -0.4019011306    -3.0432949079
v     8.5442846439    -0.3928811388    -3.0992689924
v     8.7074129595    -0.3846888862    -3.0992689924
v     8.7887796163    -0.3775355982    -3.0992689924
v     8.7631237031    -0.3877678143    -2.9813119125
v     8.4021665936    -0.4200413071    -2.7330174907
v     8.2642833248    -0.4227187204    -2.8372962443
v     7.9257283756    -0.4282727994    -2.7073002723
v     7.8414157763    -0.4184691950    -2.7204794256
v     7.8609692099    -0.3679663526    -2.8259560821
v     7.7798375062    -0.3679663526    -2.7715094138
v     8.2851386225    -0.4118259115    -2.9548918859
v     8.2873183735    -0.3679663526    -3.0631831084
v     8.1985952091    -0.3679663526    -3.0223165673
v     8.1821742340    -0.4299895215    -2.7232602157
v     8.1256184645    -0.4196408765    -2.8547697416
v     8.0270431214    -0.3679663526    -2.9288694185
v     8.1120671220    -0.3679663526    -2.9770111125
v     7.9433427708    -0.3679663526    -2.8784753854
v     7.9585217504    -0.4167000251    -2.7962645795
v     8.2832951166    -0.4264438881    -2.7252154776
v     8.8397836263    -0.3829028106    -2.7257100992
v     8.9811539461    -0.3679663526    -2.7766998531
v     8.7131678941    -0.3956301970    -2.7389149967
v     7.7741576316    -0.4182350382    -2.6794736504
v     8.3813084951    -0.4079082835    -2.9964714030
v     8.3784590275    -0.3679663526    -3.0992689924
v     8.9367496490    -0.3679663526    -3.0172136930
v     8.9747348717    -0.3679663526    -2.9095627602
v     8.8637531406    -0.3806645150    -2.8853443009
v     8.8495644174    -0.3775498040    -3.0175752135
v     8.1919517330    -0.4112641264    -2.9313904223
v     8.0268284657    -0.4146249151    -2.8419007220
v     8.4626480824    -0.3909412928    -3.0992689924
v     8.8784590275    -0.3679663526    -3.0992689924
v     7.9739891772    -0.3106182914    -2.7524091154
v     8.7887796163    -0.3583971069    -3.0992689924
v     8.7777783458    -0.3497320931    -2.9861030940
v     8.3933583885    -0.3303432097    -3.0151001688
v     8.5023849697    -0.3299017275    -2.9860955683
v     8.4626480824    -0.3449914123    -3.0992689924
v     8.6259133198    -0.3458272333    -3.0992689924
v     8.6335438522    -0.3376198713    -2.9844907527
v     8.7074129595    -0.3512438190    -3.0992689924
v     8.8544643739    -0.3541631328    -2.8754433576
v     8.5442846439    -0.3430515663    -3.0992689924
v     8.4204975731    -0.3171266377    -2.7458120562
v     8.2306392336    -0.3071437931    -2.7149263539
v     8.2612815730    -0.3132744999    -2.8390664313
v     8.4001943792    -0.3202084476    -2.8944796073
v     8.2008183744    -0.3250057952    -2.9364438310
v     8.2985569162    -0.3250579853    -2.9643547446
v     8.1136601936    -0.3215067790    -2.8832647506
v     8.1160169019    -0.3097009561    -2.7921445016
v     8.5435717784    -0.3270053380    -2.8647393547
v     8.7014702038    -0.3392999210    -2.8564009969
v     8.6199125829    -0.3320441289    -2.7296370831
v     8.0200141361    -0.3223440600    -2.8432589178
v     7.8633558194    -0.3209110698    -2.7488124566
v     8.8142073793    -0.3503801149    -2.7257457771
v     7.7911558495    -0.3160957794    -2.6830875506
v     7.8970290279    -0.3052739964    -2.6739395321
v     8.0818116639    -0.3033308152    -2.6986374975
v     8.5482002338    -0.3679663526    -3.1111544962
v     8.4679766911    -0.3679663526    -3.1077256398
v     8.6284634361    -0.3679663526    -3.1135009408
v     8.7888268916    -0.3679663526    -3.1076962740
v     8.7087510189    -0.3679663526    -3.1134427969
v     7.9399115205    -0.3561836870     0.8618575981
v     7.7510393111    -0.3909359240     0.9558378210
v     7.8291079427    -0.3518569095     0.7379549005
v     7.0497127863    -0.4288463144     0.7372326093
v     7.1182471247    -0.4376874361     0.8723249003
v     6.9195277569    -0.4404432878     0.7533790412
v     7.7817855401    -0.4292995422     1.1992689924
v     7.9193383531    -0.3886909859     1.0515661495
v     6.6462142427    -0.4605110614     0.7851523110
v     6.5191812771    -0.4810802789     1.0073767472
v     6.5031977238    -0.4681525590     0.8005514114
v     8.1082228578    -0.3616021803     1.0170229432
v     8.3739130435    -0.3679663526     1.1992689924
v     8.0559621055    -0.4028019363     1.1992689924
v     6.7424830241    -0.4919911114     1.1992689924
v     6.5219847657    -0.4921712103     1.1992689924
v     6.2453138069    -0.4797978977     1.0079393146
v     6.3369495313    -0.4855208584     1.1992689924
v     5.6049119667    -0.4075318593     0.8741954118
v     5.6861757906    -0.4324792327     0.8718413665
v     5.6065739116    -0.3586363514     0.9320927163
v     5.5393355402    -0.3562897661     0.8648953047
v     5.7324449437    -0.4261200363     0.9551841902
v     5.7883010243    -0.4512808188     0.8647770853
v     5.9213283552    -0.4655158623     0.8540401624
v     5.8691903673    -0.4515268698     0.9706181526
v     6.7851987562    -0.4511040422     0.7693639212
v     6.8255207635    -0.4581284857     0.8743866163
v     6.7697905838    -0.4739219393     1.0134346327
v     6.9961704326    -0.4842074910     1.1992689924
v     6.9704586207    -0.4591329598     0.9727726261
v     6.3566947089    -0.4733753064     0.8153923233
v     5.9193195957    -0.4429082836     1.0964099356
v     6.0296275133    -0.4678835543     0.9999526081
v     6.0512954615    -0.4535906635     1.1992689924
v     5.9475707301    -0.4267501371     1.1992689924
v     6.0613862316    -0.4730173801     0.8424352153
v     6.2073786134    -0.4753286265     0.8295431704
v     6.1847280750    -0.4730843689     1.1992689924
v     7.6447725229    -0.3627487828     0.6564170162
v     7.5157385749    -0.3922041420     0.7880162484
v     7.5324699927    -0.3767492754     0.6723550810
v     7.6651411511    -0.3804008254     0.8162885723
v     7.5094707500    -0.4115649455     0.9334401043
v     5.8739130435    -0.3679663526     1.1992689924
v     5.8066746721    -0.3656197672     1.1320715808
v     5.8032510303    -0.4245349451     1.0422556746
v     5.6732741651    -0.3609641567     0.9987523378
v     5.7399744186    -0.3632919620     1.0654119593
v     7.2843123048    -0.4378450537     0.9836267566
v     7.3267124783    -0.4153207693     0.8303431616
v     7.4168923587    -0.3904284408     0.6885163174
v     7.2979597409    -0.4037298224     0.7047744578
v     7.5169442581    -0.4517150511     1.1992689924
v     7.6120408917    -0.4223262222     1.0717736882
v     7.4183888634    -0.4398600682     1.0768509669
v     7.1756122758    -0.4165700764     0.7210342049
v     7.1274808034    -0.4588930302     1.0577388819
v     7.2552217557    -0.4702915568     1.1992689924
v     7.7252006535    -0.3608386811     0.7149371524
v     7.7539014208    -0.3484682157     0.6409154058
v     7.4504032427    -0.2924443226     1.0477959445
v     7.2947014161    -0.2838129002     0.9845024156
v     7.2416696863    -0.2647922186     1.1992689924
v     7.4666765265    -0.3052802519     0.8767086690
v     6.0048347649    -0.2452458739     0.8985090634
v     6.1454606072    -0.2420106033     0.9425933867
v     6.0654103276    -0.2339601277     0.7822231526
v     7.7799486168    -0.3064666187     1.1992689924
v     8.0548539562    -0.3330171904     1.1992689924
v     7.9305554096    -0.3373095254     1.0592860419
v     5.5974369583    -0.2926988920     0.8342438568
v     5.8252280243    -0.2475824213     0.7991526213
v     5.7059096406    -0.2639170049     0.8134768547
v     5.7886194577    -0.2692958838     0.9086254159
v     7.4386002077    -0.3124500018     0.6780517177
v     7.4383787493    -0.3086902350     0.7612383444
v     7.5466133280    -0.3241489784     0.6663325871
v     6.9687095845    -0.2598251201     0.9998800139
v     6.9901764078    -0.2514670993     1.1992689924
v     7.1261718269    -0.2666820620     1.0645462621
v     6.5244910276    -0.2437197140     1.1992689924
v     6.4099396761    -0.2411923330     1.0348907047
v     6.3383580381    -0.2503307204     1.1992689924
v     6.7465801382    -0.2440100730     1.1992689924
v     6.8255091717    -0.2499205952     1.0702975512
v     6.6171262932    -0.2435276241     1.0281902078
v     6.3030838932    -0.2337414124     0.7716072716
v     6.2824931281    -0.2375799831     0.9069988980
v     6.4523568851    -0.2389829629     0.8893075103
v     6.6119276577    -0.2441874855     0.8770895174
v     6.7850647795    -0.2520965758     0.9065854441
v     6.6532928000    -0.2471505365     0.7546826874
v     7.5096729597    -0.2836503745     1.1992689924
v     7.1215177009    -0.2744011747     0.9021311872
v     6.9540550772    -0.2638317829     0.8586439189
v     7.0017696847    -0.2712899562     0.7270105888
v     6.8853415538    -0.2622406170     0.7379436674
v     7.6328742648    -0.3052425058     1.0866740618
v     7.6176202054    -0.3156430082     0.9412896362
v     7.7818929764    -0.3270066300     1.0055919995
v     5.7772451855    -0.2989153600     1.0142379380
v     5.8849633384    -0.2861548701     1.0671884492
v     5.8917898324    -0.2651363805     0.9703063974
v     7.6079819145    -0.3243477093     0.7897923385
v     5.6849405204    -0.2939794289     0.9164193085
v     7.2973626861    -0.2922464559     0.8298109880
v     7.2278636252    -0.2913309740     0.7011148796
v     7.3316187712    -0.3014492670     0.6895786400
v     6.0102355961    -0.2573025395     1.0111523310
v     5.9864985576    -0.2766113836     1.1134996878
v     6.1135081625    -0.2566376726     1.0866474000
v     6.0516071307    -0.2822821510     1.1992689924
v     6.1855112479    -0.2627624865     1.1992689924
v     6.2534055394    -0.2459548834     1.0663687119
v     6.4204716527    -0.2367361182     0.7665886629
v     6.5371873326    -0.2412875260     0.7610633306
v     7.7584154443    -0.3359528731     0.8592289555
v     7.7224575994    -0.3397428743     0.7366235799
v     5.8884275692    -0.2515510869     0.8751895360
v     5.9452111632    -0.2385025370     0.7893611918
v     5.8892156940    -0.3105293555     1.1482891417
v     5.9476417616    -0.3091571001     1.1992689924
v     6.1846899444    -0.2326430817     0.7765949027
v     7.6502778599    -0.3359792509     0.6543910829
v     7.1590089432    -0.2819667458     0.7909154194
v     7.1189978282    -0.2813057754     0.7139124086
v     6.7692932337    -0.2541706938     0.7470660671
v     5.9498291923    -0.3679663526     1.2629702049
v     8.8384597592    -0.3679663526     2.3433619604
v     8.9423680731    -0.3679663526     2.5992689924
v     8.7138266300    -0.3925534986     2.5992689924
v     7.7572247189    -0.4469686005     1.7505891405
v     7.8703193940    -0.4431599493     1.9513340374
v     7.6865708498    -0.4540747903     2.0608263273
v     7.5294073530    -0.4608611123     1.8889168707
v     8.6999977817    -0.3679663526     2.0023556214
v     8.3761874616    -0.3948034167     1.8061467667
v     8.5261995842    -0.3679663526     1.5743226833
v     8.0742923756    -0.4229854049     1.7889363613
v     8.2159379198    -0.3982531104     1.4889821455
v     6.8940702491    -0.4853356238     1.3734609224
v     6.7086676028    -0.4819475102     1.4354040669
v     6.5735761992    -0.4844426015     1.3398516768
v     6.8532770456    -0.4678578795     1.6868657931
v     7.0388551043    -0.4744293346     1.6692090953
v     6.9469426341    -0.4599599487     1.8206866564
v     8.5525978804    -0.3946000129     2.2437897306
v     7.7060570659    -0.4494222618     2.3065953870
v     7.5362140896    -0.4412391308     2.3644955018
v     7.5289002843    -0.4530933280     2.2053556659
v     6.5539623965    -0.4656521190     1.5113031444
v     6.4273051974    -0.4727182017     1.3714133406
v     8.3123066044    -0.4116630065     2.0846128029
v     7.9268724297    -0.4259995478     1.4860483602
v     7.3423945181    -0.4512333397     2.1474305298
v     7.4122405764    -0.4411743966     2.2842836853
v     7.1386020193    -0.4777582369     1.4507624959
v     7.3964647153    -0.4666795101     1.7250645252
v     7.2249219853    -0.4726072311     1.6719818749
v     7.4226871899    -0.4643526382     1.5048927997
v     7.4398593515    -0.4601706201     2.0338502669
v     7.3018622079    -0.4668511015     1.8594756451
v     7.2671681267    -0.4302625665     2.2453761800
v     7.3384837292    -0.4200958127     2.3440625210
v     7.2389585145    -0.3679663526     2.3446781437
v     6.7228282284    -0.4496440624     1.7339684424
v     6.6971071353    -0.4662225653     1.6042260364
v     6.8939433530    -0.4792215059     1.5424703566
v     6.1014914655    -0.3679663526     1.3902299624
v     6.0256603289    -0.3679663526     1.3266000836
v     6.0720355861    -0.4329291395     1.2853970999
v     6.1679387231    -0.4469000414     1.3173515703
v     6.8182525335    -0.4509893704     1.7969324843
v     7.1035815892    -0.4646652795     1.8585740171
v     7.2381449639    -0.4592515721     1.9955917993
v     7.0896210633    -0.4476248780     2.0138281971
v     7.7218217555    -0.4274137796     2.5992689924
v     7.8396958212    -0.4428946719     2.4743331919
v     7.8376270549    -0.4355768537     2.5992689924
v     7.9149031105    -0.4440051090     2.3553171141
v     7.1943657029    -0.4438803152     2.1135443491
v     6.2893919673    -0.4660268055     1.3192926682
v     7.0776714137    -0.4238942262     2.1231904059
v     7.0872962413    -0.3679663526     2.2174183862
v     7.0114651047    -0.3679663526     2.1537885074
v     7.5423680731    -0.3679663526     2.5992689924
v     7.6093518575    -0.4348041629     2.4674207317
v     7.6235287627    -0.4121328377     2.5992689924
v     6.8598028315    -0.3679663526     2.0265287499
v     6.9630800154    -0.4387135504     1.9719588514
v     6.9356339681    -0.3679663526     2.0901586287
v     7.3147896511    -0.3679663526     2.4083080225
v     7.4317645710    -0.4201409527     2.4174800990
v     7.3906207877    -0.3679663526     2.4719379012
v     6.3289848753    -0.3679663526     1.5811195987
v     6.2531537387    -0.3679663526     1.5174897199
v     6.3214886589    -0.4421899248     1.4564743948
v     7.7088030690    -0.4399027916     2.4790750892
v     8.0470963608    -0.4332785838     2.0731306877
v     7.8927900555    -0.4449448179     2.1946025459
v     6.8546347692    -0.4334402835     1.9109351901
v     6.7839716949    -0.3679663526     1.9628988712
v     7.1631273779    -0.3679663526     2.2810482649
v     6.4806471485    -0.3679663526     1.7083793562
v     6.4048160119    -0.3679663526     1.6447494774
v     6.4709996033    -0.4336874531     1.6052044362
v     7.9719436157    -0.4379729873     2.5992689924
v     8.0133281662    -0.4397181375     2.4710756596
v     8.1266267791    -0.4348171193     2.5992689924
v     8.3022216632    -0.4261203981     2.5992689924
v     8.1477912755    -0.4316741285     2.3341501528
v     8.3788556878    -0.4156997026     2.3891387576
v     8.4994821451    -0.4119087003     2.5992689924
v     8.6145319442    -0.3961276491     2.4395465215
v     6.6234205796    -0.4322105709     1.7320997785
v     6.5564782851    -0.3679663526     1.7720092349
v     6.6323094217    -0.3679663526     1.8356391137
v     7.0028939084    -0.4219216303     2.0700160961
v     6.5592071773    -0.4412113045     1.6477836584
v     6.7081405583    -0.3679663526     1.8992689924
v     6.6745209021    -0.4174170801     1.8162583597
v     6.4161213668    -0.4473349684     1.5104389071
v     7.1555101708    -0.4207670963     2.1960845950
v     6.2331413633    -0.4398059640     1.3944743290
v     7.5597086268    -0.4584623794     1.6803627882
v     7.6714191774    -0.4462900565     1.4507114057
v     7.3379030272    -0.4673564832     1.3470505591
v     7.4664519243    -0.3679663526     2.5355677800
v     7.5190717780    -0.4192858179     2.4894112063
v     6.1633098260    -0.4183852062     1.3945583205
v     6.1773226021    -0.3679663526     1.4538598411
v     6.7505940724    -0.4294354195     1.8431322167
v     6.7707880904    -0.4108851260     1.9099665517
v     6.3961985594    -0.4164485079     1.5902096952
v     6.2405049598    -0.4162584252     1.4624139487
v     6.5460145500    -0.4110888406     1.7244148948
v     8.7138137589    -0.3433779364     2.5992689924
v     6.6367671170    -0.2505664027     1.3537163896
v     7.4330828929    -0.2728106592     1.4591803703
v     7.1508449669    -0.2586626934     1.4574114886
v     7.1198368933    -0.2730385080     1.8899377273
v     7.1043706073    -0.2629690098     1.7090854035
v     6.9794845915    -0.2755822487     1.8377281032
v     6.5751991130    -0.2682021201     1.5104359772
v     6.4568540136    -0.2660106856     1.4128399117
v     8.4999718686    -0.3394347928     2.1588257115
v     8.0085773980    -0.2989721502     2.1168682598
v     8.2384109522    -0.3195476920     2.0280598504
v     8.0564689240    -0.3107125431     1.8104204699
v     7.8152642657    -0.2893631285     1.9417116760
v     7.2450916287    -0.2846738199     2.0887956200
v     7.3252324174    -0.2863846238     2.1546487469
v     7.3899001275    -0.2736636684     1.9803564088
v     7.3038314456    -0.2654583185     1.6579928913
v     6.0676538898    -0.3100824834     1.2997199085
v     6.1615543331    -0.2873012458     1.3056787100
v     6.9053814091    -0.2691734049     1.7287755699
v     6.8154328805    -0.2630024615     1.6085361345
v     6.7639509790    -0.2828469636     1.7445371317
v     6.6580192021    -0.2781081559     1.6381093141
v     6.3105422884    -0.2678992591     1.3223225850
v     6.4606688088    -0.2531931027     1.3007880372
v     6.7518622473    -0.3103896787     1.8567629983
v     7.4541996112    -0.2821401701     2.1689714967
v     7.3452866620    -0.2995574859     2.2706156252
v     7.4610805747    -0.2957466573     2.3249636462
v     6.6679274039    -0.3091072283     1.7852072944
v     7.4487101269    -0.3160856663     2.4319677549
v     7.5748946723    -0.3007589989     2.4411776517
v     7.5895413909    -0.2853095035     2.2681323804
v     7.2522110633    -0.2677945197     1.8304612395
v     7.4289934583    -0.2710123671     1.8172918558
v     7.1886646504    -0.2791491629     1.9991979538
v     7.8053095012    -0.2977993964     1.5413270321
v     7.6018471222    -0.2792620868     2.0771094791
v     7.6229711209    -0.2793011470     1.8574269349
v     7.3578106944    -0.3186906952     2.3696698780
v     7.8378241306    -0.3003476592     2.5992689924
v     7.7370801138    -0.2949488493     2.4791211325
v     7.7218980263    -0.3085108694     2.5992689924
v     7.7057590519    -0.2883677705     2.3540331117
v     7.8891299346    -0.2908810889     2.3356238294
v     6.3301693269    -0.2932784178     1.4616363538
v     7.5333887341    -0.2761035430     1.6672955254
v     7.7775594565    -0.2859096133     2.1876814611
v     6.8941562618    -0.3029568622     1.9438428570
v     7.1910512205    -0.3059400534     2.1880218735
v     6.5088574502    -0.2970900815     1.6173211129
v     7.6235288166    -0.3237998553     2.5992689924
v     7.5473340780    -0.3261605789     2.5460261942
v     8.3941461935    -0.3210569280     2.4041604611
v     8.6074007776    -0.3401539356     2.4123679309
v     8.4994719746    -0.3240231756     2.5992689924
v     8.1266321390    -0.3011157785     2.5992689924
v     8.0243099259    -0.2965897780     2.4660863681
v     7.9721653192    -0.2979603122     2.5992689924
v     7.8841690661    -0.2936894994     2.4884409266
v     8.3021049838    -0.3098051367     2.5992689924
v     8.2421259287    -0.3132182387     2.2456442112
v     8.1967910273    -0.3056173293     2.4414799783
v     8.0663245333    -0.2993883091     2.3178384122
v     6.7386928685    -0.2565268338     1.4857867597
v     7.0515105955    -0.2935035746     2.0189525183
v     7.1116061097    -0.3034899149     2.1155472243
v     7.2433867289    -0.3127180749     2.2570918689
v     6.8448142352    -0.2918229722     1.8550493698
v     6.0013873652    -0.3147925867     1.2556266241
v     7.0188527775    -0.3184318226     2.0962667909
v     6.8255523634    -0.2485738554     1.3318949918
v     6.9330618515    -0.2531627427     1.4497255219
v     6.4325967725    -0.2891197648     1.5255049558
v     6.9872046668    -0.2586609853     1.5988072844
v     6.4124753165    -0.3176520720     1.5996200776
v     6.2370755528    -0.2946614729     1.3926173810
v     6.5460298901    -0.3119202819     1.6946394297
v     8.3862681633    -0.3413897935     1.8250447449
v     8.1857077826    -0.3338209788     1.5078390260
v     6.6038154642    -0.3072843833     1.7279565116
v     6.1633839563    -0.3162865763     1.3920207402
v     6.2430524685    -0.3188891487     1.4629448827
v     6.9394006963    -0.3132647969     2.0166308770
v     7.0017054070    -0.2866511671     1.9402682731
v     8.0555462838    -0.4306317905     2.7279130755
v     8.4626480824    -0.3909412928     3.0992689924
v     8.4556863534    -0.4019007638     3.0433001520
v     8.5442846439    -0.3928811388     3.0992689924
v     7.6207457150    -0.3679663526     2.6580265089
v     8.6259133198    -0.3901054719     3.0992689924
v     8.5218107288    -0.4066151642     2.9609058381
v     8.6457901255    -0.3987962522     2.9530852203
v     7.6998143383    -0.3679663526     2.7154301470
v     8.4074984994    -0.4162160738     2.8780582617
v     8.5669825699    -0.4083292834     2.7808595953
v     8.7630393975    -0.3877753325     2.9813166914
v     8.7074129595    -0.3846888862     3.0992689924
v     8.7320841904    -0.3939349400     2.8522556835
v     8.2642700953    -0.4227192213     2.8372917511
v     8.4021576684    -0.4200419014     2.7330111560
v     7.9257283531    -0.4282727988     2.7073002665
v     7.8609692099    -0.3679663526     2.8259560821
v     7.8414157740    -0.4184691947     2.7204794256
v     7.7798375062    -0.3679663526     2.7715094138
v     8.2851214750    -0.4118257665     2.9548896065
v     8.2873183735    -0.3679663526     3.0631831084
v     8.1985952091    -0.3679663526     3.0223165673
v     8.0270431214    -0.3679663526     2.9288694185
v     8.1256165281    -0.4196408139     2.8547695532
v     8.1120671220    -0.3679663526     2.9770111125
v     8.1821730001    -0.4299895978     2.7232589874
v     7.9585217142    -0.4167000229     2.7962645702
v     7.9433427708    -0.3679663526     2.8784753854
v     8.2832924825    -0.4264440324     2.7252140745
v     8.9811539461    -0.3679663526     2.7766998531
v     8.8637342889    -0.3806663678     2.8853513594
v     8.8397743732    -0.3829039398     2.7257197372
v     7.7741576315    -0.4182350381     2.6794736503
v     8.3812399279    -0.4079072848     2.9964779099
v     8.3784590275    -0.3679663526     3.0992689924
v     8.9367496490    -0.3679663526     3.0172136930
v     8.9747348717    -0.3679663526     2.9095627602
v     8.8495473208    -0.3775517620     3.0175719600
v     8.7887796163    -0.3775355982     3.0992689924
v     8.1919480642    -0.4112639943     2.9313897913
v     8.0268281853    -0.4146248907     2.8419006976
v     8.7131543148    -0.3956315561     2.7389235647
v     8.8784590275    -0.3679663526     3.0992689924
v     7.9739891772    -0.3106182914     2.7524091154
v     8.7777783458    -0.3497320931     2.9861030940
v     8.7887796163    -0.3583971069     3.0992689924
v     8.3933583885    -0.3303432097     3.0151001688
v     8.4626480824    -0.3449914123     3.0992689924
v     8.5023849697    -0.3299017275     2.9860955683
v     8.6335438522    -0.3376198713     2.9844907527
v     8.7074129595    -0.3512438190     3.0992689924
v     8.8544643739    -0.3541631328     2.8754433576
v     8.6259133198    -0.3458272333     3.0992689924
v     8.5442846439    -0.3430515663     3.0992689924
v     8.4204975731    -0.3171266377     2.7458120562
v     8.4001943792    -0.3202084476     2.8944796073
v     8.2612815730    -0.3132744999     2.8390664313
v     8.2306392336    -0.3071437931     2.7149263539
v     8.2985569162    -0.3250579853     2.9643547446
v     8.2008183744    -0.3250057952     2.9364438310
v     8.1136601936    -0.3215067790     2.8832647506
v     8.1160169019    -0.3097009561     2.7921445016
v     8.5435717784    -0.3270053380     2.8647393547
v     8.7014702038    -0.3392999210     2.8564009969
v     8.6199125829    -0.3320441289     2.7296370831
v     8.0200141361    -0.3223440600     2.8432589178
v     7.8633558194    -0.3209110698     2.7488124566
v     8.8142073793    -0.3503801149     2.7257457771
v     7.7911558495    -0.3160957794     2.6830875506
v     7.8970290279    -0.3052739964     2.6739395321
v     8.0818116639    -0.3033308152     2.6986374975
v     8.5482002338    -0.3679663526     3.1111544962
v     8.4679766911    -0.3679663526     3.1077256398
v     8.6284634361    -0.3679663526     3.1135009408
v     8.7888268916    -0.3679663526     3.1076962740
v     8.7087510189    -0.3679663526     3.1134427969
v     5.0172277598     0.8651970273    -0.0615758850
v     4.9477687168     0.8731058144    -0.0000000000
v     5.0257384090     0.9343360955    -0.0000000000
v     7.6034826791     1.4174596499    -0.0287022370
v     7.6922217228     1.1618722295    -0.0000000000
v     7.4628424263     1.1721693242    -0.0262537226
v     5.2740854708     0.9454313905    -0.0954326695
v     5.3873950798     0.9646752933    -0.1062869529
v     5.3197424504     0.8407707597    -0.1166550191
v     5.5102368000     0.9412510704    -0.1186069358
v     5.6502977620     0.9190166915    -0.1251544359
v     5.5290104653     0.8311359575    -0.1273014748
v     5.7958448100     0.9927193580    -0.1237768559
v     5.6161211633     1.0300104361    -0.1162482345
v     5.7221357723     1.1379037766    -0.1121019586
v     7.5558238708     0.9590914321    -0.0000000000
v     5.9474043088     0.8237759117    -0.1236898414
v     5.9197199373     0.9064001041    -0.1245387519
v     6.0515244410     0.8235394986    -0.1195801968
v     5.8429360982     0.8245175895    -0.1267432891
v     5.7387006138     0.8258905636    -0.1285354354
v     7.0639574463     1.6425940180    -0.0865399642
v     7.1027491742     1.8542913596    -0.0900344845
v     7.3537128936     1.7705532486    -0.0718381065
v     8.2556382777     2.5225888183    -0.0366593913
v     8.1489131205     2.2619979150    -0.0304488062
v     8.0784457760     2.4976483455    -0.0505663584
v     8.0571279030     2.6826554631    -0.0600944677
v     7.9205441605     2.6068167573    -0.0658063521
v     7.9922948316     2.8293650794    -0.0663513941
v     5.5619748852     1.1475828785    -0.0965547901
v     6.3375084736     0.9078814545    -0.1067199348
v     6.4003314066     1.0012930290    -0.1058940521
v     6.4637449955     0.8254673954    -0.0952765904
v     5.9868802735     0.9946556606    -0.1224685958
v     6.1137260838     1.1172314312    -0.1188848481
v     6.1252662309     0.9372917140    -0.1181130863
v     6.6666856633     0.8271094946    -0.0796726623
v     6.6453366836     0.9287330692    -0.0864303157
v     6.7612575954     0.9223922722    -0.0768542433
v     7.2140172414     1.5028756117    -0.0698297939
v     7.4456595607     1.5668950634    -0.0535769913
v     6.9704900710     0.9221085947    -0.0584949142
v     7.0987979398     0.9087587360    -0.0454313466
v     6.9611447752     0.7826303510    -0.0507021895
v     8.4509032910     2.2897936093    -0.0000000000
v     8.2846757826     2.0426654748    -0.0000000000
v     7.1193700742     0.6689605028    -0.0269373057
v     7.1522232056     0.7807070060    -0.0313633739
v     7.2043444941     0.6733803473    -0.0180633541
v     7.3690385554     0.6814002906    -0.0000000000
v     7.2737003280     0.6768525366    -0.0105991836
v     7.2675051779     0.8553698054    -0.0244591315
v     6.1552393405     0.8236845985    -0.1145716425
v     6.2584498907     0.8241135292    -0.1087930720
v     7.4507897802     0.8029387042    -0.0000000000
v     7.5203788702     2.8293650794    -0.0437870165
v     7.6230636145     2.8293650794    -0.0592045416
v     7.5108748240     2.7452647168    -0.0601463063
v     8.8138389853     2.8293650794    -0.0000000000
v     8.7073297622     2.6710192926    -0.0000000000
v     8.6338992156     2.8293650794    -0.0196780120
v     8.0108088329     1.9761793687    -0.0251794060
v     8.0818313811     1.7410995124    -0.0000000000
v     7.8681220706     1.4233808404    -0.0000000000
v     7.8509507094     2.1149232698    -0.0491595707
v     7.3080694611     1.9789765706    -0.0824924463
v     7.5761539348     2.0239812115    -0.0667443656
v     6.8847613386     1.7501749908    -0.0974497489
v     7.9061093883     2.3836149324    -0.0584543772
v     7.7176053302     1.7558373442    -0.0398031815
v     6.8369209081     1.5674682725    -0.0970120071
v     7.7183787408     2.5383652098    -0.0738846736
v     5.6556409984     1.2502591176    -0.0900024373
v     5.8274720100     1.2774491390    -0.1042732394
v     5.9088790192     1.1357756824    -0.1189651572
v     6.0432078594     1.2726937731    -0.1145525580
v     6.9716808124     2.4625016812    -0.0000000000
v     7.0495185085     2.5236283046    -0.0000000000
v     7.0843762357     2.4473428860    -0.0582281054
v     7.3603984229     2.1636748267    -0.0836718575
v     7.4128968365     2.3597406616    -0.0822688298
v     7.5283532418     2.2491342582    -0.0775854804
v     7.4878591087     2.5219838670    -0.0779126919
v     7.5772038042     2.4100893284    -0.0779209844
v     8.3746481341     2.4305395152    -0.0189304951
v     8.4319644184     2.6118825683    -0.0254323629
v     8.5884146021     2.4942297710    -0.0000000000
v     8.5630858793     2.6818844642    -0.0168045400
v     6.0722201182     1.4369812558    -0.1038023067
v     6.1967725443     1.3922952915    -0.1113272492
v     5.3301169259     1.0674880431    -0.0753346874
v     5.2321020994     1.0243011628    -0.0642514421
v     5.2592514974     1.1177159658    -0.0000000000
v     6.3397661388     1.6282290615    -0.1007430239
v     6.4840889571     1.7378261699    -0.0983519312
v     6.5045493790     1.5735043040    -0.1064410598
v     6.4967597440     1.1493605538    -0.1046479321
v     6.5359540861     0.9736391036    -0.0963489871
v     6.6857280462     1.0651307988    -0.0896089325
v     7.3326323060     1.3237920023    -0.0493251838
v     7.2296213363     1.0778725653    -0.0435992334
v     5.5059762809     1.2290990590    -0.0661488383
v     6.8405090582     1.1171123553    -0.0803380968
v     6.8647756683     0.9865870851    -0.0715975449
v     8.1844743043     2.6743034584    -0.0508662094
v     6.2059262950     1.7024725176    -0.0796307093
v     6.3282903714     1.7524454679    -0.0860263831
v     6.6152704118     1.8416614822    -0.0957977338
v     6.4907954349     1.8881780454    -0.0825762138
v     6.5816088159     1.9732019057    -0.0792318414
v     5.1814138013     1.0565893423    -0.0000000000
v     5.1545643258     0.9487020453    -0.0703919797
v     5.1035761052     0.9954627189    -0.0000000000
v     6.1154661549     1.7901088235    -0.0000000000
v     6.0821406583     1.6668867260    -0.0661657377
v     6.0376284588     1.7289822000    -0.0000000000
v     6.1961171759     1.5546078374    -0.0997006544
v     6.1933038510     1.8512354469    -0.0000000000
v     6.2408623562     1.8143242774    -0.0576472358
v     7.3833838866     0.9778995819    -0.0208301741
v     7.4317204552     2.6548110117    -0.0653098443
v     7.5669811000     2.6404541834    -0.0736169752
v     7.3464413354     2.5779251008    -0.0678634743
v     7.3122924323     2.4649977866    -0.0770272620
v     7.2642448664     2.3160930735    -0.0841149077
v     6.6798919376     1.6971687615    -0.1023945031
v     6.7710707242     1.8826547422    -0.0970097431
v     7.3608692931     2.7681347983    -0.0000000000
v     7.3011882740     2.6501212511    -0.0478016526
v     7.2830315969     2.7070081749    -0.0000000000
v     7.1273562047     2.5847549280    -0.0000000000
v     7.2051939008     2.6458815515    -0.0000000000
v     7.2309400146     2.5662089788    -0.0558178332
v     7.0270434864     1.0884312824    -0.0631964338
v     8.2381426014     2.8293650794    -0.0536898010
v     8.1151397444     2.8293650794    -0.0611034559
v     8.4872769893     2.8293650794    -0.0338141196
v     8.3287268946     2.7060341928    -0.0407642739
v     8.3613461759     2.8293650794    -0.0445719367
v     5.2158167282     0.8476022373    -0.1057755572
v     5.1136195831     0.8558538818    -0.0888634935
v     5.7262776742     1.4844757063    -0.0000000000
v     5.7168195201     1.3668236662    -0.0732281637
v     5.6484399781     1.4233490829    -0.0000000000
v     5.3370891936     1.1788425892    -0.0000000000
v     6.8672073511     0.8195799270    -0.0618186047
v     7.0435924635     0.7303990100    -0.0390937963
v     6.0698925972     1.5615508815    -0.0875183855
v     7.1655126007     2.5043475456    -0.0588335298
v     7.1919881469     2.4114616359    -0.0754897644
v     6.3511060381     1.4624689378    -0.1098363934
v     6.3020933747     1.2677880724    -0.1138088027
v     6.5250392284     1.3620196288    -0.1072730148
v     7.4388389853     2.8293650794    -0.0000000000
v     7.6653216819     2.7192986635    -0.0714732926
v     5.4241955784     0.8353334323    -0.1234632844
v     7.0131663348     2.2806421352    -0.0773095346
v     7.1564346980     2.2177181474    -0.0870717933
v     6.9891576601     2.1453239856    -0.0877990433
v     6.9998375001     2.0077743583    -0.0932377267
v     6.8626621859     2.0358643539    -0.0909570346
v     5.9299511708     1.3962345538    -0.0978571995
v     6.7676948358     0.8280977962    -0.0711832709
v     6.9190814296     1.9024401980    -0.0960040730
v     6.9003918065     1.2524060837    -0.0821380103
v     6.6745225832     1.2290146912    -0.0967147738
v     7.8695102671     2.8293650794    -0.0687231188
v     7.8213079460     2.7145824756    -0.0711136075
v     7.7443888813     2.8293650794    -0.0670005348
v     5.6338337738     0.8280449712    -0.1288366028
v     5.4687446798     1.0593533101    -0.1003165076
v     7.1521407786     2.0656443349    -0.0899769493
v     6.5655089128     0.8262668047    -0.0877069480
v     5.0668148423     0.9069044992    -0.0600106615
v     7.7046228903     2.2905552284    -0.0686778590
v     5.4221191348     1.1456491328    -0.0727146396
v     6.3613375915     0.8247277058    -0.1023330931
v     6.6527715758     1.5177216590    -0.1039283453
v     6.2346439194     0.9956161187    -0.1143098644
v     6.8305550445     2.1681076587    -0.0759366988
v     6.7476576021     2.0548994724    -0.0834770756
v     5.4927645858     1.3010958361    -0.0000000000
v     5.4149268897     1.2399692126    -0.0000000000
v     5.8041153704     1.5456023298    -0.0000000000
v     5.8819530665     1.6067289532    -0.0000000000
v     5.8811713268     1.5143519693    -0.0662925291
v     6.2711415472     1.9123620703    -0.0000000000
v     6.4268169395     2.0346153172    -0.0000000000
v     6.4100339760     1.9473525514    -0.0562468885
v     6.3489792433     1.9734886938    -0.0000000000
v     5.9597907626     1.6678555766    -0.0000000000
v     6.7217337109     2.1742370552    -0.0589203512
v     6.6475561210     2.0891076873    -0.0663150067
v     6.6603300279     2.2179951875    -0.0000000000
v     5.9805895413     1.5904277362    -0.0660675008
v     6.8938431163     2.4013750578    -0.0000000000
v     6.8479675389     2.2912718700    -0.0526298839
v     6.8160054201     2.3402484343    -0.0000000000
v     7.1119960391     2.3409657109    -0.0776061460
v     7.0018650768     2.3969882439    -0.0555277411
v     5.8089100677     1.4171482308    -0.0781357742
v     6.3665778736     1.8491117853    -0.0736132528
v     6.5046546356     2.0957419406    -0.0000000000
v     6.4838686577     2.0063935969    -0.0553031085
v     6.6776537317     1.9614760860    -0.0887419170
v     6.5824923317     2.1568685640    -0.0000000000
v     5.9173896539     1.5998018632    -0.0425411274
v     6.5596781288     2.0674341391    -0.0541943968
v     5.9838374050     1.4999198673    -0.0875679040
v     6.7381677240     2.2791218109    -0.0000000000
v     5.4128413859     1.2061440728    -0.0434654983
v     6.7647715394     1.3876290712    -0.0963316320
v     6.9925552848     1.4279414330    -0.0831273605
v     6.3078491158     1.1184489431    -0.1130203762
v     5.5706022820     1.3622224595    -0.0000000000
v     5.5550700670     1.2981915197    -0.0533782336
v     6.9172685660     2.2364228270    -0.0746932938
v     6.9363482184     2.3390762908    -0.0578230947
v     5.6264169360     1.3462189252    -0.0565252980
v     5.7968653100     1.4983820820    -0.0468744100
v     7.1212824801     1.2671111390    -0.0650533085
v     6.3397335434     1.9257019926    -0.0432867518
v     7.4283251218     2.7582332188    -0.0442415566
v     6.7790617021     2.2326602411    -0.0545882056
v     7.4699250238     1.2048567295     0.0278080918
v     7.3730271030     1.4011619284     0.0503038187
v     7.2176085764     1.2373973232     0.0547508638
v     7.3625080634     1.0222486662     0.0262487053
v     5.0173367815     0.8651853953     0.0616188898
v     7.1472667137     1.7345825881     0.0844804647
v     7.4207709216     1.9127387689     0.0731444877
v     7.1853734455     1.9711223792     0.0883027459
v     5.1138755522     0.8558310643     0.0889170671
v     5.9482324678     1.1434215711     0.1191320355
v     5.7988686418     1.0024285236     0.1234226095
v     5.9935304502     0.9954002584     0.1223306363
v     5.2162884319     0.8475679981     0.1058368014
v     5.3203045001     0.8407375314     0.1167013931
v     5.2917572877     0.9565635327     0.0957918558
v     7.8690622277     2.8293650794     0.0687253142
v     7.7440913917     2.8293650794     0.0669900363
v     7.8170388559     2.6519940768     0.0712396170
v     6.1337104650     0.9372023752     0.1177667450
v     6.1274703472     1.1004122283     0.1187221495
v     8.1443942156     2.2865526674     0.0324810132
v     8.1031147596     2.5289467713     0.0501633349
v     7.9765866159     2.6845024927     0.0648075349
v     7.9330693085     2.4751845558     0.0604690636
v     6.9054931511     1.5576758656     0.0932264943
v     6.6431864575     1.5221952349     0.1042668353
v     6.7562539236     1.3428449335     0.0954636133
v     5.4255311973     0.8352729293     0.1235291623
v     5.5304740488     0.8310853835     0.1273374362
v     5.4970282403     0.9727359323     0.1146447198
v     5.9220390075     0.9077702390     0.1244784833
v     6.0541829581     0.8235385314     0.1194627187
v     6.4056531497     1.0064300614     0.1057394413
v     6.5361756464     0.9486285394     0.0953223152
v     6.5102423742     1.1235719535     0.1031799025
v     6.3444488231     0.9079401655     0.1063064485
v     6.4668290747     0.8254910948     0.0950550659
v     7.6839999492     2.6945943191     0.0727668164
v     7.6229378707     2.8293650794     0.0591919997
v     7.5649428669     2.6669072767     0.0719522891
v     6.1234502160     1.2542509266     0.1160926212
v     6.8068706639     2.2581867352     0.0532293452
v     6.7426490453     2.1611820250     0.0658706605
v     6.8587338024     2.1872922756     0.0759713583
v     5.6314391692     1.0817061346     0.1120890184
v     5.4736987675     1.0968607741     0.0941919224
v     7.3031982173     2.6284607151     0.0537909139
v     7.2669588655     2.4835955216     0.0728590401
v     7.4076002879     2.6040657204     0.0694936745
v     8.1598045522     2.6858585141     0.0532337713
v     8.1143949428     2.8293650794     0.0611423754
v     8.3603042081     2.8293650794     0.0446551899
v     8.4883803990     2.6618493950     0.0231133415
v     8.4867954399     2.8293650794     0.0338577551
v     7.2685409871     0.8538493929     0.0242390556
v     6.6699722231     0.8271381433     0.0794035683
v     6.6739463030     0.9100504111     0.0832965790
v     6.5688389065     0.8262930142     0.0874503724
v     7.0870191331     0.9037370962     0.0462599342
v     6.9620436515     0.7821529437     0.0505848473
v     7.0436438848     0.7303612072     0.0390860125
v     7.8687677702     2.2595430241     0.0553997198
v     7.9838726641     2.0116585641     0.0303200078
v     8.6340044768     2.8293650794     0.0196672616
v     8.3170423855     2.4985285883     0.0293412237
v     7.6132976457     1.4443401782     0.0295434911
v     7.1516220478     0.7806783956     0.0314241754
v     7.2736949891     0.6768522767     0.0105997662
v     6.2520898404     1.0053617321     0.1136899867
v     6.2613851216     0.8241290851     0.1086181414
v     7.2043600528     0.6733811445     0.0180617025
v     7.7108920110     2.4902924814     0.0736126859
v     7.7358716340     1.7339487861     0.0366171234
v     7.1591827462     1.4870586731     0.0733891674
v     6.9821122528     1.3207076805     0.0791207800
v     7.4128828676     1.6369923777     0.0604182408
v     7.0457179083     1.1085849781     0.0626992846
v     6.8630164787     1.1415119520     0.0797631572
v     6.5228986484     1.3271751532     0.1069626014
v     6.6765171523     1.1631285224     0.0942319687
v     7.6939336002     2.0261644573     0.0576501170
v     7.5307353303     2.3894269373     0.0793492298
v     7.4918632651     2.1739228699     0.0776595727
v     7.6662287272     2.2824124480     0.0708105398
v     5.7857831727     1.1776328182     0.1119746351
v     7.2920233501     2.1486924616     0.0860224357
v     7.1219818814     2.1677191385     0.0886456776
v     5.7258328611     1.2817105660     0.0935435822
v     6.3285696903     1.1798043495     0.1128727032
v     6.6305126920     1.8360393028     0.0966808519
v     6.7115501001     1.6849805993     0.1020858862
v     6.8712120895     1.7987051269     0.0978692825
v     6.5052036834     1.6790236037     0.1025699414
v     6.3001415814     1.6158793587     0.0998623088
v     6.3470372102     1.7502636726     0.0882063871
v     6.2074931788     1.7060621742     0.0791460887
v     6.5879719349     1.9916605086     0.0769429844
v     6.4712532132     1.9264997715     0.0734360209
v     5.2039692384     0.9862439024     0.0704671758
v     6.8693331258     0.8190440768     0.0615921063
v     6.7934903818     0.9846153924     0.0774470354
v     6.7704555288     0.8281330976     0.0709453335
v     5.6128522003     1.3062070758     0.0676626481
v     5.6695817850     1.3658852300     0.0619033169
v     6.3046164296     1.3526951334     0.1127648411
v     6.1091279579     1.4077869851     0.1080650684
v     6.2656545519     1.8224291364     0.0611386646
v     5.4464199762     1.2017294133     0.0590437647
v     7.0029522106     2.4115207566     0.0517283259
v     6.8625688377     2.0273009025     0.0914742572
v     7.0140768641     1.9092746696     0.0939033873
v     7.0230755088     2.0550399126     0.0919994177
v     6.6224807843     2.1134282670     0.0547635714
v     6.7075571658     2.0575196949     0.0796832830
v     7.4530627326     2.7318818664     0.0552281889
v     7.5203567885     2.8293650794     0.0437821168
v     6.9188146471     2.3107469302     0.0614795672
v     6.9706126881     2.1814156826     0.0845293184
v     7.1639397694     2.5405976334     0.0495291239
v     5.3623548001     1.1258681962     0.0636298935
v     7.3974470990     2.4661748096     0.0792802086
v     7.1185182630     2.4385096470     0.0650056560
v     6.9468030353     0.9567145545     0.0627153245
v     6.6379530544     1.0196045313     0.0910901715
v     5.6344483214     0.9394160418     0.1236839263
v     5.1313664076     0.9326867473     0.0697644377
v     5.7405486003     0.8258606254     0.1285157954
v     5.6355374087     0.8280030414     0.1288453757
v     8.2372448175     2.8293650794     0.0537505055
v     8.3123611268     2.6876777066     0.0411570110
v     6.0394701567     1.6456073026     0.0627703575
v     6.7317006318     1.9418851291     0.0929422197
v     7.5213896791     2.5373213353     0.0775307557
v     7.1915451087     2.3259510883     0.0824071299
v     7.3550985174     2.3274623716     0.0835473804
v     7.9917053615     2.8293650794     0.0663703486
v     6.1579904688     0.8236922971     0.1144273313
v     7.1936969071     1.0274021584     0.0438394299
v     7.0473106560     2.3081780367     0.0766904628
v     6.3643549121     0.8247468830     0.1021337576
v     5.9499738134     0.8237648475     0.1236006041
v     5.8454043557     0.8244927869     0.1266849072
v     7.1193700683     0.6689605026     0.0269373063
v     5.3818802203     0.9294944278     0.1107350855
v     5.3813749540     1.0318706516     0.0937654849
v     6.2549183486     1.4937781704     0.1071270383
v     6.1076694959     1.5602305026     0.0918881367
v     6.1045893019     1.6996597917     0.0612920205
v     5.2792548744     1.0585774100     0.0650092990
v     5.9547687531     1.4741920773     0.0884446225
v     5.7404635348     1.4166514571     0.0631540686
v     6.3606190269     1.8823382849     0.0645527083
v     5.5384589532     1.2676997071     0.0610044940
v     5.5464316743     1.1761114086     0.0888637428
v     5.8492712553     1.4029167412     0.0876061147
v     5.9400132793     1.3046838610     0.1087366145
v     6.4681457506     1.8137776563     0.0903719375
v     6.4391443704     1.5038488566     0.1084769649
v     5.8624340077     1.5142746562     0.0615724467
v     5.7973002833     1.4786583083     0.0561272008
v     5.9693474166     1.5889074310     0.0638723165
v     6.1882189891     1.7995677149     0.0475767627
v     6.4912345139     2.0170048168     0.0536070371
v     7.3654439968     2.6970776017     0.0481975440
v     7.2365556474     2.5847319990     0.0523643054
v     7.8425603933     2.9293650794    -0.0415245652
v     7.7452764292     2.9293650794    -0.0403798250
v     8.0281283353     2.9293650794    -0.0340126134
v     8.2129058131     2.9293650794    -0.0194598103
v     7.9355835463     2.9293650794    -0.0389468869
v     7.6514034921     2.9293650794    -0.0327818011
v     7.5025082114     2.8793650794    -0.0000000000
v     7.5661774375     2.9293650794    -0.0000000000
v     8.3995107708     2.9293650794    -0.0000000000
v     8.5043726131     2.9040561966    -0.0000000000
v     8.6453959662     2.8700195686    -0.0000000000
v     8.3051405691     2.9293650794    -0.0104126740
v     8.1205682198     2.9293650794    -0.0273877308
v     7.6514060468     2.9293650794     0.0327821508
v     7.7452862170     2.9293650794     0.0403802096
v     7.8425268644     2.9293650794     0.0415249452
v     7.9355529346     2.9293650794     0.0389481748
v     8.0281047366     2.9293650794     0.0340141092
v     8.1205516187     2.9293650794     0.0273890461
v     8.2128961936     2.9293650794     0.0194606964
v     8.3051379160     2.9293650794     0.0104129499
v     7.9300648944     2.9660557986    -0.0000000000
v     8.0232469327     2.9544719208    -0.0000000000
v     8.1167524411     2.9460103405    -0.0000000000
v     7.6542956075     2.9652819050    -0.0000000000
v     7.8376033283     2.9823801127    -0.0000000000
v     7.7447446823     2.9901243769    -0.0000000000
v     8.2104121458     2.9394061390    -0.0000000000
v     8.3041452072     2.9340141698    -0.0000000000
v     2.5000000000    -0.4000000000    -5.6000000000
v     2.5756654461    -0.3371899053    -5.6000000000
v     2.5756654461    -0.4000000000    -5.6628100947
v     2.6667243348    -0.2991140927    -5.6000000000
v     3.6509025004    -0.4000000000    -5.7666029669
v     3.5519556611    -0.4000000000    -5.7663428701
v     3.6173129399    -0.2810316574    -5.7164991090
v     2.6667243348    -0.4000000000    -5.7008859073
v     3.4744372140    -0.2723622297    -5.7059674412
v     3.5519556611    -0.2336571299    -5.6000000000
v     3.6509025004    -0.2333970331    -5.6000000000
v     3.7500000000    -0.2561260418    -5.6841336289
v     3.7500000000    -0.3158663711    -5.7438739582
v     3.7500000000    -0.4000000000    -5.7666666667
v     3.7500000000    -0.2333333333    -5.6000000000
v     3.3541735611    -0.2353192215    -5.6000000000
v     3.3300662062    -0.2830435077    -5.7153740742
v     3.2553859807    -0.2371201949    -5.6000000000
v     3.2553859807    -0.4000000000    -5.7628798051
v     3.3541735611    -0.4000000000    -5.7646807785
v     3.1563715986    -0.4000000000    -5.7600254166
v     3.2238197124    -0.2852403448    -5.7144429315
v     3.1563715986    -0.2399745834    -5.6000000000
v     3.0577067167    -0.4000000000    -5.7556720154
v     3.0994697899    -0.2882520561    -5.7112809853
v     3.0577067167    -0.2443279846    -5.6000000000
v     2.9589427163    -0.4000000000    -5.7491055067
v     3.0216294384    -0.2912088228    -5.7083562760
v     2.9589427163    -0.2508944933    -5.6000000000
v     3.4530454633    -0.2342412973    -5.6000000000
v     2.9066889274    -0.2974336451    -5.7015767174
v     2.8606026648    -0.2607404023    -5.6000000000
v     2.8606026648    -0.4000000000    -5.7392595977
v     3.1582265511    -0.2866939446    -5.7130524054
v     2.9604639039    -0.2942410996    -5.7052397257
v     2.8066286401    -0.3060735434    -5.6924389120
v     2.7627316199    -0.2757314520    -5.6000000000
v     2.7627316199    -0.4000000000    -5.7242685480
v     3.4530454633    -0.4000000000    -5.7657587027
v     3.5253227749    -0.3292610039    -5.7504411107
v     2.8559541791    -0.3015963003    -5.6976865375
v     2.7079850266    -0.3222956463    -5.6811260500
v     2.7564087544    -0.3132719954    -5.6872554813
v     3.4025473186    -0.3312432748    -5.7503250616
v     3.4043724957    -0.2462218350    -5.6607151938
v     2.5756654461    -0.4628100947    -5.6000000000
v     2.6667243348    -0.5008859073    -5.6000000000
v     3.6173129399    -0.5164991090    -5.7189683426
v     3.4744372140    -0.5059674412    -5.7276377703
v     3.6509025004    -0.5666029669    -5.6000000000
v     3.5519556611    -0.5663428701    -5.6000000000
v     3.7500000000    -0.4841336289    -5.7438739582
v     3.7500000000    -0.5438739582    -5.6841336289
v     3.7500000000    -0.5666666667    -5.6000000000
v     3.3300662062    -0.5153740742    -5.7169564923
v     3.2553859807    -0.5628798051    -5.6000000000
v     3.3541735611    -0.5646807785    -5.6000000000
v     3.1563715986    -0.5600254166    -5.6000000000
v     3.2238197124    -0.5144429315    -5.7147596552
v     3.0577067167    -0.5556720154    -5.6000000000
v     3.0994697899    -0.5112809853    -5.7117479439
v     2.9589427163    -0.5491055067    -5.6000000000
v     3.0216294387    -0.5083562760    -5.7087911772
v     2.9066889532    -0.5015767130    -5.7025663629
v     2.8606026648    -0.5392595977    -5.6000000000
v     3.1582265511    -0.5130524054    -5.7133060554
v     2.9604639073    -0.5052397255    -5.7057589009
v     2.8066296210    -0.4924277451    -5.6939376601
v     2.7627316199    -0.5242685480    -5.6000000000
v     3.4530454633    -0.5657587027    -5.6000000000
v     3.5253227749    -0.5504411107    -5.6707389961
v     2.8559544078    -0.4976854029    -5.6984048663
v     2.7079841404    -0.4776975529    -5.6811322604
v     2.7564096920    -0.4862840924    -5.6876947710
v     3.4025473186    -0.5503250616    -5.6687567252
v     3.4043724957    -0.4607151938    -5.7537781650
v     2.5635297375    -0.4000000000    -5.5443931537
v     2.7286261842    -0.4254875330    -5.4855527161
v     2.8198975335    -0.4333441015    -5.4703860107
v     3.0048371369    -0.4382572417    -5.4523571994
v     3.6544348305    -0.4170626896    -5.4342567742
v     3.5616429893    -0.4220630273    -5.4350724622
v     3.6318188896    -0.5245509076    -5.4894422479
v     3.7500000000    -0.5454254144    -5.5185695124
v     3.7500000000    -0.4912456828    -5.4605404033
v     3.5226348709    -0.5361148870    -5.5046398435
v     3.3760123922    -0.4305498616    -5.4378563170
v     3.4079194985    -0.5270962817    -5.4942885758
v     3.4688377054    -0.4265891954    -5.4362435259
v     3.2833269495    -0.4338460663    -5.4400351754
v     3.3411044905    -0.5162733637    -5.4836950756
v     3.2868515887    -0.5377781257    -5.5118903020
v     3.4632332087    -0.5278647970    -5.4944347067
v     3.1904617413    -0.4363616829    -5.4429744095
v     3.2241375719    -0.5273425471    -5.4997191861
v     3.0976173062    -0.4379151217    -5.4469447106
v     3.1220831419    -0.5248907137    -5.5020979183
v     3.1727872667    -0.5256993362    -5.5000962471
v     3.0655379944    -0.5095163766    -5.4888255510
v     3.5466622111    -0.4838521177    -5.4563615907
v     2.7205548617    -0.3565842568    -5.4930738549
v     2.8123736417    -0.3426967187    -5.4803056510
v     2.9042521090    -0.3341036019    -5.4717991368
v     3.6842886230    -0.2568450029    -5.5147022302
v     3.7500000000    -0.2583476882    -5.5121875575
v     3.6100970247    -0.2571873190    -5.5143548645
v     3.5602279244    -0.3221951518    -5.4529273697
v     3.6540448859    -0.3237932380    -5.4518290347
v     3.5081925237    -0.2571007281    -5.5152647451
v     3.4664043223    -0.3211222137    -5.4540848054
v     3.3725885400    -0.3206755649    -5.4553925877
v     3.4110665913    -0.2574509695    -5.5161652154
v     3.3150725918    -0.2583992941    -5.5171233167
v     3.2789058016    -0.3209752075    -5.4569852764
v     3.2185258129    -0.2601907929    -5.5182372310
v     3.1850799809    -0.3221876089    -5.4590624118
v     3.0912995830    -0.3245283028    -5.4619113824
v     3.1219095746    -0.2631662306    -5.5195996927
v     3.5573212606    -0.2573921419    -5.5143287631
v     3.4597184728    -0.2574949344    -5.5152318349
v     3.0252929725    -0.2677301389    -5.5215120273
v     3.8474032188    -0.2369536690    -5.6000000000
v     3.8679702045    -0.2852787708    -5.7139372745
v     3.9441651121    -0.2441469711    -5.6000000000
v     3.8474032188    -0.4000000000    -5.7630463310
v     3.9441651121    -0.4000000000    -5.7558530289
v     4.3302915623    -0.4000000000    -5.7139668114
v     4.3302915623    -0.2860331886    -5.6000000000
v     4.4265582453    -0.2985419635    -5.6000000000
v     4.5227685639    -0.3117789233    -5.6000000000
v     4.5227685639    -0.4000000000    -5.6882210767
v     4.6187847019    -0.4000000000    -5.6742098921
v     4.6187847019    -0.3257901079    -5.6000000000
v     4.7147532680    -0.3407531008    -5.6000000000
v     4.8104901614    -0.3569784255    -5.6000000000
v     4.8104901614    -0.4000000000    -5.6430215745
v     4.9058977681    -0.3753141192    -5.6000000000
v     4.9058977681    -0.4000000000    -5.6246858808
v     4.4265582453    -0.4000000000    -5.7014580365
v     4.7147532680    -0.4000000000    -5.6592468992
v     5.0000000000    -0.4000000000    -5.6000000000
v     4.1374613150    -0.2632226637    -5.6000000000
v     4.0914129347    -0.3002013395    -5.7005943931
v     4.0408963008    -0.2531041749    -5.6000000000
v     4.0408963008    -0.4000000000    -5.7468958251
v     4.1374613150    -0.4000000000    -5.7367773363
v     4.2339151936    -0.2742409848    -5.6000000000
v     4.1904523313    -0.3080676680    -5.6930445812
v     4.2339151936    -0.4000000000    -5.7257590152
v     3.9744996265    -0.2751859149    -5.6888027238
v     3.9576156236    -0.3313222514    -5.7386290495
v     4.0372787433    -0.2917246151    -5.6997599538
v     4.2852891146    -0.3160781208    -5.6851322492
v     4.1414612436    -0.3039837566    -5.6967546113
v     3.8679702045    -0.5139372745    -5.7147212292
v     3.8474032188    -0.5630463310    -5.6000000000
v     3.9441651121    -0.5558530289    -5.6000000000
v     4.3302915623    -0.5139668114    -5.6000000000
v     4.4265582453    -0.5014580365    -5.6000000000
v     4.7147532680    -0.4592468992    -5.6000000000
v     4.5227685639    -0.4882210767    -5.6000000000
v     4.8104901614    -0.4430215745    -5.6000000000
v     4.6187847019    -0.4742098921    -5.6000000000
v     4.9058977681    -0.4246858808    -5.6000000000
v     4.0914129347    -0.5005943931    -5.6997986605
v     4.0408963008    -0.5468958251    -5.6000000000
v     4.1374613150    -0.5367773363    -5.6000000000
v     4.1904523313    -0.4930445812    -5.6919323320
v     4.2339151936    -0.5257590152    -5.6000000000
v     3.9744996265    -0.4888027238    -5.7248140851
v     3.9576156236    -0.5386290495    -5.6686777486
v     4.0372787433    -0.4997599538    -5.7082753849
v     4.2852891146    -0.4851322492    -5.6839218792
v     4.1414612436    -0.4967546113    -5.6960162434
v     3.8673530042    -0.5159518741    -5.4872553712
v     3.8468786736    -0.4057397725    -5.4370209142
v     4.4264447821    -0.4000000000    -5.4985267937
v     4.5226900021    -0.4000000000    -5.5117678010
v     4.6187334419    -0.4000000000    -5.5257823916
v     4.7147388690    -0.4000000000    -5.5407507703
v     4.8105113823    -0.4000000000    -5.5569822119
v     4.9059557503    -0.4000000000    -5.5753263289
v     4.3301250011    -0.4000000000    -5.4860121720
v     4.0911877733    -0.5006020057    -5.5001754146
v     4.1372219339    -0.4000000000    -5.4631963784
v     4.0406233293    -0.4000000000    -5.4530770670
v     3.9733156887    -0.4898335767    -5.4757958412
v     3.9565293669    -0.5392792358    -5.5324299720
v     4.2337147807    -0.4000000000    -5.4742172496
v     4.1903412974    -0.4930430390    -5.5080479921
v     4.0366940010    -0.4999758590    -5.4918453359
v     4.2851985765    -0.4851310161    -5.5160610600
v     4.1413223160    -0.4967564785    -5.5039639098
v     4.0402383666    -0.3941167878    -5.4531547035
v     4.1374079777    -0.3880391913    -5.4637335699
v     4.2344185670    -0.3818026580    -5.4756106799
v     4.2313168707    -0.3447248864    -5.4866840040
v     4.3271551032    -0.3495996219    -5.4973306705
v     4.1350473616    -0.3401576605    -5.4766988030
v     3.8468853404    -0.3287083400    -5.4533125713
v     4.4864397280    -0.3230099665    -5.5472966385
v     4.5656407978    -0.3327946409    -5.5529065083
v     4.5315561448    -0.3452562276    -5.5324339586
v     3.9431253538    -0.3321134312    -5.4595933952
v     4.5599154387    -0.3701904324    -5.5226280317
v     4.4229103448    -0.3548037521    -5.5086105494
v     4.3312357623    -0.3754075004    -5.4888201984
v     4.4278407264    -0.3689039806    -5.5035843068
v     4.5190277018    -0.3603713873    -5.5205800407
v     3.8968169838    -0.2645409849    -5.5155075498
v     2.5000000000    -0.4000000000     5.6000000000
v     2.5756654461    -0.4000000000     5.6628100947
v     2.5756654461    -0.3371899053     5.6000000000
v     2.6667243348    -0.2991140927     5.6000000000
v     3.6509025004    -0.4000000000     5.7666029669
v     3.6173129399    -0.2810316574     5.7164991090
v     3.5519556611    -0.4000000000     5.7663428701
v     2.6667243348    -0.4000000000     5.7008859073
v     3.4530454633    -0.2342412973     5.6000000000
v     3.4744372140    -0.2723622297     5.7059674412
v     3.5519556611    -0.2336571299     5.6000000000
v     3.6509025004    -0.2333970331     5.6000000000
v     3.7500000000    -0.2561260418     5.6841336289
v     3.7500000000    -0.3158663711     5.7438739582
v     3.7500000000    -0.4000000000     5.7666666667
v     3.7500000000    -0.2333333333     5.6000000000
v     3.3541735611    -0.2353192215     5.6000000000
v     3.2553859807    -0.2371201949     5.6000000000
v     3.3300662062    -0.2830435077     5.7153740742
v     3.2553859807    -0.4000000000     5.7628798051
v     3.3541735611    -0.4000000000     5.7646807785
v     3.1563715986    -0.4000000000     5.7600254166
v     3.2238197124    -0.2852403448     5.7144429315
v     3.1563715986    -0.2399745834     5.6000000000
v     3.0577067167    -0.4000000000     5.7556720154
v     3.0994697899    -0.2882520561     5.7112809853
v     3.0577067167    -0.2443279846     5.6000000000
v     2.9589427163    -0.4000000000     5.7491055067
v     3.0216294384    -0.2912088228     5.7083562760
v     2.9589427163    -0.2508944933     5.6000000000
v     2.8606026648    -0.2607404023     5.6000000000
v     2.9066889274    -0.2974336451     5.7015767174
v     2.8606026648    -0.4000000000     5.7392595977
v     3.1582265511    -0.2866939446     5.7130524054
v     2.9604639039    -0.2942410996     5.7052397257
v     2.7627316199    -0.2757314520     5.6000000000
v     2.8066286401    -0.3060735434     5.6924389120
v     2.7627316199    -0.4000000000     5.7242685480
v     3.5253227749    -0.3292610039     5.7504411107
v     3.4530454633    -0.4000000000     5.7657587027
v     2.8559541791    -0.3015963003     5.6976865375
v     2.7079850266    -0.3222956463     5.6811260500
v     2.7564087544    -0.3132719954     5.6872554813
v     3.4025473186    -0.3312432748     5.7503250616
v     3.4043724957    -0.2462218350     5.6607151938
v     2.5756654461    -0.4628100947     5.6000000000
v     2.6667243348    -0.5008859073     5.6000000000
v     3.4744372140    -0.5059674412     5.7276377703
v     3.6173129399    -0.5164991090     5.7189683426
v     3.6509025004    -0.5666029669     5.6000000000
v     3.5519556611    -0.5663428701     5.6000000000
v     3.7500000000    -0.4841336289     5.7438739582
v     3.7500000000    -0.5438739582     5.6841336289
v     3.7500000000    -0.5666666667     5.6000000000
v     3.3300662062    -0.5153740742     5.7169564923
v     3.2553859807    -0.5628798051     5.6000000000
v     3.3541735611    -0.5646807785     5.6000000000
v     3.1563715986    -0.5600254166     5.6000000000
v     3.2238197124    -0.5144429315     5.7147596552
v     3.0577067167    -0.5556720154     5.6000000000
v     3.0994697899    -0.5112809853     5.7117479439
v     2.9589427163    -0.5491055067     5.6000000000
v     3.0216294387    -0.5083562760     5.7087911772
v     2.9066889532    -0.5015767130     5.7025663629
v     2.8606026648    -0.5392595977     5.6000000000
v     3.1582265511    -0.5130524054     5.7133060554
v     2.9604639073    -0.5052397255     5.7057589009
v     2.8066296210    -0.4924277451     5.6939376601
v     2.7627316199    -0.5242685480     5.6000000000
v     3.5253227749    -0.5504411107     5.6707389961
v     3.4530454633    -0.5657587027     5.6000000000
v     2.8559544078    -0.4976854029     5.6984048663
v     2.7079841404    -0.4776975529     5.6811322604
v     2.7564096920    -0.4862840924     5.6876947710
v     3.4025473186    -0.5503250616     5.6687567252
v     3.4043724957    -0.4607151938     5.7537781650
v     2.5635297375    -0.4000000000     5.5443931537
v     2.7286261761    -0.4254875326     5.4855527179
v     2.8198975229    -0.4333441011     5.4703860122
v     3.0048371181    -0.4382572416     5.4523572007
v     3.6544348237    -0.4170626900     5.4342567743
v     3.6318188774    -0.5245509057     5.4894422458
v     3.5616429638    -0.4220630287     5.4350724625
v     3.7500000000    -0.5454254144     5.5185695124
v     3.7500000000    -0.4912456828     5.4605404033
v     3.5226348429    -0.5361148851     5.5046398409
v     3.3760123381    -0.4305498635     5.4378563180
v     3.4688376137    -0.4265891995     5.4362435273
v     3.4079194617    -0.5270962862     5.4942885818
v     3.2833268653    -0.4338460690     5.4400351777
v     3.3411044500    -0.5162733618     5.4836950746
v     3.2868515599    -0.5377781268     5.5118903047
v     3.4632331695    -0.5278647984     5.4944347088
v     3.1904617127    -0.4363616835     5.4429744105
v     3.2241375454    -0.5273425532     5.4997191950
v     3.0976172799    -0.4379151214     5.4469447118
v     3.1220831282    -0.5248907138     5.5020979193
v     3.1727872497    -0.5256993371     5.5000962492
v     3.0655379805    -0.5095163769     5.4888255523
v     3.5466621688    -0.4838521141     5.4563615888
v     2.7205617657    -0.3565828679     5.4930726812
v     2.8123764025    -0.3426963975     5.4803053421
v     2.9042527566    -0.3341035527     5.4717990881
v     3.7500000000    -0.2583476882     5.5121875575
v     3.6842886292    -0.2568450023     5.5147022313
v     3.6540448940    -0.3237932382     5.4518290346
v     3.6100970429    -0.2571873158     5.5143548697
v     3.5602279805    -0.3221951526     5.4529273690
v     3.5081925639    -0.2571007251     5.5152647498
v     3.4664044207    -0.3211222146     5.4540848041
v     3.3725886828    -0.3206755651     5.4553925855
v     3.4110666523    -0.2574509661     5.5161652199
v     3.2789113372    -0.3209751617     5.4569851721
v     3.3150740889    -0.2583988920     5.5171239509
v     3.1850891074    -0.3221874375     5.4590621792
v     3.2185294956    -0.2601904708     5.5182375831
v     3.1219128588    -0.2631664713     5.5195990178
v     3.0913038173    -0.3245281696     5.4619112293
v     3.5573212904    -0.2573921412     5.5143287639
v     3.4597185240    -0.2574949337     5.5152318354
v     3.0252949929    -0.2677300658     5.5215119068
v     3.8474032188    -0.2369536690     5.6000000000
v     3.8679702045    -0.2852787708     5.7139372745
v     3.9441651121    -0.2441469711     5.6000000000
v     3.8474032188    -0.4000000000     5.7630463310
v     3.9441651121    -0.4000000000     5.7558530289
v     4.3302915623    -0.4000000000     5.7139668114
v     4.4265582453    -0.2985419635     5.6000000000
v     4.3302915623    -0.2860331886     5.6000000000
v     4.4265582453    -0.4000000000     5.7014580365
v     4.5227685639    -0.4000000000     5.6882210767
v     4.6187847019    -0.4000000000     5.6742098921
v     4.7147532680    -0.3407531008     5.6000000000
v     4.6187847019    -0.3257901079     5.6000000000
v     4.7147532680    -0.4000000000     5.6592468992
v     4.8104901614    -0.4000000000     5.6430215745
v     4.5227685639    -0.3117789233     5.6000000000
v     4.9058977681    -0.4000000000     5.6246858808
v     4.8104901614    -0.3569784255     5.6000000000
v     4.9058977681    -0.3753141192     5.6000000000
v     5.0000000000    -0.4000000000     5.6000000000
v     4.1374613150    -0.2632226637     5.6000000000
v     4.0408963008    -0.2531041749     5.6000000000
v     4.0914129347    -0.3002013395     5.7005943931
v     4.0408963008    -0.4000000000     5.7468958251
v     4.1374613150    -0.4000000000     5.7367773363
v     4.2339151936    -0.2742409848     5.6000000000
v     4.1904523313    -0.3080676680     5.6930445812
v     4.2339151936    -0.4000000000     5.7257590152
v     3.9744996265    -0.2751859149     5.6888027238
v     3.9576156236    -0.3313222514     5.7386290495
v     4.0372787433    -0.2917246151     5.6997599538
v     4.2852891146    -0.3160781208     5.6851322492
v     4.1414612436    -0.3039837566     5.6967546113
v     3.8679702045    -0.5139372745     5.7147212292
v     3.8474032188    -0.5630463310     5.6000000000
v     3.9441651121    -0.5558530289     5.6000000000
v     4.3302915623    -0.5139668114     5.6000000000
v     4.4265582453    -0.5014580365     5.6000000000
v     4.6187847019    -0.4742098921     5.6000000000
v     4.7147532680    -0.4592468992     5.6000000000
v     4.5227685639    -0.4882210767     5.6000000000
v     4.8104901614    -0.4430215745     5.6000000000
v     4.9058977681    -0.4246858808     5.6000000000
v     4.0914129347    -0.5005943931     5.6997986605
v     4.0408963008    -0.5468958251     5.6000000000
v     4.1374613150    -0.5367773363     5.6000000000
v     4.1904523313    -0.4930445812     5.6919323320
v     4.2339151936    -0.5257590152     5.6000000000
v     3.9744996265    -0.4888027238     5.7248140851
v     3.9576156236    -0.5386290495     5.6686777486
v     4.0372787433    -0.4997599538     5.7082753849
v     4.2852891146    -0.4851322492     5.6839218792
v     4.1414612436    -0.4967546113     5.6960162434
v     3.8673530042    -0.5159518741     5.4872553712
v     3.8468786736    -0.4057397725     5.4370209142
v     4.4264447821    -0.4000000000     5.4985267937
v     4.5226900021    -0.4000000000     5.5117678010
v     4.6187334419    -0.4000000000     5.5257823916
v     4.7147388690    -0.4000000000     5.5407507703
v     4.8105113823    -0.4000000000     5.5569822119
v     4.9059557503    -0.4000000000     5.5753263289
v     4.3301250011    -0.4000000000     5.4860121720
v     4.0911877733    -0.5006020057     5.5001754146
v     4.1372219339    -0.4000000000     5.4631963784
v     4.0406233293    -0.4000000000     5.4530770670
v     3.9733156887    -0.4898335767     5.4757958412
v     3.9565293669    -0.5392792358     5.5324299720
v     4.2337147807    -0.4000000000     5.4742172496
v     4.1903412974    -0.4930430390     5.5080479921
v     4.0366940010    -0.4999758590     5.4918453359
v     4.2851985765    -0.4851310161     5.5160610600
v     4.1413223160    -0.4967564785     5.5039639098
v     4.0402362272    -0.3941169206     5.4531544857
v     4.1374054766    -0.3880393452     5.4637332809
v     4.2344166060    -0.3818027627     5.4756104299
v     4.3271554810    -0.3495996428     5.4973307132
v     4.2313172462    -0.3447249053     5.4866840441
v     4.1350474261    -0.3401576635     5.4766988094
v     3.8468853573    -0.3287083405     5.4533125722
v     4.4864399472    -0.3230099500     5.5472967162
v     4.5656408396    -0.3327946457     5.5529065120
v     4.5315561903    -0.3452562281     5.5324339665
v     3.9431253860    -0.3321134324     5.4595933976
v     4.5599154453    -0.3701904340     5.5226280321
v     4.4229112559    -0.3548038059     5.5086106584
v     4.3312305315    -0.3754078048     5.4888194548
v     4.4278370088    -0.3689042010     5.5035837129
v     4.5190277018    -0.3603713873     5.5205800407
v     3.8968169965    -0.2645409867     5.5155075488
v    -7.9669427735    -0.6069365991     0.0000000000
v    -8.0434782609    -0.5434782609    -0.0000000000
v    -7.9685693072    -0.5411320960    -0.0649630042
v    -5.1220442684    -0.7516101696    -0.1610358836
v    -5.0508109884    -0.7834413700    -0.0792131198
v    -5.1892515894    -0.7934782609     0.0000000000
v    -3.5973634459    -0.1165586275    -0.4427706783
v    -3.5590127031    -0.2572834328    -0.4305410055
v    -3.7817025080    -0.2387444267    -0.4342553679
v    -2.3869981276    -0.3377976986    -0.4085599995
v    -2.5825443396    -0.3776240891    -0.3985974559
v    -2.4841947389    -0.1742410164    -0.4370214364
v    -4.2216837659    -0.7820215375    -0.0816076054
v    -4.1171908164    -0.7806645498    -0.0859372678
v    -4.2059212295    -0.7934782609     0.0000000000
v    -2.8600190865    -0.1614010323    -0.4389618096
v    -2.8178338146    -0.3101282523    -0.4168583053
v    -3.0702238232    -0.2821098756    -0.4237669767
v    -6.8006370586    -0.3715619407    -0.4172776379
v    -6.7758748911    -0.4625911469    -0.4098413218
v    -6.9160967953    -0.3906181223    -0.4041434777
v    -1.9164290805    -0.1868101684    -0.4350828975
v    -1.9164290805    -0.3682129444    -0.3995368875
v    -2.1087862806    -0.1833069899    -0.4355578719
v    -1.9164290805    -0.7934782609    -0.0000000000
v    -2.0187687932    -0.7934782609     0.0000000000
v    -1.9164290805    -0.7759774608    -0.0955337279
v    -1.9164290805    -0.7253632373    -0.1846728913
v    -2.0534591724    -0.7493775385    -0.1500215150
v    -3.2992747230    -0.6566024149    -0.2616155159
v    -3.1269150823    -0.6713804997    -0.2472051323
v    -3.2031731886    -0.7346703169    -0.1759224424
v    -4.2823158013    -0.4124217460    -0.4022954012
v    -4.3952162573    -0.5330459515    -0.3556750696
v    -4.4698425217    -0.4161085290    -0.4032760449
v    -6.4464340901    -0.6443732930    -0.3203470301
v    -6.3632894494    -0.6949114148    -0.2667146548
v    -6.4702047299    -0.7427287115    -0.2020703156
v    -7.4296557612    -0.6868326507    -0.2126247778
v    -7.4558354881    -0.7494536354    -0.1141552589
v    -7.5401103662    -0.6868017002    -0.1824435957
v    -7.5978239918    -0.7493929708     0.0000000000
v    -7.5716635217    -0.7355237297    -0.0955885021
v    -7.4955463185    -0.7672607349     0.0000000000
v    -3.1305863971    -0.5558309088    -0.3296228662
v    -6.9093175085    -0.6722522924    -0.2928466370
v    -6.9382030609    -0.7568191257    -0.1834015017
v    -7.0254961419    -0.7118141130    -0.2450960671
v    -7.0362804040    -0.6205063127    -0.3242344092
v    -5.2090845873    -0.7007862930    -0.2366973035
v    -5.1225888520    -0.6535033511    -0.2842981993
v    -4.0666546266    -0.6677033667    -0.2586509436
v    -3.9516373224    -0.6637132849    -0.2611739877
v    -4.0372676252    -0.7419295924    -0.1697717912
v    -4.2622697618    -0.6819688607    -0.2467554619
v    -4.1682939093    -0.6521077306    -0.2736810061
v    -4.1636886096    -0.7379452273    -0.1768431528
v    -2.4939063772    -0.6550867694    -0.2578155343
v    -2.5736222691    -0.7499997401    -0.1499027814
v    -2.6398646440    -0.6787298524    -0.2374746645
v    -2.9991743353    -0.7213196277    -0.1928679886
v    -3.0967783554    -0.7440791484    -0.1613088446
v    -3.7048181352    -0.3735337503    -0.4076744472
v    -3.7724818225    -0.4970377784    -0.3652449905
v    -3.9046139557    -0.4045147355    -0.4007422557
v    -3.5231768116    -0.4085148297    -0.3958989408
v    -3.6307957514    -0.5240108954    -0.3511243571
v    -5.4918405984    -0.6707227791    -0.2734702361
v    -5.5782926658    -0.7409659833    -0.1845931626
v    -5.6265441149    -0.6844792709    -0.2612422679
v    -5.4620075903    -0.5691654031    -0.3517040416
v    -5.6282775789    -0.5863799143    -0.3439398699
v    -6.5550238574    -0.6062903045    -0.3514136113
v    -6.4341477451    -0.5013763709    -0.4060523828
v    -2.2267418860    -0.3802717022    -0.3964619827
v    -2.2961723283    -0.1791814676    -0.4362118288
v    -4.5796644853    -0.6722036842    -0.2598821593
v    -4.4871716137    -0.7383937629    -0.1785166352
v    -4.6124027221    -0.7552781288    -0.1502565408
v    -3.8325691134    -0.6793801773    -0.2452463265
v    -3.7938161020    -0.7585404545    -0.1392968810
v    -3.9185921776    -0.7429339283    -0.1674238216
v    -3.4068548903    -0.7358240415    -0.1753164161
v    -3.4662989619    -0.6827524172    -0.2388498223
v    -3.4584642981    -0.5618101053    -0.3293031532
v    -7.0779427637    -0.7729357327    -0.1400713912
v    -7.1339568055    -0.6886200839    -0.2602756974
v    -4.2831648697    -0.7584624173    -0.1420147540
v    -2.0656830494    -0.4289220283    -0.3802904345
v    -2.3457617897    -0.7390309817    -0.1664642506
v    -2.2705431914    -0.6557327385    -0.2564520596
v    -2.2151051436    -0.7526827753    -0.1446434734
v    -4.5397606329    -0.5548424279    -0.3459913319
v    -4.4494136308    -0.6527264701    -0.2763170670
v    -5.4261927834    -0.4526813894    -0.4041107558
v    -5.3400929597    -0.3463727353    -0.4297979956
v    -5.3076260979    -0.5241666003    -0.3732761828
v    -5.9289059578    -0.3846346249    -0.4297704218
v    -6.1160408586    -0.3910488775    -0.4314264259
v    -5.9610719026    -0.2557698171    -0.4431818182
v    -5.8060724880    -0.4332675239    -0.4160700012
v    -5.9220018219    -0.5366598772    -0.3781227943
v    -5.0179210021    -0.6775348010    -0.2598780069
v    -4.9769456162    -0.7447453463    -0.1720959268
v    -7.3868706420    -0.7808428068    -0.0000000000
v    -5.2168959573    -0.3876807710    -0.4198128484
v    -5.2084696844    -0.1911564654    -0.4431818182
v    -2.1948611274    -0.5397651066    -0.3325889163
v    -2.3795567222    -0.5135919861    -0.3463129488
v    -6.2352621571    -0.7934782609     0.0000000000
v    -6.2285512925    -0.7713383453    -0.1290806612
v    -6.1128741248    -0.7934782609     0.0000000000
v    -7.2590656116    -0.5445108391    -0.3319974499
v    -7.3488456614    -0.6060559952    -0.2894146152
v    -7.3355271272    -0.4596329665    -0.3293613239
v    -6.5614812579    -0.6961795214    -0.2714586333
v    -4.7886108576    -0.4900735785    -0.3808496240
v    -4.8004853192    -0.6338659960    -0.2965363601
v    -4.9105793153    -0.5843567512    -0.3336076889
v    -6.3483304644    -0.7590265101    -0.1639324730
v    -6.2412190985    -0.6894817112    -0.2686920839
v    -2.1337150105    -0.7817140384    -0.0786004415
v    -2.2235315637    -0.7934782609     0.0000000000
v    -2.1211039582    -0.7934782609     0.0000000000
v    -4.3438705653    -0.2766943418    -0.4325032402
v    -4.5703457090    -0.2786942090    -0.4337602418
v    -4.3677908604    -0.1335858124    -0.4431818182
v    -6.8305958747    -0.5661182934    -0.3695640055
v    -6.7741363528    -0.6584379205    -0.3097200063
v    -7.1872519663    -0.7848520983    -0.0877859249
v    -7.1487941446    -0.7969143766    -0.0000000000
v    -7.0212438131    -0.8001501468    -0.0000000000
v    -6.0360353509    -0.7251387879    -0.2168577300
v    -6.1130120890    -0.6642140140    -0.2919080142
v    -5.9489261526    -0.6553989886    -0.2965496128
v    -6.1843681115    -0.5468123916    -0.3789295291
v    -3.9825514606    -0.2661054994    -0.4317012134
v    -4.1551049606    -0.2710840797    -0.4320662228
v    -4.0285753705    -0.1137064202    -0.4431818182
v    -3.8699488824    -0.5662689911    -0.3311215236
v    -3.7186205441    -0.6215723203    -0.2932313989
v    -7.8866929988    -0.5349837566    -0.1204592606
v    -7.8001835565    -0.5260735345    -0.1682122699
v    -7.8257270306    -0.6153858728    -0.1246090720
v    -7.7295824902    -0.6525399860    -0.1431680532
v    -7.7580130097    -0.6900409510    -0.0753767380
v    -5.5278239645    -0.7934782609     0.0000000000
v    -5.5093843365    -0.7810052464    -0.0906026780
v    -5.4142083070    -0.7934782609     0.0000000000
v    -5.7578252935    -0.7934782609     0.0000000000
v    -5.7217688151    -0.7839002648    -0.0806582501
v    -5.6421842522    -0.7934782609     0.0000000000
v    -6.5757856657    -0.5209245629    -0.3980855363
v    -6.5428734251    -0.4199376129    -0.4290150767
v    -6.4222163013    -0.3118993400    -0.4414518846
v    -6.5546269884    -0.3320569048    -0.4361989757
v    -2.9441548437    -0.7934782609     0.0000000000
v    -2.9311223032    -0.7788827400    -0.0884884306
v    -2.8407737694    -0.7934782609     0.0000000000
v    -3.1517227774    -0.7934782609     0.0000000000
v    -3.1239613188    -0.7803842773    -0.0842467212
v    -3.0478087946    -0.7934782609     0.0000000000
v    -2.3260609759    -0.7934782609     0.0000000000
v    -2.3069589776    -0.7809480955    -0.0812087504
v    -3.9924219660    -0.7934782609     0.0000000000
v    -3.9924320810    -0.7826599971    -0.0786601299
v    -3.8862205905    -0.7934782609     0.0000000000
v    -3.7803533567    -0.7934782609     0.0000000000
v    -3.8726354778    -0.7820818003    -0.0803896553
v    -4.0989922256    -0.7934782609     0.0000000000
v    -2.4901200943    -0.7810981087    -0.0809140988
v    -2.5315313864    -0.7934782609     0.0000000000
v    -2.4287034686    -0.7934782609     0.0000000000
v    -2.7376252740    -0.7934782609     0.0000000000
v    -2.6666290829    -0.7814003781    -0.0801598669
v    -2.6345520001    -0.7934782609     0.0000000000
v    -7.1845588817    -0.7476541816    -0.1794065863
v    -2.9598720059    -0.5555510693    -0.3283740410
v    -2.9710548814    -0.4307847516    -0.3839525018
v    -3.2934278170    -0.5376891585    -0.3408353402
v    -3.1795470998    -0.4166195669    -0.3903683880
v    -4.3132007996    -0.7934782609     0.0000000000
v    -5.5577086160    -0.4638206958    -0.4023178645
v    -5.6938208547    -0.4837040177    -0.3972427298
v    -5.8039529732    -0.5907692110    -0.3443878435
v    -4.7880393707    -0.3317452147    -0.4270713098
v    -4.9539806920    -0.3155811380    -0.4313132551
v    -4.7941673942    -0.1612520280    -0.4431818182
v    -4.6775132383    -0.5835094444    -0.3308281691
v    -4.7076295814    -0.7019199113    -0.2295965016
v    -4.1136196184    -0.5630176058    -0.3358753272
v    -4.2387983603    -0.5462356794    -0.3467712552
v    -4.0997148910    -0.4190741682    -0.3982555372
v    -3.9991828532    -0.5441706028    -0.3449454629
v    -4.9669778640    -0.7934782609     0.0000000000
v    -5.0777957064    -0.7934782609     0.0000000000
v    -3.6748608103    -0.7934782609     0.0000000000
v    -3.6503389562    -0.7691124498    -0.1161820903
v    -3.5696616376    -0.7934782609     0.0000000000
v    -6.6804064209    -0.3520039396    -0.4280255945
v    -5.2285976418    -0.7819382398    -0.0857127662
v    -5.3013782185    -0.7934782609     0.0000000000
v    -6.3232070595    -0.6038742611    -0.3483390401
v    -5.0394021487    -0.5639584193    -0.3479656729
v    -3.3614082674    -0.4360158488    -0.3852833613
v    -7.6949816664    -0.7264002323     0.0000000000
v    -7.6683991347    -0.7156882682    -0.0846937471
v    -4.5815084523    -0.1470767310    -0.4431818182
v    -2.6724368975    -0.1683575975    -0.4379519791
v    -3.3333019993    -0.2901078518    -0.4237467104
v    -3.2337929105    -0.1432337493    -0.4410497052
v    -3.0472010130    -0.1531385830    -0.4400110181
v    -2.7646793024    -0.4410337734    -0.3788580690
v    -4.9337941376    -0.4565743310    -0.3957703611
v    -6.6888448785    -0.7279468232    -0.2327249622
v    -6.8091451742    -0.7372096161    -0.2193536269
v    -3.0108554913    -0.6354252137    -0.2766046369
v    -1.9164290805    -0.5189957686    -0.3426268368
v    -2.0460175485    -0.5893689963    -0.3038718587
v    -6.7566806664    -0.7998037786    -0.0000000000
v    -6.7067134308    -0.7827289925    -0.1178834541
v    -6.6228297042    -0.7976836487    -0.0000000000
v    -4.7115425041    -0.7597875109    -0.1419253519
v    -4.8373253573    -0.7355179127    -0.1858747295
v    -4.7470728387    -0.7934782609     0.0000000000
v    -4.8567671174    -0.7934782609     0.0000000000
v    -4.7950396114    -0.7783339910    -0.0959977024
v    -7.6191579564    -0.5027521502    -0.2455051400
v    -7.5260893799    -0.4892253298    -0.2770192122
v    -7.5904874574    -0.5973128780    -0.2331592858
v    -7.6385107408    -0.6710192640    -0.1643539210
v    -4.3695877018    -0.7187362381    -0.2055729575
v    -4.3403447273    -0.6256075110    -0.2971355005
v    -6.5947504079    -0.7549460346    -0.1842475867
v    -5.8246499415    -0.7084940017    -0.2360387612
v    -3.4198704842    -0.1311393670    -0.4420122864
v    -3.8975666730    -0.1065382473    -0.4431818182
v    -5.7111753788    -0.7452225852    -0.1788191225
v    -5.7268673743    -0.6651234363    -0.2829453281
v    -5.9250163947    -0.7442774199    -0.1835625745
v    -6.0334221253    -0.7765711715    -0.1100675125
v    -6.0360873262    -0.4915588270    -0.4006575534
v    -6.0501569459    -0.5883162077    -0.3512497449
v    -5.2625005037    -0.7444279325    -0.1752501058
v    -5.3762398747    -0.7341270250    -0.1933908220
v    -5.3394502221    -0.6565942601    -0.2846716297
v    -3.7569715718    -0.0991699684    -0.4431818182
v    -5.2273618997    -0.6209750464    -0.3128088242
v    -5.4747244944    -0.7454448644    -0.1756449576
v    -5.4139096831    -0.7772958399    -0.1024900832
v    -4.6415684091    -0.4356012868    -0.3991583574
v    -6.6928262663    -0.5708833057    -0.3721128604
v    -7.3482445215    -0.7248712827    -0.1861311256
v    -2.3849428135    -0.6633826520    -0.2503127880
v    -2.4601059009    -0.7381313690    -0.1680507738
v    -2.4022262936    -0.7802989343    -0.0833529598
v    -2.6973028340    -0.7403741709    -0.1654548060
v    -2.8023856066    -0.7361572820    -0.1720146927
v    -2.7634507092    -0.6579467686    -0.2567738801
v    -2.8964838751    -0.7428628313    -0.1623903970
v    -2.8896314106    -0.6631849791    -0.2530026635
v    -2.8406421667    -0.7776586088    -0.0918972075
v    -3.0247299743    -0.7786986466    -0.0892288407
v    -3.3089394357    -0.7504081589    -0.1518601975
v    -3.2195170653    -0.7807486915    -0.0832801447
v    -5.9925765424    -0.7934782609     0.0000000000
v    -7.0516832671    -0.5122283543    -0.3720668566
v    -6.9459268897    -0.5705337524    -0.3600025555
v    -7.2366434115    -0.4436365878    -0.3513693669
v    -6.3089530471    -0.5155275236    -0.3975956747
v    -7.1461576085    -0.5920277668    -0.3290019095
v    -7.2366779699    -0.6319537583    -0.2931019995
v    -5.7851082454    -0.2390229261    -0.4431818182
v    -5.6187148357    -0.7807389884    -0.0922418438
v    -1.9164290805    -0.6395843028    -0.2688533926
v    -2.0126641584    -0.6873728526    -0.2272863632
v    -3.7219452595    -0.7141112396    -0.2062829155
v    -7.7897549449    -0.6963333661     0.0000000000
v    -3.6097672671    -0.7076026877    -0.2132544793
v    -5.4077407822    -0.2067466654    -0.4431818182
v    -5.4954402140    -0.3341123441    -0.4334093434
v    -5.6002204697    -0.2226958583    -0.4431818182
v    -5.6584344485    -0.3517854336    -0.4323059389
v    -6.4462110901    -0.7841780995    -0.0935895895
v    -6.3605732341    -0.7937484101    -0.0000000000
v    -6.4903691375    -0.7953721640    -0.0000000000
v    -3.5728822144    -0.6325540066    -0.2835340217
v    -5.0757044441    -0.4218347459    -0.4089311830
v    -5.1642415595    -0.5302158439    -0.3680540787
v    -7.2710049283    -0.7906234524    -0.0000000000
v    -4.1826809373    -0.1225037590    -0.4431818182
v    -5.3263537949    -0.7805948293    -0.0910411778
v    -2.0383508918    -0.7838485971    -0.0711572245
v    -6.6570607175    -0.4610397754    -0.4163632981
v    -4.4208713669    -0.7934782609     0.0000000000
v    -4.5291355582    -0.7934782609     0.0000000000
v    -4.4610881887    -0.7827871740    -0.0795915656
v    -4.3768703412    -0.7705601839    -0.1157430702
v    -7.2656982598    -0.7650142687    -0.1315793871
v    -7.2595496403    -0.6988784820    -0.2333713137
v    -7.1339925684    -0.4267661978    -0.3711331470
v    -7.0271530813    -0.4090559664    -0.3887393065
v    -3.2558503674    -0.7934782609     0.0000000000
v    -6.6611358348    -0.6595366941    -0.3099231331
v    -3.4161297851    -0.7795700902    -0.0874783120
v    -3.4647478487    -0.7934782609     0.0000000000
v    -3.3601544227    -0.7934782609     0.0000000000
v    -2.7576458845    -0.7804912319    -0.0832279892
v    -7.4318702771    -0.4748482819    -0.3047087474
v    -6.1410385411    -0.7508266881    -0.1751912656
v    -5.8303545613    -0.7758611146    -0.1101244422
v    -2.8269190337    -0.5492476865    -0.3308318886
v    -2.6725521686    -0.5496717457    -0.3295623682
v    -7.6744745227    -0.5920410506    -0.2066480080
v    -7.7107050757    -0.5151569652    -0.2095216641
v    -6.2810474864    -0.2917899449    -0.4431818182
v    -6.1264309215    -0.2730910233    -0.4431818182
v    -3.3121411049    -0.7854041596    -0.0666145058
v    -7.7530302212    -0.5851951789    -0.1775985389
v    -7.1677142098    -0.5073291131    -0.3572510904
v    -3.5304229122    -0.7580584462    -0.1390161875
v    -2.1331272933    -0.6944583729    -0.2202921930
v    -5.8748730089    -0.7934782609     0.0000000000
v    -6.2923176265    -0.4181547148    -0.4292407719
v    -4.9188111970    -0.7799203647    -0.0913955683
v    -6.8457697209    -0.7827406431    -0.1221961165
v    -6.8900874283    -0.8008849647    -0.0000000000
v    -6.9635367197    -0.7916930733    -0.0866036759
v    -7.5064461874    -0.6168504340    -0.2473688186
v    -7.3458599026    -0.7728482171    -0.0878112419
v    -3.7239407713    -0.7854141479    -0.0673736954
v    -7.9072168853    -0.6105075791    -0.0745629652
v    -7.8812311500    -0.6572083974     0.0000000000
v    -7.8345774813    -0.6658513219    -0.0571799801
v    -2.5304285228    -0.5350733041    -0.3364306971
v    -4.9071203022    -0.6831095136    -0.2527213869
v    -6.5635081004    -0.7854922366    -0.0974867348
v    -5.0037805694    -0.1759865766    -0.4431818182
v    -5.1108772855    -0.2900903485    -0.4361366632
v    -7.4524910203    -0.5578912764    -0.2870769136
v    -7.4299406773    -0.6226037076    -0.2629042210
v    -2.1586333608    -0.6297325589    -0.2765907026
v    -6.8012118585    -0.7962258319    -0.0599902476
v    -4.6962110944    -0.7856962072    -0.0686296041
v    -4.6378662073    -0.7934782609     0.0000000000
v    -5.9362810952    -0.7851292530    -0.0767724774
v    -3.5003647574    -0.7876985814    -0.0567072045
v    -2.5831871453    -0.6141742027    -0.2894163982
v    -4.5494964402    -0.7807493118    -0.0871183730
v    -2.5975050800    -0.7875404914    -0.0563135846
v    -6.9227347221    -0.4788306154    -0.3943858241
v    -6.2980113123    -0.7864824235    -0.0743222084
v    -4.3871775588    -0.7896549072    -0.0475402669
v    -7.9685693120    -0.5411320963     0.0649630006
v    -3.6598565526    -0.7833704898     0.0752234694
v    -6.8006372073    -0.3715619651     0.4172776228
v    -6.7908148385    -0.4515448620     0.4111289212
v    -6.6804065884    -0.3520039665     0.4280255815
v    -4.9204261978    -0.7561580012     0.1506936229
v    -4.9854410510    -0.7839460464     0.0769524821
v    -3.7849648260    -0.2394466043     0.4341841319
v    -3.5973341045    -0.1165613772     0.4427705732
v    -4.1436148024    -0.7527850721     0.1519876247
v    -4.2272735719    -0.7833682959     0.0767068643
v    -3.8522114713    -0.7792756153     0.0895986006
v    -3.9481949419    -0.7841552407     0.0729453816
v    -2.5735919052    -0.7610593190     0.1299981760
v    -2.5370865426    -0.3311630213     0.4107544263
v    -2.2988770708    -0.3138590682     0.4140054156
v    -2.4839485882    -0.1742480045     0.4370202965
v    -2.9160553740    -0.3346764973     0.4117775081
v    -2.7474431494    -0.3715845262     0.4011895489
v    -2.8598882787    -0.1614063135     0.4389610857
v    -1.9164290805    -0.5189960727     0.3426266892
v    -2.0133064908    -0.4953649147     0.3536896199
v    -1.9164290805    -0.6395844366     0.2688532892
v    -1.9164290805    -0.3682135028     0.3995367286
v    -2.0041339299    -0.7657843616     0.1196548100
v    -1.9164290805    -0.7759774644     0.0955337183
v    -2.8851953233    -0.6508261669     0.2634799228
v    -2.7939316826    -0.7344481865     0.1744176926
v    -2.7213934243    -0.6643114878     0.2510355745
v    -3.9049943162    -0.4057539277     0.4003715947
v    -3.7916750435    -0.5347498023     0.3474809397
v    -3.7186167757    -0.3811682638     0.4057226665
v    -4.2065895132    -0.6700931938     0.2578365875
v    -4.3584685174    -0.6536210270     0.2744843932
v    -4.2750935339    -0.7404213719     0.1737668777
v    -4.0561439416    -0.6695212309     0.2568452905
v    -2.5081722373    -0.6652073492     0.2492080548
v    -2.6153871238    -0.6977285153     0.2183454647
v    -2.6065093665    -0.5960647205     0.3016946199
v    -2.6863278918    -0.7436178140     0.1604810801
v    -3.4201445681    -0.4688477081     0.3734864600
v    -3.5077978642    -0.5762567270     0.3213110228
v    -3.3362123795    -0.5846577134     0.3144908984
v    -5.4979692644    -0.6646964814     0.2794957754
v    -5.6239538589    -0.6807220449     0.2652548308
v    -5.5661259037    -0.7396972251     0.1865842057
v    -5.4635948603    -0.5399779592     0.3679532897
v    -5.6303924151    -0.5782253162     0.3491569647
v    -5.4404737725    -0.7512107598     0.1647152460
v    -7.2278312899    -0.6933390647     0.2438371598
v    -7.3280913125    -0.6160624483     0.2877571311
v    -7.3524529591    -0.6818117637     0.2341268723
v    -2.3441013849    -0.7341689938     0.1734142741
v    -2.2165404107    -0.7416289909     0.1623688742
v    -2.2564988153    -0.6487248932     0.2621660096
v    -5.0051771726    -0.6905626559     0.2458909292
v    -4.8770690130    -0.6832856605     0.2521731326
v    -6.7792594481    -0.6564254377     0.3113440266
v    -6.7046617657    -0.5323227143     0.3904989482
v    -6.8478787817    -0.5435258877     0.3790989175
v    -4.6639692340    -0.4689887676     0.3876015980
v    -4.8495905371    -0.4552243468     0.3951210714
v    -4.8172286326    -0.5680212270     0.3422931837
v    -6.4580317597    -0.7701887206     0.1416500946
v    -4.4726181991    -0.6838885979     0.2469681070
v    -4.5195810303    -0.7558378322     0.1485741294
v    -4.3944015838    -0.7403801045     0.1746896014
v    -7.2106470925    -0.7715991953     0.1257418279
v    -3.2089039345    -0.6676228527     0.2512207460
v    -3.2877379158    -0.7412376785     0.1666020449
v    -3.1801820250    -0.7564000815     0.1406917256
v    -4.2790166463    -0.4080005006     0.4035871602
v    -4.4771386401    -0.4278461704     0.3996967800
v    -4.3784826979    -0.5293093695     0.3573412315
v    -7.4958031390    -0.7517210126     0.0915518437
v    -2.1239585508    -0.3899420181     0.3933000533
v    -7.0973587991    -0.7385411131     0.2037737046
v    -7.2251596433    -0.5849807415     0.3214609052
v    -3.7385520668    -0.6636288091     0.2592201266
v    -3.6553378276    -0.5319904632     0.3473971839
v    -6.9437074202    -0.7920768810     0.0855671443
v    -6.8483839084    -0.7906781470     0.0924269705
v    -6.9378730057    -0.7555899695     0.1857206148
v    -5.0859973596    -0.7480145532     0.1673131018
v    -5.4077412879    -0.2067467061     0.4431818182
v    -5.2821608562    -0.2805726318     0.4384102931
v    -5.2084702414    -0.1911565078     0.4431818182
v    -6.2576080033    -0.5320980240     0.3883831164
v    -6.3264163129    -0.4231096300     0.4288433298
v    -6.4085623738    -0.5378968301     0.3895584217
v    -6.4543790800    -0.4329521648     0.4275188656
v    -6.4222165213    -0.3118993726     0.4414518787
v    -6.0253841409    -0.7779340970     0.1054954669
v    -6.1280488403    -0.7715645954     0.1265101567
v    -3.0538236499    -0.6477995762     0.2671124005
v    -2.9925670834    -0.7313971693     0.1795175019
v    -3.0013944609    -0.5225089660     0.3459486150
v    -3.1659388307    -0.5465261586     0.3350134948
v    -3.2337233343    -0.1432378245     0.4410493260
v    -3.4198185981    -0.1311431589     0.4420120349
v    -3.3809524042    -0.3017138479     0.4218153254
v    -4.7941680690    -0.1612520742     0.4431818182
v    -5.0037811790    -0.1759866206     0.4431818182
v    -4.9465759436    -0.3259436090     0.4295433440
v    -5.1328895172    -0.4534491230     0.3996047427
v    -4.9676743743    -0.4990805390     0.3795488112
v    -6.1028845035    -0.5559634561     0.3719511088
v    -6.2154853697    -0.6357216880     0.3204889624
v    -4.6652297489    -0.6013712203     0.3188663522
v    -6.6399681152    -0.6448554050     0.3225898695
v    -7.6163199560    -0.6484199881     0.1927818893
v    -7.6184291063    -0.7208427164     0.1032876151
v    -7.5199077110    -0.6917425634     0.1832945223
v    -7.7379063233    -0.6953913318     0.0798195487
v    -7.7008021091    -0.6651326650     0.1440083908
v    -4.1826814745    -0.1225037903     0.4431818182
v    -4.1535139357    -0.2671807016     0.4326072424
v    -4.0285756546    -0.1137064360     0.4431818182
v    -2.1070235936    -0.7792560490     0.0863040392
v    -2.2029262254    -0.7834321081     0.0727349607
v    -2.0913081866    -0.7393673677     0.1655665496
v    -7.4231519338    -0.7140952800     0.1833045664
v    -7.4521706000    -0.6055796573     0.2672803313
v    -2.8497962273    -0.7820491364     0.0782755437
v    -3.3344761518    -0.7808770725     0.0831181278
v    -3.4405380540    -0.7812401146     0.0821675554
v    -3.0782184481    -0.7728851530     0.1052172876
v    -4.4505908612    -0.7819478459     0.0826034416
v    -3.5498284861    -0.7804653270     0.0849765104
v    -2.2993313511    -0.7797096617     0.0850696780
v    -2.4886722093    -0.7818124521     0.0785702876
v    -2.6702240902    -0.7822083894     0.0774662888
v    -6.9160969254    -0.3906181439     0.4041434613
v    -5.5531606822    -0.4433603894     0.4090565235
v    -5.7117352397    -0.4710149427     0.4022894816
v    -5.8497835356    -0.4781536688     0.4021171771
v    -5.8139815819    -0.5879433980     0.3464441629
v    -3.7414284795    -0.7597805016     0.1366138612
v    -4.0375784831    -0.7799972516     0.0878756154
v    -7.5260894304    -0.4892253373     0.2770191963
v    -7.4318703375    -0.4748482913     0.3047087309
v    -4.0897544696    -0.4094066879     0.4011488571
v    -4.0064140924    -0.5475511571     0.3432172274
v    -4.1489294582    -0.5492674457     0.3440109890
v    -6.1024494041    -0.6660020394     0.2898806797
v    -5.9617206415    -0.6446179847     0.3065625770
v    -5.9204563276    -0.7415876821     0.1882486044
v    -6.0483008357    -0.7286692169     0.2117474566
v    -3.8958207095    -0.6567243706     0.2668474036
v    -3.8982328878    -0.5471515020     0.3421670201
v    -7.7900661695    -0.6201062236     0.1404376300
v    -7.8866930120    -0.5349837578     0.1204592525
v    -7.8794068887    -0.5942379198     0.1068301276
v    -7.8001835790    -0.5260735371     0.1682122587
v    -6.6873024314    -0.7125455285     0.2536166918
v    -6.5580480414    -0.7218280818     0.2385370610
v    -6.7814351891    -0.7625402902     0.1737305339
v    -7.2366434949    -0.4436366014     0.3513693496
v    -7.2995323383    -0.5306368365     0.3285398212
v    -7.3355271986    -0.4596329779     0.3293613068
v    -7.3813430203    -0.5424427882     0.3083675996
v    -3.0821319019    -0.3823137108     0.4002487651
v    -3.2689827845    -0.4368012050     0.3841981545
v    -6.5736441306    -0.7821950688     0.1112798502
v    -6.6608549785    -0.7612176914     0.1736485854
v    -4.6551152281    -0.7686968193     0.1217194122
v    -5.1692710310    -0.5876637671     0.3353918925
v    -5.0553313016    -0.5859712911     0.3347310251
v    -5.1250081734    -0.6760873813     0.2627558220
v    -6.2848051820    -0.6994858568     0.2582631516
v    -6.3538050554    -0.6376838025     0.3233589099
v    -6.3435087203    -0.7530386963     0.1766533666
v    -6.5007743431    -0.6234074314     0.3384306994
v    -4.7879756530    -0.7719052082     0.1143504568
v    -6.5546271804    -0.3320569347     0.4361989656
v    -6.6249984589    -0.4325328322     0.4239943618
v    -2.6722312130    -0.1683645760     0.4379509114
v    -3.0470979243    -0.1531435671     0.4400104363
v    -4.2687454313    -0.5658369206     0.3361650092
v    -6.9102864460    -0.6400533570     0.3195441670
v    -2.3976551284    -0.4204776067     0.3841967829
v    -2.4773664770    -0.5220178638     0.3427041695
v    -3.1071167038    -0.7195671811     0.1956336006
v    -2.2794244236    -0.5054804077     0.3497223180
v    -3.9835279156    -0.2646298473     0.4319188517
v    -3.8975666936    -0.1065382484     0.4431818182
v    -5.9599223884    -0.5266237238     0.3838255327
v    -5.8274773787    -0.6925904322     0.2555547598
v    -5.7262321918    -0.6589067029     0.2889035815
v    -5.6970910382    -0.7372487790     0.1923107415
v    -3.5512645564    -0.4135898004     0.3945445508
v    -3.6172777337    -0.6495765042     0.2702930028
v    -2.1418379778    -0.6787499518     0.2357619678
v    -2.1163339335    -0.5724690626     0.3142619816
v    -5.3551805307    -0.6899088167     0.2511729906
v    -5.2206447322    -0.7752223409     0.1075928271
v    -6.1999789676    -0.7335145372     0.2075961980
v    -5.2265551996    -0.7229946397     0.2082136561
v    -5.3222903892    -0.7593675781     0.1472932444
v    -6.5512615762    -0.4971048894     0.4077147183
v    -3.5729619938    -0.2580753648     0.4304991345
v    -4.6987710503    -0.7123874919     0.2167736424
v    -4.8063983539    -0.7253147737     0.2006129892
v    -2.7446297597    -0.5518640871     0.3288378457
v    -3.9477146899    -0.7421436030     0.1688641772
v    -4.0459464948    -0.7440504681     0.1664128364
v    -7.1339926660    -0.4267662139     0.3711331296
v    -7.0446259656    -0.5089643861     0.3738142816
v    -7.0271531940    -0.4090559852     0.3887392894
v    -4.3498735549    -0.7806586373     0.0867190630
v    -4.5150124488    -0.5719371063     0.3357578000
v    -2.3978941229    -0.7800257261     0.0841969081
v    -2.4576759870    -0.7370641095     0.1695886043
v    -2.3834837763    -0.6394223278     0.2699554026
v    -3.8320157219    -0.7325763125     0.1825676661
v    -2.7534206337    -0.7787723635     0.0884899189
v    -2.8943072129    -0.7462285284     0.1570850735
v    -3.5075589271    -0.7438250076     0.1636691424
v    -3.6291332424    -0.7364228110     0.1756963940
v    -3.5327513992    -0.6833087168     0.2388188862
v    -4.9403641082    -0.6159988790     0.3122738342
v    -3.3989765823    -0.7453273066     0.1607125485
v    -6.1838994038    -0.4120357105     0.4282522846
v    -7.0315000970    -0.6095257051     0.3315573110
v    -6.9543468031    -0.5636294723     0.3626348593
v    -2.0219522906    -0.6865093876     0.2281441525
v    -7.0037934409    -0.6922447177     0.2680902980
v    -7.1257534917    -0.6499745829     0.2946118008
v    -5.2512198531    -0.6486517607     0.2904843228
v    -3.3304289874    -0.6854721255     0.2351192189
v    -3.4338196615    -0.6769964299     0.2442056565
v    -6.1264312126    -0.2730910556     0.4431818182
v    -6.2810477351    -0.2917899783     0.4431818182
v    -4.7685581295    -0.6572150262     0.2762139898
v    -5.3482984574    -0.3988978722     0.4186988211
v    -5.2929983025    -0.5414614377     0.3643603329
v    -6.8747272458    -0.7122097781     0.2522047610
v    -5.8255555025    -0.3623298296     0.4325002852
v    -5.9614921889    -0.3969989278     0.4276942135
v    -4.5859513576    -0.6880097298     0.2438513964
v    -5.9610722504    -0.2557698517     0.4431818182
v    -5.7851086467    -0.2390229629     0.4431818182
v    -1.9164290805    -0.7253632800     0.1846728364
v    -7.7201294877    -0.5977928395     0.1859312801
v    -3.1904605797    -0.2881311538     0.4232925343
v    -7.1249816600    -0.5519231954     0.3497696746
v    -5.3910708085    -0.6155245598     0.3195397987
v    -5.5037635309    -0.3244104686     0.4349132350
v    -5.6002209228    -0.2226958970     0.4431818182
v    -5.1399625082    -0.3152000689     0.4329746102
v    -5.6148700019    -0.7798507468     0.0953569668
v    -6.2417748876    -0.7824710199     0.0917974548
v    -7.6595994289    -0.5695591227     0.2208003984
v    -4.5760704913    -0.3098631700     0.4290938569
v    -7.3864950439    -0.7621235591     0.1068839243
v    -7.1052742343    -0.7872127489     0.0927458230
v    -7.0211077320    -0.7796299236     0.1266759356
v    -7.7107051070    -0.5151569692     0.2095216508
v    -7.6191579973    -0.5027521560     0.2455051251
v    -4.5815091899    -0.1470767788     0.4431818182
v    -4.4304130788    -0.2788350811     0.4327855124
v    -4.3677915843    -0.1335858568     0.4431818182
v    -4.7382191206    -0.2566958540     0.4374638242
v    -4.7978601362    -0.3739272311     0.4183180955
v    -4.6943809268    -0.3546057132     0.4216099736
v    -5.8421475088    -0.7814873841     0.0910954853
v    -7.5721829904    -0.5724259763     0.2491168168
v    -5.3715323959    -0.7838285326     0.0790562781
v    -7.3098724684    -0.7789590169     0.0771968966
v    -7.3096402888    -0.7411226882     0.1695488912
v    -7.8322372924    -0.6514862711     0.0839206129
v    -6.4381257139    -0.7039742108     0.2583724161
v    -7.8126386785    -0.6812050796     0.0424098329
v    -6.0642422040    -0.3479887681     0.4376276112
v    -6.0633136753    -0.4533986592     0.4146674787
v    -6.5997753569    -0.5767236765     0.3701059440
v    -2.8665991220    -0.5062126291     0.3526728432
v    -7.5351360931    -0.6294309967     0.2318091388
v    -7.1833042253    -0.5025226737     0.3557795379
v    -2.6232135625    -0.4701846367     0.3667130574
v    -5.1409726825    -0.7855467862     0.0707753154
v    -7.9317836662    -0.6116799922     0.0512785267
v    -5.7348514662    -0.7783309856     0.1013919624
v    -5.8031864241    -0.7503329471     0.1705484691
v    -4.2932203509    -0.2500414650     0.4356396050
v    -6.6845564251    -0.7909520894     0.0823717995
v    -5.6687622760    -0.3391532564     0.4344160102
v    -5.9363938883    -0.7853381265     0.0758117729
v    -6.9540550715    -0.4797948647     0.3910354842
v    -5.0728798206    -0.7824821283     0.0829884268
v    -5.5074540850    -0.7803897501     0.0927864169
v    -3.2391681224    -0.7810041095     0.0824911568
v    -2.9704311543    -0.7804791701     0.0836393217
v    -5.6866713072    -0.7901253540     0.0476541239
v    -4.5833296252    -0.7857589722     0.0680233298
v    -7.9691720428    -0.4778239030     0.0000000000
v    -6.7569362056    -0.2163717149     0.3907011116
v    -6.9759587945    -0.2394354582     0.3544109354
v    -7.0492305393    -0.3297021045     0.3729834743
v    -4.2907333851     0.0647509462     0.4285693878
v    -2.3579807068     0.1177884068     0.4324025814
v    -2.1374157588     0.1229736797     0.4320754578
v    -2.2501369518     0.3111294655     0.3896925842
v    -5.1020462106     0.4460125591     0.0000000000
v    -5.0701410360     0.4380783622     0.0882010271
v    -4.9970898537     0.4610714701     0.0000000000
v    -4.1967268215     0.2594459270     0.3741241064
v    -4.1454783182     0.1311732251     0.4170994755
v    -4.0400422233     0.2486199184     0.3834186404
v    -3.9313128048    -0.0686481789     0.4428744486
v    -4.1251916735     0.0019550554     0.4381541876
v    -3.8598920932    -0.0837838175     0.4431718039
v    -4.0190637355     0.0996281886     0.4253672326
v    -3.8844182918     0.1455178419     0.4175343311
v    -3.8783616437     0.2433982350     0.3894965790
v    -3.7143724870     0.2442184554     0.3927966408
v    -3.6285233884     0.0529114200     0.4354320033
v    -3.5473518077     0.2522889648     0.3933405449
v    -3.7842886496     0.0347488735     0.4366359062
v    -3.4419322609     0.0689999744     0.4344934550
v    -3.9117424993     0.0125316776     0.4382253454
v    -4.4154704765     0.1684109739     0.4015119336
v    -4.3471752443     0.2753002207     0.3609426968
v    -3.2300640305     0.0830833835     0.4337948196
v    -3.3782601994     0.2741752745     0.3890485717
v    -3.2109147749     0.3071500347     0.3802780799
v    -1.9164290805     0.1271784075     0.4316377049
v    -2.0719268059     0.3242914013     0.3860507556
v    -1.9164290805     0.6451367934     0.1757598601
v    -2.0350146328     0.6255429773     0.1997258968
v    -1.9164290805     0.5611442013     0.2621424144
v    -7.1689570463    -0.0891457041    -0.0000000000
v    -7.2474999859    -0.1278710699     0.0892170498
v    -7.1361218024    -0.1094681837     0.1579806041
v    -7.0345165825    -0.0419273428    -0.0000000000
v    -6.9431912184    -0.0310639070     0.1339184474
v    -6.8959476879     0.0050050729    -0.0000000000
v    -6.8959573136    -0.1094980683     0.2847899859
v    -7.0395589487    -0.1573542290     0.2765001227
v    -5.3937752524     0.3277603304     0.2136586826
v    -5.4445553070     0.2086938798     0.3254959242
v    -5.3299387022     0.2646215386     0.2936231411
v    -5.5433921731     0.0976988216     0.3826152203
v    -5.6568932692     0.1615038273     0.3363307303
v    -5.7096389292     0.0424463130     0.3961318724
v    -7.4120121125    -0.2648396591     0.2128742315
v    -7.5173718085    -0.3042070351     0.1946814510
v    -7.4445847279    -0.3496282695     0.2642975413
v    -7.6578316790    -0.3062828912     0.0852472696
v    -7.5515312129    -0.2563039932     0.0926406580
v    -7.6244529636    -0.2737615144     0.0000000000
v    -5.6790738824    -0.0994324299     0.4349138952
v    -7.2966357697    -0.1362247941    -0.0000000000
v    -7.4156187675    -0.1827895581    -0.0000000000
v    -7.3678992703    -0.1828421445     0.1136506237
v    -6.3900879222     0.0198403164     0.3227270047
v    -6.4520388881     0.0991746457     0.2047660408
v    -6.5273848959     0.0043485571     0.2976447709
v    -7.8044423956    -0.3675196485     0.0000000000
v    -7.8887715164    -0.4197578241     0.0000000000
v    -7.8452123851    -0.4343457686     0.0996283348
v    -5.0184932587     0.2928366756     0.3048244117
v    -5.1068017701     0.2061875049     0.3559226751
v    -4.9422898931     0.1675122168     0.3839806480
v    -5.1461396580     0.3310240866     0.2537895206
v    -5.3296060096     0.1698279315     0.3606229705
v    -5.2254991009     0.2403134949     0.3245162127
v    -5.2673411854     0.3489309207     0.2106912530
v    -5.2328928113     0.0920569450     0.4008286326
v    -7.0112189612    -0.0889897251     0.2064041095
v    -7.0653686762    -0.0634796858     0.0982441430
v    -7.2425981727    -0.3567550529     0.3346432644
v    -5.0535438109     0.3937260984     0.1896243848
v    -4.9245132278     0.4198774087     0.1757026075
v    -4.9771446525     0.4494641597     0.0940373232
v    -6.2556498305     0.2058478180     0.1012097862
v    -6.1433901082     0.2337822342     0.1143041364
v    -6.2335911429     0.2262192175     0.0000000000
v    -1.9164290805     0.4471100437     0.3351160669
v    -1.9164290805     0.3040257507     0.3927721693
v    -4.7484500272     0.3518646174     0.2826206491
v    -4.7829297190     0.2490464980     0.3524569643
v    -4.6301865631     0.3223029399     0.3165252132
v    -5.5755673485     0.2201938941     0.3004029800
v    -5.5852065240     0.3114508148     0.1918125618
v    -5.7001071999     0.2672292905     0.2276243579
v    -4.7931076874     0.1175842505     0.4072344396
v    -6.4230659086    -0.1955784943     0.4269140766
v    -6.3302122373    -0.1242655067     0.4138980298
v    -6.4383153838    -0.0673882049     0.3735564367
v    -5.1689311210     0.4100310879     0.1274482769
v    -5.2116880631     0.4297010560     0.0000000000
v    -5.5438971027     0.3760406216     0.0000000000
v    -5.4887360321     0.3673777303     0.1079707386
v    -5.4325152489     0.3948218420     0.0000000000
v    -7.3242118025    -0.2267168998     0.2184575635
v    -5.8881342128     0.0375794576     0.3859140488
v    -5.8402543555     0.1296199078     0.3372571750
v    -5.9623552740     0.1493846355     0.3032122000
v    -2.8655191023     0.2617929023     0.3999275226
v    -2.6415736777     0.2936858912     0.3924548765
v    -2.7203585930     0.4442764358     0.3275923991
v    -6.8661944115    -0.1955218010     0.3578947834
v    -6.7473107564    -0.0979053547     0.3231497962
v    -6.4324148446     0.1481338423     0.0940523324
v    -6.5447720569     0.1099035144     0.0994847904
v    -6.6621301667     0.0026798722     0.2495740611
v    -6.5686905714     0.0664540172     0.1964472248
v    -6.7775604432    -0.0373835344     0.2513808674
v    -6.8714258476    -0.2881757654     0.3953054968
v    -5.1581343609    -0.0476057491     0.4354007232
v    -2.1593507404     0.6002803528     0.2251771403
v    -2.1132251765     0.4892551580     0.3110800413
v    -6.6635432757     0.0671729188     0.1158206376
v    -6.6174556207     0.0968656014    -0.0000000000
v    -6.7558494832     0.0513932137    -0.0000000000
v    -7.5251899832    -0.2287474809    -0.0000000000
v    -6.6434786391    -0.2406584358     0.4159667673
v    -4.9358738926    -0.0137330235     0.4334079903
v    -5.0765999844     0.0814339659     0.4098066273
v    -2.5778918672     0.1114575316     0.4326818491
v    -2.7967283721     0.1037831366     0.4329672561
v    -5.3462210324    -0.0673363612     0.4356145570
v    -6.6303802860    -0.1090581346     0.3606027641
v    -6.5199628255    -0.1116920598     0.3835670082
v    -6.3327613502     0.1589310555     0.1620920056
v    -6.2474370219     0.1183952984     0.2678293928
v    -6.1900188051     0.1769037801     0.2099072613
v    -6.1674885648     0.0425423975     0.3521832777
v    -6.0961128774     0.1320450822     0.2932035567
v    -2.2890719314     0.5693321865     0.2513414509
v    -6.7588261325     0.0255272737     0.1492454483
v    -6.8471570266    -0.0243019127     0.1947979076
v    -5.7535244927     0.1727428828     0.3158766213
v    -5.8381127868     0.2290710834     0.2444645718
v    -2.4455764222     0.3259874000     0.3834692027
v    -4.6247648286     0.0630491130     0.4244453983
v    -4.6654270881     0.2016102126     0.3813065852
v    -2.8784240783     0.3961471190     0.3490303179
v    -6.0332083374     0.0392063350     0.3715841097
v    -2.5694017364     0.4904265373     0.3034876050
v    -2.4257850172     0.5324942568     0.2777602657
v    -6.0548940769     0.2093710715     0.2104155781
v    -7.7166058728    -0.3193815113     0.0000000000
v    -5.3962019247     0.0655141269     0.4033364546
v    -4.8468539087     0.3848324894     0.2375105086
v    -4.8870429779     0.3092481246     0.3045423462
v    -4.4926672831     0.2962356563     0.3424078480
v    -5.5263330995    -0.0480039833     0.4293247844
v    -7.6564463520    -0.3543190276     0.1595714022
v    -7.7351328254    -0.3849131167     0.1359769388
v    -4.4704474400     0.0206663987     0.4335205813
v    -4.7441527080    -0.0240737272     0.4367137638
v    -5.9976764339     0.2873594998     0.0000000000
v    -6.1146114750     0.2593074339     0.0000000000
v    -6.0347209478     0.2633134607     0.1044736713
v    -7.6624917413    -0.4257579579     0.2083555289
v    -6.1040681314    -0.0932647700     0.4200890979
v    -6.2824578551    -0.0217215212     0.3737520058
v    -6.2163155509    -0.0784961865     0.4077445670
v    -7.1008700652    -0.2404376423     0.3200306261
v    -7.1525091711    -0.3213811776     0.3460367142
v    -7.2250601244    -0.2481483284     0.2824947228
v    -7.1534178388    -0.1747549819     0.2456646420
v    -7.2478657956    -0.1662437989     0.1821600096
v    -5.3218274445     0.4126661671     0.0000000000
v    -5.3613098577     0.3883196384     0.1072002490
v    -6.5394490582    -0.2199128389     0.4223644955
v    -6.3549889689     0.1849432851    -0.0000000000
v    -6.3489502955     0.0979276634     0.2551444358
v    -6.2826806930     0.0522321957     0.3227499279
v    -6.4833034512     0.1413162923    -0.0000000000
v    -7.3337529779    -0.3187596840     0.2889867348
v    -4.5401006434     0.1853653794     0.3921746530
v    -4.9691899450     0.3621135614     0.2455658290
v    -5.8289351860    -0.0778350411     0.4274129282
v    -5.9715335303    -0.0541894505     0.4155556545
v    -5.9703471070    -0.1643146377     0.4383801220
v    -6.8423430075     0.0147702197     0.0880900890
v    -5.7689463961     0.3350094025     0.0000000000
v    -5.6510801539     0.3418943508     0.0999707965
v    -5.6560623024     0.3561652699     0.0000000000
v    -7.5333845407    -0.3853244897     0.2469467456
v    -5.8045261977     0.3034432701     0.1285161121
v    -5.8831244292     0.3121659306     0.0000000000
v    -7.7338623137    -0.4592080099     0.1873509341
v    -7.7363447795    -0.3391908049     0.0592700602
v    -5.9330775270     0.2915074247     0.0835068627
v    -5.9372208545     0.2478695086     0.1889024772
v    -3.0142659087     0.0944728201     0.4333154052
v    -3.0438912443     0.3488448316     0.3669320427
v    -3.0835354696     0.2124423335     0.4109695557
v    -2.3048561089     0.4515515606     0.3305364296
v    -6.2146853010    -0.1846196309     0.4355897791
v    -5.4884305201     0.3302048087     0.1873489852
v    -5.5014496052     0.2808925350     0.2514970333
v    -7.3892552151    -0.3975881497     0.3046302765
v    -7.4861940420    -0.4215844863     0.2796272254
v    -7.5948953005    -0.3068627722     0.1466719307
v    -7.5940351227    -0.3642102605     0.2051106427
v    -7.7843924742    -0.4489428347     0.1540846194
v    -7.9199239602    -0.4707530112     0.0683708297
v    -7.5889769387    -0.4379149529     0.2459339885
v    -7.4673343591    -0.2112356980     0.0673605402
v    -7.4665801861    -0.2410374409     0.1456644788
v    -7.7867125711    -0.3759787022     0.0762373084
v    -5.2664887899     0.4080063997     0.0915927854
v    -2.3343920605     0.4182253361    -0.3469458688
v    -2.5555195378     0.3574617543    -0.3707949582
v    -2.4246574429     0.5328128312    -0.2775491171
v    -1.9164290805     0.3040257507    -0.3927721693
v    -2.1378527061     0.1229644638    -0.4320761877
v    -2.1165043633     0.3571340767    -0.3742478075
v    -6.6978652594    -0.2753158007    -0.4175825492
v    -4.9766379733     0.4491655072    -0.0952290503
v    -5.0700536325     0.4379450135    -0.0887100470
v    -4.2894921060     0.0391627830    -0.4325887282
v    -4.1245475637     0.0003947002    -0.4383047837
v    -4.1966093788     0.2594345202    -0.3741330799
v    -4.1570576281     0.1313135929    -0.4168869020
v    -4.3681072715     0.1711738474    -0.4018223241
v    -4.0199799326     0.0996415268    -0.4253546207
v    -3.9127651548     0.0122962633    -0.4382424352
v    -4.0014346447    -0.0308500295    -0.4411759765
v    -3.8785978196     0.2434013266    -0.3894899441
v    -3.8851714847     0.1455009940    -0.4175281598
v    -4.0400479319     0.2486189855    -0.3834188395
v    -3.9313134805    -0.0686480112    -0.4428744438
v    -3.7863809736     0.0344567529    -0.4366562339
v    -3.7146775101     0.2442174113    -0.3927907927
v    -3.5473485336     0.2522912393    -0.3933398574
v    -3.6316113903     0.0526031697    -0.4354513181
v    -3.3782712455     0.2741734070    -0.3890490147
v    -3.4451756060     0.0687546628    -0.4345067160
v    -3.2109211681     0.3071482432    -0.3802786308
v    -3.2330336698     0.0829081349    -0.4338027960
v    -3.8598912835    -0.0837839669    -0.4431718054
v    -3.0438912443     0.3488448316    -0.3669320427
v    -3.0167491225     0.0943548918    -0.4333200396
v    -2.5792260832     0.1114151713    -0.4326835108
v    -2.4316839754     0.2701626463    -0.4010320974
v    -2.3588620540     0.1177654953    -0.4324037542
v    -1.9164290805     0.6451367934    -0.1757598601
v    -1.9164290805     0.5611442013    -0.2621424144
v    -2.0346721245     0.6256063625    -0.1996555911
v    -4.8461142942     0.3845422901    -0.2379499249
v    -4.8855352005     0.3078264447    -0.3057996406
v    -4.9236956406     0.4194500589    -0.1765942122
v    -1.9164290805     0.1271784075    -0.4316377049
v    -1.9164290805     0.4471100437    -0.3351160669
v    -7.0784442714    -0.0696406658    -0.1044513915
v    -6.9426526902    -0.0300798743    -0.1314693509
v    -7.1771467511    -0.1163234468    -0.1375343744
v    -7.1677938135    -0.1692716741    -0.2325141653
v    -7.2714728939    -0.1662685794    -0.1653003869
v    -6.8107109305     0.0111870524    -0.1412454272
v    -5.5533626003     0.0893827959    -0.3857636665
v    -5.7198264368     0.0533331219    -0.3909727667
v    -5.6583407475     0.1576560576    -0.3388425483
v    -6.7438518578    -0.0756637438    -0.3051563011
v    -6.6474411078    -0.1752069545    -0.3923680812
v    -6.7810315899    -0.2050305324    -0.3812910435
v    -7.4205115229    -0.2651773134    -0.2086011514
v    -7.4735192041    -0.3699704125    -0.2637181460
v    -7.5298819972    -0.3023082123    -0.1852523118
v    -5.6268891598    -0.0796449923    -0.4328171480
v    -7.4738410841    -0.2258315324    -0.1065646185
v    -7.7413030986    -0.4240344701    -0.1647133983
v    -5.4566425598     0.2195747040    -0.3158892294
v    -5.4710999293     0.3131946410    -0.2170744792
v    -5.3377297124     0.2751627621    -0.2829911401
v    -7.7912580217    -0.3864933012    -0.0894515654
v    -7.8880704851    -0.4436495308    -0.0695053989
v    -7.7129831889    -0.3247889633    -0.0538832679
v    -5.1437556589     0.3333349684    -0.2516268958
v    -5.0528087437     0.3936219700    -0.1899423206
v    -5.0151840525     0.2925666993    -0.3053691918
v    -6.0911395117     0.2062693164    -0.2020974731
v    -5.9765947862     0.1651096413    -0.2855957382
v    -6.1113076202     0.1092014035    -0.3111230339
v    -5.6555933491     0.3376014251    -0.1107955475
v    -5.2357908121    -0.0177687681    -0.4295719208
v    -5.0882387350    -0.0554672272    -0.4371410686
v    -6.5867074185    -0.0592047761    -0.3363067692
v    -6.9914426320    -0.1944498450    -0.3232805809
v    -7.0194333828    -0.0931281658    -0.2081589023
v    -6.9431164812    -0.0975925430    -0.2528694485
v    -4.6398395860     0.2190609940    -0.3747739517
v    -4.7786421195     0.2527552165    -0.3506285947
v    -4.6299355605     0.3222477402    -0.3165835267
v    -5.4134149917    -0.0858051712    -0.4370882724
v    -5.6891720755     0.2561795976    -0.2441149888
v    -5.5772155739     0.2093299291    -0.3094262830
v    -5.5727919025     0.2952188035    -0.2191086207
v    -5.1706828362     0.4101784475    -0.1264656047
v    -6.6383577548     0.0127015756    -0.2465502182
v    -6.5215046490     0.0476445705    -0.2500517515
v    -6.5764984900     0.0915370709    -0.1294688363
v    -4.9323298656     0.1578657753    -0.3883818770
v    -5.1037284456     0.2145907369    -0.3513061680
v    -6.9647277708    -0.3002886134    -0.3816232649
v    -6.8619492046    -0.2957243128    -0.3989184368
v    -5.8785759426     0.0114339987    -0.3979500778
v    -5.8611284116     0.1234721988    -0.3389915549
v    -6.0045030249     0.0613160534    -0.3620959852
v    -6.4707743198    -0.0901087669    -0.3805650099
v    -6.5292434757    -0.1767650619    -0.4103938947
v    -6.8561102076    -0.0522220449    -0.2347821606
v    -6.8675048845    -0.1354381751    -0.3172918576
v    -5.2578677063     0.3451625035    -0.2177510850
v    -6.7242399313     0.0044416650    -0.2167905148
v    -6.6973526842     0.0499107509    -0.1369432112
v    -5.2295794503     0.1257537650    -0.3880168865
v    -5.2257533228     0.2510648353    -0.3165235406
v    -5.3328989852     0.1866817364    -0.3505809281
v    -6.2263954842     0.1391273830    -0.2497523643
v    -6.2355815971     0.0591361923    -0.3277818414
v    -6.3729696987     0.0772897804    -0.2711349009
v    -6.0923562091    -0.1514727919    -0.4337515111
v    -5.0828146193     0.0849157343    -0.4085603878
v    -4.9381540753    -0.0203643056    -0.4343215813
v    -2.1581084948     0.6005544428    -0.2249242139
v    -2.0446171452     0.5145158541    -0.2956355200
v    -2.7984618149     0.1037159765    -0.4329697097
v    -2.7323419210     0.2715334373    -0.3983715754
v    -5.7581594895     0.1709813444    -0.3166640141
v    -5.8399112819     0.2322682069    -0.2400392862
v    -5.3853223175     0.0778465927    -0.3994128275
v    -2.7198930331     0.4444253475    -0.3275201632
v    -2.8782217082     0.3962072146    -0.3490056735
v    -4.6361611194     0.0941660157    -0.4173133890
v    -4.7729155917     0.1467341322    -0.3984109986
v    -7.6606277517    -0.4280592874    -0.2103658266
v    -4.7476792946     0.3516413045    -0.2828969583
v    -6.4401712884    -0.0032033502    -0.3290610240
v    -6.1486944389    -0.0244072675    -0.3916273542
v    -6.0071352734    -0.0484138817    -0.4117756058
v    -7.2038028440    -0.3248920320    -0.3335428933
v    -4.3468902434     0.2752650499    -0.3609725543
v    -4.4926672831     0.2962356563    -0.3424078480
v    -4.4793224367     0.0177215589    -0.4338411250
v    -4.6639367057    -0.0356980537    -0.4385367856
v    -2.2878814221     0.5696355596    -0.2511050243
v    -2.1839414654     0.4914033272    -0.3091680874
v    -2.2660006341     0.2627575235    -0.4038893548
v    -6.3635826802    -0.0904030339    -0.3967929532
v    -6.3879502957    -0.1932085510    -0.4289928435
v    -2.5687131720     0.4906433263    -0.3033643000
v    -6.2964085821    -0.0232060353    -0.3723526203
v    -5.5068059907     0.3592842976    -0.1221164345
v    -5.3781247458     0.3438612610    -0.1934760460
v    -4.7982467552     0.0199715005    -0.4298866274
v    -2.9036212102     0.2524241445    -0.4022150543
v    -6.0168260955     0.2644452537    -0.1138873827
v    -6.0863488392     0.2561137117    -0.0857966516
v    -7.2125120229    -0.2300946400    -0.2730512392
v    -7.3010883938    -0.2605467157    -0.2616934396
v    -6.2357933728    -0.1605139221    -0.4302820289
v    -7.1039543145    -0.1208595676    -0.2015317295
v    -6.3420994864     0.1456592937    -0.1837968330
v    -6.2305586538     0.1910136221    -0.1630873967
v    -6.8939282627    -0.2201535425    -0.3643946811
v    -7.1122568731    -0.2279934485    -0.3081138479
v    -7.0701389566    -0.3008425893    -0.3587704148
v    -5.3787799602     0.3901900782    -0.0924231863
v    -7.0615953106    -0.1577650248    -0.2680491520
v    -5.2808181807     0.3936877425    -0.1264284976
v    -7.2362026598    -0.1206943059    -0.0758214566
v    -7.3849805130    -0.1953361442    -0.1270965050
v    -7.3418834181    -0.2156167816    -0.1948359123
v    -4.5120759479     0.1660000012    -0.3997335134
v    -4.9680453599     0.3617234501    -0.2461642098
v    -7.6403573330    -0.3534880377    -0.1692439114
v    -5.8802065162    -0.1219678380    -0.4343028436
v    -5.7688014520    -0.0668767418    -0.4268758598
v    -7.6277318048    -0.2982564896    -0.1027266712
v    -6.4598254741     0.1194187838    -0.1574381866
v    -6.3919516672     0.1634156232    -0.0860163091
v    -7.3208686036    -0.3504498880    -0.3091079626
v    -6.2973912499     0.1954198143    -0.0874123843
v    -7.5664294615    -0.3836623618    -0.2314368895
v    -5.8270349441     0.3044287610    -0.1137098798
v    -5.9812175000    -0.1477252175    -0.4359845276
v    -5.7507787361     0.2921483316    -0.1747292680
v    -7.3432253512    -0.1617755027    -0.0749700933
v    -5.4996585580     0.0006194177    -0.4191212993
v    -7.1139321188    -0.3658773198    -0.3681036998
v    -5.9474985398     0.2478109790    -0.1852796274
v    -6.1767387749     0.2311918647    -0.0923860653
v    -7.5613921324    -0.2511317414    -0.0592369159
v    -5.4634995616     0.3851715220    -0.0539303700
v    -7.7099120901    -0.3535487037    -0.1180366738
v    -7.8268837411    -0.4561046950    -0.1311122760
v    -7.5950880751    -0.4478845406    -0.2464657743
v    -7.5502192449    -0.2658199779    -0.1166224607
v    -7.3957621838    -0.3993990935    -0.3031254441
v    -7.3854741979    -0.3198110109    -0.2699828914
v    -5.9364099636     0.2918921351    -0.0788620504
v    -6.6656957159     0.0765291838    -0.0659203980
v    -7.2764037824    -0.3938037090    -0.3359486462
v    -5.2841138851     0.4135377942    -0.0564396576
v    -6.4774052515    -0.2542544379    -0.4345127783
v    -1.2095860222    -0.7934782609    -0.0000000000
v    -1.3111544084    -0.7934782609    -0.0000000000
v    -1.2507981387    -0.7708322417    -0.1103014439
v    -1.7332893097    -0.7830232114    -0.0742140797
v    -1.6633136375    -0.7548305579    -0.1411180383
v    -1.6146568278    -0.7934782609    -0.0000000000
v    -0.8364268548    -0.7720194378    -0.1097644498
v    -0.9435334930    -0.7666283916    -0.1217534955
v    -0.8610063980    -0.7049510657    -0.2168673513
v    -0.0588854437    -0.7799058815    -0.0921397941
v    -0.1591806375    -0.7934782609    -0.0000000000
v    -0.1528023456    -0.7772963816    -0.0998332867
v    -1.0568582454    -0.7617508776    -0.1312822249
v    -1.1675992066    -0.7267456870    -0.1867732823
v    -1.0910208808    -0.6857928073    -0.2345477443
v    -1.1564825264    -0.7781079245    -0.0915742474
v    -1.0188381768    -0.4945180675    -0.3642710761
v    -1.1221932718    -0.4085576519    -0.3962576823
v    -0.9453552344    -0.3469991751    -0.4187390886
v    -0.5586923930    -0.5728568723    -0.3317701657
v    -0.4378391915    -0.6048858967    -0.3129846642
v    -0.5168311135    -0.6646155184    -0.2632390161
v    -0.3220047705    -0.7664782893    -0.1268740105
v    -0.2674402760    -0.7934782609    -0.0000000000
v    -0.3747818160    -0.7934782609    -0.0000000000
v    -1.5614899777    -0.7138473194    -0.1999254651
v    -1.5647360798    -0.7742085244    -0.1007155605
v    -1.7597878143    -0.4488473648    -0.3732928935
v    -1.7008904064    -0.5836886470    -0.3079791269
v    -1.8193313521    -0.5720746019    -0.3144242956
v    -1.7206986947    -0.1897167988    -0.4355424644
v    -1.6292052431    -0.3318677706    -0.4107280447
v    -1.7981638836    -0.3032121636    -0.4161317573
v    -0.4011013684    -0.7018686938    -0.2267439861
v    -1.5669024206    -0.6092754335    -0.2923743857
v    -1.6483697546    -0.6769255319    -0.2380378820
v    -1.8429545333    -0.7782867257    -0.0891289212
v    -0.6255025116    -0.7561459399    -0.1456580397
v    -0.6431517416    -0.6700076986    -0.2561351203
v    -0.5227595572    -0.7299233253    -0.1893502049
v    -1.8147637330    -0.6676248915    -0.2458123665
v    -0.1103676087    -0.6813237389    -0.2539199168
v    -0.1026165257    -0.7453805230    -0.1704263508
v    -0.2053265534    -0.7384982194    -0.1804514358
v    -1.7901999251    -0.7436295170    -0.1592141442
v    -1.4653158917    -0.6523046336    -0.2609735347
v    -0.6036974616    -0.4507894763    -0.3922773436
v    -0.4554901200    -0.4676215414    -0.3889505728
v    -0.9905548108    -0.1956767559    -0.4472851689
v    -1.1435539234    -0.2939443089    -0.4272072167
v    -1.1474509454    -0.1949813997    -0.4437814237
v    -0.9228831114    -0.6051813496    -0.3036349407
v    -0.7869946685    -0.6250969449    -0.2915758543
v    -0.1940674166    -0.4408107381    -0.4070708198
v    -0.0307220187    -0.5078334792    -0.3810958538
v    -0.1373601689    -0.5741984995    -0.3403322957
v    -1.8152327048    -0.7934782609    -0.0000000000
v    -1.3600695018    -0.6912566052    -0.2261923067
v    -1.3550424984    -0.7656340553    -0.1214955314
v    -1.4659700111    -0.7473152151    -0.1546405299
v    -1.0044530507    -0.7934782609    -0.0000000000
v    -1.4128006311    -0.7934782609    -0.0000000000
v    -1.2685835410    -0.7155929759    -0.2000022199
v    -1.7150895456    -0.7934782609    -0.0000000000
v    -1.5139066670    -0.7934782609    -0.0000000000
v    -0.8643937973    -0.4963363333    -0.3665472268
v    -0.9009026101    -0.7934782609    -0.0000000000
v    -0.7441913870    -0.7233141599    -0.1957392050
v    -0.7343752020    -0.7773282597    -0.0960325308
v    -1.7292900500    -0.6940438412    -0.2209027482
v    -0.4812471759    -0.7934782609    -0.0000000000
v    -0.4299827017    -0.7688029283    -0.1205443474
v    -0.5873302205    -0.7934782609    -0.0000000000
v    -0.5287411389    -0.7785578627    -0.0935489426
v    -0.7972015272    -0.7934782609    -0.0000000000
v    -0.6926967709    -0.7934782609    -0.0000000000
v    -1.1073572193    -0.7934782609    -0.0000000000
v    -0.2111717267    -0.6532669081    -0.2790297940
v     0.0609822011    -0.7802820984    -0.0916335173
v    -0.0502538585    -0.7934782609    -0.0000000000
v     1.3254488820    -0.7934782609    -0.0000000000
v     1.3831742024    -0.7736621802    -0.1228300622
v     1.4478846232    -0.7934782609    -0.0000000000
v    -0.9776849821    -0.6945703464    -0.2268643717
v     4.6008648893    -0.1023274004    -0.5977546544
v     4.6575816397    -0.1082517843    -0.5974430061
v     4.5083357379    -0.1050147767    -0.5978087895
v     4.6933348127    -0.0996797808    -0.5972684020
v     4.8052522322    -0.1097386032    -0.5961093191
v    -1.3636549201    -0.6084746645    -0.2949739319
v    -0.7001217225    -0.5478779437    -0.3435875924
v    -1.0660420990    -0.6027012801    -0.3030003858
v    -1.2191841927    -0.6318869845    -0.2798615928
v    -0.8493514578    -0.1960558316    -0.4507764752
v    -1.1803146611    -0.5169114665    -0.3507282947
v    -1.2944744747    -0.3939945172    -0.3978624501
v    -0.6626707216    -0.3189757325    -0.4330349014
v    -0.7628084844    -0.4151539908    -0.4018723323
v    -0.7928621726    -0.2895615625    -0.4363700611
v    -1.4453474270    -0.5104156268    -0.3499803799
v    -1.5891891329    -0.4775501655    -0.3630998414
v    -1.4538305299    -0.3453082407    -0.4094579275
v    -1.3090638342    -0.5330783017    -0.3405732914
v    -0.7059013526    -0.1962158940    -0.4546091513
v    -0.5533334499    -0.1961510074    -0.4589625256
v    -0.3915384085    -0.1958229613    -0.4638527797
v    -0.5114048805    -0.3269740417    -0.4351720151
v    -0.3588134775    -0.5476928751    -0.3512789471
v    -0.0743729841    -0.3862286645    -0.4304933311
v    -0.1682769580    -0.3032456928    -0.4511561587
v    -0.2897916603    -0.7064932709    -0.2229750426
v    -0.3205888570    -0.6331269106    -0.2939761434
v    -0.3418731242    -0.3345678736    -0.4380380225
v    -0.3205467299    -0.4603353804    -0.3955742314
v    -0.2482161391    -0.5530993942    -0.3507319427
v    -0.0338594455    -0.6357160565    -0.2976537663
v    -0.2258498058    -0.1952214633    -0.4691144748
v    -0.0621761580    -0.1943772469    -0.4745296400
v    -0.0152913894    -0.2848784216    -0.4601743080
v     0.0042120857    -0.7296172532    -0.1966460983
v    -0.2305389810    -0.7822972314    -0.0827487856
v    -1.3265234270    -0.1938172838    -0.4403458807
v    -1.5253504315    -0.1920280423    -0.4373784904
v     0.2598375821    -0.1920419235    -0.4856969068
v     0.2072439957    -0.3587760255    -0.4479200968
v     0.0995323668    -0.1933076107    -0.4800622136
v     0.0658456914    -0.3753883788    -0.4382889602
v     0.1723853353    -0.7775309897    -0.1013916264
v     0.2776100930    -0.7864620365    -0.0680689264
v     0.1701147816    -0.7934782609    -0.0000000000
v     1.2056995191    -0.7934782609    -0.0000000000
v     1.1989369362    -0.7849021076    -0.0802392218
v     0.1262019905    -0.7262705989    -0.2032083332
v     0.3091527349    -0.7045764373    -0.2348449720
v     0.2410313829    -0.7459935248    -0.1735056376
v     0.2047883083    -0.6444956238    -0.2951084700
v     0.1289768765    -0.5116222769    -0.3834094909
v     0.0697320851    -0.6319678790    -0.3029291685
v     0.7332448691    -0.1871578259    -0.5029837151
v     0.7167310169    -0.3077697442    -0.4790611068
v     0.5773012460    -0.1889508806    -0.4972040228
v     1.0379859609    -0.1831504787    -0.5144249709
v     1.0346911752    -0.3685609080    -0.4717226787
v     0.8864959610    -0.1852267838    -0.5087190661
v     0.5475583189    -0.3472300458    -0.4624216219
v     0.4190099966    -0.1905854203    -0.4914162634
v     1.0574415624    -0.7206970808    -0.2254002732
v     0.9866930051    -0.6331960484    -0.3221716812
v     1.1476413454    -0.6646406999    -0.2955489265
v     1.0853235412    -0.5563108412    -0.3831179555
v     1.2715393604    -0.6074667021    -0.3505463453
v     0.8556576227    -0.3847231736    -0.4602962022
v     0.8312621880    -0.5545969329    -0.3774582477
v     0.8691668581    -0.6573747721    -0.2971127570
v     0.7212764592    -0.6448265632    -0.3058406115
v     0.3787623167    -0.3785531816    -0.4470481424
v     0.5404247449    -0.4908719351    -0.4055708045
v     1.3087634429    -0.2412989661    -0.5145809751
v     1.3491592816    -0.3831351259    -0.4768829720
v     1.2291356004    -0.3866849657    -0.4717131659
v     1.4749109545    -0.5404962993    -0.4037898483
v     1.3451427308    -0.5108647178    -0.4180578553
v     1.4580885676    -0.4323308082    -0.4606776023
v     0.7362324507    -0.7934782609    -0.0000000000
v     0.6212012981    -0.7934782609    -0.0000000000
v     0.6136895249    -0.7770512770    -0.1061591753
v     1.4511458552    -0.7762213190    -0.1152830178
v     1.4601603676    -0.7263091624    -0.2230434094
v     1.2887089654    -0.7642832855    -0.1475394685
v     1.3631198032    -0.7047246404    -0.2526731316
v     1.4713248301    -0.6437308974    -0.3231838882
v     1.1802692063    -0.4898639176    -0.4247746794
v     0.9317064743    -0.7233321655    -0.2195623695
v     0.8752258247    -0.7737579380    -0.1183112864
v     0.7984766247    -0.7172907099    -0.2261694186
v     0.7523000326    -0.7733867100    -0.1183669396
v     0.8522066230    -0.7934782609    -0.0000000000
v     1.0869190625    -0.7934782609    -0.0000000000
v     0.9937060753    -0.7744004947    -0.1173740825
v     0.9690707065    -0.7934782609    -0.0000000000
v     0.0594681034    -0.7934782609    -0.0000000000
v     0.5070721876    -0.7934782609    -0.0000000000
v     0.5398371676    -0.7217358359    -0.2158378599
v     0.6621399179    -0.7198401246    -0.2204246245
v     0.5719109979    -0.6241034213    -0.3205112824
v     0.6998378962    -0.4508076590    -0.4291907000
v     0.3592355124    -0.7649265168    -0.1367127467
v     0.4171926755    -0.7106851259    -0.2289010067
v     0.4760863764    -0.7727039086    -0.1179848966
v     0.3938675946    -0.7934782609    -0.0000000000
v     0.2755957897    -0.5124258841    -0.3869788476
v     0.6710831449    -0.5592141269    -0.3702468873
v     0.2816267122    -0.7934782609    -0.0000000000
v     1.0964769653    -0.7732471616    -0.1216753016
v     1.1775460605    -0.7429906517    -0.1909134210
v     0.4230430220    -0.5483662025    -0.3705068839
v     1.1554996667    -0.2799937161    -0.5009659906
v     1.1839901642    -0.1810093685    -0.5199394971
v     0.3361456544    -0.6264087585    -0.3132984225
v     0.4670522963    -0.6506394736    -0.2950693027
v     0.9549615483    -0.4959724181    -0.4149905707
v     1.2590755051    -0.7015059625    -0.2550965563
v    -0.6556237781    -0.7859698464    -0.0660872104
v     1.4054337356    -0.3280106132    -0.4968150739
v    -1.4388979571    -0.7833203441    -0.0737474601
v    -1.2873488984     0.5000000000     0.3623098416
v    -1.3353982303     0.4736857929     0.3477036007
v    -1.2956221721     0.4357951647     0.3460195328
v    -1.3896926518     0.4634018711     0.3302810315
v    -1.3839483523     0.5000000000     0.3369516835
v    -1.4794558688     0.5000000000     0.3077839761
v    -1.2174826594     0.4577847900     0.3723238673
v    -1.1022220033     0.3958293132     0.3679598805
v    -1.1274107372     0.4484006167     0.3874362193
v    -1.1995323983     0.4138032796     0.3581324733
v    -1.0914916522     0.5000000000     0.4012385274
v    -1.1898462985     0.5000000000     0.3837941863
v    -1.0501929025     0.4412052730     0.3978155672
v    -0.9924745660     0.5000000000     0.4143010402
v    -0.8924919179     0.5000000000     0.4224927853
v    -0.9409981088     0.4598113004     0.4154100607
v    -0.7874850133     0.5000000000     0.4249792726
v    -0.8421866225     0.4624119680     0.4218121153
v    -0.8115300170     0.4155425745     0.4122137688
v    -0.7162082854     0.4266707432     0.4170168970
v    -0.8869372334     0.4302323760     0.4124653599
v    -0.9919114296     0.4368832790     0.4042894466
v    -0.1893648849     0.5000000000     0.4119634120
v    -0.3640972171     0.5000000000     0.4169662658
v    -0.2558621717     0.4325160822     0.4110782449
v     0.1197779412     0.3972846301     0.3968346312
v     0.0620583226     0.4447107542     0.4028193443
v    -0.0335118610     0.3829691594     0.3991863052
v     0.2819432744     0.4128746470     0.3936999446
v     0.1845645650     0.5000000000     0.4006057848
v     0.3791193433     0.5000000000     0.3948197543
v    -0.0057712166     0.5000000000     0.4064144274
v     0.4516560228     0.4287034086     0.3900600435
v     0.5738065763     0.5000000000     0.3893698707
v     0.6237410612     0.4435131330     0.3862959896
v     0.7628169123     0.5000000000     0.3845813989
v     0.7943208809     0.4574194145     0.3827824100
v     0.9449362287     0.5000000000     0.3806160756
v     0.9626618945     0.4695235145     0.3796838005
v     1.1197589067     0.5000000000     0.3776051457
v     1.1278052894     0.4798283943     0.3772092089
v     1.2870212086     0.5000000000     0.3756821490
v     1.2890750556     0.4881431242     0.3755602144
v     1.4467213115     0.5000000000     0.3750000000
v     1.4467213115     0.4944607339     0.3749749723
v    -1.0016767003     0.3806932556     0.3763866232
v    -0.9440495304     0.4081699337     0.3990222846
v    -0.8971189084     0.3680681722     0.3837551749
v    -0.7898959907     0.3584479622     0.3899741363
v    -0.6792069502     0.3532312520     0.3946277260
v    -0.6022664494     0.4262788890     0.4168409209
v    -0.6673191664     0.5000000000     0.4238113198
v    -0.5630614552     0.3522323876     0.3978908680
v    -0.4765453807     0.4255589851     0.4151732296
v    -0.5259120077     0.5000000000     0.4210588708
v    -0.4411719957     0.3550206138     0.3999318985
v    -0.3625383155     0.4167002164     0.4118624865
v    -0.3132853404     0.3612851166     0.4008074150
v    -0.1775205920     0.3707541645     0.4005442320
v    -0.1980069920     0.9340427057     0.1602808839
v    -0.1345698852     0.9696292835     0.0743927180
v    -0.2574089248     0.9664199710     0.0000000000
v     0.1818995961     0.9969069064     0.0000000000
v     0.1583075086     0.9830814072     0.0893450671
v     0.2890613701     1.0004361034     0.0000000000
v    -1.2868983592     0.7278888043    -0.0000000000
v    -1.2199481692     0.7339402799     0.1110804032
v    -1.1774522380     0.7463310324    -0.0000000000
v    -1.3480017330     0.7175224817     0.0569564555
v     1.4467213115     0.6353351341     0.3595338473
v     1.2543271315     0.6943303931     0.3457727083
v     0.4391128721     0.9566848339     0.1659302975
v     0.5260871091     0.9895021421     0.0927217690
v     0.3955170057     1.0027609818     0.0000000000
v     0.7706526790     0.9760419364     0.1236097174
v     0.8812486128     0.9653283055     0.1410619443
v     0.8156222222     1.0020669729     0.0000000000
v     1.3155933175     0.9452419607     0.1459381542
v     1.3793544909     0.9036771461     0.2024381442
v     1.4467213115     0.9582876706     0.0988719781
v     1.0723331788     0.9641620246     0.1309420347
v     1.1457025239     0.9829738330     0.0708030615
v     1.0241635976     0.9965156501     0.0000000000
v     1.3394797737     0.9818289272     0.0000000000
v     1.4467213115     0.9750000000    -0.0000000000
v     1.4467213115     0.7468189570     0.3203930800
v     1.3648480599     0.7542167868     0.3188427384
v     0.4901444097     0.6737198892     0.3728818077
v     0.8534591796     0.6521298527     0.3671335073
v     0.3652734338     0.7017292663     0.3689072193
v     1.0860897167     0.6667584211     0.3577056716
v     0.9825840487     0.6149246174     0.3709520684
v     0.7210779470     0.7110005903     0.3551311163
v     0.6363006577     0.6080058469     0.3808679438
v     1.0894880421     0.7854701860     0.3113780778
v     1.1890202957     0.8288311223     0.2809047735
v    -0.7295253485     0.8776866083     0.0000000000
v    -0.7170283715     0.8709995996     0.0964011194
v    -0.6051033701     0.9115525475     0.0000000000
v    -0.3111197341     0.6056645055     0.4075046337
v    -0.4551021939     0.5879280974     0.4128602613
v    -0.9541134602     0.7272303551     0.2784750155
v    -1.0801085162     0.7413719526     0.1943775832
v    -1.0660941464     0.6941690969     0.2917075232
v    -1.0212523781     0.6453634196     0.3540211762
v    -0.0810030411     0.8793249574     0.2553386852
v     0.0793812314     0.9229475885     0.2078363464
v    -0.0480993870     0.9516417026     0.1460863961
v     0.0500366808     0.9754458553     0.0983648309
v    -0.0353632888     0.9855112177     0.0000000000
v    -0.1538074836     0.6215599881     0.4014459642
v    -0.9153803508     0.6379219940     0.3775013042
v    -0.6053276303     0.5921292552     0.4133653531
v     1.3045230507     0.8378104580     0.2696310748
v     0.9530451767     0.8658966427     0.2616704001
v     0.8196533183     0.8967189351     0.2378477133
v     0.7111495624     1.0035963720     0.0000000000
v     0.6064250526     1.0042580027     0.0000000000
v     0.6499835793     0.9723463183     0.1352486363
v     0.3348356965     0.9012682053     0.2416587760
v     0.4413361693     0.8389475337     0.2978324709
v     0.2765100071     0.6054712411     0.3918096679
v    -1.0337982379     0.7759957556    -0.0000000000
v    -0.9467767212     0.7866405749     0.1337676753
v    -0.8690223511     0.8240543239    -0.0000000000
v     0.2371399594     0.9598766537     0.1543730873
v     0.2079393967     0.8945040595     0.2480627874
v    -0.5792109086     0.8950182570     0.1309822476
v    -0.4861270130     0.9351452007     0.0000000000
v    -1.0939024146     0.7593243018     0.0877828057
v    -0.8578054359     0.7724006141     0.2410327483
v    -0.3561708815     0.8877217001     0.2156061661
v    -0.2245363650     0.8725701185     0.2530078840
v    -1.3294700564     0.7028791968     0.1714107752
v     0.6049106407     0.7105492336     0.3588925224
v     0.5780627325     0.8119940673     0.3129609521
v    -1.3387036256     0.5846789259     0.3236441726
v    -0.5104580683     0.8405854846     0.2555640985
v    -0.4016424329     0.7924810174     0.3205580389
v    -1.0400746288     0.5684285423     0.3959795526
v    -0.9632994152     0.5736006985     0.4040955198
v    -0.2997600102     0.8200657089     0.3032046112
v    -0.1830908128     0.8071114131     0.3201542797
v    -0.0762970039     0.7563093703     0.3550434374
v    -0.2825179828     0.7231146691     0.3707834847
v    -0.4109754065     0.6891863672     0.3844067110
v    -0.5155620152     0.7524526384     0.3437312397
v     0.2757772250     0.8153768348     0.3172135181
v     0.1360920819     0.8453697858     0.2950704963
v     0.0277668885     0.8277095770     0.3085831574
v    -1.4352720163     0.6765498565     0.1848139836
v    -1.4277582032     0.7032496239     0.0843057425
v    -1.3805987851     0.6485486254     0.2527551650
v     0.0781459572     0.6161723936     0.3962223563
v     1.2337551908     0.9876193158     0.0000000000
v     1.1288049596     0.9924936902     0.0000000000
v    -0.7316440547     0.6111540936     0.4063432449
v    -0.7224750823     0.7097761458     0.3540052753
v    -0.8307915367     0.6983410948     0.3447363588
v     1.1835884874     0.9449194751     0.1580681516
v     1.2519177005     0.9755790968     0.0797987804
v     0.9199416560     0.9997010751     0.0000000000
v     0.9771353159     0.9849416198     0.0862561028
v     0.5012363564     1.0040029123     0.0000000000
v     0.5555844061     0.9224738584     0.2155068479
v     0.3444995417     0.9885645617     0.0891825729
v     0.0738205703     0.9920067530     0.0000000000
v    -0.6269914567     0.6875555762     0.3775186732
v    -0.1456908666     0.9771254253     0.0000000000
v    -0.3707667077     0.9527622586     0.0000000000
v    -0.3029750809     0.9462105427     0.1019195705
v     0.6885695000     0.8624354125     0.2734922545
v    -1.5153467002     0.6849249006     0.1066737801
v    -1.5694474835     0.6509664541     0.1684884715
v    -1.5054368645     0.6459646656     0.2070448868
v    -0.1741548144     0.7279143394     0.3691254595
v    -1.2268523531     0.6002101520     0.3432146290
v     1.4467213115     0.8414667853     0.2605711189
v    -1.2265566452     0.6653430269     0.2823007571
v    -1.2984127059     0.6563480519     0.2709693860
v    -0.5242475238     0.6628732353     0.3930261343
v    -0.6267645083     0.7739661265     0.3120308052
v    -1.4424594446     0.5920916989     0.2865990481
v    -0.3962205217     0.9349875007     0.1005062634
v     0.0299126195     0.7270468583     0.3678607213
v    -0.0324855595     0.6377165037     0.3955356643
v    -0.6544471518     0.8385907200     0.2203610698
v    -0.7985628605     0.8257707037     0.1607960583
v    -0.7512280145     0.7769025325     0.2799907009
v     0.1766704789     0.6364980686     0.3900726203
v     0.1382951170     0.7504348960     0.3559236371
v     0.2476530173     0.7160673874     0.3674320362
v     0.9870418191     0.9421958135     0.1750044992
v     1.0896033992     0.8926962042     0.2309671495
v    -1.2199468043     0.7094235929     0.2095908109
v     0.3410301689     0.9567718760     0.1640881580
v    -1.5462891860     0.5452825114     0.2760965305
v     1.4467213115     0.9133150923     0.1848223101
v     1.2303804016     0.8981935807     0.2179549954
v     0.9611009933     0.7453791141     0.3347878878
v    -1.1548233660     0.6914695397     0.2683542390
v     1.1870270320     0.5946906493     0.3701259289
v     0.8300345733     0.7954968827     0.3147751849
v    -1.1247932024     0.5864731294     0.3736040763
v    -0.8336461008     0.5941822881     0.4078361308
v    -1.1352764132     0.6472641771     0.3272509279
v    -0.4712128450     0.9064426690     0.1510503161
v    -1.5792901264     0.5998817449     0.2289397894
v    -1.5151052634     0.5983487952     0.2558283768
v     0.7295487651     0.9298489634     0.2024648304
v    -1.2263249188     0.7327505245    -0.1120371662
v    -1.3478874163     0.7175421021    -0.0569071019
v     0.5224646917     0.9928925913    -0.0812304748
v     0.2388833424     0.9593282094    -0.1555305609
v     0.1569922101     0.9830022249    -0.0894401830
v     1.1420967613     0.9823304630    -0.0739269025
v     1.4467213115     0.9582876706    -0.0988719781
v     1.3172549488     0.9457529339    -0.1448245977
v     1.4467213115     0.9133150923    -0.1848223101
v     1.3798905592     0.9038725320    -0.2021621531
v     1.4467213115     0.5000000000    -0.3750000000
v     1.2870090942     0.5000000000    -0.3756822477
v     1.4467213115     0.6353351341    -0.3595338473
v     1.2755102060     0.6927001012    -0.3458602185
v     1.3691698890     0.7551965930    -0.3182486613
v    -0.7326556000     0.8675554372    -0.0899577443
v     1.1323131674     0.7548993194    -0.3252454375
v     1.1926214994     0.8356544273    -0.2758583167
v     1.1780238145     0.6188310365    -0.3663678980
v    -0.5756626158     0.8928281670    -0.1392138860
v    -0.9492723720     0.7355083673    -0.2670154398
v    -1.0126955204     0.6492113428    -0.3525098747
v    -1.0808152325     0.6867401239    -0.2973392304
v    -1.0894476018     0.7396020624    -0.1942321089
v    -0.0628535270     0.8876032782    -0.2465866703
v    -0.0699393417     0.9540326438    -0.1374359208
v     0.0764024683     0.9244646264    -0.2054573299
v     0.0433380450     0.9750116407    -0.0986278350
v    -0.9101201749     0.6404794809    -0.3765666819
v    -0.5258493078     0.5000000000    -0.4210574407
v    -0.6672737466     0.5000000000    -0.4238106245
v    -0.6156970802     0.5912531659    -0.4135548329
v    -0.5305665713     0.6693268445    -0.3903011002
v     1.3077440177     0.8381589230    -0.2692291918
v     1.1197351510     0.5000000000    -0.3776054915
v     1.0531323766     0.6667101844    -0.3585099159
v     0.9449101946     0.5000000000    -0.3806165874
v     0.9351648238     0.5970414394    -0.3746477937
v     0.9683968849     0.8935389602    -0.2354579221
v     0.9355822100     0.9637037047    -0.1412572373
v     1.0587330115     0.9551795237    -0.1493582080
v     0.3792597892     0.5000000000    -0.3948156782
v     0.1847024128     0.5000000000    -0.4006016084
v     0.2749428476     0.6033005448    -0.3921258959
v     0.3685797207     0.6689745907    -0.3776973777
v    -0.8592691778     0.8086759596    -0.1478977827
v    -0.9805908432     0.7799562776    -0.1236951832
v     0.4524446912     0.9622969005    -0.1559502671
v     0.5147909828     0.8904487391    -0.2518674492
v     0.3517951913     0.8950636124    -0.2484711966
v     0.6042068778     0.9499595875    -0.1764627009
v     0.2056848737     0.8959220000    -0.2464384958
v     0.7291257385     0.9834678506    -0.1069419165
v     0.6306387513     0.9925193018    -0.0822675345
v     0.7378978376     0.9235572135    -0.2102294693
v    -0.5312828549     0.8348446150    -0.2591416041
v    -0.6335272386     0.8304193687    -0.2406276407
v    -1.1064836117     0.7570134608    -0.0853894530
v     0.4721331256     0.6068486640    -0.3857746611
v     0.5739074244     0.5000000000    -0.3893671676
v    -1.3474449982     0.6992526249    -0.1723300630
v     0.5971754750     0.7751847806    -0.3328953075
v     0.4616049717     0.8263566698    -0.3064632459
v    -0.9610184643     0.5745368252    -0.4040159746
v     0.6420925247     0.8720187262    -0.2665494134
v     0.7628327961     0.5000000000    -0.3845810225
v     0.6847833590     0.6467899796    -0.3730063861
v     0.8160080073     0.6820771850    -0.3608933579
v    -1.1898344408     0.5000000000    -0.3837965477
v    -1.1238501034     0.5995621947    -0.3664948410
v    -1.0914756705     0.5000000000    -0.4012410081
v     0.2389994225     0.8221648621    -0.3129211545
v     0.1196980440     0.7449626520    -0.3587343664
v     0.1236655783     0.8461433705    -0.2943225277
v     0.0142899372     0.8223794904    -0.3126206332
v    -0.0232890919     0.7106698109    -0.3750566619
v     0.0635713567     0.6136886472    -0.3970002437
v    -0.0056516886     0.5000000000    -0.4064107743
v    -0.0965416230     0.5987370157    -0.4034677974
v     0.7475871062     0.8060798683    -0.3114125330
v    -0.2378921658     0.7377175694    -0.3639667704
v    -0.1348656604     0.8067319334    -0.3218950524
v    -0.1471717763     0.6941054718    -0.3826338858
v     1.1896360039     0.9427980997    -0.1611265086
v     1.2521024533     0.9756580469    -0.0794842725
v     0.9883733249     0.9875824731    -0.0758221776
v    -1.4645110343     0.6534315013    -0.2134582951
v    -1.3656495026     0.6253526326    -0.2836582724
v     0.3469622776     0.9886233796    -0.0891460758
v    -0.7874526409     0.5000000000    -0.4249791892
v    -0.7287034830     0.6002693555    -0.4099496975
v    -0.7265360782     0.7032859902    -0.3583161424
v    -0.6404827068     0.6768663727    -0.3823923612
v    -0.8278836324     0.7761331602    -0.2493047810
v    -0.7291391631     0.8352866814    -0.1917324026
v    -0.3640136015     0.5000000000    -0.4169639843
v    -0.2634159431     0.6165208199    -0.4046879221
v    -0.1892624110     0.5000000000    -0.4119603719
v    -0.3397374035     0.7276423132    -0.3675832471
v     1.4467213115     0.7468189570    -0.3203930800
v     1.4467213115     0.8414667853    -0.2605711189
v    -0.2996971698     0.8251158647    -0.2984262220
v    -0.3218997174     0.8984682023    -0.2042263138
v    -0.1947861562     0.8994982016    -0.2201097130
v    -0.8329507618     0.7110166580    -0.3323351699
v    -0.7281910973     0.7757435201    -0.2883681651
v    -0.2983631012     0.9437112950    -0.1116794490
v    -1.4272914343     0.7033376876    -0.0841750361
v    -0.4064166872     0.6531615755    -0.3974749739
v    -0.4523691854     0.7749091279    -0.3312859642
v    -0.6045829054     0.7626937799    -0.3260305737
v    -0.4299362715     0.8694270844    -0.2302631654
v    -0.4335510940     0.9205100032    -0.1292405110
v    -0.8127518561     0.6407242323    -0.3882829104
v     0.4738882124     0.7296787372    -0.3562411640
v     0.5692734440     0.6495522639    -0.3758690279
v     0.8830140738     0.8118846494    -0.3033576092
v     0.8502181196     0.9071376898    -0.2257157592
v     0.1741743139     0.6377954036    -0.3899102589
v     0.2540612738     0.7234296465    -0.3646221214
v     0.3566937568     0.7910773007    -0.3308476019
v    -0.4629709852     0.5807322023    -0.4140736796
v     0.3465246491     0.9563785369    -0.1649310085
v    -1.5461123157     0.5451124889    -0.2762262736
v    -1.5792862938     0.5998542939    -0.2289661191
v    -1.2265830340     0.7072174388    -0.2118393296
v     1.2478999075     0.8992962131    -0.2157454641
v     0.9363911936     0.7162036178    -0.3467642033
v    -1.2199997743     0.6427365791    -0.3097642982
v    -1.1548412645     0.6983394925    -0.2573543718
v    -1.5694183558     0.6510124806    -0.1684190992
v     0.8264130850     0.9721185328    -0.1298587407
v     1.0734814923     0.8635426508    -0.2588206909
v     1.0077200920     0.7936355741    -0.3097080122
v    -0.9924543995     0.5000000000    -0.4143032169
v    -1.0374322631     0.5706580484    -0.3955316125
v    -1.5153476471     0.6849247105    -0.1066738366
v     1.1282288374     0.9072581961    -0.2132804496
v    -0.3972479776     0.9437686974    -0.0612585087
v    -0.1811258689     0.9528206553    -0.1188143035
v    -0.8356741548     0.5711659309    -0.4150645706
v    -0.8924666434     0.5000000000    -0.4224941695
v    -1.4492270523     0.5767421291    -0.2944866654
v    -1.4794558688     0.5000000000    -0.3077839761
v     0.8770108473     0.9926662103    -0.0679950556
v    -1.2963241492     0.6710142918    -0.2516337006
v    -1.3115864130     0.5736260499    -0.3373247796
v    -1.2873410927     0.5000000000    -0.3623117264
v    -1.3839445704     0.5000000000    -0.3369527565
v    -0.2212450241     0.9651168526    -0.0580345532
v    -1.2259356580     0.5700730292    -0.3602884166
v     1.4467213115     0.4944607339    -0.3749749723
v     1.5919060288     0.5000000000    -0.3744155516
v     4.8225164798     0.5000000000    -0.3297862382
v     4.9383118926     0.5000000000    -0.3279786123
v     4.9134780753     0.4716083771    -0.3273824174
v     5.1688222207     0.5000000000    -0.3243713753
v     5.1441611935     0.4644971082    -0.3232002350
v     5.0537442146     0.5000000000    -0.3261734825
v     5.2661961478     0.4733484805    -0.3219632978
v     5.2836658384     0.5000000000    -0.3225711060
v     5.0213868677     0.4556944516    -0.3242658943
v     4.8109248561     0.4858591962    -0.3297243529
v     4.7021387346     0.5000000000    -0.3316613589
v     5.3878965603     0.4822143173    -0.3205418303
v     5.5128316594     0.5000000000    -0.3189762897
v     5.6308024292     0.5000000000    -0.3171263204
v     5.5092960302     0.4910801023    -0.3189321386
v     5.3984328339     0.5000000000    -0.3207709442
v     1.5919060288     0.5000000000     0.3744155516
v     4.9134890851     0.4716062723     0.3273820988
v     5.0213854330     0.4556943428     0.3242659050
v     4.9383118926     0.5000000000     0.3279786123
v     4.8225164798     0.5000000000     0.3297862382
v     4.8109235514     0.4858588293     0.3297243607
v     4.7021387346     0.5000000000     0.3316613589
v     5.0537442146     0.5000000000     0.3261734825
v     5.1441629514     0.4644971834     0.3232002139
v     5.2661592219     0.4733457768     0.3219636991
v     5.1688222207     0.5000000000     0.3243713753
v     5.2836658384     0.5000000000     0.3225711060
v     5.3878504658     0.4822109323     0.3205424039
v     5.5092767389     0.4910784776     0.3189324050
v     5.3984328339     0.5000000000     0.3207709442
v     5.5128316594     0.5000000000     0.3189762897
v     5.6308024292     0.5000000000     0.3171263204
v     1.5906104146     0.5886538465     0.3675257349
v     5.0233916967     0.8146745353     0.1738887592
v     5.1455164330     0.7971943130     0.1922753632
v     6.6205823482     0.6645150570     0.2641736605
v     6.7123307501     0.5795340961     0.2923814455
v     6.7163409552     0.6871875358     0.2504413193
v     5.5724857661     0.5893029087     0.3078676672
v     3.1450135418     0.9015977014     0.0941253173
v     3.2033830779     0.9143927574    -0.0000000000
v     3.0927833741     0.9173088248    -0.0000000000
v     2.0308451492     0.5185522823     0.3698057834
v     1.9375569241     0.6307755164     0.3548251238
v     1.8868643010     0.5124647960     0.3715997436
v     5.3471154204     0.6433337469     0.2950883753
v     5.4665124152     0.6199871735     0.3012227133
v     6.8242951727     0.7848366534     0.1574772543
v     6.8693323511     0.8190446530     0.0615834997
v     6.7704552555     0.8281333625     0.0709405709
v     5.2318320428     0.6005840132     0.3106482799
v     5.2250824528     0.7094109201     0.2648162236
v     5.1248653543     0.6216896607     0.3063874227
v     3.4245555345     0.9086993086    -0.0000000000
v     3.3138163948     0.9115281469    -0.0000000000
v     3.3658020937     0.8787378751     0.1365250231
v     1.5781859911     0.7044670970     0.3363418525
v     1.5507986542     0.8000847827     0.2873244667
v     2.0868630326     0.6231652258     0.3546395570
v     2.1731077513     0.5244380689     0.3678476481
v     1.7410068852     0.5062453711     0.3731715206
v     1.7069098639     0.6615318431     0.3493905142
v     2.2478369637     0.6497731674     0.3449019904
v     2.3138502972     0.5300902922     0.3657608567
v     2.4196811867     0.6527141819     0.3412657824
v     3.0011759381     0.5542285017     0.3541250662
v     3.1361912459     0.5581239731     0.3516696955
v     3.0516134568     0.6298154012     0.3381566125
v     2.8654375891     0.5499971972     0.3565580713
v     2.9213290426     0.6566646080     0.3317263075
v     2.7788319850     0.6225156151     0.3444756000
v     2.7288642130     0.5454487868     0.3589545998
v     2.3271577514     0.7381817054     0.3064196519
v     2.3089052697     0.8297600120     0.2417083997
v     2.2146491170     0.7710823509     0.2894369305
v     3.2683922119     0.8026374755     0.2392797742
v     3.3813510192     0.7983216110     0.2401414219
v     2.4746292170     0.9126284070     0.1161002991
v     2.4287960858     0.9361012459    -0.0000000000
v     2.3639183874     0.9247720763     0.0909962500
v     5.9006591870     0.7769784944     0.1940840302
v     5.8015801966     0.7590091647     0.2148480030
v     5.8973795577     0.7021451297     0.2561389089
v     4.7567475884     0.6539444130     0.3011740461
v     4.7613945007     0.5700995427     0.3247540661
v     4.8726440837     0.5973858612     0.3173081655
v     6.0974649249     0.7073365320     0.2489700697
v     6.0759794372     0.6159616912     0.2924344444
v     6.1755248668     0.6429148112     0.2811415693
v     1.8132493638     0.8470728526     0.2416750285
v     1.9176428670     0.8084557446     0.2709047911
v     1.9242110664     0.8890763014     0.1900533342
v     3.3509924063     0.6914512333     0.3101781976
v     3.4814943850     0.7443847491     0.2786645453
v     5.9499772261     0.8237648324     0.1235994928
v     6.0013710263     0.7546858471     0.2141085041
v     5.6788899402     0.6201262482     0.2976468741
v     5.5759500532     0.6882765832     0.2702904567
v     3.4784422613     0.8917545321     0.0976719478
v     3.4755394925     0.8398659317     0.1933411023
v     3.5890596112     0.8752626044     0.1316963761
v     4.4483137554     0.5286450226     0.3346217824
v     4.5754814762     0.5150768876     0.3333567141
v     4.5258992201     0.6413344969     0.3099206393
v     4.4521767529     0.7412579290     0.2599086468
v     4.3897248758     0.6516895568     0.3084435943
v     4.1918003833     0.5506880746     0.3365325332
v     4.3204499938     0.5405733736     0.3356252694
v     4.2675856492     0.6549139567     0.3093243890
v     4.5577719667     0.7486856388     0.2522337383
v     3.1570249188     0.7632126828     0.2732143688
v     3.2376872653     0.6738342970     0.3198262007
v     5.9090494543     0.6088045227     0.2973216836
v     5.9966329583     0.5269604430     0.3104810351
v     5.9954464412     0.6545153694     0.2793260292
v     5.4640902374     0.7434826756     0.2360239719
v     2.8693852918     0.7455744598     0.2909219304
v     2.9676270216     0.7498538842     0.2861950855
v     1.5417780043     0.9355799151     0.1398131575
v     1.6173859892     0.9545529035     0.0813657595
v     1.5533204289     0.9687053870    -0.0000000000
v     2.7195609352     0.9119197145     0.0983889801
v     2.6013474080     0.9058263448     0.1234785787
v     2.6946517166     0.8586236367     0.1976708608
v     3.0356035986     0.8871731005     0.1373964137
v     3.1528356705     0.8504263415     0.1912428849
v     3.0423158213     0.8139394000     0.2350768485
v     2.9078076667     0.8160054702     0.2369514463
v     4.7927549954     0.8574635187     0.1049784273
v     4.7354747476     0.8777606734    -0.0000000000
v     4.6823088820     0.8617852987     0.1001321584
v     2.8220882887     0.8780502200     0.1646956344
v     2.9431102542     0.8679058840     0.1751136173
v     2.9204621255     0.9087171696     0.0907367153
v     2.6493960578     0.9295676351    -0.0000000000
v     6.2061438507     0.7523128818     0.2115285941
v     6.2828086493     0.6603377890     0.2717644124
v     2.1238636903     0.7099091459     0.3243262898
v     3.2515072529     0.8885451710     0.1217341338
v     2.5390259982     0.9327928969    -0.0000000000
v     6.1047067324     0.7790083484     0.1862537241
v     6.1579905598     0.8236923723     0.1144252790
v     6.0541828647     0.8235385673     0.1194595965
v     1.8793369383     0.9545231906    -0.0000000000
v     1.7705007235     0.9587970921    -0.0000000000
v     1.8215492354     0.9297564014     0.1268991518
v     1.5005286522     0.9653986734     0.0610913219
v     1.7141326464     0.9459155004     0.0959823814
v     1.6390412347     0.9214713589     0.1575269795
v     2.1549350394     0.9259785916     0.1073027941
v     2.1605350296     0.8617167579     0.2139539255
v     2.2653025590     0.8971788824     0.1606097594
v     2.3178169469     0.9395333358    -0.0000000000
v     6.3643552903     0.8247469751     0.1021315230
v     6.2613844287     0.8241295220     0.1086044406
v     6.3218239262     0.7658435779     0.1952761004
v     2.0452902449     0.9037992024     0.1615889826
v     2.0975427514     0.9467196903    -0.0000000000
v     2.2073656376     0.9430670310    -0.0000000000
v     5.2162891462     0.8475674770     0.1058320958
v     6.9303091318     0.6097772209     0.2531114642
v     6.9203018279     0.7361158738     0.1765521001
v     6.8269456717     0.6994002395     0.2394121563
v     2.7869783129     0.8053582632     0.2498177206
v     2.7689541804     0.7045656860     0.3148354401
v     3.4661721697     0.6497292296     0.3249910158
v     3.5851655733     0.6595845404     0.3193687702
v     3.7835773290     0.8650062055     0.1422811101
v     3.6962502105     0.8062771276     0.2240861564
v     3.8201383451     0.8116043195     0.2150870470
v     3.6157870130     0.7399185700     0.2786676903
v     3.7235574067     0.6789555174     0.3090174544
v     3.5347220545     0.9059255058    -0.0000000000
v     4.6363937831     0.8041132441     0.1993071219
v     4.7340985049     0.8173415125     0.1799450695
v     4.5749514118     0.8621120383     0.1059970540
v     2.0240743878     0.8382978799     0.2427315454
v     4.6276057855     0.8801594594    -0.0000000000
v     4.5194401492     0.8825882227    -0.0000000000
v     4.4181370111     0.8204247582     0.1863591833
v     4.3275555816     0.7762116073     0.2354525121
v     4.3550457356     0.8647628903     0.1124593435
v     4.4647750240     0.8672247865     0.0990275853
v     3.9320448715     0.5647042761     0.3386740175
v     3.8703015569     0.6718870708     0.3094340401
v     3.8010327768     0.5681740164     0.3401710596
v     4.1356441473     0.6591825026     0.3099541794
v     4.1147052473     0.7661923088     0.2489272403
v     4.0081062247     0.6897897208     0.2988285486
v     4.1933475346     0.8900589242    -0.0000000000
v     4.2478339567     0.8634091114     0.1217576785
v     4.3022996696     0.8875372266    -0.0000000000
v     1.5180835926     0.8769579343     0.2241760837
v     3.2704960136     0.5616535020     0.3492086076
v     4.2184669237     0.8034461213     0.2122048481
v     4.1299667898     0.8432872194     0.1644715961
v     3.9746882833     0.8952024793    -0.0000000000
v     4.0300188048     0.8754873322     0.1049069937
v     4.0840936452     0.8926147367    -0.0000000000
v     5.5794331236     0.7734091006     0.2063429608
v     3.6450405379     0.9031856451    -0.0000000000
v     3.6940808861     0.8805111136     0.1135082041
v     3.7551759063     0.9004857563    -0.0000000000
v     4.0187866774     0.8120574940     0.2087446142
v     3.9082850319     0.8569296188     0.1512419932
v     3.6693552188     0.5690747569     0.3420616946
v     5.4255334633     0.8352723659     0.1235181194
v     5.3488747270     0.7638701247     0.2213344460
v     4.0623223354     0.5588160374     0.3374990309
v     1.6616855805     0.9634587066    -0.0000000000
v     2.9817962882     0.9202866651    -0.0000000000
v     2.8712805584     0.9233080247    -0.0000000000
v     3.1426219300     0.6676532483     0.3239271841
v     4.9060913166     0.8495193490     0.1180703971
v     4.9989065085     0.6285753517     0.3062795838
v     5.8752339852     0.5179933365     0.3128900071
v     5.7939522258     0.6440997560     0.2871263517
v     5.7534518673     0.5090152867     0.3151023947
v     4.9879749406     0.7330598768     0.2541638128
v     5.0914485912     0.7248417868     0.2576304140
v     5.7405486005     0.8258605616     0.1285100576
v     5.6903791558     0.7424739971     0.2317946741
v     2.6084517932     0.6399121008     0.3422447502
v     6.4775026759     0.5624469127     0.2989579756
v     6.4073215641     0.6379330897     0.2793068345
v     6.3579768292     0.5536530079     0.3021082497
v     6.2377039131     0.5447762892     0.3050928929
v     6.8231840733     0.5880457142     0.2879803348
v     6.7689070327     0.6389156968     0.2735914144
v     7.0177626255     0.6364125896     0.1915557763
v     7.0059445105     0.7194224820     0.1263946038
v     7.0822357366     0.6575720533     0.1162434749
v     7.0436433664     0.7303621664     0.0390780063
v     3.5717684484     0.8078140841     0.2260626471
v     6.5688391264     0.8262931325     0.0874478028
v     6.5392033841     0.7593859530     0.1968463386
v     6.6419503507     0.7912934461     0.1549698772
v     1.9898674324     0.7299885951     0.3174251766
v     7.1193705150     0.6689624460     0.0269303802
v     5.2516777653     0.7939450271     0.1929694419
v     5.3203049368     0.8407373583     0.1166985022
v     4.6497640009     0.5992349867     0.3204814885
v     2.5754152921     0.8196793447     0.2430732765
v     2.5283064518     0.8728371834     0.1854408836
v     4.9209202373     0.7841938569     0.2127206957
v     4.8268433234     0.7940048187     0.2050469355
v     4.8737839152     0.7005100841     0.2768787173
v     3.4041159506     0.5647644404     0.3467615219
v     3.5370597899     0.5673987409     0.3443497958
v     4.8430232689     0.8753916841    -0.0000000000
v     6.9620435565     0.7821548730     0.0505766595
v     6.6466707200     0.7367924152     0.2159663939
v     3.9172182821     0.7715950880     0.2493033689
v     1.6903694178     0.7898913743     0.2901099023
v     1.7194967912     0.8895263430     0.1995041506
v     1.6103050267     0.8686901029     0.2284066164
v     2.6723603218     0.7619188228     0.2849673377
v     6.7136569489     0.8086378472     0.1233962387
v     6.7403440936     0.7653072998     0.1860627724
v     4.5169363334     0.8167736077     0.1877891296
v     4.4110096319     0.8850470591    -0.0000000000
v     2.3734087170     0.8849536878     0.1747426812
v     6.1175832572     0.5358998463     0.3078779884
v     2.4529147371     0.5354712682     0.3635763921
v     2.1000055973     0.7884327778     0.2806045388
v     1.8285328603     0.7337637496     0.3187663024
v     2.4462016785     0.8457135462     0.2214519390
v     4.7427045286     0.7431027330     0.2522641405
v     4.6427855577     0.7012855585     0.2808998996
v     6.5964734464     0.5711520689     0.2956643917
v     3.0538783608     0.7161265830     0.3037074282
v     4.2165581741     0.7324270211     0.2708496599
v     3.8008336067     0.7453471273     0.2711800515
v     1.8156864207     0.6113302661     0.3609401216
v     2.5914137870     0.5406027833     0.3612988454
v     2.4381333367     0.7701420327     0.2848971505
v     6.6699716250     0.8271386265     0.0793942806
v     2.5476523529     0.7271999077     0.3078415534
v     2.7604022598     0.9264014002    -0.0000000000
v     6.4668297219     0.8254915588     0.0950439943
v     6.5174117544     0.6559599668     0.2698835686
v     6.4379298231     0.7222615584     0.2318090316
v     6.4258572033     0.7857311909     0.1689169564
v     1.9405522348     0.9373622632     0.0954953779
v     1.9882646141     0.9505223404    -0.0000000000
v     2.2619509960     0.9319340567     0.0766239000
v     2.0463373738     0.9389271144     0.0771052633
v     3.9416507000     0.8880838698     0.0698543985
v     3.8649756977     0.8978273465    -0.0000000000
v     4.1390689370     0.8808728642     0.0797296684
v     2.8197542941     0.9163934962     0.0725505334
v     3.8301327402     0.8890231605     0.0770858410
v     6.3588958241     0.7000249096     0.2487130529
v     3.0617404553     0.9116722002     0.0639845700
v     2.4923708246     0.9068647078    -0.1284537931
v     2.1441283181     0.9199242910    -0.1234818031
v     2.0442525846     0.9329304154    -0.0979452826
v     2.4738307959     0.8071331419    -0.2567541592
v     2.4011181089     0.8678617700    -0.1972614512
v     2.2293508550     0.6222074172    -0.3528356915
v     2.3133184856     0.5300701629    -0.3657689387
v     2.1725693486     0.5244165905    -0.3678553388
v     6.0378434930     0.6135622006    -0.2938015056
v     6.0125558279     0.7014703564    -0.2543455481
v     6.1420704565     0.6519870615    -0.2779155553
v     3.1525967140     0.8949165142    -0.1125503605
v     3.0941738562     0.8538024060    -0.1889638943
v     3.0386928942     0.9019716285    -0.1016390934
v     5.0231379795     0.8082069980    -0.1824905486
v     2.7062997440     0.9096740572    -0.1060019889
v     3.4733385771     0.8816409434    -0.1242661133
v     3.3695279493     0.8968699591    -0.0903830589
v     5.4574034956     0.5908855259    -0.3093613462
v     5.3418141879     0.6209409576    -0.3030000261
v     3.0035336932     0.8547675329    -0.1910789095
v     6.8672066867     0.8195808045    -0.0618104026
v     6.8197636847     0.7855068411    -0.1573881621
v     6.7676943002     0.8280981489    -0.0711769780
v     2.2218270053     0.7317672517    -0.3119335487
v     2.0798144213     0.7776526781    -0.2883544809
v     2.1965150560     0.8414730918    -0.2340764187
v     1.5159808846     0.9630688655    -0.0678100922
v     1.5324790102     0.9305078564    -0.1503012732
v     1.5220786480     0.8756301243    -0.2253724064
v     1.6219132815     0.8874431297    -0.2070305740
v     1.5619658949     0.7950413093    -0.2903103117
v     2.7048893811     0.8462847604    -0.2120690152
v     2.8148066658     0.8740457356    -0.1713513186
v     2.8192427953     0.8001733414    -0.2533338281
v     2.9257875963     0.8240791803    -0.2286316215
v     1.6091396791     0.9503552456    -0.0965067481
v     6.1167326388     0.5358369138    -0.3078970079
v     6.2368488085     0.5447131817    -0.3051134109
v     1.9437645069     0.6178584299    -0.3578607090
v     2.0302645222     0.5185287813    -0.3698133946
v     1.8862636616     0.5124414301    -0.3716067182
v     1.8274896155     0.9424705983    -0.0925992176
v     1.8342890305     0.8938239623    -0.1880314887
v     1.9413765694     0.9220098020    -0.1341907247
v     6.4086549142     0.6426094289    -0.2774171644
v     6.3565209844     0.5535458551    -0.3021454955
v     6.2776329564     0.6607963372    -0.2716381901
v     2.0548831414     0.8726629940    -0.2052649688
v     1.9400283435     0.8269279515    -0.2554687981
v     1.7163742800     0.9362546952    -0.1214986767
v     3.2663379397     0.8833486646    -0.1324204680
v     2.3510456931     0.7764187533    -0.2827419286
v     4.9857107926     0.6225622337    -0.3084398506
v     4.7544789526     0.6234050155    -0.3120425710
v     4.8567114585     0.6974100872    -0.2789183117
v     4.8730087636     0.5930482855    -0.3183333840
v     3.6991080456     0.8872121595    -0.0945178067
v     3.8134875474     0.8768616256    -0.1151448486
v     3.7329246721     0.8426270768    -0.1805023288
v     4.2268899953     0.7949362453    -0.2206714297
v     4.1403600917     0.8459832067    -0.1597882859
v     4.2523008678     0.8486924256    -0.1505762647
v     5.7532827601     0.5090028524    -0.3151053253
v     5.6916445899     0.5951135706    -0.3045458015
v     4.5727644398     0.8632691229    -0.1030356378
v     4.7922060195     0.8596815810    -0.0989626233
v     5.6826615828     0.7742524711    -0.2027860811
v     5.6870193295     0.6913019713    -0.2665340418
v     5.5748563046     0.7459859373    -0.2315193400
v     4.5193518673     0.8164976789    -0.1880592353
v     4.4651844951     0.8672973913    -0.0987920438
v     4.4216110216     0.8220508541    -0.1841389080
v     4.4581484144     0.7414775530    -0.2596255952
v     4.1918616542     0.5506842845    -0.3365320340
v     4.2588120381     0.6236520061    -0.3202251429
v     4.3204640507     0.5405742859    -0.3356249635
v     2.8656137843     0.5500029239    -0.3565549385
v     2.9232055550     0.6386190778    -0.3376060552
v     3.0013385824     0.5542335984    -0.3541221019
v     4.6790069256     0.8643325175    -0.0929177736
v     3.6102446489     0.6763930570    -0.3121587516
v     3.5371794595     0.5674008527    -0.3443476469
v     3.4750356132     0.6815886519    -0.3123416508
v     2.3294443525     0.9124248402    -0.1271194703
v     2.2444322677     0.9188084765    -0.1183945932
v     5.2275968284     0.5925588955    -0.3126950020
v     4.2517986799     0.7130760715    -0.2819059924
v     4.1322291828     0.6623664290    -0.3087400080
v     4.1191683225     0.7739099893    -0.2425378057
v     3.9321428929     0.5647006481    -0.3386730416
v     3.8011389940     0.5681723427    -0.3401696788
v     3.8839242946     0.6574591016    -0.3150086081
v     4.0045321005     0.6327276903    -0.3216394913
v     4.0623912036     0.5588123355    -0.3374984705
v     3.8005443488     0.7979043618    -0.2293357931
v     3.9063705406     0.8355839772    -0.1838747268
v     3.8888309512     0.7499964033    -0.2660904416
v     5.3484999336     0.7283507679    -0.2498543964
v     5.4626031774     0.6875991547    -0.2727753987
v     4.9056314069     0.8488635588    -0.1195815123
v     3.7532963564     0.6877546832    -0.3044998536
v     3.6694614841     0.5690750304    -0.3420600157
v     3.4042444735     0.5647671861    -0.3467591806
v     2.0941808458     0.6517628921    -0.3466568993
v     2.4897754327     0.6795562046    -0.3305617650
v     2.4528506404     0.5354690147    -0.3635774113
v     2.3502709117     0.6482339497    -0.3437783532
v     1.9771606495     0.7198909945    -0.3225059008
v     1.7923029717     0.6214959082    -0.3589968100
v     1.8659933679     0.7209585409    -0.3241173040
v     2.7224869779     0.7533560090    -0.2892976349
v     2.6433655832     0.6630991238    -0.3340969135
v     2.5963253488     0.7825173781    -0.2726275834
v     3.3344094794     0.6848340182    -0.3134554692
v     3.3034159483     0.7902510706    -0.2491295949
v     3.4410327916     0.7879832714    -0.2475457728
v     6.6666849906     0.8271099355    -0.0796642480
v     6.7264350517     0.7739385019    -0.1762128970
v     1.5497314997     0.6872410094    -0.3432057954
v     1.5366188170     0.5850667548    -0.3685047248
v     5.5740222938     0.6217852820    -0.2988571461
v     1.7325358177     0.8744985130    -0.2167620693
v     2.3968497290     0.9230562149    -0.0932966493
v     3.1987772977     0.6406207904    -0.3324903670
v     3.2706333362     0.5616567181    -0.3492061151
v     5.1161160136     0.6120702763    -0.3094237735
v     6.8221038274     0.5879149375    -0.2881223895
v     6.8233193388     0.7012759733    -0.2386592280
v     6.9291712474     0.6094697639    -0.2537011358
v     1.6544903193     0.6036004596    -0.3643313382
v     5.2514467402     0.7886385841    -0.1989951587
v     5.2211573415     0.6954056274    -0.2730645549
v     5.1392647580     0.7640524226    -0.2262636595
v     3.9965263145     0.7929349346    -0.2287862435
v     4.0094281086     0.7141490785    -0.2860798789
v     3.1363417249     0.5581281406    -0.3516669436
v     2.9223151443     0.8987994287    -0.1185008706
v     3.1917962232     0.8237940217    -0.2209406987
v     3.0671856113     0.7767088409    -0.2656057042
v     4.3822439756     0.6549825538    -0.3073010420
v     4.3395114928     0.7819515023    -0.2300322184
v     4.6422160529     0.6777047366    -0.2929102252
v     4.6406395148     0.5913245171    -0.3224847629
v     4.5231948526     0.6407140152    -0.3101871912
v     4.9062993334     0.7830569914    -0.2142508140
v     6.1552402677     0.8236847234    -0.1145684053
v     6.0945216531     0.7572497936    -0.2094873773
v     6.0515242711     0.8235396113    -0.1195761431
v     5.4613534186     0.7757812993    -0.2069938291
v     2.5956790215     0.9206068984    -0.0812206259
v     3.9199007390     0.8827800196    -0.0913160782
v     4.0216922173     0.8560320431    -0.1477581699
v     3.5890030758     0.8890235299    -0.0974323489
v     1.8137332616     0.8135260974    -0.2700235087
v     1.7600819414     0.7354396464    -0.3193180794
v     4.4483193158     0.5286468007    -0.3346215747
v     4.5754807950     0.5150778543    -0.3333566897
v     5.7850509541     0.7566514742    -0.2174213659
v     5.7387008149     0.8258905262    -0.1285308860
v     5.8429376687     0.8245175632    -0.1267422317
v     5.9979062807     0.7768774298    -0.1915865128
v     3.6808114066     0.7699815919    -0.2561814655
v     3.5629286269     0.7704774962    -0.2585761756
v     5.0739379849     0.7078994336    -0.2687127515
v     4.9690508224     0.7274863748    -0.2583958168
v     5.8967930125     0.7462010984    -0.2240645130
v     5.4241964125     0.8353328730    -0.1234533767
v     5.8093201869     0.6423712865    -0.2875460305
v     2.6089314508     0.8809935184    -0.1698719109
v     1.7404604845     0.5062243693    -0.3731768174
v     6.5655089080     0.8262670628    -0.0877017116
v     6.5208757520     0.7177781185    -0.2335448270
v     6.4637444652     0.8254678607    -0.0952661050
v     6.2584492950     0.8241139500    -0.1087800831
v     6.3613373075     0.8247279234    -0.1023277393
v     6.3099335581     0.7654409866    -0.1959990208
v     6.9185252557     0.7366860259    -0.1769947254
v     7.0051574701     0.7197237419    -0.1268317252
v     7.0435918741     0.7303998454    -0.0390858418
v     7.0817369709     0.6574117771    -0.1170096072
v     6.9611441680     0.7826315179    -0.0506939987
v     5.8748243470     0.5179631415    -0.3128977889
v     5.9275225806     0.6306108465    -0.2899580911
v     5.9960163179     0.5269149095    -0.3104937845
v     6.1943127200     0.7406914936    -0.2221259954
v     2.7808293555     0.6419742923    -0.3388683165
v     2.8398348731     0.7125650161    -0.3096343619
v     5.3197429737     0.8407705104    -0.1166516875
v     5.2158182337     0.8476020016    -0.1057705104
v     3.5423930548     0.8422868488    -0.1878563931
v     7.0169939848     0.6361615177    -0.1922572282
v     6.6313586229     0.6567248689    -0.2677347400
v     6.7158742632     0.6892867673    -0.2491956250
v     6.7115521413     0.5794783659    -0.2924032757
v     6.7677082493     0.6391487804    -0.2735090492
v     4.6338075492     0.8151363318    -0.1860949209
v     7.1193705094     0.6689624491    -0.0269303906
v     4.3527122454     0.8660171285    -0.1094380224
v     1.6846196339     0.8081941395    -0.2777502290
v     4.5790990322     0.7484529348    -0.2519318981
v     2.9440147520     0.7383747935    -0.2936406086
v     4.7209552215     0.7422429814    -0.2533660160
v     2.7288469110     0.5454482708    -0.3589548921
v     2.5913401766     0.5406004008    -0.3613000564
v     4.8129974008     0.7966093270    -0.2025952936
v     6.4758200902     0.5623234196    -0.2990035085
v     3.0581741880     0.6662741084    -0.3259086786
v     6.5945803325     0.5710141584    -0.2957177650
v     6.6385317762     0.7307810511    -0.2211939448
v     3.6395250438     0.8428060180    -0.1836653744
v     3.1895590779     0.7282890640    -0.2944307097
v     4.7280683635     0.8244079050    -0.1703807297
v     1.6631319712     0.7097645678    -0.3327291614
v     2.3021387032     0.8636059589    -0.2063788354
v     3.3743548531     0.8537845172    -0.1783091055
v     6.3878407079     0.7141963484    -0.2386766854
v     6.4179085069     0.7794182089    -0.1772198386
v     2.8152382835     0.9141124277    -0.0820698346
v     6.6192937022     0.7857113490    -0.1635469295
v     5.1451318354     0.8175951448    -0.1655603659
v     5.3611347525     0.7974718026    -0.1855210455
v     4.1595844868     0.8806687596    -0.0786738770
v     4.0671847445     0.8829549213    -0.0783585943
v     6.2268149504     0.7920076219    -0.1663121520
v     2.5403431722     0.8525479668    -0.2106189841
v     4.2532990045     0.8806131489    -0.0700907417
v     3.1272422746    -0.6720816629    -0.8215924748
v     3.0170080624    -0.7126031998    -0.8054528338
v     2.9761839545    -0.5052631579    -0.8208258933
v     1.3395635544    -0.8727122106     0.0000000000
v     1.4511500694    -0.7762246213    -0.1152838107
v     1.3086203758    -1.2002927630    -0.4195733476
v     1.4301064787    -1.2652900249    -0.2568622883
v     1.2365665299    -1.2932026070    -0.2585787182
v     2.5487808484    -1.1893900080    -0.0000000000
v     2.6799005327    -1.1648919977    -0.1793719699
v     2.8222447486    -1.1579058914    -0.0000000000
v     1.8133895401    -0.9514316415    -0.6028657481
v     1.7349761871    -0.7905266078    -0.6973191609
v     1.9054240942    -0.8042421880    -0.6898597323
v     2.0767712717    -0.6970721100    -0.7357410327
v     2.0171419509    -0.5052631579    -0.7564422679
v     2.1838409686    -0.5052631579    -0.7659801278
v     1.1828119652    -0.5964805595    -0.7500000000
v     1.1376472223    -0.7960378699    -0.7247520746
v     1.0157301561    -0.6176627339    -0.7500000000
v     3.1272422746    -0.5052631579    -0.8313450835
v     2.8866464756    -0.6585670518    -0.8043956060
v     2.8233950314    -0.5052631579    -0.8100316499
v     1.3320622151    -0.7646490978    -0.7258396708
v     1.2879243038    -0.3728942778    -0.5367916719
v     1.4580908707    -0.4323319430    -0.4606805066
v     2.3119485452    -1.2158667353    -0.0000000000
v     2.4548005378    -1.1879746511    -0.1793802138
v     1.9581174217    -1.0218812085    -0.5470037442
v     1.8082370449    -1.1005953255    -0.4565689836
v     1.3492334458    -0.5727086424    -0.7500000000
v     0.7178648579    -1.3529922846    -0.2451645935
v     0.7421648726    -1.2311601321    -0.2642537797
v     0.7190024708    -1.2832576575    -0.3921855672
v     0.9566096465    -1.1862730182    -0.4964501813
v     0.9885919328    -1.2994598177    -0.3193793954
v     0.8263261874    -1.2459696867    -0.4372489592
v     0.9448091827    -1.1464370089     0.0000000000
v     0.8457822838    -1.2001913824    -0.1306049832
v     0.8003404838    -1.2437119866     0.0000000000
v     0.7080239316    -1.1821194058    -0.4010065303
v     0.7231374655    -1.1702648952    -0.5339292960
v     0.9755516518    -1.0412206380    -0.6219804629
v     0.8281597932    -1.1141601392    -0.5781128271
v     0.8298979302    -0.9800935388    -0.6666835678
v     0.7093161145    -1.0369461740    -0.6390948646
v     2.7545398116    -1.1242801731    -0.3612140194
v     2.7125409580    -1.0419773588    -0.5549705746
v     2.8406176970    -1.0691552641    -0.5025396174
v     0.8942742065    -1.3806403316    -0.0000000000
v     0.7334343177    -1.3932019565    -0.0000000000
v     0.8016878219    -1.3759498499    -0.1380663392
v     0.9872909404    -1.1057849307    -0.1210203943
v     0.8706870809    -1.1471102496    -0.2495752370
v     0.7310627771    -1.2793493252    -0.1258342388
v     2.5322012487    -0.6772064035    -0.7731778473
v     2.3758970872    -0.6430932322    -0.7676095175
v     2.5094715762    -0.5052631579    -0.7878040066
v     1.1018688401    -1.2142266899    -0.4402655543
v     1.1479287837    -1.1191087985    -0.5422293506
v     2.6677652097    -0.5052631579    -0.7989769898
v     0.6325506812    -0.6254061927    -0.7347947614
v     0.7967826581    -0.7202886306    -0.6675442739
v     0.7681292906    -0.5704023583    -0.6950716754
v     2.2536828151    -0.8873562758    -0.6697512513
v     2.2390138634    -1.0302333665    -0.5524536599
v     2.1156892665    -0.9646477213    -0.6058861199
v     1.1495060463    -1.2669900514    -0.3449250134
v     1.1239365430    -1.3393371662    -0.1497134793
v     2.2026602932    -1.1455969548    -0.3820369488
v     2.3550613686    -1.1064541004    -0.4506541497
v     2.7890207592    -0.8585367650    -0.7320008524
v     2.7958750211    -0.7488189305    -0.7774357520
v     2.9236976631    -0.8154690254    -0.7651026885
v     2.3738396465    -0.9371544186    -0.6458187966
v     0.6746592514    -1.3296990318     0.0000000000
v     1.9973487129    -0.8890390083    -0.6508450364
v     0.9565043425    -0.8474143308    -0.7161966813
v     1.5341717871    -0.7474113454    -0.7221609486
v     1.4768748718    -0.9349881472    -0.6456199861
v     1.0379445501    -0.4675170066    -0.6158089401
v     1.1618382163    -0.5584388447    -0.5603196773
v     1.1656370302    -0.4192616762    -0.5763236696
v     0.6977200946    -1.3868501429    -0.1109289866
v     0.8763724446    -0.7425930777    -0.7419368132
v     0.8477359806    -0.6349042882    -0.7500000000
v     0.7929757449    -0.8541650037    -0.7187184969
v     0.7312680626    -0.7480213271    -0.7427364983
v     3.1272422746    -1.0637062768    -0.4833413027
v     3.0536922984    -1.0743127912    -0.4635550393
v     3.1272422746    -1.0010685370    -0.6219567738
v     1.7477889582    -1.2623257442    -0.0000000000
v     1.8097092855    -1.2409018150    -0.1484369203
v     1.9202910207    -1.2517600589    -0.0000000000
v     2.6187667388    -1.0940565222    -0.4638215434
v     1.5771009425    -1.2877533989    -0.0000000000
v     1.6375151048    -1.2608400890    -0.1620420193
v     2.4841995674    -1.0692180642    -0.5111723867
v     2.5347562231    -1.1429977479    -0.3493788896
v     0.8641498286    -0.8540375020    -0.5841439818
v     0.7264081398    -0.8463996394    -0.6574132553
v     0.7357666801    -0.9428489593    -0.6048393670
v     0.7921474707    -1.1447273720    -0.3629031736
v     0.8414596378    -1.0501561716    -0.4406961511
v     0.7492517381    -1.0929126087    -0.4732466288
v     0.9118229084    -1.0649781027    -0.3507275112
v     0.9589314821    -0.7298589447    -0.5949279042
v     1.6018786516    -1.2177204626    -0.3083009116
v     1.7487823683    -1.1994971491    -0.3004513604
v     2.9243015924    -1.1380145995    -0.1887633169
v     0.6069618753    -1.3973511914    -0.0000000000
v     1.4895414836    -1.1926402332    -0.3888927541
v     1.4958070303    -1.0993755411    -0.5107766916
v     1.6472757016    -1.1385877992    -0.4338974456
v     0.7178611928    -1.0371430688    -0.5500381716
v     0.8216671640    -0.9778485777    -0.5262243029
v     2.2708847912    -1.1995159425    -0.2103521022
v     2.0919343432    -1.2116446755    -0.2167036187
v     1.8944234761    -0.6589406087    -0.7355867912
v     1.8485341868    -0.5052631579    -0.7502264037
v     0.9043746965    -0.6296365127    -0.6459044840
v     0.9053450630    -0.5177379897    -0.6552981301
v     1.9102988939    -1.1938991641    -0.2945085155
v     2.0531690582    -1.1599158317    -0.3607262173
v     1.6995223358    -0.6424189889    -0.7398926092
v     1.6810519174    -0.5218356921    -0.7500000000
v     2.8238711349    -0.9909360983    -0.6271132496
v     2.9278986192    -0.9564710849    -0.6705541309
v     2.9637046358    -1.0395117555    -0.5567853574
v     1.3527884291    -1.0806185612    -0.5511587024
v     2.2367271066    -0.6199656571    -0.7613871373
v     2.3479701739    -0.5052631579    -0.7766753825
v     1.9623814024    -1.2378604831    -0.1342079888
v     2.3605597155    -1.1620748740    -0.3244315968
v     0.9440228152    -1.3577371281    -0.1634047912
v     1.0651815520    -1.3617417194    -0.0000000000
v     1.6567916137    -0.9253810091    -0.6344640743
v     1.6506736915    -1.0334755908    -0.5524270000
v     0.6871148810    -0.6454636485    -0.7500000000
v     0.6710880232    -0.8572126736    -0.7198171094
v     1.4835296304    -1.2934343690    -0.1154613523
v     1.3153334791    -1.3167137898    -0.1285977785
v     1.4065923607    -1.3140836269    -0.0000000000
v     1.2359527938    -1.3391289134    -0.0000000000
v     1.0933119233    -0.8978419329    -0.3902375069
v     1.0244522480    -0.8251382477    -0.5076634730
v     0.9522353656    -0.9480624313    -0.4564326565
v     1.9553833163    -1.1184721884    -0.4325022438
v     2.0950094490    -1.0758449920    -0.4930843174
v     1.4318640205    -0.6640171086    -0.7428636514
v     1.5151814116    -0.5473785119    -0.7500000000
v     2.5109310941    -0.8472876606    -0.7133485875
v     2.6582839451    -0.7936453944    -0.7502315714
v     2.7195658698    -0.9335174150    -0.6760104453
v     2.6152428858    -0.9374504845    -0.6646326785
v     2.5878286681    -1.0288182503    -0.5703217264
v     2.4943175494    -0.9727264832    -0.6255178772
v     2.3737962682    -1.0317552598    -0.5575186115
v     2.3800865185    -0.7920687882    -0.7271362157
v     1.2189777386    -0.6538472256    -0.4958609386
v     1.1742273851    -0.7813932229    -0.4388681950
v     1.3021364373    -0.6850202298    -0.4234416713
v     0.6405633668    -0.9328967537    -0.6628699773
v     1.1000555133    -0.6988416118    -0.5381543019
v     1.0329347174    -0.5982643005    -0.6034220232
v     3.1272422746    -1.1231608852    -0.0000000000
v     3.1272422746    -1.1067881814    -0.2830886918
v     3.1272422746    -0.9205043581    -0.7179430192
v     3.0278333524    -0.9773096888    -0.6528391547
v     1.2776602726    -0.9022023619    -0.6788662180
v     1.2474462647    -1.0241379660    -0.6097035868
v     1.1351602281    -0.9832476899    -0.6463726805
v     1.0116225970    -1.0563113110    -0.2299792467
v     2.1051148328    -1.2370080543    -0.0000000000
v     2.1944506699    -1.2228862897    -0.1051643088
v     1.3521922372    -0.9829588781    -0.6275123272
v     0.7146708722    -0.9365885892    -0.6907829997
v     1.0483916318    -0.9220598749    -0.6838227199
v     1.5948942110    -0.8492471735    -0.6810867877
v     2.8631312847    -0.9080011169    -0.7072000192
v     2.9422751561    -1.1051969114    -0.3805254061
v     1.3133723905    -0.5336313793    -0.4988599867
v     1.3966523288    -0.5923449384    -0.4232513211
v     1.4749117488    -0.5404953861    -0.4037886653
v     1.1482928929    -0.9942042078    -0.1222895251
v     1.0841114641    -1.0517939854     0.0000000000
v     1.2173436735    -0.9595230276     0.0000000000
v     1.3028075732    -0.8876782642    -0.1072272709
v     0.8170998833    -1.3270466789    -0.2951746679
v     1.2885361673    -0.7932431162    -0.3286676493
v     1.2481261209    -0.8928599584    -0.2141639345
v     1.1985996430    -0.8654124567    -0.3272811236
v     1.1301568159    -0.9612318971    -0.2530034401
v     0.6621690611    -1.3358109780    -0.0632705451
v     2.7149234263    -0.6427616766    -0.7932485407
v     3.0017946202    -0.9101280182    -0.7168989180
v     1.3603480291    -0.8093663624    -0.2128354353
v     1.4601646306    -0.7263045808    -0.2230402575
v     1.3853374963    -0.7146231653    -0.3271806542
v     2.2405013289    -0.7470077880    -0.7324268424
v     1.4713292666    -0.6437314206    -0.3231840839
v     3.0399168836    -0.8448230721    -0.7617906482
v     3.1272422746    -0.8162738136    -0.7831724847
v     1.2365693951    -0.4726524507    -0.5475540127
v     2.1340958121    -0.8433042253    -0.6849683756
v     1.0238750121    -0.9921985361    -0.3355659631
v     2.4427084672    -1.1879789122     0.1874047455
v     2.6785099802    -1.1639079538     0.1890957352
v     1.4511451817    -0.7762455434     0.1152176392
v     2.9761839545    -0.5052631579     0.8208258933
v     2.8233950314    -0.5052631579     0.8100316499
v     2.8836962855    -0.6749049213     0.8015921664
v     3.1272422746    -0.6720817570     0.8215924616
v     3.1272422746    -0.5052631579     0.8313450835
v     3.0177967431    -0.7040858312     0.8072586060
v     1.4054337356    -0.3280106132     0.4968150739
v     1.4580883134    -0.4323252773     0.4606836407
v     1.2879243038    -0.3728942778     0.5367916719
v     1.0730092852    -1.1678682699     0.5019346173
v     0.9900430031    -1.0305576948     0.6279954897
v     0.9062566315    -1.1672335765     0.5225835515
v     0.7122204304    -1.3554585330     0.2387714847
v     0.7156395753    -1.2804397641     0.3970058528
v     0.7380079495    -1.2345452681     0.2631614478
v     2.6863583987    -1.0084330139     0.5997847991
v     2.6089262830    -1.0577674245     0.5297307039
v     2.7257264065    -1.0857979866     0.4742847655
v     3.1272422746    -1.0637062906     0.4833412600
v     3.0016210648    -1.0871346443     0.4321226354
v     3.1272422746    -1.1067881857     0.2830886585
v     0.7006156685    -1.1842922506     0.4059962540
v     0.7179201230    -1.1630562982     0.5412067641
v     0.8443196003    -1.2011292528     0.1308833436
v     0.8341376682    -1.0890807013     0.5976036785
v     0.7783356964    -1.2004245569     0.4986156685
v     1.2234048982    -1.2931041530     0.2638021479
v     1.4065484187    -1.2583100728     0.2841436415
v     1.2775162163    -1.2032468417     0.4218679009
v     0.7646042765    -1.0318844418     0.6402477822
v     1.1439814595    -0.9269550406     0.6758807051
v     1.0281642390    -0.8334255433     0.7180082357
v     0.7298695308    -1.2805080168     0.1239678327
v     1.5902653903    -1.2045576989     0.3394592204
v     1.5147402363    -1.2806959867     0.1582264417
v     0.8080319779    -1.3743776291     0.1437674309
v     2.3878412764    -1.0360746611     0.5530954898
v     2.5451199535    -0.9850949437     0.6172494414
v     2.4371138547    -0.9301405388     0.6560154229
v     0.8500352125    -0.8310771953     0.6036154066
v     0.8381931582    -0.6757609059     0.6616242695
v     0.9770775370    -0.7394243913     0.5821995475
v     0.9053450630    -0.5177379897     0.6552981301
v     1.0042713917    -0.5939799396     0.6153381340
v     0.7681292906    -0.5704023583     0.6950716754
v     1.0157301561    -0.6176627339     0.7500000000
v     0.8938207978    -0.7679242382     0.7374487160
v     0.8012459725    -0.8750445181     0.7119358991
v     0.8834883697    -0.9430097270     0.6824265887
v     0.8477359806    -0.6349042882     0.7500000000
v     2.0637827918    -1.2297714698     0.1397356864
v     2.2340671275    -1.2089580084     0.1779947148
v     1.3492334458    -0.5727086424     0.7500000000
v     1.4254151065    -0.7532415916     0.7251494207
v     1.5151814116    -0.5473785119     0.7500000000
v     0.6325506812    -0.6254061927     0.7347947614
v     2.1995387034    -1.1583886809     0.3545671380
v     2.0692572920    -1.1853408104     0.3022451030
v     1.9180743412    -1.2286679603     0.1891665802
v     1.7765868854    -1.2447906245     0.1444729253
v     2.7950819989    -0.8244594106     0.7495227173
v     2.7204497640    -0.6580372415     0.7913812618
v     2.1838409686    -0.5052631579     0.7659801278
v     2.0171419509    -0.5052631579     0.7564422679
v     2.1178887327    -0.7169153223     0.7329877696
v     2.2940888307    -0.6680948883     0.7570958257
v     2.3479701739    -0.5052631579     0.7766753825
v     0.7706079250    -0.7309551271     0.7446369692
v     0.6871148810    -0.6454636485     0.7500000000
v     2.9534094301    -0.8175096126     0.7669119545
v     2.9038928884    -0.9370757426     0.6871216919
v     1.3292386157    -0.6701339575     0.4154008590
v     1.3987133806    -0.5662911614     0.4373733470
v     1.4712893520    -0.6440802837     0.3228540485
v     1.0379445501    -0.4675170066     0.6158089401
v     1.1656370301    -0.4192616762     0.5763236696
v     1.1414724522    -0.5641902373     0.5674244566
v     1.2125685494    -0.6730502978     0.4890627248
v     1.0935480034    -0.6795420745     0.5503435289
v     1.4486905994    -1.1817222001     0.4158918506
v     1.5448031930    -1.0928245120     0.5096378058
v     1.3759480981    -1.0876464219     0.5412853795
v     0.8634592350    -1.1506866786     0.2531466974
v     3.0242058400    -1.0035156830     0.6171740308
v     1.1381576038    -0.9895709318     0.1668599140
v     0.6978885935    -1.3872098796     0.1084272114
v     2.9327195439    -1.1352750154     0.2075561641
v     1.4831325443    -0.9429909395     0.6402171460
v     1.6477085891    -0.9729643368     0.6027960565
v     1.7044103350    -1.1249321229     0.4410105661
v     2.0342362713    -1.0086923909     0.5630546791
v     1.8308762545    -1.0148610770     0.5501217359
v     1.9738630502    -1.1036562770     0.4536952525
v     0.7311343843    -1.0858192291     0.4958229022
v     0.7787438987    -1.1509804917     0.3685512939
v     0.8147313699    -1.0631875549     0.4494355824
v     0.8955961601    -1.0723374038     0.3577262878
v     1.2478990656    -0.8791238934     0.2435995919
v     1.1386001107    -0.8979800960     0.3462016008
v     1.2293521024    -0.7917860151     0.3855442294
v     1.0271941963    -0.8757721489     0.4661534038
v     1.1174345850    -0.7863915614     0.4747917277
v     1.7275001319    -0.7676378690     0.7063514929
v     1.8692148917    -0.7956869144     0.6923295493
v     1.8103363023    -0.6528147247     0.7355267373
v     0.7740468530    -1.3272047077     0.3021614584
v     0.8304364313    -1.2639628908     0.4105699772
v     0.9231457337    -0.8770066285     0.5354522530
v     0.8097904179    -0.9738913963     0.5375048975
v     0.9152914570    -0.9774785618     0.4566605972
v     2.6401210522    -0.7842455641     0.7521958918
v     2.5411759867    -0.8751467046     0.7008087350
v     2.6780758146    -0.9144019378     0.6871712158
v     1.2501190080    -1.0089903706     0.6200379836
v     1.2063777205    -1.1126971085     0.5407934951
v     1.9170214457    -1.1762481801     0.3333235300
v     2.1226280537    -1.0989171022     0.4627432955
v     2.5044684677    -0.6459551312     0.7766778092
v     2.5094715762    -0.5052631579     0.7878040066
v     2.3951709597    -0.8026678056     0.7240719856
v     1.1223675180    -1.2536074782     0.3757529320
v     1.0336528496    -1.3134737549     0.2749512293
v     0.9660831885    -1.2510108530     0.4103246793
v     2.2145936823    -1.0206748310     0.5612321984
v     2.3105807015    -0.9358727841     0.6418827451
v     2.1480516974    -0.9083450829     0.6487135995
v     2.2523080619    -0.8204480870     0.7048005488
v     1.9823998499    -0.8861159583     0.6517422840
v     2.7988878117    -0.9591433636     0.6594154037
v     2.9054342409    -1.0328384361     0.5699373559
v     2.7923204830    -1.0410351522     0.5568265435
v     1.0086371597    -0.9814317094     0.3674829364
v     0.9938140150    -1.0613624733     0.2478416121
v     1.8485341868    -0.5052631579     0.7502264037
v     1.6810519174    -0.5218356921     0.7500000000
v     0.9643434312    -1.3593819287     0.1451762202
v     1.1381481003    -1.3402039609     0.1355941146
v     1.3276284674    -1.3133831752     0.1371017757
v     0.7697611149    -0.9145988653     0.6021313457
v     2.6677652097    -0.5052631579     0.7989769898
v     2.5166838754    -0.7766436916     0.7443684365
v     0.9859281278    -1.1053342736     0.1277609377
v     1.3194914244    -0.8896386993     0.6818808859
v     1.2210446139    -0.8059547558     0.7187545401
v     2.2806754719    -1.1021079130     0.4589356542
v     2.3175117705    -1.1684005357     0.3133114784
v     2.4094956361    -1.1319539918     0.3965247702
v     2.8667940822    -1.0968950391     0.4280263938
v     2.7733504855    -1.1303537004     0.3312022437
v     2.6310029347    -1.1212912533     0.3966419893
v     1.6059162242    -0.8491228997     0.6803527220
v     1.7896180579    -0.8963086948     0.6412137101
v     1.1207290979    -1.0434302632     0.6082096955
v     3.1272422746    -0.9205043948     0.7179429872
v     3.1272422746    -1.0010685612     0.6219567349
v     1.6778521539    -1.0544309946     0.5283276235
v     2.5316032552    -1.1494341128     0.3289263891
v     2.5051794846    -1.0836707277     0.4876487728
v     1.8380862566    -1.1190751376     0.4308740311
v     1.7716160218    -1.1939444772     0.3064538103
v     1.3625987513    -0.9821268573     0.6270384611
v     1.9697811346    -0.7089619709     0.7265577092
v     0.8858711633    -1.3267160483     0.2815613358
v     1.6633976141    -0.6329543118     0.7421988976
v     1.5795704976    -0.7146632193     0.7288849274
v     1.2974715978    -0.5340086122     0.5064602436
v     1.3144722423    -0.7832146276     0.3146329355
v     1.2204572624    -0.4767868331     0.5531225257
v     1.4749278332    -0.5410307082     0.4034514701
v     3.1272422746    -0.8162738702     0.7831724603
v     3.0533966011    -0.8960734118     0.7315747823
v     0.6616463449    -1.3362933732     0.0620107490
v     1.6578506073    -1.2416350530     0.2227527733
v     1.6506084281    -1.2700396430     0.0982061584
v     2.9851697520    -0.9167294481     0.7103883206
v     1.3926442807    -0.7253351011     0.3069054308
v     1.4601378049    -0.7264325026     0.2228461529
v     1.3614490621    -0.8212322541     0.1837417269
v     1.2772144159    -0.6872097351     0.7428401895
v     1.1828119652    -0.5964805595     0.7500000000
v     1.1296384460    -0.7118376052     0.7422276755
v     1.0766912215    -0.9844173311     0.2835672330
v     1.2690812152    -0.9101186871     0.1155657209
v     0.7917941179    -0.7757301996     0.6536806609
v     1.9158916447    -0.5928920856     0.7469703827
v     3.2766082730    -0.5052631579    -0.8415172566
v     3.3916526061    -1.0756249850    -0.3317900806
v     3.3168524133    -1.0984159700    -0.1579356602
v     7.4022318177    -0.6723402697    -0.3226668278
v     7.4631787808    -0.6692885370    -0.1495692059
v     7.2288521728    -0.7264684253    -0.1765536419
v     3.3248775095    -0.6591593682    -0.8386992423
v     3.2822889641    -1.0616877328    -0.4558225192
v     3.4425013286    -1.0888724441    -0.0000000000
v     3.5802918238    -1.0698645999    -0.1940323889
v     6.7224713234    -0.8350334983    -0.0000000000
v     6.7556416599    -0.8245336790    -0.2058376233
v     6.9587782498    -0.7863841152    -0.1735805665
v     7.2337743660    -0.2644683210    -0.6989679963
v     7.3459870720    -0.2478704684    -0.6842362474
v     6.4158870243    -0.8846501571    -0.0000000000
v     6.5681085548    -0.8587834260    -0.1611843170
v     7.4558793421    -0.2315473553    -0.6697483488
v     7.5631899460    -0.2156228986    -0.6556142856
v     7.6673803120    -0.2567057347    -0.6451620882
v     7.7837238961    -0.2919306567    -0.6343870220
v     3.4227859389    -0.5052631579    -0.8511813048
v     7.8931062885    -0.3209377538    -0.6220634022
v     7.4182489990    -0.6836552788    -0.0000000000
v     7.2396443753    -0.7276669145    -0.0000000000
v     3.8637185939    -1.0407119250    -0.2504547360
v     3.7640456420    -1.0567550341    -0.0000000000
v     7.0059137227    -0.7799257289    -0.0000000000
v     6.8839125895    -0.7888981985    -0.3508186812
v     7.0887816078    -0.7466231351    -0.3370450817
v     6.3982664965    -0.8798611143    -0.2703766376
v     6.1799436807    -0.9131126171    -0.1825863829
v     6.6373121893    -0.8357774245    -0.3462327065
v     5.7343354452    -0.9554470005    -0.2326298185
v     5.9781734159    -0.9278704175    -0.3339017092
v     5.9449055611    -0.9399418750    -0.1432884921
v     5.7959041031    -0.9365032270    -0.4330024509
v     5.2408648577    -0.9693565096    -0.4340972024
v     5.3686755400    -0.9718070596    -0.3411971855
v     5.1384548855    -0.9836484544    -0.2575201797
v     6.2034331160    -0.8987685471    -0.3720136460
v     5.4376727581    -0.9782282625    -0.0000000000
v     5.1006746987    -0.9892927934    -0.0000000000
v     5.4403376093    -0.9761479275    -0.1650411507
v     4.8996145093    -0.9889102018    -0.1766110930
v     6.0972858872    -0.9256328602    -0.0000000000
v     3.6275036983    -1.0454396401    -0.4036193634
v     7.5609762843    -0.6358537587    -0.2680367171
v     5.7701130254    -0.9569936206    -0.0000000000
v     4.0918999813    -1.0283184625    -0.0000000000
v     4.1838244760    -1.0176152231    -0.2070955782
v     4.7617657633    -0.9925192987    -0.0000000000
v     4.6278482811    -0.9919872475    -0.2411153918
v     4.4246290670    -1.0057835638    -0.0000000000
v     3.9743457709    -0.9681671365    -0.6514811187
v     4.0778579227    -0.9361371105    -0.7252222706
v     4.0893109174    -0.9884857205    -0.5528600704
v     7.8032745712    -0.4198616881    -0.6205206952
v     6.1034669552    -0.8351635380    -0.7224812227
v     6.2238400719    -0.8251786432    -0.7026422632
v     6.1947863760    -0.8727574229    -0.5623035503
v     7.5256320402    -0.6228392113    -0.4277864307
v     7.6788861856    -0.5918131748    -0.3637551420
v     6.5031805037    -0.4681536746    -0.8005564155
v     6.5577967277    -0.5748226111    -0.8051664160
v     6.6417527069    -0.5852824307    -0.7943497822
v     4.1795958236    -0.9448920921    -0.6988457457
v     4.2563513860    -0.9636786231    -0.6286961871
v     5.3934933189    -0.9561967991    -0.4990979490
v     5.2469094999    -0.9488791843    -0.5899401265
v     7.1568415257    -0.5104922299    -0.7248653174
v     7.2467562193    -0.5833027093    -0.6760092741
v     7.1085701830    -0.6046822859    -0.7001810432
v     6.4487886201    -0.5798978963    -0.8177595556
v     6.3567032425    -0.4733761550    -0.8154049450
v     7.4169364821    -0.3904244919    -0.6885113069
v     7.3447125910    -0.4948290869    -0.6943201591
v     7.3587562195    -0.5951473259    -0.6224009638
v     7.3736425256    -0.6511786340    -0.4832115681
v     7.2530965550    -0.7010248554    -0.3898353110
v     3.9423411506    -0.9179155404    -0.7592594064
v     3.8239239941    -0.9026372751    -0.7762379335
v     3.9165718171    -0.8327980186    -0.8407119483
v     3.8255745681    -0.9710421333    -0.6575346754
v     5.0840091105    -0.9684727249    -0.4811078694
v     6.2728878060    -0.6819286596    -0.8295868254
v     6.1943856898    -0.7686029225    -0.7946130248
v     6.1558670394    -0.6738011372    -0.8463213779
v     7.5474204999    -0.5791790548    -0.5482543709
v     7.4484886878    -0.6083567721    -0.5489115066
v     6.9196661588    -0.4404317097    -0.7533625421
v     6.8216796087    -0.5424511305    -0.7721545987
v     6.7853455742    -0.4510923109    -0.7693494444
v     4.2152813714    -0.8096339834    -0.8728282751
v     4.2847265421    -0.9039017600    -0.7835957059
v     4.1855835759    -0.8909712375    -0.8019861184
v     6.3443131686    -0.5903997384    -0.8294093964
v     6.7687072878    -0.6424428729    -0.7594722670
v     6.8682217414    -0.6398297055    -0.7387773213
v     4.9194581051    -0.8687006679    -0.8407534991
v     4.8402927379    -0.9151919120    -0.7494599708
v     4.7967894245    -0.8775049030    -0.8277370271
v     4.8825826429    -0.9791162068    -0.3823031008
v     5.5190644908    -0.9365855104    -0.5827917255
v     5.4210463885    -0.9039137272    -0.7339881354
v     5.5467707715    -0.9034475238    -0.7099248645
v     7.8971622835    -0.4998933694    -0.4896442964
v     7.9426594420    -0.4283498595    -0.5803136618
v     7.9903492779    -0.4641148858    -0.5195983365
v     4.5395631069    -0.8105148150    -0.8883262228
v     4.5769945368    -0.8951953985    -0.7978527455
v     4.4776001854    -0.8880560520    -0.8100100754
v     4.5382619315    -0.9404216913    -0.6826690708
v     5.7403954299    -0.8901471381    -0.6988038694
v     5.6343573034    -0.9117274543    -0.6584401722
v     5.6393406877    -0.8682045750    -0.7751151421
v     3.5357580768    -1.0144213932    -0.5686453829
v     3.6597641191    -0.9924657571    -0.6163679889
v     3.5123557867    -0.9566929286    -0.6947968140
v     3.6112509261    -0.9277906973    -0.7376068628
v     3.7170666894    -0.9315728823    -0.7354558385
v     3.7691412445    -1.0186115966    -0.4988390793
v     6.4311718994    -0.8331930440    -0.5778171337
v     6.3851613317    -0.7998798265    -0.6958741585
v     6.4908371991    -0.7836643448    -0.6870678498
v     6.4341685933    -0.7263786632    -0.7789909849
v     3.3015494120    -0.9594137281    -0.6860759214
v     3.2239758291    -0.8820620356    -0.7554858673
v     3.3278316313    -0.8667110134    -0.7742840769
v     3.5663174380    -0.5052631579    -0.8603246549
v     3.4910387050    -0.6751885124    -0.8498520534
v     3.6369329883    -0.6216272347    -0.8639325758
v     7.6328182250    -0.4606893164    -0.6434952857
v     7.5623196364    -0.4409764561    -0.6642625376
v     7.6450173324    -0.3627171200    -0.6563821716
v     3.6237233033    -0.7395819879    -0.8508289426
v     4.6228271167    -0.6030750091    -0.9142256521
v     4.5097874920    -0.6198517118    -0.9119415344
v     4.5094207318    -0.5052631579    -0.9063352340
v     5.6903593982    -0.9296788788    -0.5509717461
v     5.8391919195    -0.9034880823    -0.6156949603
v     5.5801648705    -0.5700156617    -0.8900504370
v     5.4638609026    -0.6011719661    -0.9002829277
v     5.5305893198    -0.4749167296    -0.8857556006
v     5.4020613153    -0.4848139620    -0.8945400829
v     5.3349495814    -0.5824183988    -0.9049167754
v     3.5321651457    -0.8362190502    -0.8091538379
v     3.4420079501    -0.8803445191    -0.7739016938
v     3.3984544616    -0.7827873901    -0.8201238771
v     3.6418569831    -0.8531986556    -0.8079882650
v     4.9996274558    -0.6926753653    -0.9225575291
v     4.9065055888    -0.7508449871    -0.9179848031
v     4.9295847856    -0.6123848362    -0.9188360348
v     5.0187871817    -0.5038326229    -0.9114204676
v     5.0821719880    -0.6089916555    -0.9164145635
v     4.8920810404    -0.5052631579    -0.9126871830
v     4.9866103720    -0.7956591700    -0.9028831268
v     5.0848816646    -0.7388774197    -0.9177397412
v     6.5119147829    -0.8436369679    -0.4564981996
v     6.6688498539    -0.8043246104    -0.5201376103
v     4.7650302109    -0.5052631579    -0.9118312669
v     4.7717081869    -0.5937402728    -0.9164424656
v     4.6376025964    -0.5052631579    -0.9096443342
v     4.5757013152    -0.7030996245    -0.9165618218
v     4.7067579311    -0.6943767552    -0.9207721469
v     4.3918121069    -0.9298698748    -0.7255945643
v     5.3783916145    -0.6756438487    -0.9100312448
v     5.4546897876    -0.7255913303    -0.9031572569
v     7.0274578500    -0.7355609140    -0.4914555054
v     7.1584628417    -0.7016836982    -0.5024389694
v     4.0593519362    -0.7016334069    -0.8889289424
v     4.0263420771    -0.6037293495    -0.8884516412
v     4.1779434934    -0.6413688907    -0.8977006901
v     5.9516997501    -0.9077481460    -0.5346327936
v     5.9537865160    -0.8644371856    -0.7031414453
v     5.8394864365    -0.8603668941    -0.7460357839
v     3.7583689674    -0.5853641677    -0.8723250048
v     3.7714104417    -0.6937041245    -0.8692515215
v     5.3222692546    -0.8633173247    -0.8278116619
v     5.2139726798    -0.8653133561    -0.8340934597
v     5.2619379622    -0.7852365575    -0.8981943879
v     4.3799886394    -0.5052631579    -0.9020450556
v     4.3975588958    -0.5904832029    -0.9058950147
v     4.2491813627    -0.5052631579    -0.8968849158
v     5.2627894779    -0.9126832749    -0.7333785971
v     5.1092092835    -0.9071563965    -0.7628536081
v     4.6379983651    -0.7811326770    -0.9051405091
v     6.5773731600    -0.7993937022    -0.6049436083
v     6.3442319924    -0.8691435260    -0.4611989516
v     6.3053046365    -0.8412376520    -0.6231288694
v     4.5421715403    -0.9767452556    -0.4873463992
v     4.3916033323    -0.9700300980    -0.5728750805
v     6.0353208237    -0.6602284133    -0.8608693498
v     6.0934368069    -0.5703004014    -0.8516405532
v     6.2311410108    -0.5751480628    -0.8396757906
v     6.2073829515    -0.4753297186    -0.8295500967
v     7.9904341271    -0.3383746196    -0.6091745169
v     5.3810745420    -0.7917209555    -0.8877246649
v     6.0753037051    -0.7569058550    -0.8262481213
v     4.7143289174    -0.8520309058    -0.8600643392
v     4.7979876142    -0.7869349141    -0.9066030807
v     4.8270585072    -0.6877806810    -0.9228385977
v     4.3041007728    -0.8043497133    -0.8805142923
v     4.3780742167    -0.8666054686    -0.8368307536
v     7.0101046838    -0.5280498427    -0.7461674332
v     6.9874667065    -0.6287769705    -0.7159974965
v     5.5721565180    -0.9576486061    -0.3865149013
v     5.4999544701    -0.8064143996    -0.8688594195
v     4.4500357838    -0.7052687654    -0.9112150887
v     4.4482235827    -0.8140512275    -0.8826165962
v     7.7132143996    -0.4444708576    -0.6311803062
v     3.2420663182    -1.0212600375    -0.5809899065
v     3.3926983413    -1.0057452051    -0.6059574545
v     7.2461718926    -0.4873359459    -0.7128508660
v     6.7859719723    -0.7644264921    -0.5823867222
v     6.7845752906    -0.7940609065    -0.4573834742
v     3.9262477914    -0.6967199699    -0.8801965900
v     4.0064076446    -0.7787734616    -0.8710390488
v     4.0258551161    -0.8655600640    -0.8237147188
v     6.7014499367    -0.7510596159    -0.6623355093
v     6.6848000186    -0.6777945305    -0.7575143401
v     6.7967398955    -0.7090795756    -0.6939288319
v     6.8689657962    -0.7254384573    -0.6346222836
v     7.4680496811    -0.4702367978    -0.6761012686
v     7.7152187342    -0.5521490094    -0.4896148262
v     7.7955492658    -0.5440761329    -0.4380080916
v     7.0834519939    -0.5182664821    -0.7357641399
v     5.1460545403    -0.4996135610    -0.9076757567
v     5.2124817134    -0.5896541459    -0.9107462566
v     5.1765538168    -0.6923148720    -0.9185206609
v     7.8474890155    -0.4750928067    -0.5634067196
v     5.9213439449    -0.4655229127    -0.8540430416
v     6.0614011034    -0.4730165305    -0.8424317753
v     5.9424348864    -0.5691503160    -0.8640573167
v     6.7200140108    -0.5560697758    -0.7852140772
v     7.4750993957    -0.5568085060    -0.6213215988
v     7.4132011625    -0.5311255896    -0.6640235681
v     7.5599838098    -0.5181404714    -0.6284807851
v     5.0229713747    -0.8742687344    -0.8309345862
v     5.5522735726    -0.6997283846    -0.8993967392
v     6.9208341741    -0.5535074681    -0.7572616256
v     7.2683650193    -0.6562717470    -0.5562926168
v     6.6023033950    -0.7423250310    -0.7157516127
v     7.6531631342    -0.5291683785    -0.5780576628
v     5.1709167596    -0.7921697594    -0.8993748499
v     5.1173671625    -0.8487119507    -0.8600247487
v     4.1119292278    -0.8128873619    -0.8647574208
v     3.9169650199    -1.0093883581    -0.4961905122
v     5.8260876675    -0.6163428900    -0.8779978741
v     5.8265898279    -0.7288137140    -0.8716013206
v     5.6960926936    -0.6968732248    -0.8890016739
v     5.7124043039    -0.5694393038    -0.8812396218
v     5.6284712546    -0.6395303600    -0.8938257954
v     4.2234616614    -0.9976246611    -0.4432319928
v     6.0581768401    -0.8770666460    -0.6212437466
v     5.1444017759    -0.9396362911    -0.6521692848
v     5.0196109171    -0.9424621530    -0.6505677041
v     4.9584325283    -0.9176847613    -0.7415998266
v     5.8987623344    -0.8055108645    -0.8159562680
v     5.7969363351    -0.8131623812    -0.8253780214
v     5.7299283586    -0.8498323857    -0.7897648291
v     4.8319674423    -0.9516294466    -0.6105759349
v     3.2501779146    -0.7716359087    -0.8106095370
v     5.5429510816    -0.8647457847    -0.7980338522
v     5.6050282771    -0.7958345455    -0.8653063250
v     5.6940723108    -0.8019846253    -0.8503398615
v     4.3776571325    -0.7696167283    -0.8975493979
v     5.2737736906    -0.4931483301    -0.9019374145
v     3.7329364174    -0.8636241257    -0.8074235380
v     3.8036412791    -0.8185659324    -0.8399322759
v     6.0825342858    -0.9016681089    -0.4772947440
v     3.7135784142    -0.7878136234    -0.8452888690
v     3.3950274872    -0.9381831556    -0.7162157873
v     4.6320782886    -0.8609244639    -0.8488964061
v     5.0535262486    -0.8190809273    -0.8880266262
v     4.7151941179    -0.7813520888    -0.9071977578
v     4.6625173751    -0.9539934785    -0.6116990312
v     3.4447865223    -1.0448163383    -0.4791908466
v     3.7073396708    -0.5052631579    -0.8689101192
v     3.8555653973    -0.7618466681    -0.8643912606
v     6.3125710824    -0.7702555826    -0.7652387661
v     4.7085338260    -0.9746978239    -0.4598254577
v     5.2750986014    -0.6743314637    -0.9147101299
v     5.3718745778    -0.9340340400    -0.6378503919
v     6.3741830825    -0.6760523921    -0.8165435663
v     6.5302930438    -0.7111773615    -0.7690995581
v     6.4972231939    -0.6522779607    -0.8045009287
v     5.6592485368    -0.4636888692    -0.8757900933
v     6.9002703891    -0.7586555325    -0.5142496854
v     8.0171969965    -0.4002107156    -0.5862155869
v     4.1166249886    -0.5052631579    -0.8909298739
v     6.6023209564    -0.6657690773    -0.7816374767
v     4.3143366274    -0.6624409832    -0.9052597511
v     3.8459515599    -0.5052631579    -0.8768985919
v     3.8809970172    -0.5959148857    -0.8798669048
v     3.9823584693    -0.5052631579    -0.8842546182
v     5.9406609442    -0.7087871501    -0.8643143796
v     4.0456856707    -1.0169061260    -0.3719418305
v     4.6996602728    -0.9191040706    -0.7414131733
v     4.3922685602    -0.9954722675    -0.3659156906
v     3.2051001186    -0.9646286145    -0.6758794863
v     7.7526324830    -0.5005679176    -0.5713740057
v     7.8043946974    -0.5189060865    -0.5080741317
v     5.9975200839    -0.8055494696    -0.7968779304
v     7.1086851739    -0.6795895623    -0.6027532037
v     7.1848855326    -0.6458894634    -0.6264464961
v     6.9619882989    -0.7122805049    -0.6136812899
v     7.0411093100    -0.6795224077    -0.6381468106
v     7.6251026120    -0.5803312602    -0.4840646898
v     5.4106770685    -0.8529173603    -0.8328112871
v     4.9539186007    -0.9620938641    -0.5438144861
v     4.1075176661    -0.8818183364    -0.8109834145
v     5.4715460518    -0.8655069781    -0.8072248453
v     5.3251695808    -0.7365331521    -0.9089212769
v     6.9203246596    -0.6802380051    -0.6871180555
v     4.8612147366    -0.8312024940    -0.8810100922
v     4.1467384591    -0.7414862957    -0.8898512771
v     7.8739714944    -0.4153690129    -0.6062264834
v     8.0751256878    -0.4365549636    -0.5353578137
v     8.0745474524    -0.3596582277    -0.5899452275
v     5.7539260756    -0.7615180129    -0.8677510204
v     4.2513185569    -0.7297372422    -0.8982828996
v     4.4053950716    -1.0038340571    -0.1970920838
v     4.0697878171    -1.0256192133     0.2178780553
v     3.8636348817    -1.0442118759     0.1807058574
v     3.2766082730    -0.5052631579     0.8415172566
v     4.9561430210    -0.9891081448     0.1629759183
v     5.6907109115    -0.9598694946     0.2017687380
v     3.2807674562    -1.0448724275     0.5152553666
v     6.2401240828    -0.9052495271     0.1926875726
v     6.5025437935    -0.8687284397     0.1750752084
v     7.3008433222    -0.7093352767     0.1726440633
v     7.4633925374    -0.6692185576     0.1499265105
v     6.6900588166    -0.8374218854     0.1809555699
v     7.3990639694    -0.6737436678     0.3175091738
v     7.8259420512    -0.3638556212     0.6294824630
v     7.7830985661    -0.2917533492     0.6344487111
v     3.6066942685    -1.0667996622     0.2034739120
v     3.3482366756    -1.0836291097     0.2994824761
v     7.3459870720    -0.2478704684     0.6842362474
v     7.3316257693    -0.3014489860     0.6895784797
v     7.2337743660    -0.2644683210     0.6989679963
v     7.4558793421    -0.2315473553     0.6697483488
v     7.6669200798    -0.2565528454     0.6452040240
v     7.5631899460    -0.2156228986     0.6556142856
v     4.1710655749    -1.0062192278     0.3935235741
v     4.2850892547    -1.0111731917     0.1951523149
v     7.5613794865    -0.6357101843     0.2684196536
v     6.0823667722    -0.9143771384     0.3613625266
v     5.8529566953    -0.9378195254     0.3631562346
v     5.9610843298    -0.9372971624     0.1813947746
v     6.4200576221    -0.8696327301     0.3611885060
v     6.2507913897    -0.8889832382     0.4076646876
v     6.8720637805    -0.8029052752     0.1949699912
v     5.2297707199    -0.9832337892     0.2057221112
v     5.6130011261    -0.9511864760     0.4285236194
v     4.9938113275    -0.9813385824     0.3435259982
v     5.4773001139    -0.9717909374     0.2412657364
v     3.9570697434    -1.0241332665     0.3649762761
v     4.5418766534    -0.9972254791     0.1889689689
v     6.9996475591    -0.5318290409     0.7474313905
v     4.4836455329    -0.6638758124     0.9130886063
v     4.3893190990    -0.6321434679     0.9078723834
v     4.4274881850    -0.7555014562     0.9036720420
v     3.8952781286    -0.8928283198     0.7903111943
v     4.0232785012    -0.8800286977     0.8095986217
v     3.9542457533    -0.8194770622     0.8506776748
v     6.5031990308    -0.4681528413     0.8005544780
v     6.5475436596    -0.5667892638     0.8062196252
v     6.6462133470    -0.4605116729     0.7851526288
v     6.6424301423    -0.6073542422     0.7919269938
v     7.3290992543    -0.6649391108     0.4756959398
v     7.1832147864    -0.6967540241     0.4977416476
v     7.2428740852    -0.7094795833     0.3464214558
v     3.4639191614    -0.9697885286     0.6735481566
v     3.5484768794    -0.8847968821     0.7781255559
v     3.4415283019    -0.8568192941     0.7898603921
v     7.2286581152    -0.5358417536     0.7061134148
v     7.2734238467    -0.6065834484     0.6435735176
v     7.3397751049    -0.5534915272     0.6703221634
v     7.3358739360    -0.4770180247     0.6990948992
v     7.4169008105    -0.3904286236     0.6885162457
v     7.1756139324    -0.4165699784     0.7210345766
v     7.1168840257    -0.5430994976     0.7260105738
v     7.4482176465    -0.6387451390     0.4519385645
v     7.2397049481    -0.6567615621     0.5744751009
v     7.3439297752    -0.6194681227     0.5905122346
v     7.1226111081    -0.6589861935     0.6344585197
v     4.1120115820    -0.9370305356     0.7219615017
v     4.1546957628    -0.9787595203     0.5833947259
v     4.2624119408    -0.9486504312     0.6810019379
v     4.3815520145    -0.9213809433     0.7471586913
v     4.3627850858    -0.8504514309     0.8525598228
v     4.2939634363    -0.8987365931     0.7921140978
v     6.7942924458    -0.5490979551     0.7756519933
v     6.8879542400    -0.5271365746     0.7635226211
v     6.7851996087    -0.4511024641     0.7693663493
v     6.0618745186    -0.8305308405     0.7441682726
v     5.9665231243    -0.8306810543     0.7690096726
v     6.0056678004    -0.8782880597     0.6411413312
v     6.9228918929    -0.6209504097     0.7367883353
v     7.0301976729    -0.6215290822     0.7096599692
v     5.4207346447    -0.8951326648     0.7565098148
v     5.3515560864    -0.8437242844     0.8496397905
v     5.2913311533    -0.8939087421     0.7769307832
v     4.4907793383    -0.9254338171     0.7323782329
v     4.4575178433    -0.8642896125     0.8415253610
v     5.7870161372    -0.9270774630     0.5149389771
v     5.4552099531    -0.8069670959     0.8726344011
v     5.3719142615    -0.7728794875     0.8966945735
v     5.2670363969    -0.7651504034     0.9052666611
v     5.4673342258    -0.7224179233     0.9027878260
v     5.3462973557    -0.6971028365     0.9115220254
v     3.4325402553    -1.0370448685     0.5123438371
v     3.3115074746    -0.9871729251     0.6447658036
v     5.3054888793    -0.9306886479     0.6656678704
v     3.5663174380    -0.5052631579     0.8603246549
v     3.6329285372    -0.6399950165     0.8629474003
v     3.7073396708    -0.5052631579     0.8689101192
v     7.8982010726    -0.4994455157     0.4900867668
v     7.9911344512    -0.4638943421     0.5197394761
v     7.9338963740    -0.4270538856     0.5837009606
v     3.9482468990    -0.7122887519     0.8802146638
v     3.8562680510    -0.7938053083     0.8545665059
v     3.8455688819    -0.6644283143     0.8766588535
v     3.7426527587    -0.7315860779     0.8619202448
v     3.7659742253    -0.8519526056     0.8179816784
v     5.8550845992    -0.8379291123     0.7830206756
v     5.7982806483    -0.7635050852     0.8616875671
v     5.7615513942    -0.8638982430     0.7577377213
v     5.6834831753    -0.9151937073     0.6277842446
v     5.8419310701    -0.8975426106     0.6388647306
v     5.9706822859    -0.9100591855     0.5072648792
v     3.2817819925    -0.6916529598     0.8311820651
v     5.2943580716    -0.5992064656     0.9084040862
v     5.4081412289    -0.5501759015     0.8980854513
v     5.2737736906    -0.4931483301     0.9019374145
v     3.2049015807    -0.8727331303     0.7601434447
v     3.2186309008    -0.9449576177     0.6997940999
v     3.3048397551    -0.8675299333     0.7718532591
v     5.1460545403    -0.4996135610     0.9076757567
v     5.1455810008    -0.5971739139     0.9136717309
v     3.6422290961    -0.7909876401     0.8382684551
v     3.6562787541    -0.8930992863     0.7777783185
v     4.3128226430    -0.6911098502     0.9048980886
v     4.2938587790    -0.5953764599     0.9017808765
v     4.1841596517    -0.6495365734     0.8981612743
v     4.1166249886    -0.5052631579     0.8909298739
v     4.2491813627    -0.5052631579     0.8968849158
v     6.3567105558    -0.4733761469     0.8154042511
v     6.2073863247    -0.4753297420     0.8295497912
v     6.3288420809    -0.5651662870     0.8293575711
v     4.6599267885    -0.6905111045     0.9195860793
v     4.5885523884    -0.6052891186     0.9134510040
v     4.5530468262    -0.7257892281     0.9140928067
v     5.3708148976    -0.9680309865     0.3921867949
v     5.4231795949    -0.9487767717     0.5425275946
v     3.5578644498    -1.0110390721     0.5757043946
v     3.6094425689    -1.0430448741     0.4278688352
v     5.5305893198    -0.4749167296     0.8857556006
v     5.6254535674    -0.6003538036     0.8905449626
v     5.6592485368    -0.4636888692     0.8757900933
v     4.4113143925    -0.9920894521     0.3948703415
v     4.5750328906    -0.9724474962     0.5120704805
v     4.4188582523    -0.9630801539     0.6032449439
v     5.5652175577    -0.8997770297     0.7164838836
v     5.5196989208    -0.8596504915     0.8096549542
v     5.5501429171    -0.9325254774     0.5936277557
v     6.4557619413    -0.8386387058     0.5365194746
v     6.5392333309    -0.8000908135     0.6247186056
v     6.4207873320    -0.8051441021     0.6695631974
v     5.9143717434    -0.7621007837     0.8474786128
v     4.7636921875    -0.8838145561     0.8175038449
v     4.6781198888    -0.8826208646     0.8193810200
v     4.7287705206    -0.9298540264     0.7074966168
v     4.6101318040    -0.9157689719     0.7529628038
v     4.5769882859    -0.9491866727     0.6442787875
v     5.2366823827    -0.6706314724     0.9161037848
v     4.5885363826    -0.8444219744     0.8652073012
v     4.7086540656    -0.8083649145     0.8946193557
v     7.8922159353    -0.3207325647     0.6221781455
v     7.9893520371    -0.3382717477     0.6092981325
v     4.8252301859    -0.8376204882     0.8753439109
v     4.8516003205    -0.7117199468     0.9225134574
v     4.9083759837    -0.8077197711     0.8972134183
v     5.7495033741    -0.5621895998     0.8777687139
v     5.7422773694    -0.6587367676     0.8865856703
v     5.0556692046    -0.6952195665     0.9216353497
v     5.1013182752    -0.8023955426     0.8968144785
v     5.1577858645    -0.7203763046     0.9178684007
v     5.1910731000    -0.8149814535     0.8855547891
v     4.2898713823    -0.9818666916     0.5310234977
v     4.8920810404    -0.5052631579     0.9126871830
v     4.9992582162    -0.5968199230     0.9168812494
v     5.0187871817    -0.5038326229     0.9114204676
v     5.8887989276    -0.5650547154     0.8677700309
v     7.6877250022    -0.4477246828     0.6358776321
v     7.7855199300    -0.4320235786     0.6193280661
v     4.7205284150    -0.9564766393     0.5918135558
v     4.7999440431    -0.9726258293     0.4636497076
v     4.1844607456    -0.8060160503     0.8726888181
v     4.2482036657    -0.7518213182     0.8943838121
v     7.1126766890    -0.7521747362     0.1979082456
v     3.8049527220    -0.9346817313     0.7318523178
v     5.1615552638    -0.9726853769     0.4222220269
v     5.1570960113    -0.9500852704     0.5988868522
v     4.9991088241    -0.9630911431     0.5341882359
v     6.7489733080    -0.6440934829     0.7627508973
v     6.7379785953    -0.7302493604     0.6844952907
v     6.8315646290    -0.6945942351     0.7005258615
v     4.9822606539    -0.8718840203     0.8354771123
v     4.9859658023    -0.7735677493     0.9116011057
v     6.1579193235    -0.8799562048     0.5513389118
v     6.3310081569    -0.8562392580     0.5470376945
v     4.9444263040    -0.6721650332     0.9227432032
v     4.0365729917    -0.7835542668     0.8716660079
v     4.0602239878    -0.6576089496     0.8908891565
v     7.6804226671    -0.5912117705     0.3648391164
v     7.7967265401    -0.5435732439     0.4386823077
v     7.6942498342    -0.5565292637     0.4948754596
v     7.6657365552    -0.5185947864     0.5868151228
v     7.5916489155    -0.5568242248     0.5654785406
v     7.5634453067    -0.5978807828     0.4849125702
v     7.4488901770    -0.4826171007     0.6767191178
v     7.8466001081    -0.4746942305     0.5643105688
v     4.1131586413    -0.8635826272     0.8298551745
v     4.1161819509    -0.7562150037     0.8848586853
v     5.1613991552    -0.8834166937     0.8092520540
v     5.0610167784    -0.8653981234     0.8422795506
v     5.0520430346    -0.9267548115     0.7097469518
v     6.1742483350    -0.6671015759     0.8451471276
v     6.0787774711    -0.6853486714     0.8534048986
v     6.1370363175    -0.7788793748     0.7967236773
v     6.2272437170    -0.7516560131     0.8025284097
v     6.7156205417    -0.5444203683     0.7856892218
v     6.0107308940    -0.5851661479     0.8602831517
v     5.9213285411    -0.4655171199     0.8540439430
v     4.8828397147    -0.9448743157     0.6431447468
v     3.5322697068    -0.7566236244     0.8393013630
v     3.4237025493    -0.7166809831     0.8387039544
v     5.9645296219    -0.6779244963     0.8665958376
v     6.0311437722    -0.7699011879     0.8244959695
v     6.2806630653    -0.8286188493     0.6720168766
v     7.5008318870    -0.5609942713     0.6050896149
v     7.5661324267    -0.4956045094     0.6429397107
v     5.6379349958    -0.7997165904     0.8589298315
v     5.6848882181    -0.7208285428     0.8868153097
v     5.5792106422    -0.7118185544     0.8964454612
v     6.5940937289    -0.7307943333     0.7332664218
v     6.6759966331    -0.7035357359     0.7387709894
v     6.6536102085    -0.7790805788     0.6204973921
v     3.3727964211    -0.6071083112     0.8460494920
v     3.4227859389    -0.5052631579     0.8511813048
v     5.9122097302    -0.8670420478     0.7098736257
v     4.7381189923    -0.6077107824     0.9170829364
v     4.5094207318    -0.5052631579     0.9063352340
v     4.6376025964    -0.5052631579     0.9096443342
v     6.3948227359    -0.6765783299     0.8132006849
v     6.4531794415    -0.6192554079     0.8163153609
v     6.4348664549    -0.5353007142     0.8158916787
v     6.4855640961    -0.7152878922     0.7761248191
v     7.1914675613    -0.6155956980     0.6643660434
v     6.8705697434    -0.7269765735     0.6304852000
v     6.9220394378    -0.7439743924     0.5515948645
v     6.9515049165    -0.6923410516     0.6573281224
v     4.2010977368    -0.8974351407     0.7932241145
v     3.7641343504    -1.0395146997     0.3635940493
v     6.1400532421    -0.8474708284     0.6802422148
v     4.6263572252    -0.7701354997     0.9083440255
v     3.6948386061    -1.0111639738     0.5511848949
v     3.5974618108    -0.9622378085     0.6857521802
v     5.5984811708    -0.8536972002     0.8067846312
v     5.5477524786    -0.7963593047     0.8709047627
v     5.2566458358    -0.8512565741     0.8489294365
v     5.1877740354    -0.9211699089     0.7165465149
v     3.7022537392    -0.9607258019     0.6866943287
v     7.4357426932    -0.6116934998     0.5498197732
v     5.2779036884    -0.9575081261     0.5270259534
v     6.7165953140    -0.8008296025     0.4928180196
v     6.7925131728    -0.7622553708     0.5847776397
v     6.5739970735    -0.8294550080     0.4791477896
v     3.7527688362    -0.6009171930     0.8719459509
v     3.5009340175    -0.6180909351     0.8546238995
v     4.8631640292    -0.5984767772     0.9176439709
v     4.7650302109    -0.5052631579     0.9118312669
v     3.3627590511    -0.7881845946     0.8151574735
v     6.5128936365    -0.7659165766     0.7108441836
v     3.3800405083    -0.9277804711     0.7271403215
v     4.2671902462    -0.8378539211     0.8585928700
v     4.3302840656    -0.7769116371     0.8927569876
v     7.0540124236    -0.7126078500     0.5530735147
v     6.9913738434    -0.7499721547     0.4615042451
v     7.1063802762    -0.7347617301     0.3980424293
v     3.9615573051    -0.5902167738     0.8844980017
v     4.7483048659    -0.7094497426     0.9212305752
v     6.3820057540    -0.7620246766     0.7566945278
v     6.3132073561    -0.7146241328     0.8106064716
v     3.7315596276    -0.9136996431     0.7594888745
v     7.4158949896    -0.5664489268     0.6338593818
v     3.9898175076    -0.9292656038     0.7406425120
v     3.7975537633    -0.9840264468     0.6248376432
v     3.9157516168    -0.9871777155     0.5971885478
v     3.9009567134    -0.9545635689     0.6921601662
v     3.8529008695    -1.0136240128     0.4959531451
v     4.3799886394    -0.5052631579     0.9020450556
v     6.8366715048    -0.6137477685     0.7579370085
v     7.2540462109    -0.4622912629     0.7130556006
v     6.5481768455    -0.6539127409     0.7958525893
v     6.9920910226    -0.7688275091     0.3276542239
v     5.6677956798    -0.8710856825     0.7637273558
v     5.7172043204    -0.8088975671     0.8414471770
v     3.8459515599    -0.5052631579     0.8768985919
v     3.9823584693    -0.5052631579     0.8842546182
v     5.8454925431    -0.6627290606     0.8783023758
v     6.1096379537    -0.5827895096     0.8515164854
v     6.0613817774    -0.4730165342     0.8424334897
v     6.1916901937    -0.5492152156     0.8405275873
v     6.6571758304    -0.8336691647     0.3315815754
v     6.8491021487    -0.7880520909     0.4136479090
v     4.8424836719    -0.9088272556     0.7659656433
v     4.6213140721    -0.9857065690     0.3611450218
v     5.5065514746    -0.6191659381     0.8996772449
v     5.4020613153    -0.4848139620     0.8945400829
v     7.7534250576    -0.4992199140     0.5728519451
v     7.8015472413    -0.5194502284     0.5087904649
v     7.5330345257    -0.6300780025     0.3774513981
v     3.2129464256    -0.7799777440     0.8046438064
v     4.0241561409    -0.9991808732     0.5158964486
v     7.6060669629    -0.4281430673     0.6584934056
v     4.7870605950    -0.7726432462     0.9115544719
v     5.4475721554    -0.9238980645     0.6628285536
v     4.7756831294    -0.9875567523     0.2523713847
v     4.5081371360    -0.8031520617     0.8909844634
v     3.2579850732    -1.1053591079     0.1436106690
v     6.2570304109    -0.6236098252     0.8390870087
v     5.4033491238    -0.6367098351     0.9067628030
v     7.8658832507    -0.4132285334     0.6091405279
v     4.4706689006    -0.5749171313     0.9076483651
v     6.2122425825    -0.8066663755     0.7419006649
v     6.2929545091    -0.7782886249     0.7605115785
v     7.0368673905    -0.6756030359     0.6467242491
v     4.0204633367    -0.9679212206     0.6469679270
v     5.4403442408    -0.8553762303     0.8261746675
v     4.5377112241    -0.8902126375     0.8066839027
v     3.4940966407    -1.0618532268     0.3667044473
v     4.9409023375    -0.9123934221     0.7563953005
v     4.8996142158    -0.8709133225     0.8376908491
v     8.0741655988    -0.3589693253     0.5904047231
v     8.0126810412    -0.4117463849     0.5788875514
v     8.0754865345    -0.4359192126     0.5358377464
v     6.3252828224    -0.6457392581     0.8296416641
v     6.2456020225    -0.6915373933     0.8306780199
v     6.9303087128     0.6097768867     0.2531104787
v     7.0750320756     0.5718245719     0.3439803869
v     9.2791656940     0.4445204689     0.1854004512
v     9.2402133252     0.3696539301     0.2844386362
v     9.1888398416     0.4073035693     0.1886641322
v     8.5736478658     0.2421484809     0.0000000000
v     8.5354874319     0.2107816351     0.0808812236
v     8.4816656396     0.2042684979     0.0000000000
v     8.8749231168     0.3480309653     0.0000000000
v     8.8316144646     0.3091717796     0.1230432716
v     8.7681200467     0.3124770752     0.0000000000
v     6.2431124520     0.2977074839     0.5491839686
v     6.1084676195     0.2459976000     0.5665355486
v     6.2091743190     0.1403377559     0.6069669291
v     6.8160213198     0.1749967368     0.6306459203
v     6.6728707929     0.2225313453     0.6076886467
v     6.6771072470     0.1053034824     0.6387127903
v     5.8752334561     0.5179954336     0.3128912878
v     5.9480469639     0.4288187017     0.4323217542
v     5.8175971311     0.4523217184     0.3972316507
v     6.6525013525     0.5201084268     0.3830007533
v     9.2877841065     0.3220307275     0.3623116344
v     9.2642630011     0.2109572823     0.4263520350
v     9.2043329918     0.2679605169     0.3662051530
v     8.8935459669     0.2669912341     0.2295869735
v     9.0154506285     0.2923495530     0.2605491226
v     8.9684781490     0.1997055779     0.3195122674
v     8.9600124947     0.3497405454     0.1345545765
v     9.0767524765     0.3623249664     0.1958002607
v     8.7260027188     0.2791145722     0.1014937625
v     8.6683256402     0.2775830689     0.0000000000
v     7.8856665938     0.3359671869     0.6141129223
v     7.8036720454     0.3986693342     0.5738490265
v     7.7276521463     0.3086891439     0.6243718220
v     4.9897059680     0.3738413761     0.4136380244
v     5.1190719023     0.3486973957     0.4439695740
v     5.0213849793     0.4557008583     0.3242702643
v     6.9752441592     0.3430076756     0.5666285167
v     7.0810786801     0.2659701977     0.6124511828
v     7.1055572646     0.3913054944     0.5423122937
v     6.2761109207     0.0000000000     0.6263921889
v     6.4323538608     0.0000000000     0.6345750386
v     6.3585484014     0.0943611804     0.6236926154
v     6.9187595093     0.5439362102     0.3729027345
v     6.7665924709     0.5064042274     0.4102541898
v     6.8755500585     0.4715052963     0.4578646166
v     6.5889160385     0.0000000000     0.6427068639
v     6.5133927930     0.1464041047     0.6219080683
v     9.2271477684     0.4731325914     0.2297745133
v     9.2589162707     0.5128927542     0.1130747556
v     9.1417008222     0.5127100984     0.1394559588
v     9.0516443096     0.1181011390     0.3867529967
v     9.1168226378    -0.0000000000     0.4257766604
v     8.9966744481    -0.0000000000     0.3872843872
v     5.8325343328     0.3676095682     0.4777482726
v     5.9630992609     0.2926541558     0.5350641069
v     5.7538150436     0.1201690682     0.5866047983
v     5.6720347835     0.2110323625     0.5557008227
v     5.5998113550     0.0943232855     0.5829435717
v     5.5077994134     0.0000000000     0.5855175724
v     5.6595309464     0.0000000000     0.5936488598
v     8.7416734024     0.1116328432     0.2809312299
v     8.7631712856     0.2275404915     0.2083678775
v     8.8492783083     0.1724864717     0.2906562703
v     5.8951609214     0.0915484150     0.5993485001
v     5.8123214834     0.0000000000     0.6018137774
v     5.9660898377     0.0000000000     0.6100017019
v     6.8143880381     0.0760203338     0.6498879374
v     6.7444748924     0.0000000000     0.6507037608
v     5.8118670796     0.2577332158     0.5438782898
v     6.5570607784     0.3000695503     0.5665358039
v     6.6298391686     0.4301212149     0.4802438887
v     6.4873433360     0.4032814178     0.4935222562
v     8.0277587006     0.6835267419     0.1237962989
v     7.8316325846     0.6994588344    -0.0000000000
v     7.9002278133     0.6605681457     0.2315674683
v     6.0398583474     0.1391071606     0.5980619780
v     5.8961158753     0.1888395729     0.5762440381
v     5.5904354549     0.3011285430     0.5073069103
v     5.6876810321     0.4129118844     0.4284569486
v     5.5347988946     0.3976530113     0.4315904719
v     5.5092705448     0.4910875297     0.3189384659
v     6.0759739812     0.3553353950     0.5029042493
v     6.0689663885     0.4609039306     0.4077018254
v     5.7534510266     0.5090178547     0.3151039597
v     6.1607121232     0.4030542456     0.4713823812
v     6.1865757623     0.4834307473     0.3907143775
v     6.4238351385     0.4898642557     0.4025234429
v     6.5414295831     0.5020453815     0.3971751815
v     6.2534424046     0.4162390794     0.4663436921
v     7.1996164998     0.3062018323     0.5998048501
v     7.6638370051     0.0000000000     0.6941061870
v     7.7290484966     0.1433504973     0.6817025716
v     7.5880547763     0.1081477059     0.6826402782
v     7.4152693956     0.6167753293     0.2947655116
v     7.3319959810     0.6618046428     0.1553836090
v     7.2380631850     0.6166123617     0.2754175066
v     7.4665972323     0.6714117744     0.1404439768
v     7.5080404037     0.6876586182    -0.0000000000
v     7.8277137069     0.0000000000     0.6993770419
v     7.8603134570     0.2013869760     0.6704571961
v     8.5661740259     0.5598043553     0.2679451395
v     8.6821096701     0.5489517068     0.2418718418
v     8.5712733813     0.6061024169     0.1293785430
v     8.7140767865     0.5833185273     0.1129933655
v     8.6373130913     0.6078385736    -0.0000000000
v     8.8538538564     0.0911078406     0.5625316518
v     8.9305745022     0.1872085236     0.5252037021
v     8.7865221184     0.1869142723     0.5505243910
v     8.7819689732     0.0000000000     0.5820720415
v     8.6949851984     0.0954330242     0.5898902695
v     9.0759100606     0.0000000000     0.5377903707
v     9.0002021735     0.0928277381     0.5394537763
v     8.9301722235     0.0000000000     0.5575297279
v     9.1242735757     0.3569742248     0.3953842630
v     9.2306758597     0.4018183071     0.3389886607
v     9.1326057500     0.4466830661     0.2889667488
v     9.1441845728     0.1160246355     0.5182894033
v     9.0465268553     0.1910113181     0.5065423284
v     9.0032398795     0.5360059226     0.1090187517
v     9.0838244730     0.5369080678    -0.0000000000
v     8.9377556815     0.5563690722    -0.0000000000
v     8.8730784317     0.2687180280     0.4988717149
v     9.2717180513     0.1013582074     0.4680737338
v     9.2629024331     0.0984378977     0.5158416823
v     9.3303067738    -0.0000000000     0.5193118607
v     9.2413482317    -0.0000000000     0.4676672403
v     9.1747968366     0.1330665964     0.4240651344
v     8.9360096960     0.0979860735     0.3540307719
v     9.0936438033     0.2295418563     0.3482376698
v     5.7179929863     0.3159480796     0.5062589958
v     8.8829735468    -0.0000000000     0.3506581124
v     8.5223379953     0.1558543916     0.1539535888
v     8.6308801900     0.2272436343     0.1304744063
v     8.5951835574     0.1298780062     0.2118199496
v     8.3152188239    -0.0000000000     0.1144854702
v     8.3658154178     0.1017675037     0.1031121174
v     8.3996000174    -0.0000000000     0.1654813537
v     8.2593126797     0.0292978985     0.0000000000
v     8.2585868100    -0.0000000000     0.0370860177
v     8.2704199662     0.0063420548     0.0004434791
v     7.8957122291     0.4746576827     0.5141737358
v     7.7222207634     0.4696215684     0.5138577066
v     7.9580608845     0.1206707709     0.6879234082
v     9.2946218725     0.2675626905     0.4513323627
v     9.2327961305     0.2009971854     0.4858774809
v     9.3034790121     0.1896885630     0.4887979235
v     6.7739455069     0.4081519097     0.5085838201
v     7.5980494580     0.6821733622     0.1136279131
v     8.3089721182     0.1097309930     0.0000000000
v     6.8944090936     0.3970866190     0.5249655342
v     7.0102762577     0.4731412136     0.4658452091
v     7.0822336105     0.6575700774     0.1162417804
v     7.1272478190     0.6300510168     0.2279006154
v     6.3579800931     0.3982080987     0.4889493983
v     6.3062859957     0.4891282127     0.3936850140
v     9.2241831746     0.5260348428    -0.0000000000
v     7.1193694411     0.6689611329     0.0269301913
v     7.2066218044     0.6592735999     0.1393523445
v     9.3344886210     0.5146381905     0.0000000000
v     9.0346537591     0.4908310090     0.2317939091
v     8.1612219470     0.6823624067    -0.0000000000
v     7.9966658742     0.6964808296    -0.0000000000
v     7.9921788156     0.0000000000     0.6967279405
v     5.3878491255     0.4822200906     0.3205483211
v     5.3928006258     0.4029340589     0.4161143303
v     9.1015868226     0.4093359511     0.0967477988
v     9.1085050403     0.4230888876     0.0000000000
v     9.2316326554     0.4533856384     0.0991606042
v     8.7759313093    -0.0000000000     0.3151301154
v     8.6757609163    -0.0000000000     0.2802567096
v     8.9883308380     0.3846170256     0.0000000000
v     8.8547171970     0.5602826058     0.1033187371
v     8.7891077802     0.5808288638    -0.0000000000
v     7.2736954572     0.6768528566     0.0105938485
v     7.7410298775     0.6804492903     0.1511042117
v     7.6662071431     0.6941972609    -0.0000000000
v     8.5202636928     0.1141635143     0.6182910896
v     8.6305968440     0.0000000000     0.6090446431
v     7.2043610037     0.6733820033     0.0180555458
v     7.7394699153     0.6280075699     0.3021752675
v     7.8409523620     0.5709859857     0.4041937112
v     9.0046859404     0.2997274474     0.4571721961
v     9.2158355322     0.0000000000     0.5263786467
v     6.1206876107     0.0000000000     0.6181974530
v     9.1347187096     0.2499444985     0.4694834254
v     5.5443890898     0.1872736264     0.5569507423
v     6.6869799366     0.3350522391     0.5543667859
v     6.4166749945     0.2879094456     0.5646396336
v     7.4551815151     0.1524849109     0.6682651972
v     7.5006297932     0.0000000000     0.6873345003
v     8.9236083064     0.5254411522     0.1897302645
v     9.2279121447     0.3090783010     0.4254139483
v     6.8975248950     0.0000000000     0.6584710524
v     6.9404263106     0.1017699050     0.6528214531
v     6.9532662622     0.2208346580     0.6234368112
v     6.8228675622     0.2947218576     0.5846683120
v     6.3492314552     0.1966006159     0.5989081465
v     7.2570050966     0.5572230265     0.3828778239
v     7.4196262103     0.5463742664     0.4108869879
v     7.3329018217     0.4819863123     0.4790922234
v     7.5899452318     0.6439443042     0.2513624128
v     8.9209256308     0.4822236130     0.2826677631
v     9.0103615192     0.4115896935     0.3585043097
v     8.8068782420     0.5371552444     0.2130151094
v     7.0729072332     0.1259696579     0.6553170257
v     7.1629232877     0.4879816933     0.4612678713
v     9.2945675636     0.4047262352     0.2722230926
v     9.3006356966     0.4834179201     0.0855602886
v     7.5853536319     0.5588792912     0.4061664181
v     8.7962724713     0.4860996628     0.3155835046
v     8.7482140827     0.3067002501     0.5016679920
v     8.8892627021     0.3566615890     0.4367676638
v     8.8848696262     0.4311639787     0.3645068559
v     8.4820086151     0.6352757645    -0.0000000000
v     8.3232177836     0.6609475962    -0.0000000000
v     8.3422947150     0.6331344623     0.1798767080
v     8.4360034039     0.6338785558     0.1087690202
v     7.2007193835     0.1743610440     0.6506147144
v     7.1949456793     0.0000000000     0.6731659530
v     7.3453373026     0.0000000000     0.6803012404
v     7.2678869441     0.0760356314     0.6724257961
v     7.2644693419     0.3975438938     0.5472716064
v     8.7743999036     0.4070874099     0.4177274709
v     8.6359330748     0.4053578343     0.4531200116
v     8.6113819699     0.2993239639     0.5343910090
v     7.0474147805     0.0000000000     0.6659549445
v     8.3924986866     0.1617757604     0.0000000000
v     7.9927420890     0.3906141910     0.5768335381
v     8.0193132508     0.2647803689     0.6428229559
v     7.6012604491     0.2399762451     0.6487786288
v     5.4548319600     0.1075537190     0.5727501320
v     9.2338126804     0.4649738445     0.0000000000
v     8.3423062943     0.1555311801     0.6395408483
v     8.4757783110     0.0000000000     0.6363423672
v     8.2081043347     0.4363305461     0.5172288560
v     8.3189706568     0.3896382736     0.5345790003
v     8.3565526496     0.4562168984     0.4710171673
v     8.2020383333     0.6598682588     0.1543410965
v     8.4926344531     0.4900031365     0.4012797265
v     8.6106034677     0.5011917140     0.3522132937
v     8.4696280696     0.5914791745     0.2378089556
v     8.6395469184     0.2015044922     0.5731618499
v     8.4703022237     0.2445063379     0.5886119426
v     7.4163811741     0.3898418024     0.5614368348
v     7.4847923000     0.4797573304     0.4910395958
v     7.3303180127     0.1459367452     0.6638657226
v     8.3175430555     0.0000000000     0.6617932253
v     8.2182216451     0.1061305308     0.6672265931
v     8.0504627303     0.4743611395     0.5048862322
v     7.4838954560     0.2952415492     0.6199603120
v     7.9760634155     0.5723074985     0.3986852705
v     8.0816129916     0.6287822473     0.2851776096
v     8.2566691259     0.6079746280     0.2828390997
v     8.1181562557     0.5379089202     0.4270569004
v     8.2044580264     0.5695756848     0.3663612941
v     8.3407744220     0.5320107318     0.3875832496
v     8.3881082079     0.5743481063     0.3063066369
v     8.7006658602     0.4745715126     0.3611962253
v     8.1561119378     0.0000000000     0.6829319397
v     8.0875095174     0.1292798259     0.6777037895
v     8.2980281587     0.3027320060     0.5917657009
v     8.1784960570     0.2363395957     0.6381471529
v     8.2476695027     0.5054467608     0.4421761566
v     8.4252496074     0.3730146576     0.5259260951
v     8.1288979246     0.3634131215     0.5816154899
v     8.5290137914     0.3664818066     0.5088094872
v     5.0224377260     0.1697943057     0.5331338778
v     5.1269524708     0.2135112778     0.5232446234
v     4.9822317563     0.2743132538     0.4850656829
v     5.2559866960     0.2450165876     0.5169201261
v     5.2315371442     0.1055621690     0.5609082892
v     5.2450854034     0.3827456732     0.4241242964
v     5.1441571679     0.4645304762     0.3232235268
v     9.1416987481     0.3294082390     0.2804138099
v     8.4501673052     0.1720633022     0.0774064302
v     8.4517365349     0.0767855364     0.1731598736
v     8.4887064016    -0.0000000000     0.2073338555
v     5.3562852503     0.0000000000     0.5773801723
v     5.2145078140     0.0057447733     0.5697253337
v     5.1045555197     0.0818319563     0.5579272426
v     5.3436400848     0.1419151489     0.5590779215
v     8.5296051542     0.0747161037     0.2106307138
v     8.5808964775    -0.0000000000     0.2449670349
v     5.4371931540     0.2651754168     0.5178221927
v     9.2882102875     0.4820135694     0.2079296774
v     8.6481754132     0.0788985362     0.2576481247
v     8.6758941808     0.1677722420     0.2217560169
v     8.8336458518     0.0804218235     0.3241549027
v     7.7215249609     0.5596025353     0.4140938026
v     8.4406928388     0.1292363485     0.1299531732
v     5.2661574789     0.4733660067     0.3219774076
v     7.5860949899     0.4057828623     0.5591965205
v     7.3364085906     0.2705377590     0.6238464565
v     5.3319172366     0.3203201125     0.4787563223
v     8.2972054150     0.0638338242     0.0746625477
v     8.8347390942     0.1275826925    -0.3083875303
v     8.7759314653     0.0000000000    -0.3151301683
v     8.8829737476     0.0000000000    -0.3506581778
v     9.2158351603     0.0000000000    -0.5263786630
v     9.2492060619     0.0964669154    -0.5164328476
v     9.3303064066     0.0000000000    -0.5193120449
v     7.3144845165     0.6305792873    -0.2517372281
v     7.2145537498     0.6602183070    -0.1366903895
v     7.3427194102     0.6680461437    -0.1284483375
v     8.7261926815     0.2755193891    -0.1106473194
v     8.7460817293     0.2083290560    -0.2195215577
v     8.8383112525     0.2890995592    -0.1680192262
v     5.8748241566     0.5179652361    -0.3128990568
v     5.9518541783     0.4438543930    -0.4171690324
v     6.4265964526     0.4843235096    -0.4093876541
v     6.5461626397     0.4837535142    -0.4196063054
v     9.0427507659     0.3844768704    -0.1158169015
v     6.2381396107     0.3504217248    -0.5167358593
v     6.1136162118     0.3199601921    -0.5285096077
v     6.1225307729     0.4110261139    -0.4617422791
v     9.1604714131     0.1174974851    -0.4237701084
v     9.1168229557     0.0000000000    -0.4257767633
v     9.2413485974     0.0000000000    -0.4676673719
v     5.1441581046     0.4645306370    -0.3232233845
v     5.1127675422     0.3558270394    -0.4378292758
v     5.0213856363     0.4557009276    -0.3242702281
v     6.0757731339     0.4806160923    -0.3848742752
v     9.1687082974     0.4241054930    -0.1260929024
v     9.2724994973     0.4712623103    -0.0871239846
v     7.1192221333     0.0993610250    -0.6621501489
v     7.0641252451     0.2183178698    -0.6301598969
v     7.1758171174     0.1879894473    -0.6455580773
v     8.5411788993     0.0839489537    -0.2120074666
v     8.4887064609     0.0000000000    -0.2073338812
v     8.5808965656     0.0000000000    -0.2449670691
v     6.2131931861     0.4903212990    -0.3843222676
v     9.2734078585     0.4364694229    -0.1980339189
v     9.1871845600     0.3750008976    -0.2450930541
v     9.2481179007     0.3398684199    -0.3235431813
v     9.0140866476     0.2666425557    -0.2861827873
v     8.9596086770     0.3180960218    -0.1965882899
v     8.8836447205     0.2348278780    -0.2579855130
v     6.7444696700     0.0000000000    -0.6507034939
v     6.8173087591     0.1036269106    -0.6462397627
v     6.8975194611     0.0000000000    -0.6584707787
v     5.9668544615     0.3340599236    -0.5104066678
v     5.8189952904     0.2732765079    -0.5366423453
v     5.8266123949     0.3787281226    -0.4685620098
v     5.6932729892     0.3242619156    -0.4993838508
v     6.6711589416     0.4517753062    -0.4628983092
v     6.6874036414     0.3712653853    -0.5307600517
v     6.5692981805     0.3787600032    -0.5178969463
v     6.9080862775     0.5502005902    -0.3626474024
v     6.9291707382     0.6094694103    -0.2536999964
v     5.9143107727     0.1994024320    -0.5736971117
v     6.2761096173     0.0000000000    -0.6263921204
v     6.3529529150     0.0932737500    -0.6235587725
v     6.4323512939     0.0000000000    -0.6345749047
v     6.7805847353     0.5149275490    -0.4006829558
v     6.6597344680     0.5232990831    -0.3792725626
v     7.1193694326     0.6689611326    -0.0269301884
v     7.2043439797     0.6733811411    -0.0180571438
v     7.2736999917     0.6768530810    -0.0105932396
v     8.9272157289     0.3513918896    -0.0968790552
v     7.5764410093     0.6789607783    -0.1267320938
v     7.7287905840     0.6804135635    -0.1493264595
v     7.4535944815     0.6487306504    -0.2211225571
v     7.0817349319     0.6574099645    -0.1170079076
v     8.8867770835     0.0899603713    -0.5572383473
v     8.7819683349     0.0000000000    -0.5820721528
v     8.8009886386     0.1598682369    -0.5563700206
v     5.5748139963     0.4377260738    -0.3941055533
v     5.6957838114     0.4230603019    -0.4190543754
v     5.5895867578     0.3638149053    -0.4642464838
v     8.3166324288     0.6411886645    -0.1648986318
v     8.4310354763     0.6076118566    -0.2134189720
v     8.2990421373     0.5734363003    -0.3357791722
v     7.8419525320     0.6599476858    -0.2327414284
v     7.8988391451     0.6890942437    -0.1228817969
v     7.1500308463     0.4862563103    -0.4621770517
v     7.1195346112     0.3925108434    -0.5422842182
v     7.0039220085     0.4275817537    -0.5075948380
v     7.1537693246     0.6233406522    -0.2491307766
v     7.0169933616     0.6361611701    -0.1922564707
v     8.6945727415     0.5829490157    -0.1318014500
v     8.7944423812     0.5334276193    -0.2276862196
v     8.6737197718     0.5297619814    -0.2845172075
v     8.9150175437     0.5239453226    -0.1976406776
v     9.0008413824     0.5358872705    -0.1112338511
v     9.0275910878     0.4905313156    -0.2345282353
v     9.0759095509     0.0000000000    -0.5377904283
v     9.1378126978     0.1160813197    -0.5188347747
v     5.8113323840     0.4565163176    -0.3918964321
v     9.1413829753     0.5101411466    -0.1486810544
v     9.2436391259     0.5060275985    -0.1417925599
v     9.2380200067     0.4594956298    -0.2551555747
v     9.0062524874     0.0938094732    -0.5384471089
v     9.0418967117     0.1929606616    -0.5064165449
v     9.1366313614     0.4377363985    -0.3016891268
v     9.3001042839     0.3899888514    -0.3504696002
v     9.2374937269     0.3882129589    -0.3541528128
v     6.4484278659     0.3896515770    -0.5018059790
v     6.3110914168     0.4364532155    -0.4516933639
v     5.6129110496     0.1232591769    -0.5782606134
v     5.7667723851     0.1298160725    -0.5852613791
v     5.6595310285     0.0000000000    -0.5936488642
v     5.4708760734     0.3683030702    -0.4525039090
v     5.3774949556     0.4275294706    -0.3895874201
v     5.5092938156     0.4910893766    -0.3189379176
v     8.6147761387     0.2140579134    -0.1400418058
v     5.8123216108     0.0000000000    -0.6018137842
v     5.8938203343     0.0882870680    -0.5997621428
v     5.9660898668     0.0000000000    -0.6100017035
v     5.7532823696     0.5090054483    -0.3151068628
v     5.6925770410     0.2263598228    -0.5508125322
v     6.0334442892     0.1111734368    -0.6035123699
v     6.0623740887     0.2277593468    -0.5714999927
v     6.2221009639     0.2496476629    -0.5714887300
v     6.7877142666     0.4161233353    -0.5029838897
v     6.5050522745     0.1265183959    -0.6258009842
v     6.1952457063     0.1300696178    -0.6084923945
v     6.3578650739     0.1969504968    -0.5992692464
v     7.0306021774     0.3307217648    -0.5770851792
v     6.8947893585     0.3515988557    -0.5565522454
v     6.5889118660     0.0000000000    -0.6427066482
v     6.9669626598     0.1209126942    -0.6509173171
v     7.0474099878     0.0000000000    -0.6659547075
v     9.0412220993     0.1000187248    -0.3884986273
v     8.9322034312     0.0832134150    -0.3566641730
v     8.9966747013     0.0000000000    -0.3872844681
v     6.6333886776     0.2933427073    -0.5744927401
v     6.7719277989     0.3120956118    -0.5726038921
v     9.0829384322     0.3493773100    -0.2214676903
v     8.6418511924     0.1211887770    -0.2371306045
v     8.7322339997     0.1005389680    -0.2817928089
v     8.6757610344     0.0000000000    -0.2802567520
v     8.3602099897     0.0954566070    -0.1046698909
v     8.3909463631     0.1609554332    -0.0003708261
v     8.2966678259     0.0995144710    -0.0028693798
v     8.2704199662     0.0063420548    -0.0004434791
v     8.2585868100     0.0000000000    -0.0370860177
v     9.1177643690     0.2523095187    -0.4699910766
v     8.7719170520     0.3792320005    -0.4437589690
v     8.6628856722     0.3561328795    -0.4868176002
v     8.6549161587     0.4448634557    -0.4093789493
v     8.7753344812     0.4678809202    -0.3480864946
v     8.8966735674     0.4757248780    -0.3006592898
v     7.9921777649     0.0000000000    -0.6967279974
v     8.0386698215     0.1151018553    -0.6842587729
v     8.1561109649     0.0000000000    -0.6829320474
v     9.2495131176     0.1304876011    -0.4520101974
v     9.2798067249     0.1953218997    -0.4873947823
v     9.2918388503     0.0741445049    -0.4814246456
v     7.6638358193     0.0000000000    -0.6941061414
v     7.7560822447     0.1385556162    -0.6836114105
v     7.8277126947     0.0000000000    -0.6993770202
v     9.2137316335     0.2094875608    -0.4830805810
v     8.9592599393     0.1745877738    -0.3308076445
v     9.0879058013     0.2025299114    -0.3626969333
v     7.8991313589     0.0999866517    -0.6927610347
v     7.5006284359     0.0000000000    -0.6873344408
v     7.3453351572     0.0000000000    -0.6803011406
v     7.4279563752     0.1761252391    -0.6611698765
v     7.9104168272     0.3531569230    -0.6040401779
v     7.9045922781     0.2192311681    -0.6647063375
v     7.7274314507     0.2797701680    -0.6378812426
v     8.9301716559     0.0000000000    -0.5575298152
v     9.1409607713     0.2953639024    -0.3156970216
v     6.6711558809     0.1102831676    -0.6375662186
v     7.5782029582     0.6352824763    -0.2712305709
v     6.6012498731     0.2030415105    -0.6105943647
v     6.4901276609     0.2689304289    -0.5781742573
v     6.8881062292     0.4661248606    -0.4642382158
v     6.8471620469     0.2178523875    -0.6188236492
v     6.7230755271     0.2151089341    -0.6130896156
v     6.9545456396     0.2504579506    -0.6121868071
v     7.0071709086     0.5114555013    -0.4232155823
v     7.1137874889     0.5594692503    -0.3671518751
v     7.2429610902     0.4086419287    -0.5377309789
v     7.1749156700     0.3002786094    -0.6014659095
v     7.0259893211     0.5886811991    -0.3091831786
v     8.8481160537     0.5604171730    -0.1085633474
v     8.6758150064     0.1887410795    -0.5706349631
v     8.7413476978     0.2756245869    -0.5208177429
v     8.9321844278     0.1936441548    -0.5225979595
v     8.9893230583     0.3065779934    -0.4551573517
v     9.2662051072     0.3021846949    -0.4293019690
v     9.2140952263     0.2323175347    -0.3939319081
v     6.1206871699     0.0000000000    -0.6181974297
v     7.3409185012     0.3140271510    -0.6033069960
v     7.4162720871     0.5795894038    -0.3623676433
v     9.0045991630     0.4209490397    -0.3487021191
v     9.0891485910     0.3570508439    -0.4000707342
v     8.8895589261     0.3928534874    -0.4044286134
v     8.8589398440     0.2861992388    -0.4917255097
v     7.3817159917     0.4146621465    -0.5413265715
v     7.3107317293     0.5032078685    -0.4552146218
v     7.4800174872     0.4869694113    -0.4835882108
v     8.5361409700     0.1368778213    -0.6108278970
v     8.6053829248     0.2709441644    -0.5505660104
v     8.5490336708     0.6138674262    -0.1102185981
v     9.1853214314     0.3285943663    -0.4131973131
v     6.3554416456     0.3129160498    -0.5474469715
v     8.5448340077     0.4968225501    -0.3779707729
v     9.2974141684     0.4083717546    -0.2690259908
v     7.5342912045     0.3421856024    -0.5978020106
v     8.5304811812     0.3874719476    -0.4926536008
v     8.5629668219     0.5737404227    -0.2382069989
v     7.5895633117     0.5666049774    -0.3956469788
v     7.2762517439     0.1095894388    -0.6682151898
v     7.2814243552     0.2203143149    -0.6406027331
v     7.5913567362     0.1694777035    -0.6702399349
v     8.6305961245     0.0000000000    -0.6090447723
v     8.6870534047     0.0935478452    -0.5916294559
v     7.7212158295     0.6278853854    -0.3009806209
v     7.7533408118     0.5576404160    -0.4185204861
v     7.1949422882     0.0000000000    -0.6731657894
v     8.4433171940     0.5502705876    -0.3303761777
v     8.3996000509     0.0000000000    -0.1654813710
v     8.3152188304     0.0000000000    -0.1144854751
v     8.1959122303     0.6695398921    -0.1092362371
v     5.5513919983     0.2518541410    -0.5312433173
v     8.4728755736     0.2606687486    -0.5811370893
v     8.2128638278     0.6306264996    -0.2443888999
v     8.4186670933     0.6395312412    -0.0911519019
v     7.9800277661     0.6441762691    -0.2673803104
v     8.0437041277     0.6829700990    -0.1204387084
v     8.1073438299     0.6509714248    -0.2230081069
v     8.4757775105     0.0000000000    -0.6363425040
v     7.9322983188     0.5618661123    -0.4160208651
v     7.8293621564     0.4775193521    -0.5108470365
v     7.7283525953     0.3935342124    -0.5745679381
v     7.9931323239     0.4724997009    -0.5117784443
v     7.8566679129     0.6141591885    -0.3356664154
v     8.1051187198     0.5772609554    -0.3746085734
v     8.2336542286     0.5008341265    -0.4501700481
v     8.4008603770     0.3613026470    -0.5388744116
v     8.3913170790     0.4694344407    -0.4499437868
v     8.3587159640     0.1478954203    -0.6387467548
v     8.3321758312     0.2841715235    -0.5953255317
v     8.2497545011     0.3916710711    -0.5452360474
v     8.1238310517     0.4627288581    -0.5067410549
v     8.2090283129     0.2607033991    -0.6245666351
v     8.3175421671     0.0000000000    -0.6617933572
v     8.1929699632     0.1285067018    -0.6664903749
v     5.5077994360     0.0000000000    -0.5855175736
v     4.9897110416     0.3738651849    -0.4136168572
v     4.9822400621     0.2742925964    -0.4850779128
v     5.4611646566     0.1182633656    -0.5709908532
v     5.4045677744     0.2389505953    -0.5285446380
v     8.4970139252     0.1957928342    -0.0751612896
v     8.5093679098     0.1516005393    -0.1505676217
v     8.4298591215     0.1424090679    -0.1072933807
v     8.4507932472     0.0793167932    -0.1714547540
v     5.1046599491     0.0817495361    -0.5579449252
v     5.2255258982     0.0889129592    -0.5634442282
v     5.2145224221     0.0057477533    -0.5697260904
v     5.3562852503     0.0000000000    -0.5773801723
v     5.3059144896     0.1516708480    -0.5544106289
v     5.2530064983     0.2778560708    -0.4998029212
v     5.1440244961     0.2138348046    -0.5241057134
v     5.0224865551     0.1697327323    -0.5331562541
v     5.3514027050     0.3397971265    -0.4664003022
v     5.2549733848     0.3830230793    -0.4245905437
v     5.2661947424     0.4733687235    -0.3219769816
v     5.3878957894     0.4822235122    -0.3205477082
v     8.0856801929     0.3583551040    -0.5896149784
v     7.2445884019     0.5731465662    -0.3575523099
v     8.0603782485     0.2412463928    -0.6488515606
v     7.6408940338     0.4746079542    -0.5050782412
v     8.6401575547     0.2578544227    -0.0680708177
v     7.4505112942     0.6782339604    -0.0973576135
v     8.8237615638     0.3211299454    -0.0790001928
v     8.2940642583     0.0601084982    -0.0742052218
v     5.1905144545     0.4232319653    -0.3793475772
v     8.5752552367     0.1509495305    -0.1870958455
v    -4.3436121480     0.3142067105    -0.3624414385
v    -4.3468906443     0.2752634370    -0.3609756561
v    -4.1966092842     0.2594340423    -0.3741373590
v    -4.1814354052     0.3317562202    -0.3785623128
v    -4.0400475162     0.2486165104    -0.3834117502
v    -4.0053417730     0.3475455334    -0.3904566188
v    -3.8785962661     0.2433985271    -0.3894827175
v    -3.8168964884     0.3593425941    -0.3976888630
v    -3.6205910718     0.3639321864    -0.3999951609
v    -3.7146771152     0.2442105281    -0.3927907349
v    -3.5473494201     0.2522730306    -0.3932862086
v    -3.4214703196     0.3614896882    -0.3946936420
v    -3.3782715591     0.2741705890    -0.3890422923
v    -3.2276011201     0.3559524195    -0.3825925776
v    -3.2109212209     0.3071445708    -0.3802740669
v    -4.3471756627     0.2752994421     0.3609457400
v    -4.3436121468     0.3142067106     0.3624414387
v    -4.1967272430     0.2594441742     0.3741288358
v    -4.1814354016     0.3317562206     0.3785623131
v    -4.0400417226     0.2486152200     0.3834119193
v    -3.8783613332     0.2433946507     0.3894893031
v    -4.0053417664     0.3475455339     0.3904566191
v    -3.8168964784     0.3593425945     0.3976888632
v    -3.7143721474     0.2442172841     0.3927944797
v    -3.6205910584     0.3639321864     0.3999951609
v    -3.5473548616     0.2522707795     0.3932860792
v    -3.4214703031     0.3614896878     0.3946936412
v    -3.3782613346     0.2741725358     0.3890419138
v    -3.2276011539     0.3559524206     0.3825925802
v    -3.2109168485     0.3071479461     0.3802738824
v    -3.8310881616     0.9298171199     0.1515371536
v    -3.7726635114     0.9791454687     0.0728475030
v    -3.8958767564     0.9529714317     0.0000000000
v    -4.9771450701     0.4494630542     0.0940372230
v    -4.9108484191     0.5097833604     0.0000000000
v    -3.7204861316     0.5759384333     0.3771136075
v    -2.8784241220     0.3961455950     0.3490308501
v    -2.7203572023     0.4442760586     0.3276019005
v    -2.8612464988     0.6011610602     0.3176455243
v    -1.6262295082     0.7819672131    -0.0000000000
v    -1.7240817420     0.7965318677     0.0000000000
v    -1.6262295082     0.7477821899     0.0727752171
v    -2.0350142695     0.6255414925     0.1997246525
v    -2.0232689423     0.7361714200     0.1485587511
v    -2.0174472661     0.8441647425     0.0000000000
v    -1.9943922285     0.8100595318     0.0805319916
v    -1.9196154418     0.8281709689     0.0000000000
v    -3.9418753060     0.6051423270     0.3577863894
v    -3.8415297773     0.7307675990     0.3187647964
v    -3.7107819952     0.8577490570     0.2557006363
v    -3.8578829913     0.8512507881     0.2370484294
v    -3.6893747809     0.9582930308     0.1548212637
v    -3.5655967124     0.9060225479     0.2200585825
v    -1.8002002315     0.7555132152     0.0965261065
v    -1.9102618378     0.7549198481     0.1167965613
v    -1.8148793424     0.6588484101     0.1557906471
v    -4.5582483057     0.4275151513     0.3121943257
v    -4.6301867538     0.3223008728     0.3165239179
v    -2.4785295540     0.7697948111     0.2012427590
v    -2.3696153997     0.8308358518     0.1380681865
v    -2.4779470453     0.8748377773     0.1113648513
v    -3.2615568778     0.8718731860     0.2318661539
v    -3.2154507271     0.9598184372     0.1297631977
v    -3.3414928109     0.9523992277     0.1557307897
v    -3.4138553023     0.8720928094     0.2428244127
v    -3.5311962284     0.7424368194     0.3238228819
v    -3.3189213327     0.7489795277     0.3103587085
v    -2.7691985214     0.7761903181     0.2391885178
v    -2.8537059471     0.8969532952     0.1577227424
v    -2.9179308411     0.8489214489     0.2112712616
v    -2.6868927212     0.6208974232     0.2912673836
v    -2.3942450827     0.6669223101     0.2370832029
v    -2.3326483932     0.7585807734     0.1852194906
v    -2.5403581927     0.6488265698     0.2635895185
v    -2.5694004464     0.4904255086     0.3034930483
v    -4.7583073096     0.5765408770     0.0835593304
v    -4.6321684228     0.6394491557     0.0855763979
v    -4.7300054310     0.6046849160     0.0000000000
v    -2.1521416549     0.7598801773     0.1550411198
v    -2.0969308688     0.8197949676     0.0929020574
v    -2.1152357447     0.8599626482     0.0000000000
v    -3.0433173686     0.8732762226     0.2076080383
v    -2.9873690940     0.7552877294     0.2767704432
v    -3.0424361358     0.6464154297     0.3248188602
v    -3.1467729976     0.7684603538     0.2867996327
v    -3.5552516629     0.9885414056     0.1096262268
v    -3.5257770473     0.5392348523     0.3838036155
v    -3.3615282957     0.5784286926     0.3687979753
v    -1.7207566303     0.6694999851     0.1380480644
v    -1.8219395104     0.8122008050     0.0000000000
v    -2.6263637011     0.7614166153     0.2276620194
v    -2.6694701508     0.8631044551     0.1616661222
v    -2.9699620948     0.9355169768     0.1279709191
v    -2.9060433740     0.9549619002     0.0759810405
v    -2.9981827362     0.9788587574     0.0000000000
v    -3.1984821385     0.5942961895     0.3533534520
v    -2.5067144339     0.9192030568     0.0000000000
v    -2.5843357848     0.9082954403     0.0851174658
v    -2.6048335502     0.9326604516     0.0000000000
v    -3.1954555912     0.9961407890     0.0000000000
v    -3.2942135903     1.0029244589     0.0000000000
v    -3.3047872515     0.9935759322     0.0685371294
v    -3.0481466525     0.4973585354     0.3574941254
v    -2.8013043391     0.9574413387     0.0000000000
v    -2.7488963284     0.9394999846     0.0658457938
v    -2.7030636541     0.9454355132     0.0000000000
v    -3.7921194366     0.9837919448     0.0000000000
v    -3.6903686591     1.0071725307     0.0000000000
v    -3.6470868837     1.0030645627     0.0701984418
v    -3.4920640706     1.0119687529     0.0000000000
v    -3.4261989919     0.9959736082     0.0812757429
v    -3.3930851981     1.0082657084     0.0000000000
v    -2.3772137816     0.8833302368     0.0709753893
v    -2.4087172436     0.9051361872     0.0000000000
v    -4.0048654055     0.7160760651     0.3035426898
v    -4.8486854101     0.4661429162     0.1796109642
v    -4.8696543881     0.5129794790     0.0927347175
v    -4.9245139580     0.4198774042     0.1757037762
v    -4.0018513476     0.9172399200     0.0000000000
v    -3.9339279368     0.9284414609     0.0841879715
v    -4.0745807830     0.8651518279     0.1235464356
v    -4.0180908142     0.9007000669     0.0805369546
v    -4.1086606123     0.8780900727     0.0000000000
v    -3.7020723125     0.7390231283     0.3250535443
v    -3.5910637174     1.0137925602     0.0000000000
v    -2.2459209496     0.6900686870     0.2064040227
v    -2.2350618704     0.8163597236     0.1257742447
v    -2.1593506180     0.6002790447     0.2251759992
v    -2.1186165439     0.6876609921     0.1883761329
v    -3.0967610192     0.9880722398     0.0000000000
v    -3.0763322982     0.9576344262     0.1105990173
v    -4.1093554330     0.7242359890     0.2758440018
v    -4.1351269940     0.8035625044     0.1904800459
v    -4.2017449660     0.7072705592     0.2620279516
v    -4.0660099716     0.4779124047     0.3763234720
v    -4.2048662861     0.5048980935     0.3559274441
v    -3.9004809810     0.4802820091     0.3870089728
v    -1.7086875643     0.7433255387     0.0907139275
v    -1.6262295082     0.6778698250     0.1221100980
v    -2.5677303858     0.8440626310     0.1618272519
v    -4.4275228818     0.4160029708     0.3414767512
v    -4.4182931400     0.5970090209     0.2719638527
v    -4.4886747818     0.5172906959     0.2957949018
v    -4.3516344536     0.5159675519     0.3286336978
v    -4.2908073533     0.4196956400     0.3612966323
v    -4.3631498128     0.7259194449     0.1675785859
v    -4.3990259289     0.7464518877     0.0886826757
v    -4.4548382763     0.6757309742     0.1806363750
v    -4.1163808883     0.6130996084     0.3340095694
v    -2.7587183249     0.8921142341     0.1467996444
v    -2.6759487182     0.9243446859     0.0791830927
v    -2.2920863673     0.8727055342     0.0643274975
v    -4.5289381864     0.5953550905     0.2300668087
v    -4.0409945999     0.8121711324     0.2207865458
v    -4.2237162293     0.7948394953     0.1500076292
v    -4.8227292950     0.5571129926     0.0000000000
v    -3.9460774741     0.8006663367     0.2591553935
v    -4.2768824877     0.6130840295     0.3025186104
v    -4.2890511408     0.7186733563     0.2183986142
v    -4.8468546943     0.3848323039     0.2375122649
v    -4.4282110496     0.7466819976     0.0000000000
v    -4.3226864232     0.7922306740     0.0000000000
v    -4.7776411760     0.4372773017     0.2383392992
v    -4.7850031178     0.5199945856     0.1617706298
v    -3.1478448697     0.8974677492     0.1981866551
v    -2.8236113369     0.9442614429     0.0780634443
v    -2.8996894868     0.9686139174     0.0000000000
v    -4.2992367407     0.7851389437     0.1014923557
v    -4.6971446491     0.5670120723     0.1638287184
v    -3.9618238843     0.8783691108     0.1710276505
v    -3.4627524344     0.9550038633     0.1615224899
v    -4.5319158586     0.6999087102     0.0000000000
v    -4.6326278367     0.6525092522     0.0000000000
v    -4.7132461845     0.4971203035     0.2263932512
v    -4.7484501973     0.3518622708     0.2826201813
v    -4.6701822010     0.4241121255     0.2831888532
v    -4.5498732158     0.6463034118     0.1572100207
v    -4.6177931556     0.5986873416     0.1772204226
v    -4.5101789362     0.6942850000     0.0952265736
v    -3.1434884605     0.9832783425     0.0626218583
v    -4.6130584172     0.5245738966     0.2499832730
v    -4.2158068804     0.8362431277     0.0000000000
v    -4.1564530588     0.8485096658     0.0830696239
v    -1.8645989197     0.8007883932     0.0594808052
v    -4.3666227542     0.6641122927     0.2387492831
v    -2.3108316807     0.8905286183     0.0000000000
v    -2.1637881387     0.8538663515     0.0588592561
v    -2.2130280827     0.8754481431     0.0000000000
v    -4.4670372372     0.7259612841     0.0456368887
v    -2.8778086272     0.7554329556     0.2638990025
v    -4.9766385701     0.4491645693    -0.0952292770
v    -3.7715934808     0.9795706833    -0.0722723932
v    -4.0954234699     0.5183102000    -0.3657711212
v    -2.5722693774     0.8789724528    -0.1264390537
v    -3.6759888972     0.5450876401    -0.3839625671
v    -1.6262295082     0.7477822833    -0.0727751216
v    -3.2933796344     0.5824608024    -0.3634244144
v    -3.4830502879     0.6589356888    -0.3536062240
v    -3.3204946618     0.7674802690    -0.3016946008
v    -2.6631612094     0.6140243924    -0.2901638883
v    -2.5220654680     0.6575273106    -0.2581926353
v    -2.5687111971     0.4906424170    -0.3033742674
v    -4.3190843997     0.6614213674    -0.2590389195
v    -4.3904403945     0.7172166571    -0.1622224333
v    -4.2530420082     0.7587896759    -0.1879992951
v    -3.0248310493     0.6514496282    -0.3214662055
v    -2.9362559109     0.7532265843    -0.2719388546
v    -2.8387012182     0.6041776629    -0.3142639805
v    -3.3622188666     0.9094620527    -0.2069819484
v    -3.4689478886     0.8151644305    -0.2842939263
v    -3.7207305606     0.8729662107    -0.2426579521
v    -3.8718707695     0.8467622674    -0.2378142381
v    -3.8319832588     0.9313424255    -0.1485649137
v    -1.9132226004     0.7563210276    -0.1162594181
v    -1.8268745839     0.7164734728    -0.1287098623
v    -3.6936912340     0.9593407124    -0.1522864915
v    -3.5699928633     0.9255413241    -0.2008404321
v    -2.6390041719     0.7775365003    -0.2204343597
v    -2.6843132176     0.8925712748    -0.1322367541
v    -4.1867667835     0.6692036501    -0.2924647253
v    -4.0576423878     0.6857793140    -0.3104909086
v    -3.9530435082     0.6153206158    -0.3535879199
v    -3.1708617592     0.8507137531    -0.2394561112
v    -3.1789558195     0.9511843904    -0.1382927657
v    -3.0612374527     0.9214431864    -0.1615900629
v    -3.4601474663     0.9199734845    -0.2026652972
v    -3.6406443765     0.7365138262    -0.3276629399
v    -3.1297416299     0.5269438936    -0.3607650833
v    -3.1757314138     0.7078228207    -0.3163351754
v    -3.0552798280     0.8037251235    -0.2582522329
v    -2.9646529598     0.8698216471    -0.2004801911
v    -2.0507702842     0.8211148803    -0.0799919827
v    -2.5122847920     0.7841061496    -0.1976710948
v    -3.5720024499     0.9925174683    -0.1012679010
v    -2.3528502654     0.8474422353    -0.1175961350
v    -4.3454253849     0.7693851862    -0.0896874051
v    -2.9884586175     0.9650363287    -0.0733562214
v    -2.8328155884     0.7626666564    -0.2546714263
v    -2.8674273426     0.8645568812    -0.1915152432
v    -2.4662638755     0.8758246628    -0.1073491965
v    -3.6588234026     1.0027679499    -0.0673183047
v    -4.1260565726     0.7757024818    -0.2269448385
v    -4.0085934035     0.8074306293    -0.2364370660
v    -3.9170865825     0.7372889227    -0.3060518351
v    -3.1251660043     0.9769623045    -0.0774079843
v    -4.4616360656     0.6180730501    -0.2397874380
v    -2.6385414148     0.9231829172    -0.0697653683
v    -2.3776656162     0.7035713289    -0.2199939809
v    -3.9433519215     0.9246450981    -0.0864969093
v    -4.0531597395     0.8718091085    -0.1261125741
v    -2.8456397820     0.9387130051    -0.0961398116
v    -4.1619764289     0.8367425112    -0.1122199660
v    -3.4506581644     0.4920277157    -0.3880746526
v    -3.3464105901     0.9862793724    -0.0961424902
v    -4.3518852402     0.4678197501    -0.3429410179
v    -4.2481646079     0.5658582479    -0.3300870655
v    -4.2395902309     0.4402829579    -0.3645584653
v    -4.7476795901     0.3516389103    -0.2828957856
v    -4.8461149917     0.3845417247    -0.2379507732
v    -4.7502036310     0.4417348671    -0.2470591930
v    -1.6262295082     0.6778698250    -0.1221100980
v    -1.7207943210     0.6694961906    -0.1380548915
v    -4.5066064776     0.6747901723    -0.1436989901
v    -4.5907087450     0.6186205674    -0.1687143511
v    -4.6110807303     0.5572126775    -0.2253768454
v    -2.1518888606     0.8373361295    -0.0834551391
v    -4.3772390380     0.5645973701    -0.3025334429
v    -4.4982620567     0.5042205492    -0.2991767403
v    -2.7198911144     0.4444248532    -0.3275322039
v    -2.8782211814     0.3962054686    -0.3490060448
v    -2.7417279054     0.7214545492    -0.2626078705
v    -2.7577503729     0.8369193914    -0.1980115302
v    -2.9757163888     0.5079084326    -0.3486755347
v    -3.4604168215     0.9798578302    -0.1216873366
v    -2.0346720402     0.6256049397    -0.1996545936
v    -2.1581084136     0.6005527949    -0.2249226969
v    -2.1174266809     0.6959501113    -0.1844784138
v    -2.2441028777     0.6803724569    -0.2101705121
v    -2.7780095265     0.9052792126    -0.1342904077
v    -3.2604469623     0.8958624635    -0.2113079150
v    -4.2619014328     0.8060219194    -0.0842075651
v    -3.8963416036     0.4964805822    -0.3849383263
v    -3.2739036905     0.9594476888    -0.1380376807
v    -3.8013787396     0.6498834466    -0.3541270430
v    -3.0585318688     0.9740632311    -0.0675758184
v    -2.4241200799     0.8076104430    -0.1673218787
v    -4.7042253399     0.5859279430    -0.1272178066
v    -4.6170572357     0.6485016557    -0.0799805782
v    -1.7448967001     0.7518521475    -0.0896665850
v    -1.9727993564     0.8084482764    -0.0772828217
v    -2.0107237446     0.7306674082    -0.1497924207
v    -2.1853763455     0.7668903714    -0.1559919857
v    -2.0992624019     0.7789700255    -0.1322932633
v    -1.8316748021     0.7893947896    -0.0673122088
v    -2.9345654908     0.9363230862    -0.1199752936
v    -4.7323605413     0.5172030909    -0.1989968505
v    -4.6352176413     0.4764379956    -0.2708262412
v    -3.9479661306     0.8837307294    -0.1696786945
v    -2.2397253154     0.8382451471    -0.1035191043
v    -3.4201970373     1.0033367941    -0.0544690171
v    -1.8148479611     0.6588523159    -0.1557845648
v    -4.4660671029     0.7188963090    -0.0807136784
v    -2.2787285820     0.8723062573    -0.0604331674
v    -4.8919289801     0.4849500618    -0.1223947904
v    -4.9236958035     0.4194490011    -0.1765939236
v    -2.7592342378     0.9404248261    -0.0669688710
v    -3.7876643914     0.7766014002    -0.3005238728
v    -2.2800312572     0.7784710126    -0.1640681191
v    -3.2530865036     0.9908819303    -0.0659544269
v    -4.5516781531     0.4020248758    -0.3203153960
v    -4.6706561406     0.3994460580    -0.2916068680
v    -4.6299357976     0.3222455657    -0.3165818284
v    -4.8312796170     0.4601960160    -0.1956092320
v    -4.8069143384     0.5305271125    -0.1276967356
v    -4.8622284235     0.5265880862    -0.0662135273
v    -4.4363627515     0.3963183005    -0.3434064870
v    -4.7727046889     0.5742968698    -0.0662358785
v    -3.5976333006     0.8455583082    -0.2683791242
v    -1.5708303546     0.6816206891     0.1141857724
v    -1.5389585160     0.7693549935    -0.0000000000
v    -1.4563437676     0.7564649766    -0.0000000000
v    -1.3738482029     0.7428662187    -0.0000000000
v    -1.3480025526     0.7175314642     0.0569562288
v    -1.5708317278     0.6816202779    -0.1141861413
v    -1.3478883332     0.7175512622    -0.0569055278

f 1 2 3 
f 4 5 3 
f 6 7 8 
f 9 10 11 
f 12 13 7 
f 11 14 12 
f 1 15 13 
f 16 17 9 
f 17 18 19 
f 20 21 22 
f 23 24 25 
f 26 25 24 
f 26 27 28 
f 29 30 31 
f 32 33 34 
f 35 36 37 
f 38 36 39 
f 29 26 24 
f 29 27 26 
f 27 29 31 
f 40 41 42 
f 11 43 14 
f 13 8 7 
f 9 11 12 
f 44 8 13 
f 45 13 12 
f 14 45 12 
f 1 13 45 
f 21 46 47 
f 37 47 46 
f 48 46 20 
f 21 20 46 
f 36 38 47 
f 49 23 25 
f 33 14 43 
f 35 39 36 
f 47 37 36 
f 49 25 28 
f 26 28 25 
f 24 23 50 
f 43 34 33 
f 32 2 33 
f 34 43 40 
f 43 41 40 
f 51 42 52 
f 43 11 41 
f 53 23 49 
f 54 51 52 
f 41 11 10 
f 9 12 7 
f 53 55 23 
f 56 57 58 
f 19 10 17 
f 9 6 16 
f 18 17 16 
f 7 6 9 
f 59 19 18 
f 60 55 61 
f 50 23 55 
f 61 55 53 
f 55 62 50 
f 61 63 60 
f 56 54 52 
f 56 64 54 
f 64 56 58 
f 52 10 56 
f 65 62 55 
f 63 58 60 
f 60 65 55 
f 62 65 59 
f 66 15 67 
f 1 67 15 
f 66 44 15 
f 44 13 15 
f 14 33 2 
f 45 14 2 
f 32 3 2 
f 45 2 1 
f 52 42 41 
f 60 58 57 
f 59 57 19 
f 60 57 65 
f 59 65 57 
f 35 37 48 
f 46 48 37 
f 10 57 56 
f 19 57 10 
f 52 41 10 
f 9 17 10 
f 1 5 67 
f 68 67 5 
f 1 3 5 
f 68 5 4 
f 69 70 71 
f 21 72 22 
f 73 74 75 
f 75 74 76 
f 69 73 70 
f 22 72 77 
f 75 78 79 
f 80 81 82 
f 79 83 84 
f 84 75 79 
f 21 47 85 
f 77 72 86 
f 72 85 87 
f 88 85 38 
f 47 38 85 
f 89 90 91 
f 81 92 82 
f 93 94 95 
f 92 81 95 
f 93 96 97 
f 98 86 87 
f 99 100 101 
f 72 21 85 
f 97 102 93 
f 71 83 93 
f 80 103 81 
f 80 82 104 
f 100 103 105 
f 106 107 96 
f 95 81 99 
f 95 94 108 
f 71 84 83 
f 88 87 85 
f 79 78 96 
f 92 95 108 
f 99 81 103 
f 102 94 93 
f 83 96 93 
f 75 84 70 
f 71 93 95 
f 70 73 75 
f 78 106 96 
f 109 78 110 
f 78 109 106 
f 107 97 96 
f 78 75 76 
f 74 111 76 
f 76 112 110 
f 76 111 112 
f 100 99 103 
f 76 110 78 
f 113 67 68 
f 113 114 67 
f 112 111 115 
f 115 114 112 
f 66 114 115 
f 114 66 67 
f 103 116 105 
f 71 95 99 
f 101 69 71 
f 71 99 101 
f 79 96 83 
f 80 90 89 
f 117 98 116 
f 90 80 104 
f 98 118 119 
f 70 84 71 
f 117 86 98 
f 87 118 98 
f 118 87 88 
f 72 87 86 
f 77 86 120 
f 117 120 86 
f 119 116 98 
f 120 117 91 
f 89 91 117 
f 80 116 103 
f 119 105 116 
f 80 89 116 
f 89 117 116 
f 44 66 121 
f 122 123 124 
f 125 126 127 
f 128 125 129 
f 130 131 132 
f 133 134 135 
f 136 137 123 
f 138 139 140 
f 141 142 143 
f 127 129 125 
f 144 145 146 
f 147 148 149 
f 149 148 150 
f 151 152 153 
f 154 155 156 
f 157 158 159 
f 125 160 126 
f 161 160 159 
f 162 30 163 
f 38 39 164 
f 128 129 165 
f 166 167 168 
f 169 133 135 
f 170 171 165 
f 172 173 123 
f 123 174 124 
f 136 123 173 
f 124 175 156 
f 134 155 176 
f 175 124 174 
f 177 178 179 
f 178 177 180 
f 123 137 174 
f 181 134 176 
f 182 183 184 
f 185 149 150 
f 186 168 187 
f 152 188 189 
f 166 168 190 
f 187 168 191 
f 24 50 192 
f 50 193 192 
f 194 146 153 
f 168 186 190 
f 152 195 153 
f 153 146 145 
f 194 153 195 
f 187 196 186 
f 151 197 186 
f 196 187 188 
f 153 145 151 
f 192 193 198 
f 186 196 151 
f 152 151 196 
f 199 200 201 
f 196 188 152 
f 202 203 204 
f 205 206 207 
f 208 209 210 
f 211 203 202 
f 212 204 203 
f 213 214 215 
f 207 206 216 
f 207 216 217 
f 172 218 219 
f 217 216 220 
f 216 221 220 
f 222 210 223 
f 217 220 224 
f 225 226 224 
f 227 228 229 
f 230 231 232 
f 233 234 231 
f 235 236 218 
f 199 237 238 
f 239 240 238 
f 241 226 242 
f 223 210 6 
f 16 6 210 
f 243 244 242 
f 241 242 244 
f 245 246 247 
f 213 248 214 
f 194 195 249 
f 250 212 251 
f 252 253 163 
f 254 255 256 
f 257 258 259 
f 260 261 169 
f 133 169 261 
f 260 262 261 
f 262 263 261 
f 264 265 266 
f 243 267 268 
f 269 270 202 
f 264 202 270 
f 157 271 245 
f 199 201 272 
f 205 273 274 
f 275 274 251 
f 205 274 206 
f 276 201 218 
f 200 277 201 
f 232 231 234 
f 189 232 234 
f 233 195 234 
f 252 231 253 
f 230 253 231 
f 241 244 239 
f 200 199 278 
f 279 280 131 
f 211 281 280 
f 279 203 280 
f 211 280 203 
f 259 258 282 
f 259 282 283 
f 142 284 285 
f 142 141 284 
f 286 287 224 
f 125 288 289 
f 265 290 266 
f 265 291 290 
f 292 290 291 
f 293 294 295 
f 293 296 294 
f 297 294 296 
f 298 299 300 
f 268 299 301 
f 302 303 130 
f 131 130 303 
f 304 305 140 
f 138 140 305 
f 138 305 287 
f 306 307 255 
f 256 255 307 
f 306 308 307 
f 267 309 310 
f 311 267 310 
f 311 310 312 
f 313 314 297 
f 297 296 313 
f 212 250 204 
f 250 315 204 
f 316 275 317 
f 317 313 296 
f 122 262 235 
f 318 319 320 
f 257 321 258 
f 265 322 321 
f 257 323 321 
f 293 324 325 
f 317 296 325 
f 293 325 296 
f 326 184 183 
f 298 326 183 
f 182 301 183 
f 217 327 144 
f 311 328 267 
f 268 267 328 
f 311 329 328 
f 184 330 182 
f 184 331 330 
f 147 247 332 
f 131 280 281 
f 333 132 281 
f 131 281 132 
f 182 334 301 
f 192 335 336 
f 192 336 24 
f 228 209 229 
f 18 228 59 
f 227 59 228 
f 227 337 59 
f 163 338 252 
f 339 249 338 
f 252 338 249 
f 233 249 195 
f 327 145 144 
f 247 149 158 
f 245 247 158 
f 245 158 157 
f 340 341 342 
f 8 44 340 
f 254 343 229 
f 264 322 265 
f 344 322 270 
f 345 346 309 
f 243 242 309 
f 345 309 242 
f 211 347 281 
f 333 281 347 
f 333 347 348 
f 204 269 202 
f 349 350 204 
f 252 249 233 
f 252 233 231 
f 351 352 353 
f 215 214 240 
f 219 277 128 
f 125 128 288 
f 354 355 121 
f 44 121 355 
f 354 340 355 
f 44 355 340 
f 356 357 278 
f 289 288 357 
f 356 278 199 
f 356 199 238 
f 264 211 202 
f 358 359 360 
f 24 336 29 
f 339 338 336 
f 361 350 193 
f 241 362 327 
f 200 278 288 
f 278 357 288 
f 346 310 309 
f 243 309 267 
f 362 272 363 
f 254 222 255 
f 352 255 222 
f 124 155 263 
f 122 124 263 
f 133 261 263 
f 122 263 262 
f 258 321 322 
f 344 258 322 
f 164 162 253 
f 163 253 162 
f 251 274 273 
f 250 251 273 
f 250 273 364 
f 194 249 335 
f 339 335 249 
f 147 149 247 
f 185 158 149 
f 227 365 337 
f 269 337 365 
f 229 366 227 
f 124 156 155 
f 133 263 155 
f 154 176 155 
f 133 155 134 
f 272 190 363 
f 272 166 190 
f 122 235 123 
f 364 273 205 
f 264 266 211 
f 347 211 266 
f 339 336 335 
f 157 159 160 
f 289 157 160 
f 161 126 160 
f 289 160 125 
f 128 165 171 
f 219 128 171 
f 219 171 172 
f 50 62 193 
f 361 193 62 
f 185 367 158 
f 367 159 158 
f 254 229 208 
f 288 128 277 
f 200 288 277 
f 219 218 277 
f 218 201 277 
f 164 368 38 
f 230 38 368 
f 164 253 368 
f 230 368 253 
f 179 178 369 
f 134 181 369 
f 179 369 181 
f 264 270 322 
f 223 342 359 
f 8 340 342 
f 223 6 342 
f 8 342 6 
f 206 274 370 
f 316 370 274 
f 371 221 370 
f 372 221 371 
f 370 316 371 
f 356 238 214 
f 240 214 238 
f 373 136 173 
f 170 373 173 
f 172 171 173 
f 170 173 171 
f 220 286 224 
f 345 224 287 
f 372 371 141 
f 316 141 371 
f 134 369 135 
f 178 135 369 
f 316 274 275 
f 313 317 275 
f 275 314 313 
f 279 297 314 
f 275 251 314 
f 251 212 314 
f 29 374 30 
f 163 30 374 
f 163 374 338 
f 269 365 270 
f 289 357 157 
f 287 286 138 
f 375 138 286 
f 375 221 372 
f 206 370 221 
f 206 221 216 
f 317 376 316 
f 141 316 376 
f 317 284 376 
f 141 376 284 
f 240 239 334 
f 215 240 334 
f 377 301 334 
f 215 334 182 
f 282 307 283 
f 218 172 235 
f 123 235 172 
f 377 244 243 
f 279 314 212 
f 279 212 203 
f 378 146 379 
f 378 379 198 
f 335 379 194 
f 359 358 380 
f 359 380 223 
f 358 353 380 
f 352 380 353 
f 381 382 383 
f 384 385 304 
f 306 386 351 
f 352 351 386 
f 306 255 386 
f 352 386 255 
f 343 366 229 
f 365 227 366 
f 365 366 270 
f 247 246 387 
f 319 318 387 
f 352 222 380 
f 223 380 222 
f 327 226 241 
f 225 242 226 
f 327 217 226 
f 217 224 226 
f 318 332 387 
f 247 387 332 
f 357 356 271 
f 246 245 271 
f 357 271 157 
f 327 363 145 
f 304 385 305 
f 287 305 385 
f 349 315 198 
f 337 361 59 
f 62 59 361 
f 379 335 198 
f 192 198 335 
f 337 350 361 
f 337 269 350 
f 269 204 350 
f 29 336 338 
f 374 29 338 
f 344 343 388 
f 344 388 258 
f 272 201 166 
f 246 271 214 
f 356 214 271 
f 262 236 235 
f 276 218 236 
f 262 389 236 
f 276 236 390 
f 268 301 377 
f 268 377 243 
f 222 208 210 
f 222 254 208 
f 354 341 340 
f 359 342 341 
f 354 360 341 
f 359 341 360 
f 347 391 348 
f 292 348 391 
f 347 266 391 
f 256 307 282 
f 308 283 307 
f 378 198 315 
f 364 378 315 
f 349 204 315 
f 364 315 250 
f 377 334 239 
f 377 239 244 
f 285 284 324 
f 390 389 392 
f 260 392 389 
f 390 236 389 
f 260 389 262 
f 327 362 363 
f 331 320 330 
f 390 167 166 
f 191 168 167 
f 390 392 167 
f 191 167 392 
f 385 345 287 
f 385 346 345 
f 270 366 344 
f 343 344 366 
f 329 300 328 
f 300 299 328 
f 268 328 299 
f 294 393 295 
f 320 319 330 
f 213 330 319 
f 239 238 237 
f 199 272 237 
f 362 237 272 
f 343 254 388 
f 256 388 254 
f 324 284 325 
f 317 325 284 
f 303 279 131 
f 303 297 279 
f 239 237 362 
f 239 362 241 
f 258 388 282 
f 256 282 388 
f 302 393 303 
f 297 303 393 
f 302 295 393 
f 297 393 294 
f 217 144 207 
f 276 166 201 
f 276 390 166 
f 382 138 375 
f 382 375 372 
f 246 248 387 
f 319 387 248 
f 246 214 248 
f 319 248 213 
f 146 194 379 
f 330 213 182 
f 215 182 213 
f 292 391 290 
f 266 290 391 
f 378 207 146 
f 205 378 364 
f 383 382 394 
f 141 143 394 
f 383 394 143 
f 141 394 372 
f 382 372 394 
f 139 395 381 
f 382 381 395 
f 139 138 395 
f 382 395 138 
f 16 210 209 
f 18 16 209 
f 208 229 209 
f 18 209 228 
f 234 152 189 
f 234 195 152 
f 205 207 378 
f 144 146 207 
f 345 242 225 
f 345 225 224 
f 310 396 312 
f 397 312 396 
f 310 346 396 
f 397 396 346 
f 385 398 346 
f 397 346 398 
f 385 384 398 
f 397 398 384 
f 349 198 193 
f 349 193 350 
f 190 186 197 
f 363 190 197 
f 151 145 197 
f 363 197 145 
f 375 286 220 
f 375 220 221 
f 321 399 265 
f 291 265 399 
f 321 323 399 
f 291 399 323 
f 298 400 299 
f 301 299 400 
f 298 183 400 
f 301 400 183 
f 401 402 403 
f 404 118 405 
f 88 38 405 
f 118 404 406 
f 38 230 405 
f 232 405 230 
f 130 132 407 
f 408 383 143 
f 409 410 411 
f 406 404 412 
f 413 414 415 
f 416 417 418 
f 419 420 401 
f 421 413 415 
f 422 413 421 
f 423 422 403 
f 424 425 426 
f 427 428 429 
f 430 431 432 
f 178 180 433 
f 433 434 178 
f 435 436 437 
f 414 438 439 
f 440 414 413 
f 412 441 442 
f 432 426 430 
f 439 415 414 
f 443 101 100 
f 444 445 446 
f 348 447 333 
f 422 423 413 
f 142 285 448 
f 409 189 410 
f 404 411 412 
f 449 392 260 
f 66 115 121 
f 423 403 402 
f 450 451 452 
f 453 420 452 
f 414 425 438 
f 454 455 456 
f 406 119 118 
f 118 88 405 
f 405 409 404 
f 457 441 458 
f 459 191 392 
f 441 412 411 
f 119 406 460 
f 189 188 410 
f 460 406 412 
f 105 119 460 
f 410 458 411 
f 458 441 411 
f 409 232 189 
f 412 442 460 
f 457 461 462 
f 459 418 463 
f 405 232 409 
f 411 404 409 
f 435 459 436 
f 449 459 392 
f 458 410 188 
f 191 463 187 
f 459 463 191 
f 418 459 435 
f 417 464 418 
f 435 416 418 
f 443 465 101 
f 101 465 69 
f 466 467 468 
f 469 470 471 
f 472 473 474 
f 475 476 477 
f 478 473 479 
f 449 260 480 
f 481 482 480 
f 449 480 483 
f 484 485 486 
f 487 488 489 
f 490 489 488 
f 260 169 491 
f 481 480 491 
f 260 491 480 
f 487 489 492 
f 492 493 456 
f 494 495 496 
f 293 295 497 
f 329 498 300 
f 499 500 501 
f 470 469 502 
f 332 318 502 
f 292 291 503 
f 324 293 504 
f 293 497 504 
f 304 140 505 
f 506 507 508 
f 437 436 509 
f 510 462 511 
f 506 512 507 
f 470 507 512 
f 470 512 471 
f 453 513 514 
f 486 515 471 
f 484 416 485 
f 466 443 516 
f 517 518 408 
f 519 520 478 
f 308 306 521 
f 495 522 521 
f 523 524 525 
f 526 525 407 
f 487 475 461 
f 487 461 488 
f 527 446 445 
f 257 259 444 
f 291 323 528 
f 446 529 528 
f 291 528 503 
f 408 518 530 
f 381 383 530 
f 408 530 383 
f 147 332 531 
f 486 485 515 
f 407 532 130 
f 302 130 532 
f 407 525 532 
f 495 533 496 
f 353 496 533 
f 353 533 351 
f 329 311 534 
f 454 535 534 
f 308 536 283 
f 445 536 522 
f 312 455 454 
f 537 456 455 
f 312 397 455 
f 507 470 538 
f 320 331 538 
f 469 531 502 
f 332 502 531 
f 142 539 143 
f 408 143 539 
f 142 448 539 
f 503 540 541 
f 292 503 541 
f 447 348 541 
f 292 541 348 
f 324 542 285 
f 448 285 542 
f 324 504 542 
f 504 543 542 
f 326 544 184 
f 326 508 544 
f 507 544 508 
f 333 447 545 
f 407 132 545 
f 333 545 132 
f 304 546 384 
f 537 384 546 
f 304 505 546 
f 505 547 546 
f 443 100 516 
f 519 478 548 
f 430 426 425 
f 424 438 425 
f 437 549 515 
f 514 515 549 
f 469 451 531 
f 550 551 451 
f 550 451 450 
f 490 484 552 
f 553 490 552 
f 553 552 501 
f 423 402 549 
f 437 509 549 
f 423 549 509 
f 436 554 509 
f 440 509 554 
f 483 555 554 
f 111 556 115 
f 111 557 556 
f 456 537 547 
f 558 559 547 
f 456 547 492 
f 517 448 543 
f 560 561 540 
f 526 447 540 
f 527 529 446 
f 298 300 499 
f 487 492 559 
f 492 547 559 
f 139 381 562 
f 517 477 518 
f 476 518 477 
f 381 530 562 
f 302 524 295 
f 473 525 479 
f 526 479 525 
f 453 452 451 
f 469 453 451 
f 497 295 524 
f 523 497 524 
f 302 532 524 
f 532 525 524 
f 354 121 556 
f 115 556 121 
f 320 563 318 
f 449 436 459 
f 457 458 417 
f 481 564 431 
f 565 432 431 
f 481 431 430 
f 566 468 467 
f 466 516 467 
f 470 563 538 
f 320 538 563 
f 470 502 563 
f 502 318 563 
f 358 360 567 
f 568 569 494 
f 488 570 490 
f 461 571 488 
f 560 503 529 
f 503 528 529 
f 429 428 572 
f 434 429 572 
f 434 572 178 
f 560 566 561 
f 478 573 473 
f 474 473 573 
f 454 574 535 
f 553 535 574 
f 454 456 574 
f 456 493 574 
f 472 543 504 
f 448 542 543 
f 560 540 503 
f 447 541 540 
f 475 477 511 
f 558 547 505 
f 537 546 547 
f 514 549 402 
f 491 575 481 
f 558 505 562 
f 423 509 413 
f 440 413 509 
f 497 576 504 
f 472 504 576 
f 497 523 576 
f 523 473 576 
f 436 449 554 
f 483 554 449 
f 569 568 577 
f 527 445 577 
f 485 416 435 
f 564 428 431 
f 565 431 428 
f 564 572 428 
f 565 428 427 
f 531 451 551 
f 147 531 551 
f 550 148 551 
f 147 551 148 
f 499 501 508 
f 506 508 501 
f 564 575 135 
f 169 135 575 
f 564 481 575 
f 169 575 491 
f 578 557 74 
f 111 74 557 
f 578 567 557 
f 558 579 476 
f 73 69 580 
f 329 534 498 
f 535 498 534 
f 437 515 485 
f 523 525 473 
f 472 576 473 
f 485 435 437 
f 566 527 468 
f 568 494 580 
f 500 300 498 
f 499 300 500 
f 498 535 500 
f 535 501 500 
f 560 529 566 
f 564 135 572 
f 178 572 135 
f 430 482 481 
f 483 480 482 
f 430 425 482 
f 425 555 482 
f 440 554 555 
f 414 440 555 
f 483 482 555 
f 414 555 425 
f 494 496 578 
f 553 501 535 
f 527 566 529 
f 510 520 462 
f 358 567 581 
f 496 353 581 
f 358 581 353 
f 457 462 442 
f 457 442 441 
f 460 442 582 
f 496 581 578 
f 567 578 581 
f 140 139 562 
f 140 562 505 
f 543 472 474 
f 467 519 548 
f 467 516 519 
f 402 420 514 
f 402 401 420 
f 583 420 419 
f 514 420 453 
f 583 452 420 
f 462 520 442 
f 567 584 557 
f 556 557 584 
f 556 584 354 
f 474 573 510 
f 326 585 508 
f 499 508 585 
f 326 298 585 
f 499 585 298 
f 559 476 475 
f 559 475 487 
f 553 493 490 
f 489 490 493 
f 553 574 493 
f 489 493 492 
f 354 584 360 
f 567 360 584 
f 465 586 568 
f 577 568 586 
f 465 468 586 
f 306 351 521 
f 474 510 511 
f 474 511 477 
f 580 465 568 
f 580 69 465 
f 495 521 533 
f 351 533 521 
f 259 283 444 
f 516 100 587 
f 105 587 100 
f 512 486 471 
f 501 552 506 
f 552 484 486 
f 476 559 558 
f 495 494 569 
f 495 569 522 
f 539 448 517 
f 539 517 408 
f 445 444 536 
f 283 536 444 
f 184 544 331 
f 507 538 544 
f 331 544 538 
f 471 513 469 
f 453 469 513 
f 471 515 513 
f 515 514 513 
f 573 478 520 
f 510 573 520 
f 519 582 520 
f 582 442 520 
f 479 561 548 
f 479 548 478 
f 105 460 587 
f 582 587 460 
f 545 526 407 
f 545 447 526 
f 457 417 571 
f 570 488 571 
f 457 571 461 
f 188 187 464 
f 417 458 464 
f 188 464 458 
f 518 579 530 
f 562 530 579 
f 518 476 579 
f 562 579 558 
f 474 588 543 
f 517 543 588 
f 474 477 588 
f 517 588 477 
f 443 466 465 
f 468 465 466 
f 475 589 461 
f 462 461 589 
f 475 511 589 
f 462 589 511 
f 522 577 445 
f 522 569 577 
f 384 590 397 
f 455 397 590 
f 384 537 590 
f 455 590 537 
f 494 578 591 
f 73 580 591 
f 494 591 580 
f 570 571 417 
f 570 417 416 
f 463 418 464 
f 187 463 464 
f 516 587 582 
f 516 582 519 
f 561 467 548 
f 561 566 467 
f 506 552 512 
f 486 512 552 
f 484 570 416 
f 484 490 570 
f 526 540 561 
f 526 561 479 
f 73 591 74 
f 578 74 591 
f 577 586 527 
f 468 527 586 
f 308 592 536 
f 522 536 592 
f 308 521 592 
f 522 592 521 
f 312 593 311 
f 534 311 593 
f 312 454 593 
f 534 593 454 
f 528 594 446 
f 528 323 594 
f 257 594 323 
f 257 444 594 
f 446 594 444 
f 180 595 596 
f 597 598 599 
f 600 601 602 
f 599 598 603 
f 604 599 605 
f 603 606 607 
f 608 609 610 
f 611 612 613 
f 614 615 616 
f 617 600 602 
f 618 619 620 
f 621 622 623 
f 624 625 626 
f 627 628 629 
f 625 620 601 
f 630 628 625 
f 600 631 601 
f 630 625 624 
f 631 632 601 
f 620 625 627 
f 618 620 627 
f 625 628 627 
f 633 634 629 
f 627 629 634 
f 620 602 601 
f 617 602 619 
f 618 634 635 
f 627 634 618 
f 633 635 634 
f 602 620 619 
f 616 612 611 
f 611 636 614 
f 633 637 635 
f 635 637 638 
f 618 638 619 
f 611 614 616 
f 618 635 638 
f 639 638 637 
f 639 623 638 
f 638 623 622 
f 640 638 641 
f 621 642 622 
f 622 641 638 
f 643 644 641 
f 619 640 617 
f 643 622 642 
f 640 619 638 
f 645 617 640 
f 644 645 641 
f 640 641 645 
f 597 599 604 
f 603 598 606 
f 606 608 607 
f 599 603 605 
f 608 610 607 
f 605 607 610 
f 603 607 605 
f 642 646 643 
f 622 643 641 
f 647 644 643 
f 648 643 646 
f 649 648 646 
f 650 615 614 
f 651 652 649 
f 651 653 654 
f 650 655 653 
f 656 647 648 
f 643 648 647 
f 650 614 655 
f 657 654 655 
f 654 653 655 
f 614 636 655 
f 657 655 636 
f 656 658 657 
f 654 657 658 
f 656 648 658 
f 648 652 658 
f 654 658 652 
f 648 649 652 
f 654 652 651 
f 626 632 659 
f 631 659 632 
f 626 625 632 
f 625 601 632 
f 660 661 662 
f 662 663 660 
f 664 624 626 
f 665 666 667 
f 668 669 670 
f 665 663 666 
f 671 626 659 
f 671 659 672 
f 673 674 675 
f 671 672 675 
f 673 675 672 
f 671 664 626 
f 675 674 667 
f 676 677 678 
f 669 668 679 
f 680 681 682 
f 683 682 681 
f 674 673 684 
f 685 686 683 
f 687 688 685 
f 665 667 674 
f 678 674 684 
f 689 604 690 
f 691 692 693 
f 663 665 660 
f 605 690 604 
f 691 690 605 
f 690 691 689 
f 605 610 691 
f 610 692 691 
f 694 689 691 
f 678 695 674 
f 670 662 661 
f 696 660 665 
f 697 698 677 
f 665 695 696 
f 676 678 684 
f 689 694 699 
f 688 687 700 
f 670 661 668 
f 661 701 668 
f 702 679 668 
f 695 665 674 
f 696 695 677 
f 702 681 680 
f 695 678 677 
f 697 677 676 
f 698 696 677 
f 680 679 702 
f 698 697 703 
f 704 705 694 
f 706 707 703 
f 707 708 702 
f 681 685 683 
f 688 686 685 
f 704 700 687 
f 709 700 704 
f 685 710 687 
f 711 687 712 
f 693 694 691 
f 610 609 692 
f 609 693 692 
f 693 709 694 
f 704 694 709 
f 701 661 696 
f 696 698 701 
f 698 707 701 
f 698 703 707 
f 702 701 707 
f 660 696 661 
f 702 668 701 
f 681 702 708 
f 685 681 708 
f 706 710 707 
f 687 705 704 
f 699 694 705 
f 687 711 705 
f 699 705 711 
f 712 687 710 
f 706 712 710 
f 685 708 710 
f 708 707 710 
f 713 597 604 
f 714 715 716 
f 613 717 718 
f 647 719 644 
f 720 721 722 
f 723 724 725 
f 659 631 726 
f 727 715 714 
f 728 729 730 
f 731 732 733 
f 731 733 734 
f 732 735 733 
f 733 736 737 
f 714 738 739 
f 740 741 742 
f 743 744 745 
f 743 745 746 
f 736 733 735 
f 732 747 735 
f 748 749 750 
f 748 750 751 
f 752 753 754 
f 755 756 737 
f 757 758 759 
f 760 738 761 
f 762 763 724 
f 764 751 750 
f 739 727 714 
f 765 766 715 
f 647 656 767 
f 724 763 725 
f 768 720 725 
f 769 770 771 
f 772 773 774 
f 775 771 776 
f 770 723 776 
f 777 778 774 
f 771 779 769 
f 720 775 776 
f 768 725 763 
f 720 776 725 
f 780 720 768 
f 770 776 771 
f 771 775 781 
f 723 725 776 
f 782 769 779 
f 771 781 779 
f 779 781 783 
f 784 785 786 
f 784 787 785 
f 788 789 790 
f 719 791 644 
f 792 793 785 
f 794 795 796 
f 797 796 798 
f 799 800 801 
f 802 799 801 
f 803 791 795 
f 786 804 805 
f 786 805 784 
f 806 807 808 
f 806 808 809 
f 762 810 811 
f 812 783 813 
f 814 718 815 
f 816 817 818 
f 819 817 820 
f 821 822 823 
f 824 825 823 
f 826 827 828 
f 829 830 831 
f 793 832 833 
f 834 835 836 
f 824 837 838 
f 644 839 645 
f 803 645 839 
f 644 791 839 
f 803 839 791 
f 809 778 806 
f 804 806 778 
f 840 841 842 
f 829 843 842 
f 840 842 728 
f 782 800 799 
f 812 801 800 
f 782 779 800 
f 812 800 783 
f 825 824 844 
f 845 846 844 
f 825 844 847 
f 848 849 850 
f 851 848 850 
f 830 829 852 
f 853 854 855 
f 734 756 854 
f 753 856 857 
f 858 753 857 
f 859 860 861 
f 862 861 860 
f 859 863 860 
f 827 864 865 
f 866 867 865 
f 827 865 828 
f 847 844 846 
f 716 847 846 
f 845 868 846 
f 868 869 846 
f 728 843 729 
f 870 729 843 
f 728 842 843 
f 871 872 873 
f 798 874 862 
f 862 875 861 
f 876 877 878 
f 834 879 880 
f 881 838 880 
f 882 883 884 
f 833 832 884 
f 882 884 832 
f 885 886 887 
f 830 850 849 
f 888 849 889 
f 890 848 891 
f 866 892 891 
f 890 891 892 
f 893 894 895 
f 731 734 763 
f 731 763 811 
f 896 856 752 
f 753 752 856 
f 792 857 856 
f 754 753 897 
f 754 897 898 
f 899 900 861 
f 749 821 901 
f 728 730 902 
f 903 902 730 
f 875 904 899 
f 899 861 875 
f 905 906 833 
f 907 905 908 
f 804 778 805 
f 821 823 901 
f 825 901 823 
f 909 910 911 
f 768 912 913 
f 768 763 912 
f 814 813 914 
f 851 808 807 
f 808 915 916 
f 731 811 732 
f 811 917 732 
f 733 737 756 
f 855 854 756 
f 733 756 734 
f 785 787 857 
f 787 918 857 
f 825 919 901 
f 764 750 919 
f 764 919 920 
f 600 921 631 
f 600 922 921 
f 851 867 866 
f 851 807 867 
f 923 867 807 
f 896 924 856 
f 792 856 924 
f 896 925 924 
f 888 926 849 
f 830 849 926 
f 888 927 926 
f 814 812 813 
f 814 801 812 
f 830 926 831 
f 907 928 929 
f 631 921 726 
f 930 726 921 
f 719 647 767 
f 719 767 931 
f 847 758 825 
f 803 932 645 
f 617 645 932 
f 617 932 818 
f 784 805 933 
f 836 837 822 
f 934 870 831 
f 919 825 758 
f 920 919 758 
f 847 766 758 
f 920 758 757 
f 795 935 936 
f 803 795 936 
f 872 816 936 
f 816 932 936 
f 937 938 933 
f 820 939 819 
f 824 823 837 
f 823 822 837 
f 829 831 843 
f 870 843 831 
f 916 940 772 
f 913 869 868 
f 716 846 869 
f 818 932 816 
f 803 936 932 
f 808 916 809 
f 772 809 916 
f 941 786 793 
f 785 793 786 
f 923 828 867 
f 828 865 867 
f 881 942 838 
f 881 858 942 
f 943 944 813 
f 923 807 790 
f 806 790 807 
f 945 946 931 
f 901 919 750 
f 749 901 750 
f 716 869 714 
f 853 714 869 
f 929 789 788 
f 923 790 789 
f 929 947 789 
f 923 789 828 
f 792 785 857 
f 778 809 774 
f 772 774 809 
f 924 832 792 
f 793 792 832 
f 829 842 841 
f 829 841 852 
f 853 738 714 
f 948 739 738 
f 853 855 738 
f 942 949 838 
f 742 950 744 
f 745 744 950 
f 741 950 742 
f 818 922 617 
f 600 617 922 
f 818 819 922 
f 788 790 941 
f 734 854 912 
f 854 951 912 
f 755 761 756 
f 855 756 761 
f 755 952 761 
f 952 760 761 
f 872 817 816 
f 819 818 817 
f 872 871 817 
f 871 820 817 
f 734 912 763 
f 837 836 835 
f 838 837 835 
f 834 880 835 
f 838 835 880 
f 716 766 847 
f 759 758 766 
f 716 715 766 
f 759 766 765 
f 810 917 811 
f 741 732 917 
f 810 953 917 
f 741 917 953 
f 855 761 738 
f 948 738 760 
f 745 950 953 
f 741 953 950 
f 794 877 935 
f 872 936 935 
f 794 935 795 
f 954 874 945 
f 798 945 874 
f 954 875 874 
f 875 862 874 
f 931 767 955 
f 841 911 910 
f 852 841 910 
f 611 613 956 
f 718 956 613 
f 720 722 775 
f 797 957 958 
f 794 796 958 
f 797 958 796 
f 954 904 875 
f 840 899 904 
f 954 911 904 
f 959 960 909 
f 862 961 798 
f 797 798 961 
f 862 894 961 
f 848 866 891 
f 848 851 866 
f 913 780 768 
f 962 918 938 
f 937 962 938 
f 787 784 938 
f 784 933 938 
f 933 722 721 
f 937 933 721 
f 720 780 721 
f 791 719 946 
f 931 946 719 
f 721 780 937 
f 924 963 832 
f 882 832 963 
f 924 925 963 
f 882 963 925 
f 868 937 780 
f 868 780 913 
f 833 788 941 
f 833 941 793 
f 790 804 941 
f 956 914 611 
f 946 964 791 
f 795 791 964 
f 946 796 964 
f 795 964 796 
f 805 722 933 
f 798 796 946 
f 798 946 945 
f 962 868 845 
f 962 937 868 
f 897 858 881 
f 897 753 858 
f 790 806 804 
f 786 941 804 
f 811 763 762 
f 819 965 922 
f 921 922 965 
f 921 965 930 
f 828 789 947 
f 826 828 947 
f 929 928 947 
f 826 947 928 
f 740 747 741 
f 732 741 747 
f 740 966 747 
f 966 735 747 
f 940 960 772 
f 773 772 960 
f 800 779 783 
f 913 951 869 
f 853 869 951 
f 913 912 951 
f 853 951 854 
f 883 908 884 
f 903 967 900 
f 899 902 900 
f 903 900 902 
f 863 895 860 
f 885 878 877 
f 958 886 794 
f 927 968 926 
f 831 926 968 
f 927 934 968 
f 831 968 934 
f 862 860 894 
f 895 894 860 
f 893 887 957 
f 961 969 797 
f 959 909 970 
f 959 970 955 
f 930 965 939 
f 819 939 965 
f 902 899 840 
f 902 840 728 
f 908 905 884 
f 833 884 905 
f 877 971 935 
f 872 935 971 
f 877 876 971 
f 774 773 972 
f 783 781 972 
f 955 970 931 
f 955 767 656 
f 851 915 808 
f 852 916 915 
f 851 850 915 
f 852 915 850 
f 942 918 962 
f 787 938 918 
f 942 858 918 
f 858 857 918 
f 845 844 949 
f 942 962 949 
f 845 949 962 
f 774 973 777 
f 781 722 973 
f 774 972 973 
f 781 973 972 
f 844 824 949 
f 824 838 949 
f 872 971 873 
f 876 873 971 
f 773 960 974 
f 805 778 777 
f 805 777 722 
f 914 813 944 
f 775 722 781 
f 777 973 722 
f 830 852 850 
f 975 943 974 
f 955 974 959 
f 718 914 956 
f 718 814 914 
f 945 970 954 
f 945 931 970 
f 840 911 841 
f 840 904 911 
f 929 906 907 
f 905 907 906 
f 929 788 906 
f 788 833 906 
f 852 910 940 
f 852 940 916 
f 866 865 892 
f 864 892 865 
f 957 886 958 
f 877 794 886 
f 957 887 886 
f 877 886 885 
f 955 976 974 
f 657 975 976 
f 955 656 976 
f 657 976 656 
f 894 969 961 
f 957 797 969 
f 894 893 969 
f 957 969 893 
f 954 909 911 
f 954 970 909 
f 611 914 944 
f 611 944 636 
f 972 773 943 
f 813 783 943 
f 972 943 783 
f 910 909 960 
f 910 960 940 
f 900 977 861 
f 859 861 977 
f 900 967 977 
f 859 977 967 
f 974 976 975 
f 944 943 975 
f 773 974 943 
f 944 978 636 
f 657 636 978 
f 944 975 978 
f 657 978 975 
f 959 974 960 
f 881 880 897 
f 898 897 880 
f 898 880 879 
f 802 979 604 
f 713 604 979 
f 802 980 979 
f 713 979 815 
f 889 981 890 
f 848 890 981 
f 889 849 981 
f 848 981 849 
f 717 815 718 
f 717 713 815 
f 801 980 802 
f 815 979 980 
f 801 814 980 
f 815 980 814 
f 703 982 706 
f 983 934 927 
f 984 985 986 
f 987 988 989 
f 882 990 883 
f 991 992 993 
f 659 726 672 
f 994 995 996 
f 992 997 699 
f 689 997 604 
f 998 992 699 
f 999 1000 1001 
f 604 997 802 
f 987 1002 1003 
f 799 802 997 
f 986 985 1004 
f 1005 1002 1006 
f 999 985 1007 
f 1004 985 999 
f 985 1008 1009 
f 1009 1007 985 
f 1007 1010 999 
f 1011 1012 1013 
f 1012 1001 1014 
f 1006 1011 1013 
f 988 987 1015 
f 1003 1015 987 
f 1016 1017 1018 
f 1019 1018 988 
f 1020 1021 1011 
f 1019 988 1015 
f 1022 1023 1024 
f 953 1025 1023 
f 987 989 1020 
f 953 810 1025 
f 746 745 1026 
f 1026 745 1027 
f 1000 999 1010 
f 998 699 711 
f 998 993 992 
f 991 1028 1029 
f 1030 724 723 
f 699 997 689 
f 997 992 1031 
f 1032 711 712 
f 1033 1034 1035 
f 706 1036 712 
f 770 1037 723 
f 1030 723 1038 
f 1039 991 993 
f 1032 993 998 
f 1032 998 711 
f 993 1033 1039 
f 1040 1028 1039 
f 1031 782 799 
f 1029 1037 769 
f 1041 1042 1036 
f 993 1032 1033 
f 997 1031 799 
f 991 1031 992 
f 782 1043 769 
f 1044 1036 1042 
f 1032 1044 1033 
f 1045 1028 1046 
f 1040 1046 1028 
f 991 1039 1028 
f 1047 1029 1028 
f 697 1048 703 
f 1046 1049 1045 
f 703 1048 982 
f 1050 982 1048 
f 1051 1052 1053 
f 697 676 1053 
f 697 1053 1048 
f 1054 1055 1056 
f 1057 1056 1055 
f 1057 1058 1059 
f 1060 1061 1062 
f 1063 1064 1065 
f 1066 1064 1067 
f 1045 1068 1069 
f 1070 1071 1072 
f 762 1073 810 
f 1025 810 1073 
f 762 1074 1073 
f 1075 1076 1073 
f 1060 1077 1078 
f 1078 1079 885 
f 1051 1080 1081 
f 1061 1082 1083 
f 1084 1085 1086 
f 1087 1088 1089 
f 1063 1090 1091 
f 834 1092 879 
f 1035 1034 1055 
f 676 684 1093 
f 1094 1093 684 
f 1095 1096 1097 
f 1098 1099 1067 
f 996 1100 994 
f 996 1059 1100 
f 1087 1101 1088 
f 1087 1102 1101 
f 1102 1103 1101 
f 1081 1104 1105 
f 878 1104 876 
f 996 983 1106 
f 1107 990 1108 
f 1034 1042 1058 
f 827 1109 864 
f 1086 1109 1088 
f 1110 1111 994 
f 1110 730 1111 
f 729 1111 730 
f 1088 1112 1089 
f 888 1113 927 
f 983 927 1113 
f 1061 1114 1115 
f 871 1116 1080 
f 1081 1080 1116 
f 871 873 1116 
f 883 990 1117 
f 883 1117 908 
f 879 1118 898 
f 879 1092 1118 
f 1092 1119 1118 
f 990 882 1120 
f 925 1120 882 
f 1095 1097 1100 
f 1121 822 1122 
f 821 1122 822 
f 863 859 1123 
f 1124 1123 859 
f 1086 1085 1125 
f 890 892 1125 
f 752 1126 1090 
f 1091 1090 1126 
f 752 754 1126 
f 1091 1126 754 
f 967 903 1127 
f 1128 1129 1130 
f 928 907 1130 
f 1128 1130 907 
f 834 1131 1092 
f 1121 1132 1131 
f 834 836 1131 
f 870 934 1133 
f 983 1133 934 
f 1134 1135 1136 
f 1107 1134 1136 
f 1103 1102 1136 
f 1102 1129 1136 
f 1050 1115 1041 
f 1054 1101 1103 
f 1050 1041 982 
f 1051 1053 1093 
f 676 1093 1053 
f 1061 1115 1062 
f 1050 1062 1115 
f 989 1075 1020 
f 1137 1097 1138 
f 1041 1115 1096 
f 673 672 1139 
f 986 1132 1121 
f 1098 1132 1099 
f 1063 1067 1064 
f 1091 1119 1063 
f 1107 1129 1128 
f 1107 1136 1129 
f 1087 1129 1102 
f 1011 1002 1020 
f 987 1020 1002 
f 1011 1006 1002 
f 1005 1003 1002 
f 1135 1049 1136 
f 1068 1049 1135 
f 982 1036 706 
f 1071 1099 1140 
f 986 1004 1140 
f 1001 1141 1072 
f 1070 1072 1141 
f 1001 1021 1141 
f 1142 1070 1021 
f 1035 1055 1143 
f 889 1144 888 
f 996 1106 1059 
f 888 1144 1113 
f 1145 1113 1144 
f 896 1146 925 
f 1065 1134 1108 
f 1107 1108 1134 
f 1147 1120 1146 
f 925 1146 1120 
f 930 1139 726 
f 672 726 1139 
f 1066 1148 1069 
f 1050 1048 1062 
f 820 1149 939 
f 1105 1077 1150 
f 1081 1105 1150 
f 1052 1051 1150 
f 1081 1150 1051 
f 988 1018 1017 
f 1025 1076 1017 
f 1025 1017 1023 
f 1067 1063 1119 
f 1098 1067 1119 
f 1091 1118 1119 
f 1098 1119 1092 
f 1151 1008 984 
f 1057 1034 1058 
f 1057 1055 1034 
f 1042 1034 1033 
f 1042 1033 1044 
f 1089 1130 1129 
f 1087 1089 1129 
f 1092 1131 1132 
f 1098 1092 1132 
f 1004 999 1072 
f 1001 1072 999 
f 1061 1060 1082 
f 988 1017 1076 
f 989 988 1076 
f 1025 1073 1076 
f 989 1076 1075 
f 1144 1085 1145 
f 1146 1090 1147 
f 1063 1147 1090 
f 1152 1151 748 
f 749 748 1151 
f 1021 1001 1012 
f 1153 1013 1012 
f 1021 1012 1011 
f 1152 1008 1151 
f 985 984 1008 
f 1152 1154 1008 
f 1154 1009 1008 
f 1095 1058 1042 
f 878 1079 1104 
f 1105 1104 1079 
f 878 885 1079 
f 1105 1079 1078 
f 1094 1155 1149 
f 673 1139 1155 
f 1094 684 1155 
f 673 1155 684 
f 1027 1156 1022 
f 1023 1022 1156 
f 1027 745 1156 
f 1133 995 870 
f 1133 983 995 
f 983 996 995 
f 1153 1012 1014 
f 1000 1014 1001 
f 1042 1041 1096 
f 1095 1042 1096 
f 1147 1065 1108 
f 1147 1063 1065 
f 1036 1044 1032 
f 1036 1032 712 
f 1023 1156 953 
f 745 953 1156 
f 1068 1045 1049 
f 1103 1136 1049 
f 1094 1157 1093 
f 1051 1093 1157 
f 1094 1158 1157 
f 1051 1157 1080 
f 984 986 1122 
f 1121 1122 986 
f 1067 1099 1066 
f 1052 1062 1048 
f 1052 1048 1053 
f 1097 1137 1159 
f 994 1100 1159 
f 1097 1159 1100 
f 1104 1116 876 
f 994 1159 1110 
f 1137 1110 1159 
f 1016 1024 1017 
f 1023 1017 1024 
f 1145 1106 1113 
f 983 1113 1106 
f 1141 1021 1070 
f 1020 1142 1021 
f 1124 1127 1137 
f 1110 1137 1127 
f 990 1120 1108 
f 1147 1108 1120 
f 863 1083 895 
f 863 1123 1083 
f 1160 1030 1161 
f 1030 1038 1161 
f 826 1112 827 
f 1080 1158 871 
f 820 871 1158 
f 820 1158 1149 
f 1086 1088 1084 
f 1088 1101 1084 
f 1082 1162 893 
f 887 893 1162 
f 1161 1163 1142 
f 1160 1161 1142 
f 762 724 1074 
f 1160 1075 1074 
f 1075 1073 1074 
f 1071 1164 1066 
f 1099 1071 1066 
f 729 1165 1111 
f 994 1111 1165 
f 994 1165 995 
f 1080 1157 1158 
f 1149 1158 1094 
f 1070 1164 1071 
f 1148 1066 1164 
f 1020 1075 1160 
f 1020 1160 1142 
f 1078 1162 1060 
f 1082 1060 1162 
f 1148 1163 1161 
f 1070 1142 1163 
f 1148 1164 1163 
f 1070 1163 1164 
f 1036 982 1041 
f 1138 1097 1115 
f 1097 1096 1115 
f 1103 1143 1054 
f 1055 1054 1143 
f 724 1030 1074 
f 1160 1074 1030 
f 1139 1166 1155 
f 1149 1155 1166 
f 1139 930 1166 
f 1132 986 1140 
f 1132 1140 1099 
f 1035 1039 1033 
f 1035 1040 1039 
f 1105 1078 1077 
f 1052 1150 1077 
f 1060 1062 1077 
f 1052 1077 1062 
f 729 870 1165 
f 995 1165 870 
f 1100 1059 1095 
f 1058 1095 1059 
f 1149 1166 939 
f 930 939 1166 
f 1144 1167 1085 
f 1144 889 1167 
f 890 1167 889 
f 1146 1168 1090 
f 752 1090 1168 
f 1146 896 1168 
f 752 1168 896 
f 1109 1125 864 
f 892 864 1125 
f 1086 1125 1109 
f 873 876 1116 
f 1081 1116 1104 
f 1117 990 1107 
f 1117 1107 1128 
f 967 1127 1124 
f 967 1124 859 
f 1069 1148 1169 
f 1038 1047 1169 
f 1069 1169 1045 
f 1148 1161 1169 
f 1038 1169 1161 
f 1069 1170 1066 
f 1064 1066 1170 
f 1069 1068 1170 
f 1064 1170 1068 
f 1065 1135 1134 
f 1065 1064 1135 
f 1068 1135 1064 
f 1057 1059 1171 
f 1172 1056 1171 
f 1057 1171 1056 
f 1172 1173 1084 
f 1085 1084 1173 
f 1172 1171 1173 
f 1085 1173 1145 
f 1145 1171 1106 
f 1059 1106 1171 
f 1145 1173 1171 
f 1083 1114 1061 
f 1138 1115 1114 
f 1083 1123 1114 
f 1138 1114 1123 
f 1047 1037 1029 
f 770 769 1037 
f 1047 1038 1037 
f 1038 723 1037 
f 1112 1174 1089 
f 1112 826 1174 
f 928 1174 826 
f 1117 1175 908 
f 907 908 1175 
f 1117 1128 1175 
f 907 1175 1128 
f 1131 1176 1121 
f 822 1121 1176 
f 1131 836 1176 
f 822 1176 836 
f 754 1177 1091 
f 1118 1091 1177 
f 754 898 1177 
f 1118 1177 898 
f 1140 1178 1071 
f 1072 1071 1178 
f 1140 1004 1178 
f 1072 1178 1004 
f 1054 1056 1172 
f 1084 1101 1172 
f 1054 1172 1101 
f 1082 1179 1083 
f 895 1083 1179 
f 1082 893 1179 
f 895 1179 893 
f 1109 1112 1088 
f 1109 827 1112 
f 1124 1138 1123 
f 1124 1137 1138 
f 1085 1167 1125 
f 890 1125 1167 
f 1103 1049 1143 
f 1046 1143 1049 
f 991 1043 1031 
f 782 1031 1043 
f 991 1029 1043 
f 1029 769 1043 
f 1143 1040 1035 
f 1143 1046 1040 
f 821 749 1151 
f 984 1122 1151 
f 821 1151 1122 
f 1045 1169 1047 
f 1045 1047 1028 
f 903 730 1110 
f 903 1110 1127 
f 1089 1174 1130 
f 928 1130 1174 
f 887 1180 885 
f 1078 885 1180 
f 887 1162 1180 
f 1078 1180 1162 
f 746 1181 1182 
f 1183 1184 3 
f 32 1183 3 
f 1185 113 68 
f 1185 68 1186 
f 1187 1188 1189 
f 1190 1191 1192 
f 1191 1193 1194 
f 1193 1195 1194 
f 1191 1190 1193 
f 1196 1197 1198 
f 1189 1188 1197 
f 1198 1197 1188 
f 1188 1187 1192 
f 1199 1200 1201 
f 1202 1203 1204 
f 1200 1202 1204 
f 1195 1205 1206 
f 1206 1194 1195 
f 1205 1201 1206 
f 1205 1199 1201 
f 1200 1199 1202 
f 1207 1208 49 
f 1209 1210 1211 
f 1212 1209 1211 
f 1208 1207 1213 
f 31 1214 1213 
f 1213 1215 1208 
f 1190 1187 1189 
f 1192 1187 1190 
f 1183 1216 1184 
f 1186 3 1184 
f 1216 1217 1184 
f 1218 1184 1217 
f 1218 1217 1219 
f 1220 1221 1222 
f 1223 1222 1221 
f 1220 1224 1221 
f 1223 1221 1224 
f 1225 1219 1217 
f 1224 1226 1216 
f 1215 1214 1209 
f 1215 1213 1214 
f 1227 1214 31 
f 1228 1229 1230 
f 1231 1230 1229 
f 1228 1232 1229 
f 1231 1229 1232 
f 1225 1226 1220 
f 1224 1220 1226 
f 1225 1217 1226 
f 1217 1216 1226 
f 1203 1233 1204 
f 1228 1204 1233 
f 1203 1232 1233 
f 1228 1233 1232 
f 1230 1234 1235 
f 1236 1235 1234 
f 1230 1231 1234 
f 1236 1234 1231 
f 1218 1237 1184 
f 1186 1184 1237 
f 1218 1185 1237 
f 1186 1237 1185 
f 1223 1235 1238 
f 1239 1222 1238 
f 1223 1238 1222 
f 1227 1210 1214 
f 1209 1214 1210 
f 1227 1240 1210 
f 1240 1211 1210 
f 1235 1241 1238 
f 1239 1238 1241 
f 1235 1236 1241 
f 1239 1241 1236 
f 1202 1242 1203 
f 1243 1244 1190 
f 1205 1245 1199 
f 1246 1245 1195 
f 1244 1246 1193 
f 1202 1199 1247 
f 1196 1248 1197 
f 1189 1197 1249 
f 1248 1249 1197 
f 1249 1243 1189 
f 1193 1190 1244 
f 1190 1189 1243 
f 1195 1193 1246 
f 1205 1195 1245 
f 1247 1242 1202 
f 1250 1203 1242 
f 1199 1245 1247 
f 1251 109 1252 
f 1253 1254 1251 
f 113 1251 1254 
f 1251 1255 109 
f 1256 1212 1211 
f 1251 1252 1253 
f 1256 1257 48 
f 35 48 1257 
f 1256 1211 1257 
f 1251 1258 1255 
f 1259 1255 1258 
f 1259 1258 1260 
f 1222 1239 1261 
f 1262 1263 1261 
f 1219 1225 1264 
f 1259 1260 1265 
f 1219 1260 1218 
f 1219 1264 1260 
f 1264 1265 1260 
f 1220 1264 1225 
f 1265 1264 1263 
f 35 1257 1240 
f 1211 1240 1257 
f 1220 1222 1266 
f 1263 1264 1266 
f 1220 1266 1264 
f 1185 1267 113 
f 1251 113 1267 
f 1185 1258 1267 
f 1251 1267 1258 
f 1236 1268 1239 
f 1262 1268 1269 
f 1270 1271 1232 
f 1231 1232 1271 
f 1270 1269 1271 
f 1231 1271 1269 
f 1250 1272 1203 
f 1232 1203 1272 
f 1250 1270 1272 
f 1232 1272 1270 
f 1269 1273 1231 
f 1236 1231 1273 
f 1269 1268 1273 
f 1236 1273 1268 
f 1222 1261 1266 
f 1263 1266 1261 
f 1260 1274 1218 
f 1185 1218 1274 
f 1260 1258 1274 
f 1185 1274 1258 
f 1262 1275 1268 
f 1239 1268 1275 
f 1262 1261 1275 
f 1239 1275 1261 
f 31 30 1227 
f 30 1276 1227 
f 1240 1276 164 
f 1227 1276 1240 
f 39 35 1240 
f 1240 164 39 
f 1277 1278 1279 
f 1280 1281 1282 
f 1283 1284 1285 
f 1286 1287 1288 
f 1289 1290 1291 
f 1292 1293 1294 
f 1295 1296 1294 
f 1297 1298 1283 
f 1299 1300 1301 
f 629 1302 1303 
f 1304 1305 1306 
f 1307 1308 1309 
f 1310 1309 1311 
f 1312 1313 1314 
f 1314 1315 1312 
f 1315 1316 1317 
f 1318 1319 1320 
f 1318 1321 1322 
f 1301 1323 1324 
f 1280 1325 1326 
f 1325 1295 1327 
f 1325 1310 1326 
f 1328 1329 1330 
f 629 1303 1331 
f 1332 1333 1334 
f 1329 1335 1330 
f 1336 1323 1301 
f 1337 1338 1339 
f 1340 1341 1342 
f 1343 1344 1303 
f 1339 1342 1345 
f 1346 1347 1348 
f 1349 1350 1351 
f 1352 1346 1353 
f 1354 1355 1356 
f 1345 1357 1339 
f 1358 1355 1359 
f 1352 1360 1361 
f 1297 1283 1285 
f 1323 1362 1324 
f 1302 1363 1343 
f 1364 1365 1366 
f 1328 1367 1363 
f 1368 1369 1365 
f 1370 1371 1372 
f 1345 1373 1357 
f 1369 1372 1374 
f 1375 1376 1377 
f 1309 1308 1316 
f 1378 1379 1380 
f 1381 1379 1378 
f 1364 1380 1379 
f 1382 1383 1384 
f 1374 1366 1365 
f 1370 1372 1369 
f 1366 1380 1364 
f 1373 1354 1356 
f 1385 1386 1387 
f 1388 1389 1390 
f 1391 1392 1389 
f 1286 1393 1394 
f 1389 1388 1391 
f 1349 1395 1396 
f 1397 1398 1357 
f 1386 1399 1400 
f 1371 1401 1377 
f 1385 1387 1376 
f 1287 1286 1321 
f 1402 1403 1404 
f 1394 1322 1286 
f 1385 1376 1375 
f 1371 1370 1401 
f 1286 1322 1321 
f 1405 1385 1375 
f 1307 1406 1407 
f 1408 1375 1401 
f 1368 1408 1370 
f 1297 1285 1409 
f 1410 1411 1412 
f 1413 1414 1415 
f 1416 1417 1418 
f 1289 1419 1290 
f 1332 1420 1333 
f 1421 1422 1423 
f 1424 1425 1304 
f 1419 1426 1290 
f 1427 1416 1428 
f 1350 1429 1430 
f 1431 1432 1433 
f 1434 1435 1436 
f 1399 1393 1288 
f 1437 1283 1298 
f 1413 1438 1439 
f 1413 1440 1441 
f 1442 1441 1440 
f 1443 1442 1440 
f 1444 1445 1446 
f 1406 1327 1447 
f 1297 1295 1298 
f 1447 1293 1407 
f 1310 1327 1406 
f 1394 1448 1449 
f 1412 1450 1451 
f 1452 1352 1353 
f 1453 1360 1452 
f 1452 1454 1453 
f 1440 1413 1415 
f 1455 1417 1289 
f 1358 1456 1356 
f 1457 1458 1459 
f 1458 1457 1460 
f 1357 1373 1397 
f 1461 1460 1457 
f 1357 1337 1339 
f 1462 1359 1463 
f 1463 1359 1464 
f 1462 1463 1459 
f 1465 1464 1359 
f 1459 1458 1462 
f 1358 1356 1355 
f 1466 1435 1383 
f 1467 1466 1383 
f 1436 1428 1468 
f 1288 1393 1286 
f 1469 1470 1471 
f 1453 1335 1472 
f 1473 1419 1289 
f 1319 1474 1320 
f 1277 1305 1475 
f 1476 1477 1334 
f 1478 1479 1480 
f 1383 1435 1434 
f 1315 1314 1481 
f 1365 1369 1374 
f 1368 1370 1369 
f 1408 1401 1370 
f 1377 1401 1375 
f 1296 1409 1292 
f 1294 1327 1295 
f 1313 1320 1474 
f 1328 1330 1367 
f 1467 1383 1382 
f 1469 1465 1359 
f 1322 1319 1318 
f 1474 1319 1482 
f 1474 1314 1313 
f 1334 1477 1332 
f 1349 1476 1350 
f 1427 1473 1416 
f 1367 1330 1454 
f 1363 1367 1343 
f 1291 1455 1289 
f 1473 1483 1419 
f 1454 1452 1483 
f 1300 1341 1301 
f 1484 1485 1486 
f 1482 1487 1488 
f 1476 1349 1477 
f 1334 1423 1476 
f 1489 1300 1299 
f 1490 1486 1485 
f 1467 1484 1486 
f 1384 1434 1468 
f 1491 1478 1423 
f 1484 1467 1382 
f 1466 1467 1486 
f 1383 1434 1384 
f 1424 1306 1492 
f 1304 1425 1493 
f 1451 1450 1494 
f 1438 1413 1441 
f 1311 1495 1310 
f 1408 1405 1375 
f 1405 1496 1385 
f 1385 1496 1386 
f 1294 1293 1447 
f 1309 1310 1406 
f 1406 1447 1407 
f 1294 1447 1327 
f 1327 1310 1325 
f 1448 1496 1405 
f 1322 1394 1319 
f 1291 1433 1432 
f 1497 1498 1340 
f 1397 1373 1356 
f 1337 1357 1398 
f 1354 1470 1355 
f 1499 1471 1470 
f 1354 1499 1470 
f 1359 1355 1469 
f 1470 1469 1355 
f 1422 1491 1423 
f 1431 1433 1500 
f 1296 1297 1409 
f 1294 1296 1292 
f 1297 1296 1295 
f 1315 1481 1316 
f 1308 1317 1316 
f 1312 1315 1317 
f 1501 1331 1344 
f 1343 1303 1302 
f 1331 1303 1344 
f 1289 1417 1416 
f 1435 1502 1427 
f 1418 1428 1416 
f 1289 1416 1473 
f 1487 1503 1488 
f 1349 1351 1395 
f 1430 1504 1350 
f 1483 1473 1427 
f 1424 1304 1306 
f 1325 1280 1282 
f 1386 1496 1393 
f 1387 1386 1400 
f 1291 1290 1433 
f 1433 1290 1426 
f 1455 1291 1432 
f 1426 1505 1433 
f 1506 1353 1404 
f 1430 1507 1504 
f 1404 1430 1429 
f 1507 1430 1404 
f 1351 1350 1504 
f 1356 1456 1397 
f 1398 1397 1456 
f 1333 1423 1334 
f 1491 1479 1478 
f 1478 1480 1500 
f 1282 1295 1325 
f 1437 1298 1282 
f 1394 1508 1319 
f 1492 1509 1424 
f 1510 1420 1511 
f 1512 1513 1510 
f 1402 1404 1353 
f 1423 1333 1421 
f 1431 1500 1480 
f 1490 1471 1486 
f 1492 1514 1509 
f 1514 1513 1509 
f 1515 1421 1516 
f 1421 1333 1510 
f 1332 1517 1420 
f 1422 1421 1515 
f 1386 1393 1399 
f 1300 1342 1341 
f 1339 1518 1342 
f 1309 1406 1307 
f 1311 1309 1316 
f 1436 1427 1428 
f 1434 1436 1468 
f 1427 1436 1435 
f 1493 1519 1451 
f 1451 1304 1493 
f 1446 1520 1425 
f 1494 1278 1451 
f 1451 1475 1304 
f 1304 1475 1305 
f 1503 1495 1311 
f 1311 1316 1481 
f 1295 1282 1298 
f 1281 650 1282 
f 1282 650 1437 
f 650 1521 1437 
f 1522 1444 1523 
f 1523 1444 1446 
f 1522 1523 1511 
f 1425 1523 1446 
f 1512 1511 1523 
f 1511 1420 1524 
f 1510 1333 1420 
f 1522 1511 1524 
f 1326 1310 1495 
f 1510 1511 1512 
f 1525 1526 1527 
f 1528 1529 1524 
f 1530 1529 1531 
f 1524 1532 1528 
f 1533 1534 1535 
f 1536 1537 1538 
f 1539 1536 1540 
f 1541 1542 1543 
f 1396 1395 1543 
f 1544 1545 1546 
f 1540 1547 1548 
f 1396 1547 1538 
f 1538 1477 1396 
f 1349 1396 1477 
f 1504 1507 1549 
f 1550 1551 1552 
f 1538 1547 1536 
f 1540 1536 1547 
f 1553 1554 1555 
f 1539 1537 1536 
f 1517 1538 1537 
f 1539 1546 1537 
f 1556 1520 1557 
f 1558 1559 1557 
f 1517 1332 1538 
f 1410 1560 1561 
f 1556 1561 1560 
f 1410 1412 1560 
f 1517 1545 1562 
f 1555 1563 1564 
f 1439 1565 1535 
f 1450 1566 1565 
f 1439 1567 1565 
f 1450 1565 1494 
f 1517 1537 1545 
f 1546 1545 1537 
f 1568 1348 1347 
f 1361 1347 1346 
f 1402 1353 1346 
f 1361 1346 1352 
f 1564 1557 1520 
f 1446 1564 1520 
f 1556 1493 1520 
f 1493 1425 1520 
f 1542 1548 1543 
f 1526 1541 1527 
f 1314 1488 1481 
f 1503 1311 1488 
f 1481 1488 1311 
f 1504 1527 1351 
f 1395 1351 1527 
f 1569 1414 1534 
f 1531 1570 1571 
f 1528 1571 1570 
f 1531 1529 1570 
f 1528 1570 1529 
f 1478 1500 1572 
f 1423 1478 1572 
f 1429 1350 1572 
f 1573 1574 1403 
f 1575 1573 1403 
f 1507 1404 1403 
f 1538 1332 1477 
f 1471 1576 1486 
f 1499 1576 1471 
f 1402 1348 1403 
f 1575 1403 1348 
f 1402 1346 1348 
f 1575 1348 1568 
f 1552 1551 1577 
f 1578 1525 1549 
f 1454 1502 1367 
f 1454 1483 1502 
f 1483 1427 1502 
f 1535 1565 1566 
f 1533 1535 1566 
f 1450 1579 1566 
f 1533 1566 1579 
f 1535 1534 1414 
f 1439 1535 1414 
f 1569 1415 1414 
f 1439 1414 1413 
f 1556 1519 1493 
f 1412 1451 1519 
f 1556 1560 1519 
f 1412 1519 1560 
f 1548 1547 1543 
f 1396 1543 1547 
f 1344 1580 1576 
f 1501 1344 1576 
f 1466 1486 1576 
f 1501 1576 1499 
f 1494 1565 1567 
f 1581 1361 1360 
f 1472 1581 1360 
f 1352 1452 1360 
f 1472 1360 1453 
f 1279 1567 1438 
f 1439 1438 1567 
f 1490 1469 1471 
f 1367 1502 1580 
f 1367 1580 1343 
f 1562 1532 1517 
f 1420 1517 1532 
f 1562 1528 1532 
f 1420 1532 1524 
f 1466 1576 1580 
f 1343 1580 1344 
f 1452 1353 1506 
f 1426 1419 1506 
f 1454 1330 1453 
f 1335 1453 1330 
f 1577 1444 1582 
f 1529 1577 1582 
f 1522 1524 1582 
f 1529 1582 1524 
f 1502 1435 1580 
f 1466 1580 1435 
f 1485 1465 1490 
f 1469 1490 1465 
f 1562 1583 1584 
f 1544 1584 1583 
f 1562 1545 1583 
f 1544 1583 1545 
f 1474 1482 1488 
f 1474 1488 1314 
f 1425 1424 1509 
f 1523 1425 1509 
f 1523 1509 1512 
f 1301 1585 1336 
f 1301 1341 1585 
f 1340 1585 1341 
f 1564 1446 1445 
f 1555 1564 1445 
f 1444 1551 1445 
f 1551 1586 1445 
f 1362 1587 1588 
f 1362 1588 1324 
f 1421 1510 1513 
f 1516 1421 1513 
f 1512 1509 1513 
f 1516 1513 1514 
f 1496 1448 1393 
f 1394 1393 1448 
f 1487 1508 1449 
f 1394 1449 1508 
f 1487 1482 1508 
f 1482 1319 1508 
f 1506 1419 1452 
f 1483 1452 1419 
f 1489 1589 1521 
f 1521 1590 1437 
f 1553 1586 1550 
f 1551 1550 1586 
f 1553 1555 1586 
f 1555 1445 1586 
f 1340 1342 1518 
f 1339 1338 1518 
f 1476 1572 1350 
f 1476 1423 1572 
f 1340 1498 1585 
f 1336 1585 1498 
f 1525 1527 1549 
f 1504 1549 1527 
f 1567 1278 1494 
f 1475 1451 1278 
f 1567 1279 1278 
f 1475 1278 1277 
f 1557 1564 1563 
f 1558 1557 1563 
f 1555 1554 1563 
f 1558 1563 1554 
f 1500 1433 1505 
f 1572 1500 1505 
f 1572 1505 1429 
f 1588 1589 1324 
f 1301 1324 1299 
f 1588 1283 1590 
f 1437 1590 1283 
f 1340 1518 1497 
f 1338 1497 1518 
f 1411 1591 1412 
f 1450 1412 1591 
f 1411 1579 1591 
f 1450 1591 1579 
f 1426 1429 1505 
f 1426 1506 1429 
f 1404 1429 1506 
f 1549 1574 1578 
f 1573 1578 1574 
f 1549 1507 1574 
f 1507 1403 1574 
f 1299 1324 1589 
f 1489 1299 1589 
f 1588 1590 1589 
f 1590 1521 1589 
f 1284 1592 1587 
f 1588 1587 1592 
f 1284 1283 1592 
f 1588 1592 1283 
f 1557 1593 1556 
f 1561 1556 1593 
f 1557 1559 1593 
f 1561 1593 1559 
f 1530 1552 1577 
f 1530 1577 1529 
f 1541 1395 1527 
f 1541 1543 1395 
f 1571 1594 1584 
f 1562 1584 1594 
f 1571 1528 1594 
f 1562 1594 1528 
f 1577 1551 1444 
f 1522 1582 1444 
f 1595 1596 628 
f 629 628 1302 
f 1597 624 664 
f 1597 1595 624 
f 1598 1599 1526 
f 1600 1525 1578 
f 1578 1573 1601 
f 1601 1573 1602 
f 1578 1601 1600 
f 1542 1541 1603 
f 1541 1526 1603 
f 1599 1603 1526 
f 1526 1525 1598 
f 1604 1568 1347 
f 1605 1361 1606 
f 1347 1361 1605 
f 1602 1575 1607 
f 1575 1602 1573 
f 1607 1575 1568 
f 1607 1568 1604 
f 1347 1605 1604 
f 1608 650 1281 
f 1609 1610 1611 
f 1495 1611 1326 
f 1281 1612 1608 
f 1280 1613 1612 
f 1612 1281 1280 
f 1600 1599 1598 
f 1525 1600 1598 
f 1302 1596 1363 
f 1302 628 1596 
f 1614 1615 1596 
f 1363 1596 1615 
f 1614 1616 1615 
f 1329 1617 1618 
f 1619 1618 1617 
f 1329 1328 1617 
f 1619 1617 1328 
f 1620 1615 1616 
f 1615 1621 1363 
f 1280 1326 1613 
f 1622 612 1613 
f 612 1612 1613 
f 1623 1624 1472 
f 1581 1472 1624 
f 1623 1625 1624 
f 1581 1624 1625 
f 1328 1621 1619 
f 1620 1619 1621 
f 1328 1363 1621 
f 1620 1621 1615 
f 1581 1626 1361 
f 1606 1361 1626 
f 1581 1625 1626 
f 1606 1626 1625 
f 1627 1628 1335 
f 1472 1335 1628 
f 1627 1623 1628 
f 1472 1628 1623 
f 1595 1629 1596 
f 1614 1596 1629 
f 1595 1597 1629 
f 1614 1629 1597 
f 1329 1630 1335 
f 1329 1618 1630 
f 1631 1630 1618 
f 1326 1610 1613 
f 1622 1613 1610 
f 1326 1611 1610 
f 1622 1610 1609 
f 1631 1632 1630 
f 1335 1630 1632 
f 1631 1627 1632 
f 1335 1632 1627 
f 1601 1633 1600 
f 1607 1604 1634 
f 1602 1607 1635 
f 1602 1636 1601 
f 1605 1637 1604 
f 664 1638 1639 
f 1542 1603 1640 
f 1640 1603 1641 
f 1599 1641 1603 
f 1600 1642 1599 
f 1643 1600 1633 
f 1599 1642 1641 
f 1633 1601 1636 
f 1635 1636 1602 
f 1634 1604 1637 
f 1607 1634 1635 
f 1644 1639 1638 
f 666 1645 1639 
f 1600 1643 1642 
f 1643 1641 1642 
f 1639 1646 666 
f 1647 1611 1495 
f 1644 1646 1639 
f 598 1648 606 
f 1647 606 1648 
f 1647 1648 1611 
f 1649 1650 1645 
f 1639 1645 1650 
f 1649 1651 1650 
f 1618 1652 1631 
f 1653 1652 1654 
f 1616 1655 1620 
f 1656 1655 1649 
f 1616 1614 1651 
f 1649 1655 1651 
f 1616 1651 1655 
f 1611 1648 1609 
f 598 1609 1648 
f 1619 1620 1655 
f 1654 1657 1656 
f 1619 1657 1618 
f 1619 1655 1657 
f 1655 1656 1657 
f 1639 1658 664 
f 1597 664 1658 
f 1639 1650 1658 
f 1597 1658 1650 
f 1652 1659 1631 
f 1660 1659 1653 
f 1623 1661 1625 
f 1662 1625 1661 
f 1623 1660 1661 
f 1662 1661 1660 
f 1625 1663 1606 
f 1664 1606 1663 
f 1625 1662 1663 
f 1664 1663 1662 
f 1627 1659 1623 
f 1660 1623 1659 
f 1627 1631 1659 
f 1652 1653 1659 
f 1654 1652 1657 
f 1618 1657 1652 
f 1597 1665 1614 
f 1651 1614 1665 
f 1597 1650 1665 
f 1651 1665 1650 
f 1606 1666 1605 
f 1637 1605 1666 
f 1606 1664 1666 
f 1637 1666 1664 
f 612 1622 613 
f 1667 1609 713 
f 613 1622 1667 
f 1622 1609 1667 
f 597 1609 598 
f 1609 597 713 
f 1668 1669 1670 
f 1671 1672 1673 
f 1674 1675 1670 
f 1676 1677 1678 
f 1679 1680 1677 
f 1681 1682 1683 
f 1677 1684 1678 
f 1685 1686 1687 
f 1671 1688 1668 
f 1671 1668 1670 
f 1673 1689 1690 
f 1672 1671 1691 
f 1671 1670 1691 
f 1692 1687 1693 
f 1694 1695 1696 
f 1697 1670 1669 
f 1698 1699 1700 
f 1701 1686 1685 
f 1702 1701 1685 
f 1701 1703 1686 
f 1670 1704 1691 
f 1695 1692 1696 
f 1674 1705 1706 
f 1707 1705 1708 
f 1709 1674 1710 
f 1696 1711 1694 
f 1696 1693 1711 
f 1712 1711 1713 
f 1700 1713 1711 
f 1693 1700 1711 
f 1675 1674 1706 
f 1714 1715 1716 
f 1714 1708 1715 
f 1681 1680 1682 
f 1717 1680 1718 
f 1710 1674 1697 
f 1697 1674 1670 
f 1704 1670 1675 
f 1712 1719 1720 
f 1694 1711 1720 
f 1712 1720 1711 
f 1682 1721 1683 
f 1709 1683 1721 
f 1682 1715 1721 
f 1709 1721 1674 
f 1713 1700 1722 
f 1722 1700 1699 
f 1682 1717 1715 
f 1717 1682 1680 
f 1679 1718 1680 
f 1681 1684 1680 
f 1684 1677 1680 
f 1723 1690 1689 
f 1724 1723 1689 
f 1673 1725 1689 
f 1694 1720 1689 
f 1726 1722 1699 
f 1693 1698 1700 
f 1703 1699 1698 
f 1703 1698 1686 
f 1690 1688 1673 
f 1671 1673 1688 
f 1690 1727 1688 
f 1727 1668 1688 
f 1686 1698 1687 
f 1716 1715 1717 
f 1716 1717 1718 
f 1696 1692 1693 
f 1698 1693 1687 
f 1695 1725 1672 
f 1673 1672 1725 
f 1695 1694 1725 
f 1694 1689 1725 
f 1719 1724 1720 
f 1724 1689 1720 
f 1721 1705 1674 
f 1707 1706 1705 
f 1721 1715 1705 
f 1715 1708 1705 
f 1728 1729 1730 
f 1731 1732 1733 
f 1734 1735 1736 
f 1737 1738 1739 
f 1676 1740 1677 
f 1741 1742 1743 
f 1744 1745 1731 
f 1746 1747 1748 
f 1749 1733 1750 
f 1729 1751 1752 
f 1731 1745 1732 
f 1753 1754 1755 
f 1756 1757 1729 
f 1746 1748 1745 
f 1758 1752 1759 
f 1745 1748 1732 
f 1752 1758 1760 
f 1758 1761 1760 
f 1702 1739 1701 
f 1738 1703 1701 
f 1737 1744 1762 
f 1738 1701 1739 
f 1733 1763 1731 
f 1762 1764 1737 
f 1731 1763 1762 
f 1762 1744 1731 
f 1748 1765 1732 
f 1748 1747 1765 
f 1766 1767 1765 
f 1732 1765 1767 
f 1766 1768 1767 
f 1716 1718 1769 
f 1742 1770 1769 
f 1716 1769 1771 
f 1763 1733 1749 
f 1766 1765 1772 
f 1728 1772 1765 
f 1747 1728 1765 
f 1679 1677 1773 
f 1743 1742 1773 
f 1768 1774 1767 
f 1767 1775 1732 
f 1776 1777 1778 
f 1779 1780 1777 
f 1776 1781 1777 
f 1779 1777 1782 
f 1783 1754 1753 
f 1760 1734 1754 
f 1760 1754 1752 
f 1738 1764 1703 
f 1703 1784 1699 
f 1763 1749 1784 
f 1749 1785 1784 
f 1784 1703 1764 
f 1763 1784 1764 
f 1738 1737 1764 
f 1763 1764 1762 
f 1747 1751 1729 
f 1759 1752 1751 
f 1747 1746 1751 
f 1759 1751 1746 
f 1786 1787 1741 
f 1742 1741 1787 
f 1786 1735 1787 
f 1677 1740 1773 
f 1743 1773 1740 
f 1771 1781 1788 
f 1716 1771 1788 
f 1789 1714 1788 
f 1716 1788 1714 
f 1790 1735 1786 
f 1782 1770 1735 
f 1790 1736 1735 
f 1782 1735 1779 
f 1750 1733 1791 
f 1774 1791 1775 
f 1733 1732 1775 
f 1774 1775 1767 
f 1792 1749 1750 
f 1775 1791 1733 
f 1760 1780 1734 
f 1755 1754 1734 
f 1779 1735 1734 
f 1755 1734 1736 
f 1793 1730 1729 
f 1747 1729 1728 
f 1730 1772 1728 
f 1771 1769 1770 
f 1782 1771 1770 
f 1742 1787 1770 
f 1787 1735 1770 
f 1718 1679 1769 
f 1789 1781 1776 
f 1782 1777 1781 
f 1789 1788 1781 
f 1782 1781 1771 
f 1757 1756 1783 
f 1793 1729 1757 
f 1752 1756 1729 
f 1679 1773 1769 
f 1742 1769 1773 
f 1783 1756 1754 
f 1752 1754 1756 
f 1778 1777 1780 
f 1761 1778 1780 
f 1779 1734 1780 
f 1761 1780 1760 
f 1792 1785 1749 
f 1699 1784 1785 
f 1792 1726 1785 
f 1699 1785 1726 
f 1714 1794 1708 
f 1707 1708 1794 
f 1795 1796 1797 
f 1798 1799 1800 
f 1801 1802 1803 
f 1800 1804 1805 
f 1672 1691 1806 
f 1807 1808 1687 
f 1809 1810 1811 
f 1812 1813 1814 
f 1812 1815 1813 
f 1797 1813 1815 
f 1816 1817 1818 
f 1800 1805 1819 
f 1805 1820 1819 
f 1821 1822 1814 
f 1823 1824 1822 
f 1825 1826 1827 
f 1826 1828 1707 
f 1823 1822 1829 
f 1823 1830 1831 
f 1823 1829 1830 
f 1832 1830 1819 
f 1833 1834 1835 
f 1836 1837 1795 
f 1838 1837 1839 
f 1840 1841 1842 
f 1840 1843 1841 
f 1843 1844 1841 
f 1845 1846 1796 
f 1847 1797 1796 
f 1848 1849 1675 
f 1704 1675 1811 
f 1849 1850 1811 
f 1851 1852 1853 
f 1804 1854 1853 
f 1851 1853 1854 
f 1855 1856 1843 
f 1857 1858 1798 
f 1855 1859 1856 
f 1860 1861 1799 
f 1804 1800 1799 
f 1860 1799 1798 
f 1862 1848 1828 
f 1706 1707 1828 
f 1825 1828 1826 
f 1804 1853 1805 
f 1811 1863 1704 
f 1819 1830 1829 
f 1800 1819 1829 
f 1797 1836 1795 
f 1815 1864 1797 
f 1821 1814 1844 
f 1797 1847 1844 
f 1800 1857 1798 
f 1821 1857 1822 
f 1810 1833 1835 
f 1865 1866 1835 
f 1866 1867 1835 
f 1868 1820 1869 
f 1805 1870 1820 
f 1832 1819 1820 
f 1865 1835 1871 
f 1865 1871 1836 
f 1821 1844 1843 
f 1847 1841 1844 
f 1815 1806 1864 
f 1865 1836 1864 
f 1836 1797 1864 
f 1872 1873 1862 
f 1814 1822 1824 
f 1812 1814 1824 
f 1807 1874 1823 
f 1823 1831 1807 
f 1814 1813 1844 
f 1797 1844 1813 
f 1803 1817 1801 
f 1875 1801 1817 
f 1803 1818 1817 
f 1816 1876 1817 
f 1877 1878 1879 
f 1832 1880 1878 
f 1875 1876 1881 
f 1875 1817 1876 
f 1882 1876 1816 
f 1800 1829 1857 
f 1822 1857 1829 
f 1832 1878 1882 
f 1882 1883 1832 
f 1879 1878 1880 
f 1868 1879 1880 
f 1832 1820 1880 
f 1868 1880 1820 
f 1852 1870 1853 
f 1805 1853 1870 
f 1852 1869 1870 
f 1869 1820 1870 
f 1881 1876 1882 
f 1877 1881 1882 
f 1877 1882 1878 
f 1849 1848 1862 
f 1706 1828 1848 
f 1811 1675 1849 
f 1706 1848 1675 
f 1865 1864 1866 
f 1806 1866 1864 
f 1884 1885 1886 
f 1871 1887 1888 
f 1889 1888 1887 
f 1889 1887 1871 
f 1827 1826 1794 
f 1707 1794 1826 
f 1890 1891 1892 
f 1833 1893 1892 
f 1840 1855 1843 
f 1845 1796 1838 
f 1795 1838 1796 
f 1839 1845 1838 
f 1841 1894 1842 
f 1809 1893 1810 
f 1833 1810 1893 
f 1809 1885 1893 
f 1850 1895 1809 
f 1862 1895 1849 
f 1809 1811 1850 
f 1685 1687 1808 
f 1702 1685 1808 
f 1702 1808 1896 
f 1687 1692 1874 
f 1806 1815 1897 
f 1812 1897 1815 
f 1897 1812 1898 
f 1898 1874 1692 
f 1897 1898 1695 
f 1692 1695 1898 
f 1862 1873 1895 
f 1885 1809 1895 
f 1850 1849 1895 
f 1885 1899 1893 
f 1892 1893 1899 
f 1892 1899 1890 
f 1885 1900 1886 
f 1873 1886 1900 
f 1885 1895 1900 
f 1873 1900 1895 
f 1816 1901 1831 
f 1816 1818 1901 
f 1896 1901 1818 
f 1808 1902 1896 
f 1806 1691 1867 
f 1810 1835 1867 
f 1806 1867 1866 
f 1892 1834 1833 
f 1871 1835 1834 
f 1871 1834 1889 
f 1691 1863 1867 
f 1810 1867 1863 
f 1691 1704 1863 
f 1810 1863 1811 
f 1892 1903 1834 
f 1889 1834 1903 
f 1892 1891 1903 
f 1889 1903 1891 
f 1843 1858 1821 
f 1857 1821 1858 
f 1843 1856 1858 
f 1856 1798 1858 
f 1830 1832 1883 
f 1831 1830 1883 
f 1882 1816 1883 
f 1831 1883 1816 
f 1890 1899 1884 
f 1885 1884 1899 
f 1846 1894 1796 
f 1847 1796 1894 
f 1846 1842 1894 
f 1847 1894 1841 
f 1812 1874 1898 
f 1807 1687 1874 
f 1812 1824 1874 
f 1824 1823 1874 
f 1695 1672 1897 
f 1806 1897 1672 
f 1798 1904 1860 
f 1859 1860 1904 
f 1798 1856 1904 
f 1859 1904 1856 
f 1831 1902 1807 
f 1808 1807 1902 
f 1831 1901 1902 
f 1901 1896 1902 
f 1825 1905 1828 
f 1862 1828 1905 
f 1825 1872 1905 
f 1862 1905 1872 
f 1888 1839 1837 
f 1871 1888 1837 
f 1838 1795 1837 
f 1871 1837 1836 
f 1861 1906 1799 
f 1804 1799 1906 
f 1861 1854 1906 
f 1804 1906 1854 
f 1789 1794 1714 
f 1802 1907 1803 
f 1759 1908 1758 
f 1909 1745 1910 
f 1744 1910 1745 
f 1911 1912 1908 
f 1803 1913 1818 
f 1914 1915 1916 
f 1917 1918 1919 
f 1920 1921 1922 
f 1909 1923 1922 
f 1919 1924 1925 
f 1825 1827 1926 
f 1778 1927 1776 
f 1746 1745 1909 
f 1928 1929 1930 
f 1928 1930 1931 
f 1778 1932 1927 
f 1778 1761 1932 
f 1761 1933 1932 
f 1839 1888 1934 
f 1935 1936 1937 
f 1891 1938 1889 
f 1930 1938 1931 
f 1854 1861 1939 
f 1940 1941 1936 
f 1854 1939 1941 
f 1914 1942 1915 
f 1914 1943 1942 
f 1825 1926 1927 
f 1926 1776 1927 
f 1935 1944 1919 
f 1925 1943 1919 
f 1935 1919 1945 
f 1859 1946 1860 
f 1859 1937 1946 
f 1936 1946 1937 
f 1947 1948 1949 
f 1950 1951 1949 
f 1886 1873 1952 
f 1912 1952 1932 
f 1922 1921 1929 
f 1925 1953 1943 
f 1914 1945 1943 
f 1945 1919 1943 
f 1935 1940 1936 
f 1935 1945 1940 
f 1950 1954 1951 
f 1914 1916 1954 
f 1951 1954 1916 
f 1845 1839 1955 
f 1855 1840 1956 
f 1890 1884 1957 
f 1737 1739 1942 
f 1909 1910 1923 
f 1854 1958 1851 
f 1959 1851 1958 
f 1854 1941 1958 
f 1949 1959 1941 
f 1958 1941 1959 
f 1950 1949 1941 
f 1939 1936 1941 
f 1950 1941 1940 
f 1923 1910 1953 
f 1925 1923 1953 
f 1942 1943 1953 
f 1803 1960 1913 
f 1961 1962 1960 
f 1803 1907 1960 
f 1961 1960 1907 
f 1963 1964 1965 
f 1966 1963 1965 
f 1967 1968 1962 
f 1961 1967 1962 
f 1969 1913 1962 
f 1913 1960 1962 
f 1948 1959 1949 
f 1969 1970 1913 
f 1969 1916 1970 
f 1916 1915 1970 
f 1969 1971 1916 
f 1951 1916 1971 
f 1969 1968 1971 
f 1951 1971 1965 
f 1928 1931 1972 
f 1908 1972 1911 
f 1911 1972 1931 
f 1957 1911 1931 
f 1947 1964 1963 
f 1951 1965 1964 
f 1947 1949 1964 
f 1951 1964 1949 
f 1912 1933 1908 
f 1758 1908 1933 
f 1912 1932 1933 
f 1758 1933 1761 
f 1920 1918 1973 
f 1966 1968 1967 
f 1969 1962 1968 
f 1966 1965 1968 
f 1965 1971 1968 
f 1956 1974 1917 
f 1920 1924 1918 
f 1917 1919 1944 
f 1956 1917 1944 
f 1935 1937 1944 
f 1937 1975 1944 
f 1929 1976 1930 
f 1794 1977 1827 
f 1846 1973 1978 
f 1846 1978 1842 
f 1889 1938 1888 
f 1972 1908 1979 
f 1909 1980 1746 
f 1972 1979 1980 
f 1979 1746 1980 
f 1952 1912 1981 
f 1952 1981 1886 
f 1840 1974 1956 
f 1840 1842 1974 
f 1929 1982 1922 
f 1909 1922 1982 
f 1929 1928 1982 
f 1909 1982 1980 
f 1957 1983 1981 
f 1886 1981 1983 
f 1957 1884 1983 
f 1886 1983 1884 
f 1918 1917 1974 
f 1973 1918 1974 
f 1927 1932 1984 
f 1952 1984 1932 
f 1957 1985 1890 
f 1891 1890 1985 
f 1957 1931 1985 
f 1942 1986 1915 
f 1896 1987 1986 
f 1896 1986 1702 
f 1957 1981 1911 
f 1912 1911 1981 
f 1908 1759 1979 
f 1746 1979 1759 
f 1956 1975 1855 
f 1859 1855 1975 
f 1956 1944 1975 
f 1859 1975 1937 
f 1910 1744 1942 
f 1910 1942 1953 
f 1934 1976 1839 
f 1955 1839 1976 
f 1955 1976 1921 
f 1972 1980 1928 
f 1980 1982 1928 
f 1942 1739 1986 
f 1702 1986 1739 
f 1931 1988 1985 
f 1891 1985 1988 
f 1931 1938 1988 
f 1891 1988 1938 
f 1919 1918 1924 
f 1923 1925 1924 
f 1920 1922 1924 
f 1923 1924 1922 
f 1915 1986 1987 
f 1970 1915 1987 
f 1970 1987 1913 
f 1927 1989 1825 
f 1872 1825 1989 
f 1927 1984 1989 
f 1872 1989 1984 
f 1872 1990 1873 
f 1952 1873 1990 
f 1872 1984 1990 
f 1952 1990 1984 
f 1930 1934 1938 
f 1934 1888 1938 
f 1921 1991 1955 
f 1973 1992 1991 
f 1921 1920 1991 
f 1973 1991 1920 
f 1744 1737 1942 
f 1945 1914 1954 
f 1940 1945 1954 
f 1940 1954 1950 
f 1973 1974 1978 
f 1842 1978 1974 
f 1934 1930 1976 
f 1921 1976 1929 
f 1846 1992 1973 
f 1955 1991 1992 
f 1846 1845 1992 
f 1955 1992 1845 
f 1860 1946 1861 
f 1939 1861 1946 
f 1936 1939 1946 
f 1913 1987 1818 
f 1896 1818 1987 
f 1926 1827 1977 
f 1776 1926 1977 
f 1794 1789 1977 
f 1776 1977 1789 
f 1851 1993 1852 
f 1993 1869 1852 
f 1994 1995 1996 
f 1997 1869 1993 
f 1879 1998 1877 
f 1995 1999 2000 
f 1801 1875 2000 
f 2000 1996 1995 
f 2001 1996 2000 
f 1996 2002 2003 
f 1995 1994 2004 
f 2005 2006 2004 
f 1994 1996 2003 
f 2001 2007 2008 
f 2001 2000 2007 
f 1879 1868 2009 
f 1879 2009 1998 
f 1868 2010 2009 
f 2011 2009 2010 
f 2011 2010 2012 
f 2008 2013 2001 
f 2014 2013 2015 
f 2008 2016 2017 
f 2018 2019 2017 
f 1877 2016 1881 
f 1877 1998 2016 
f 1998 2017 2016 
f 2011 2020 2021 
f 1998 2009 2021 
f 2011 2021 2009 
f 2008 2022 2016 
f 1881 2016 2022 
f 2008 2007 2022 
f 1801 2023 1802 
f 2024 1802 2023 
f 2025 1999 2023 
f 1881 2007 1875 
f 2000 1875 2007 
f 1881 2022 2007 
f 1868 2026 2010 
f 2012 2010 2026 
f 2012 2026 1997 
f 2001 2027 1996 
f 2014 2027 2013 
f 2001 2013 2027 
f 2014 2028 2027 
f 2029 2030 2031 
f 1997 2026 1869 
f 1868 1869 2026 
f 1995 2004 2006 
f 1999 1995 2006 
f 2005 2032 2006 
f 1999 2006 2031 
f 2015 2033 2019 
f 2015 2013 2033 
f 2008 2033 2013 
f 2018 2034 2020 
f 2018 2017 2034 
f 1998 2034 2017 
f 2028 2002 2027 
f 1996 2027 2002 
f 2028 2035 2002 
f 2035 2003 2002 
f 2019 2033 2017 
f 2008 2017 2033 
f 1999 2025 2000 
f 1801 2000 2025 
f 2031 2023 1999 
f 1801 2025 2023 
f 2020 2034 2021 
f 1998 2021 2034 
f 2024 2023 2031 
f 2030 2024 2031 
f 2029 2032 2036 
f 2005 2036 2032 
f 2029 2031 2032 
f 2031 2006 2032 
f 1993 1851 1959 
f 1997 1993 1948 
f 2020 2011 2037 
f 1948 1993 1959 
f 2036 2038 2039 
f 2040 2041 2042 
f 2043 2044 2045 
f 2038 2045 2039 
f 2046 2029 2039 
f 2041 2044 2047 
f 1961 2048 1967 
f 2049 2048 2050 
f 1967 2048 2049 
f 2051 2050 2048 
f 2052 2053 2015 
f 2051 2053 2050 
f 2018 2054 2019 
f 2052 2054 2050 
f 2050 2055 2049 
f 1966 1967 2049 
f 2051 2056 2041 
f 2057 2044 2056 
f 2051 2048 2056 
f 2048 2058 2056 
f 2024 2030 2046 
f 2057 2046 2039 
f 2037 2055 2059 
f 2018 2020 2059 
f 2037 2059 2020 
f 2012 2060 2011 
f 2037 2011 2060 
f 1961 1907 2058 
f 2057 2056 2058 
f 1961 2058 2048 
f 2046 2057 2061 
f 2024 2046 2061 
f 1907 1802 2061 
f 2024 2061 1802 
f 2012 1997 2062 
f 1947 2063 2062 
f 2012 2062 2060 
f 2014 2040 2028 
f 2051 2041 2040 
f 1997 1948 2062 
f 1947 2062 1948 
f 2041 2056 2044 
f 2043 2047 2044 
f 2057 2039 2044 
f 2039 2045 2044 
f 2015 2019 2052 
f 2028 2040 2042 
f 2047 2042 2041 
f 1907 2061 2058 
f 2058 2061 2057 
f 2063 1963 2037 
f 2036 2039 2029 
f 2030 2029 2046 
f 1966 2064 1963 
f 1947 1963 2063 
f 2037 2060 2063 
f 2060 2062 2063 
f 2052 2019 2054 
f 2055 2050 2054 
f 2018 2059 2054 
f 2055 2054 2059 
f 2014 2015 2053 
f 2040 2014 2053 
f 2052 2050 2053 
f 2040 2053 2051 
f 2037 2064 2055 
f 2049 2055 2064 
f 2037 1963 2064 
f 2049 2064 1966 
f 2065 2003 2066 
f 1994 2003 2065 
f 2035 2028 2066 
f 2066 2003 2035 
f 1994 2067 2004 
f 2005 2068 2036 
f 2005 2069 2068 
f 2067 1994 2065 
f 2004 2067 2069 
f 2004 2069 2005 
f 2042 2066 2028 
f 2047 2065 2066 
f 2066 2042 2047 
f 2047 2043 2065 
f 2065 2043 2067 
f 2045 2069 2067 
f 2038 2068 2069 
f 2069 2045 2038 
f 2038 2036 2068 
f 2067 2043 2045 
f 2070 2071 2072 
f 2073 2074 2075 
f 2076 2071 2077 
f 2078 2079 2080 
f 2081 2082 2083 
f 2077 2081 2083 
f 2079 2084 2085 
f 2081 2077 2070 
f 2071 2070 2077 
f 2086 2079 2087 
f 2088 2089 2090 
f 2091 2088 2090 
f 2089 2092 2090 
f 2093 2094 2095 
f 2096 2097 2078 
f 2098 2079 2078 
f 2084 2098 2099 
f 2098 2100 2099 
f 2084 2079 2098 
f 2083 2076 2077 
f 2101 2080 2079 
f 2102 2103 2104 
f 2095 2103 2102 
f 2104 2105 2102 
f 2106 2107 2086 
f 2104 2103 2108 
f 2109 2110 2111 
f 2110 2112 2113 
f 2114 2102 2105 
f 2114 2115 2102 
f 2116 2092 2095 
f 2117 2092 2118 
f 2107 2101 2086 
f 2087 2108 2086 
f 2109 2112 2110 
f 2071 2113 2112 
f 2071 2112 2072 
f 2101 2079 2086 
f 2085 2087 2079 
f 2106 2103 2094 
f 2095 2094 2103 
f 2106 2086 2103 
f 2086 2108 2103 
f 2119 2120 2113 
f 2121 2120 2122 
f 2123 2124 2076 
f 2071 2076 2124 
f 2123 2125 2124 
f 2071 2124 2113 
f 2116 2118 2092 
f 2093 2095 2092 
f 2117 2090 2092 
f 2093 2092 2089 
f 2126 2074 2073 
f 2100 2075 2074 
f 2126 2120 2074 
f 2119 2127 2074 
f 2111 2110 2121 
f 2119 2125 2128 
f 2123 2128 2125 
f 2119 2113 2125 
f 2113 2124 2125 
f 2113 2120 2110 
f 2121 2110 2120 
f 2075 2097 2096 
f 2098 2078 2097 
f 2075 2100 2097 
f 2098 2097 2100 
f 2115 2116 2102 
f 2095 2102 2116 
f 2115 2118 2116 
f 2100 2127 2099 
f 2128 2099 2127 
f 2100 2074 2127 
f 2128 2127 2119 
f 2072 2129 2130 
f 2109 2130 2129 
f 2072 2112 2129 
f 2109 2129 2112 
f 2122 2120 2126 
f 2119 2074 2120 
f 2131 2132 2133 
f 2131 2134 2132 
f 2135 2136 2137 
f 2138 2139 2140 
f 2091 2090 2141 
f 2142 2143 2144 
f 2145 2146 2147 
f 2148 2149 2150 
f 2151 2152 2153 
f 2154 2155 2156 
f 2157 2158 2159 
f 2160 2161 2162 
f 2149 2133 2150 
f 2163 2131 2133 
f 2150 2132 2164 
f 2165 2164 2166 
f 2156 2152 2151 
f 2165 2167 2161 
f 2151 2154 2156 
f 2082 2081 2139 
f 2140 2081 2070 
f 2138 2168 2163 
f 2140 2139 2081 
f 2134 2131 2169 
f 2140 2170 2138 
f 2131 2168 2169 
f 2168 2131 2163 
f 2132 2150 2133 
f 2148 2150 2164 
f 2115 2171 2118 
f 2115 2172 2171 
f 2172 2173 2171 
f 2169 2174 2134 
f 2117 2175 2090 
f 2143 2175 2144 
f 2132 2176 2164 
f 2177 2176 2178 
f 2132 2134 2176 
f 2179 2180 2181 
f 2136 2179 2181 
f 2182 2183 2181 
f 2183 2184 2181 
f 2185 2157 2159 
f 2186 2185 2159 
f 2152 2156 2159 
f 2187 2170 2070 
f 2070 2072 2187 
f 2072 2188 2187 
f 2169 2187 2174 
f 2169 2170 2187 
f 2140 2070 2170 
f 2169 2168 2170 
f 2168 2138 2170 
f 2144 2189 2142 
f 2190 2142 2189 
f 2143 2141 2175 
f 2090 2175 2141 
f 2115 2191 2172 
f 2192 2180 2191 
f 2115 2114 2191 
f 2192 2191 2114 
f 2137 2190 2135 
f 2179 2136 2135 
f 2158 2193 2136 
f 2148 2155 2149 
f 2154 2149 2155 
f 2148 2161 2155 
f 2161 2156 2155 
f 2178 2146 2145 
f 2147 2146 2174 
f 2178 2176 2146 
f 2134 2146 2176 
f 2134 2174 2146 
f 2194 2147 2174 
f 2137 2136 2193 
f 2157 2193 2158 
f 2136 2184 2158 
f 2152 2159 2158 
f 2177 2195 2176 
f 2164 2176 2195 
f 2177 2196 2195 
f 2196 2166 2195 
f 2148 2165 2161 
f 2197 2161 2167 
f 2167 2165 2166 
f 2195 2166 2164 
f 2148 2164 2165 
f 2179 2173 2172 
f 2144 2171 2173 
f 2179 2135 2173 
f 2144 2173 2189 
f 2118 2171 2117 
f 2182 2181 2180 
f 2192 2182 2180 
f 2179 2172 2180 
f 2172 2191 2180 
f 2162 2186 2160 
f 2156 2161 2160 
f 2197 2162 2161 
f 2144 2175 2171 
f 2117 2171 2175 
f 2156 2160 2159 
f 2186 2159 2160 
f 2153 2184 2183 
f 2136 2181 2184 
f 2153 2152 2184 
f 2152 2158 2184 
f 2174 2187 2188 
f 2194 2174 2188 
f 2072 2130 2188 
f 2194 2188 2130 
f 2190 2189 2135 
f 2189 2173 2135 
f 2114 2105 2198 
f 2198 2105 2104 
f 2199 2200 2201 
f 2202 2203 2204 
f 2202 2204 2205 
f 2206 2207 2208 
f 2209 2210 2207 
f 2211 2212 2084 
f 2084 2213 2085 
f 2214 2215 2216 
f 2199 2217 2206 
f 2218 2219 2220 
f 2221 2222 2213 
f 2217 2223 2206 
f 2202 2224 2209 
f 2225 2220 2226 
f 2219 2226 2220 
f 2099 2227 2211 
f 2099 2128 2227 
f 2228 2229 2230 
f 2231 2232 2205 
f 2233 2234 2235 
f 2225 2226 2233 
f 2076 2083 2224 
f 2214 2236 2237 
f 2237 2212 2238 
f 2239 2240 2241 
f 2242 2241 2108 
f 2214 2243 2236 
f 2215 2244 2216 
f 2245 2246 2244 
f 2247 2248 2249 
f 2250 2248 2218 
f 2245 2251 2246 
f 2087 2085 2222 
f 2108 2087 2252 
f 2108 2252 2242 
f 2246 2251 2253 
f 2254 2255 2253 
f 2256 2257 2258 
f 2259 2260 2261 
f 2262 2263 2264 
f 2219 2263 2226 
f 2218 2257 2219 
f 2104 2108 2241 
f 2239 2241 2242 
f 2265 2266 2267 
f 2222 2267 2252 
f 2257 2268 2258 
f 2251 2245 2225 
f 2202 2209 2203 
f 2269 2270 2203 
f 2269 2203 2209 
f 2259 2271 2260 
f 2244 2260 2216 
f 2259 2272 2271 
f 2211 2238 2212 
f 2221 2213 2212 
f 2213 2084 2212 
f 2235 2273 2233 
f 2274 2275 2276 
f 2277 2248 2278 
f 2279 2277 2278 
f 2280 2281 2282 
f 2283 2280 2282 
f 2281 2223 2282 
f 2217 2284 2282 
f 2269 2281 2270 
f 2204 2203 2270 
f 2250 2281 2278 
f 2250 2270 2281 
f 2283 2284 2201 
f 2199 2201 2284 
f 2283 2282 2284 
f 2199 2284 2217 
f 2215 2238 2227 
f 2249 2248 2277 
f 2250 2278 2248 
f 2250 2218 2270 
f 2226 2234 2233 
f 2262 2235 2234 
f 2226 2263 2234 
f 2262 2234 2263 
f 2231 2204 2220 
f 2084 2099 2211 
f 2252 2087 2222 
f 2213 2222 2085 
f 2279 2281 2280 
f 2279 2278 2281 
f 2214 2216 2243 
f 2271 2243 2216 
f 2233 2251 2225 
f 2231 2225 2245 
f 2246 2260 2244 
f 2271 2216 2260 
f 2214 2237 2238 
f 2211 2227 2238 
f 2214 2238 2215 
f 2205 2204 2231 
f 2220 2225 2231 
f 2221 2212 2237 
f 2236 2285 2237 
f 2240 2198 2241 
f 2104 2241 2198 
f 2286 2285 2287 
f 2261 2288 2255 
f 2270 2218 2204 
f 2218 2220 2204 
f 2244 2232 2245 
f 2215 2229 2244 
f 2276 2289 2274 
f 2285 2289 2237 
f 2209 2223 2269 
f 2209 2207 2223 
f 2207 2206 2223 
f 2269 2223 2281 
f 2217 2282 2223 
f 2290 2287 2291 
f 2285 2291 2287 
f 2245 2232 2231 
f 2228 2205 2232 
f 2267 2222 2292 
f 2267 2292 2265 
f 2273 2293 2233 
f 2251 2233 2293 
f 2273 2254 2293 
f 2248 2268 2218 
f 2257 2218 2268 
f 2248 2247 2268 
f 2247 2258 2268 
f 2242 2252 2294 
f 2267 2294 2252 
f 2202 2295 2296 
f 2224 2202 2296 
f 2230 2123 2296 
f 2208 2210 2082 
f 2208 2207 2210 
f 2224 2210 2209 
f 2123 2297 2128 
f 2227 2128 2297 
f 2123 2230 2297 
f 2227 2297 2230 
f 2298 2264 2263 
f 2257 2299 2219 
f 2253 2255 2288 
f 2246 2253 2288 
f 2261 2260 2288 
f 2246 2288 2260 
f 2227 2230 2229 
f 2215 2227 2229 
f 2228 2232 2229 
f 2232 2244 2229 
f 2242 2300 2239 
f 2301 2239 2300 
f 2242 2294 2300 
f 2301 2300 2294 
f 2298 2299 2256 
f 2257 2256 2299 
f 2298 2263 2299 
f 2263 2219 2299 
f 2291 2236 2302 
f 2290 2291 2302 
f 2243 2271 2302 
f 2224 2083 2210 
f 2082 2210 2083 
f 2285 2236 2291 
f 2243 2302 2236 
f 2237 2289 2221 
f 2276 2221 2289 
f 2254 2253 2293 
f 2251 2293 2253 
f 2290 2303 2272 
f 2271 2272 2303 
f 2290 2302 2303 
f 2271 2303 2302 
f 2276 2304 2292 
f 2265 2292 2304 
f 2276 2275 2304 
f 2265 2304 2275 
f 2301 2305 2266 
f 2267 2266 2305 
f 2301 2294 2305 
f 2267 2305 2294 
f 2274 2306 2286 
f 2285 2286 2306 
f 2274 2289 2306 
f 2285 2306 2289 
f 2224 2296 2076 
f 2123 2076 2296 
f 2230 2296 2295 
f 2228 2230 2295 
f 2202 2205 2295 
f 2228 2295 2205 
f 2276 2292 2221 
f 2222 2221 2292 
f 2192 2114 2198 
f 2200 2199 2307 
f 2154 2151 2308 
f 2163 2133 2309 
f 2310 2309 2133 
f 2311 2312 2313 
f 2314 2308 2315 
f 2199 2206 2316 
f 2317 2318 2319 
f 2320 2317 2319 
f 2321 2322 2323 
f 2310 2312 2324 
f 2239 2325 2240 
f 2325 2326 2182 
f 2149 2310 2133 
f 2312 2327 2313 
f 2328 2329 2327 
f 2328 2330 2329 
f 2183 2326 2331 
f 2315 2332 2331 
f 2183 2331 2153 
f 2272 2333 2290 
f 2334 2335 2336 
f 2286 2287 2337 
f 2329 2330 2337 
f 2298 2338 2264 
f 2298 2339 2338 
f 2340 2336 2339 
f 2324 2341 2342 
f 2323 2341 2343 
f 2320 2319 2344 
f 2183 2182 2326 
f 2239 2326 2325 
f 2334 2345 2323 
f 2345 2346 2323 
f 2235 2262 2347 
f 2336 2335 2347 
f 2235 2347 2335 
f 2348 2349 2350 
f 2351 2349 2352 
f 2265 2353 2266 
f 2315 2331 2353 
f 2344 2354 2346 
f 2320 2344 2346 
f 2342 2323 2346 
f 2320 2346 2345 
f 2334 2336 2340 
f 2334 2340 2345 
f 2345 2355 2320 
f 2352 2317 2355 
f 2320 2355 2317 
f 2259 2356 2272 
f 2273 2357 2254 
f 2274 2358 2275 
f 2138 2344 2139 
f 2324 2354 2309 
f 2310 2324 2309 
f 2359 2360 2256 
f 2298 2256 2360 
f 2349 2339 2359 
f 2298 2360 2339 
f 2350 2349 2359 
f 2351 2339 2349 
f 2360 2359 2339 
f 2351 2340 2339 
f 2338 2339 2336 
f 2342 2354 2324 
f 2342 2346 2354 
f 2316 2361 2362 
f 2199 2316 2362 
f 2363 2307 2362 
f 2199 2362 2307 
f 2364 2365 2366 
f 2352 2367 2365 
f 2363 2361 2368 
f 2369 2370 2361 
f 2363 2362 2361 
f 2369 2361 2316 
f 2369 2318 2317 
f 2369 2316 2318 
f 2352 2371 2317 
f 2369 2317 2371 
f 2352 2365 2371 
f 2365 2370 2371 
f 2314 2330 2372 
f 2308 2314 2372 
f 2328 2372 2330 
f 2358 2330 2314 
f 2366 2365 2367 
f 2348 2366 2367 
f 2352 2349 2367 
f 2348 2367 2349 
f 2151 2332 2308 
f 2315 2308 2332 
f 2151 2153 2332 
f 2153 2331 2332 
f 2368 2361 2370 
f 2364 2368 2370 
f 2369 2371 2370 
f 2364 2370 2365 
f 2311 2373 2343 
f 2343 2374 2321 
f 2321 2323 2343 
f 2334 2322 2335 
f 2357 2375 2322 
f 2334 2323 2322 
f 2357 2322 2321 
f 2333 2376 2329 
f 2325 2377 2240 
f 2261 2255 2378 
f 2261 2378 2373 
f 2333 2337 2290 
f 2372 2379 2308 
f 2379 2380 2149 
f 2310 2149 2380 
f 2372 2380 2379 
f 2353 2265 2381 
f 2353 2381 2315 
f 2254 2374 2255 
f 2254 2357 2374 
f 2310 2382 2312 
f 2327 2312 2382 
f 2310 2380 2382 
f 2380 2328 2382 
f 2265 2383 2381 
f 2358 2381 2383 
f 2265 2275 2383 
f 2358 2383 2275 
f 2357 2321 2374 
f 2373 2374 2343 
f 2326 2384 2331 
f 2353 2331 2384 
f 2286 2385 2274 
f 2358 2274 2385 
f 2358 2385 2330 
f 2319 2386 2387 
f 2344 2319 2387 
f 2208 2082 2387 
f 2358 2314 2381 
f 2315 2381 2314 
f 2149 2154 2379 
f 2308 2379 2154 
f 2235 2375 2273 
f 2357 2273 2375 
f 2235 2335 2375 
f 2335 2322 2375 
f 2309 2354 2344 
f 2309 2344 2163 
f 2356 2313 2376 
f 2333 2272 2376 
f 2356 2376 2272 
f 2372 2328 2380 
f 2327 2382 2328 
f 2344 2387 2139 
f 2082 2139 2387 
f 2286 2388 2385 
f 2330 2385 2388 
f 2286 2337 2388 
f 2330 2388 2337 
f 2323 2342 2341 
f 2311 2343 2341 
f 2324 2312 2341 
f 2311 2341 2312 
f 2318 2316 2386 
f 2208 2387 2386 
f 2318 2386 2319 
f 2301 2389 2239 
f 2326 2239 2389 
f 2301 2384 2389 
f 2326 2389 2384 
f 2353 2390 2266 
f 2301 2266 2390 
f 2353 2384 2390 
f 2301 2390 2384 
f 2287 2290 2337 
f 2329 2337 2333 
f 2356 2391 2392 
f 2313 2356 2392 
f 2373 2311 2392 
f 2313 2392 2311 
f 2163 2344 2138 
f 2351 2352 2355 
f 2340 2351 2355 
f 2340 2355 2345 
f 2255 2374 2378 
f 2373 2378 2374 
f 2327 2329 2376 
f 2313 2327 2376 
f 2373 2392 2391 
f 2261 2373 2391 
f 2356 2259 2391 
f 2261 2391 2259 
f 2338 2347 2264 
f 2336 2347 2338 
f 2262 2264 2347 
f 2316 2206 2386 
f 2208 2386 2206 
f 2182 2377 2325 
f 2198 2240 2377 
f 2182 2192 2377 
f 2198 2377 2192 
f 2277 2279 2393 
f 2394 2395 2396 
f 2397 2256 2258 
f 2397 2258 2247 
f 2398 2399 2400 
f 2397 2247 2401 
f 2402 2403 2399 
f 2400 2404 2405 
f 2396 2399 2398 
f 2201 2403 2283 
f 2400 2403 2406 
f 2400 2399 2403 
f 2400 2405 2398 
f 2402 2407 2408 
f 2402 2408 2403 
f 2277 2409 2249 
f 2277 2393 2409 
f 2410 2411 2409 
f 2249 2409 2411 
f 2410 2412 2411 
f 2407 2402 2413 
f 2414 2415 2413 
f 2416 2417 2418 
f 2393 2419 2417 
f 2279 2280 2419 
f 2407 2417 2419 
f 2279 2419 2393 
f 2410 2420 2421 
f 2410 2409 2420 
f 2393 2420 2409 
f 2407 2422 2408 
f 2280 2408 2422 
f 2407 2419 2422 
f 2280 2422 2419 
f 2423 2424 2425 
f 2201 2200 2425 
f 2423 2425 2200 
f 2403 2408 2283 
f 2280 2283 2408 
f 2412 2401 2426 
f 2249 2411 2426 
f 2412 2426 2411 
f 2414 2427 2428 
f 2402 2399 2427 
f 2402 2427 2413 
f 2414 2413 2427 
f 2429 2424 2430 
f 2249 2426 2247 
f 2401 2247 2426 
f 2424 2431 2404 
f 2406 2424 2404 
f 2432 2405 2404 
f 2406 2404 2400 
f 2415 2418 2433 
f 2407 2413 2433 
f 2415 2433 2413 
f 2416 2421 2434 
f 2393 2417 2434 
f 2416 2434 2417 
f 2399 2395 2427 
f 2428 2427 2395 
f 2399 2396 2395 
f 2428 2395 2394 
f 2407 2433 2417 
f 2418 2417 2433 
f 2201 2435 2403 
f 2406 2403 2435 
f 2201 2425 2435 
f 2424 2406 2425 
f 2393 2434 2420 
f 2421 2420 2434 
f 2430 2424 2423 
f 2435 2425 2406 
f 2432 2431 2436 
f 2429 2436 2431 
f 2432 2404 2431 
f 2429 2431 2424 
f 2397 2359 2256 
f 2401 2350 2397 
f 2421 2437 2410 
f 2350 2359 2397 
f 2436 2438 2439 
f 2440 2441 2442 
f 2438 2443 2444 
f 2439 2438 2444 
f 2445 2438 2429 
f 2446 2443 2447 
f 2363 2368 2448 
f 2449 2448 2450 
f 2451 2450 2448 
f 2368 2451 2448 
f 2414 2452 2415 
f 2453 2452 2450 
f 2453 2454 2418 
f 2455 2454 2450 
f 2450 2451 2455 
f 2364 2451 2368 
f 2442 2443 2456 
f 2449 2442 2456 
f 2457 2458 2456 
f 2449 2456 2448 
f 2423 2445 2430 
f 2437 2459 2455 
f 2437 2421 2459 
f 2416 2459 2421 
f 2437 2460 2410 
f 2412 2410 2460 
f 2457 2438 2445 
f 2363 2458 2307 
f 2363 2448 2458 
f 2448 2456 2458 
f 2423 2461 2445 
f 2307 2458 2461 
f 2423 2200 2461 
f 2307 2461 2200 
f 2412 2462 2401 
f 2412 2460 2462 
f 2460 2463 2462 
f 2449 2440 2442 
f 2348 2350 2462 
f 2401 2462 2350 
f 2414 2428 2440 
f 2442 2447 2443 
f 2457 2456 2443 
f 2446 2444 2443 
f 2457 2443 2438 
f 2415 2453 2418 
f 2447 2442 2441 
f 2428 2441 2440 
f 2445 2461 2457 
f 2458 2457 2461 
f 2437 2464 2366 
f 2463 2437 2366 
f 2430 2445 2429 
f 2436 2429 2438 
f 2348 2463 2366 
f 2348 2462 2463 
f 2437 2463 2460 
f 2416 2454 2459 
f 2455 2459 2454 
f 2416 2418 2454 
f 2453 2450 2454 
f 2449 2450 2452 
f 2440 2449 2452 
f 2453 2415 2452 
f 2440 2452 2414 
f 2451 2464 2455 
f 2437 2455 2464 
f 2451 2364 2464 
f 2364 2366 2464 
f 2465 2466 2396 
f 2398 2465 2396 
f 2394 2466 2428 
f 2466 2394 2396 
f 2398 2405 2467 
f 2432 2436 2468 
f 2432 2468 2469 
f 2467 2465 2398 
f 2405 2469 2467 
f 2405 2432 2469 
f 2441 2428 2466 
f 2447 2466 2465 
f 2466 2447 2441 
f 2447 2465 2446 
f 2465 2467 2446 
f 2444 2467 2469 
f 2439 2469 2468 
f 2469 2439 2444 
f 2439 2468 2436 
f 2467 2444 2446 
f 2470 2471 2472 
f 2473 2474 2475 
f 2476 2477 2478 
f 2479 2480 2481 
f 2482 2483 2484 
f 2485 2475 2474 
f 2486 2487 2488 
f 2489 2490 2482 
f 2491 2492 2493 
f 2494 2495 2496 
f 2497 2498 2499 
f 2484 2483 2500 
f 2501 2502 2503 
f 2504 2505 2506 
f 2507 2508 2509 
f 2510 2493 2511 
f 2512 2513 2514 
f 2515 2516 2495 
f 2517 2518 2519 
f 2520 2521 2522 
f 2523 2506 2524 
f 2525 2520 2522 
f 2526 2527 2528 
f 2529 2530 2531 
f 2532 2516 2533 
f 2519 2518 2521 
f 2473 2534 2474 
f 2532 2535 2495 
f 2536 2537 2493 
f 2491 2493 2510 
f 2491 2538 2492 
f 2536 2493 2492 
f 2495 2539 2496 
f 2495 2535 2539 
f 2495 2516 2532 
f 2532 2540 2535 
f 2538 2491 2541 
f 2511 2493 2540 
f 2498 2539 2542 
f 2543 2544 2484 
f 2482 2484 2545 
f 2546 2545 2544 
f 2547 2548 2549 
f 2550 2551 2552 
f 2553 2554 2551 
f 2555 2556 2557 
f 2557 2558 2530 
f 2559 2560 2546 
f 2484 2500 2543 
f 2561 2562 2563 
f 2564 2565 2566 
f 2567 2568 2502 
f 2567 2569 2568 
f 2570 2475 2571 
f 2500 2572 2543 
f 2573 2574 2569 
f 2496 2498 2497 
f 2497 2575 2496 
f 2564 2576 2577 
f 2578 2579 2580 
f 2581 2582 2583 
f 2584 2585 2586 
f 2584 2576 2585 
f 2576 2587 2585 
f 2584 2588 2589 
f 2577 2576 2589 
f 2584 2589 2576 
f 2475 2485 2590 
f 2522 2571 2590 
f 2475 2590 2571 
f 2553 2591 2592 
f 2553 2593 2591 
f 2553 2594 2593 
f 2553 2551 2594 
f 2551 2595 2594 
f 2538 2596 2597 
f 2598 2599 2600 
f 2598 2591 2599 
f 2593 2599 2591 
f 2601 2602 2603 
f 2571 2513 2604 
f 2512 2574 2604 
f 2573 2604 2574 
f 2592 2591 2528 
f 2605 2575 2606 
f 2482 2545 2504 
f 2558 2556 2607 
f 2607 2608 2609 
f 2610 2611 2582 
f 2612 2613 2614 
f 2485 2525 2590 
f 2522 2590 2525 
f 2615 2561 2563 
f 2616 2512 2514 
f 2617 2514 2513 
f 2574 2512 2616 
f 2559 2618 2587 
f 2601 2619 2548 
f 2620 2619 2594 
f 2564 2621 2587 
f 2622 2560 2621 
f 2564 2566 2621 
f 2566 2623 2621 
f 2624 2526 2528 
f 2625 2528 2527 
f 2564 2587 2576 
f 2618 2585 2587 
f 2610 2476 2478 
f 2626 2478 2477 
f 2477 2476 2561 
f 2627 2628 2629 
f 2630 2631 2629 
f 2546 2632 2559 
f 2546 2544 2632 
f 2633 2507 2509 
f 2616 2633 2509 
f 2569 2574 2509 
f 2616 2509 2574 
f 2622 2546 2560 
f 2559 2587 2560 
f 2587 2621 2560 
f 2538 2634 2492 
f 2630 2492 2634 
f 2538 2597 2634 
f 2597 2631 2634 
f 2573 2635 2604 
f 2569 2636 2573 
f 2567 2622 2623 
f 2637 2499 2638 
f 2639 2637 2638 
f 2498 2542 2638 
f 2542 2625 2638 
f 2640 2481 2480 
f 2490 2640 2480 
f 2483 2482 2480 
f 2490 2480 2482 
f 2626 2479 2481 
f 2483 2480 2479 
f 2626 2477 2479 
f 2477 2641 2479 
f 2536 2642 2550 
f 2577 2565 2564 
f 2579 2578 2565 
f 2489 2487 2486 
f 2504 2488 2487 
f 2489 2482 2487 
f 2504 2487 2482 
f 2643 2508 2507 
f 2569 2509 2508 
f 2643 2568 2508 
f 2569 2508 2568 
f 2530 2558 2531 
f 2607 2531 2558 
f 2582 2644 2583 
f 2539 2535 2645 
f 2641 2646 2500 
f 2477 2561 2641 
f 2500 2483 2641 
f 2483 2479 2641 
f 2610 2582 2476 
f 2630 2642 2492 
f 2536 2492 2642 
f 2630 2629 2642 
f 2647 2501 2503 
f 2643 2503 2568 
f 2648 2623 2566 
f 2622 2621 2623 
f 2522 2513 2571 
f 2512 2604 2513 
f 2638 2499 2498 
f 2606 2497 2499 
f 2488 2504 2506 
f 2649 2524 2506 
f 2488 2506 2523 
f 2609 2608 2605 
f 2502 2501 2649 
f 2524 2649 2501 
f 2568 2503 2502 
f 2524 2501 2647 
f 2617 2518 2517 
f 2522 2521 2518 
f 2617 2513 2518 
f 2522 2518 2513 
f 2553 2592 2542 
f 2592 2625 2542 
f 2639 2638 2625 
f 2592 2528 2625 
f 2639 2625 2527 
f 2511 2570 2510 
f 2511 2473 2570 
f 2475 2570 2473 
f 2515 2555 2557 
f 2515 2495 2555 
f 2494 2555 2495 
f 2545 2484 2544 
f 2613 2544 2543 
f 2650 2629 2631 
f 2651 2650 2631 
f 2630 2634 2631 
f 2651 2631 2597 
f 2652 2572 2653 
f 2593 2594 2603 
f 2550 2595 2551 
f 2620 2594 2595 
f 2654 2655 2656 
f 2657 2589 2588 
f 2658 2659 2660 
f 2661 2586 2585 
f 2498 2496 2539 
f 2645 2542 2539 
f 2662 2663 2664 
f 2561 2615 2646 
f 2572 2500 2646 
f 2561 2646 2641 
f 2585 2618 2665 
f 2585 2665 2661 
f 2666 2667 2668 
f 2650 2651 2662 
f 2549 2669 2670 
f 2666 2547 2670 
f 2549 2670 2547 
f 2645 2537 2552 
f 2645 2535 2537 
f 2540 2537 2535 
f 2656 2632 2671 
f 2613 2612 2671 
f 2589 2672 2577 
f 2589 2657 2672 
f 2540 2493 2537 
f 2581 2563 2562 
f 2582 2581 2562 
f 2561 2476 2562 
f 2582 2562 2476 
f 2673 2674 2658 
f 2659 2658 2674 
f 2541 2648 2596 
f 2578 2597 2596 
f 2541 2596 2538 
f 2546 2505 2545 
f 2546 2622 2505 
f 2578 2596 2565 
f 2649 2506 2505 
f 2545 2505 2504 
f 2651 2675 2663 
f 2662 2651 2663 
f 2676 2664 2663 
f 2661 2677 2655 
f 2656 2655 2677 
f 2661 2665 2677 
f 2656 2677 2665 
f 2580 2678 2663 
f 2676 2663 2678 
f 2676 2678 2673 
f 2665 2679 2656 
f 2664 2680 2662 
f 2615 2681 2646 
f 2572 2646 2681 
f 2615 2653 2681 
f 2572 2681 2653 
f 2552 2537 2550 
f 2536 2550 2537 
f 2577 2672 2565 
f 2648 2682 2623 
f 2635 2636 2682 
f 2648 2541 2682 
f 2541 2683 2682 
f 2534 2473 2540 
f 2534 2540 2533 
f 2645 2554 2542 
f 2553 2542 2554 
f 2645 2552 2554 
f 2552 2551 2554 
f 2550 2628 2595 
f 2627 2669 2628 
f 2550 2642 2628 
f 2642 2629 2628 
f 2622 2684 2505 
f 2649 2505 2684 
f 2649 2684 2502 
f 2635 2573 2636 
f 2623 2682 2636 
f 2569 2567 2636 
f 2623 2636 2567 
f 2668 2667 2680 
f 2502 2684 2567 
f 2622 2567 2684 
f 2533 2540 2532 
f 2613 2671 2544 
f 2632 2544 2671 
f 2685 2686 2652 
f 2572 2652 2686 
f 2572 2686 2543 
f 2650 2687 2629 
f 2627 2629 2687 
f 2650 2667 2687 
f 2667 2688 2687 
f 2580 2579 2674 
f 2659 2674 2579 
f 2613 2689 2614 
f 2685 2614 2689 
f 2543 2689 2613 
f 2656 2690 2654 
f 2612 2654 2690 
f 2656 2671 2690 
f 2612 2690 2671 
f 2685 2689 2686 
f 2543 2686 2689 
f 2491 2683 2541 
f 2635 2682 2683 
f 2491 2510 2683 
f 2603 2619 2601 
f 2549 2548 2619 
f 2603 2594 2619 
f 2549 2619 2620 
f 2673 2678 2674 
f 2580 2674 2678 
f 2659 2579 2672 
f 2579 2565 2672 
f 2473 2511 2540 
f 2632 2679 2559 
f 2618 2559 2679 
f 2632 2656 2679 
f 2618 2679 2665 
f 2648 2566 2596 
f 2565 2596 2566 
f 2570 2691 2510 
f 2635 2691 2604 
f 2604 2691 2571 
f 2570 2571 2691 
f 2657 2692 2672 
f 2659 2672 2692 
f 2657 2660 2692 
f 2659 2692 2660 
f 2494 2496 2575 
f 2608 2494 2575 
f 2497 2606 2575 
f 2608 2575 2605 
f 2595 2628 2669 
f 2620 2595 2669 
f 2627 2670 2669 
f 2620 2669 2549 
f 2602 2600 2599 
f 2593 2603 2599 
f 2602 2599 2603 
f 2580 2675 2578 
f 2597 2578 2675 
f 2580 2663 2675 
f 2597 2675 2651 
f 2635 2683 2691 
f 2510 2691 2683 
f 2608 2607 2556 
f 2494 2608 2556 
f 2558 2557 2556 
f 2494 2556 2555 
f 2666 2688 2667 
f 2627 2687 2688 
f 2666 2670 2688 
f 2627 2688 2670 
f 2528 2693 2624 
f 2598 2624 2693 
f 2528 2591 2693 
f 2598 2693 2591 
f 2650 2694 2667 
f 2680 2667 2694 
f 2650 2662 2694 
f 2680 2694 2662 
f 2611 2644 2582 
f 2472 2583 2644 
f 2611 2470 2644 
f 2472 2644 2470 
f 2695 2696 2697 
f 2698 2485 2695 
f 2699 2472 2471 
f 2700 2701 2702 
f 2703 2472 2699 
f 2704 2705 2706 
f 2707 2708 2709 
f 2710 2711 2712 
f 2706 2713 2714 
f 2515 2715 2516 
f 2716 2717 2718 
f 2719 2720 2721 
f 2722 2723 2724 
f 2706 2725 2726 
f 2727 2728 2729 
f 2727 2730 2731 
f 2732 2733 2734 
f 2714 2735 2704 
f 2736 2737 2738 
f 2739 2740 2724 
f 2741 2742 2743 
f 2744 2745 2717 
f 2746 2747 2748 
f 2525 2698 2749 
f 2750 2751 2752 
f 2753 2754 2755 
f 2756 2757 2715 
f 2758 2530 2529 
f 2747 2557 2530 
f 2515 2557 2759 
f 2760 2696 2695 
f 2749 2761 2762 
f 2763 2713 2764 
f 2749 2762 2520 
f 2698 2695 2697 
f 2714 2704 2706 
f 2765 2762 2761 
f 2749 2520 2525 
f 2695 2485 2474 
f 2718 2766 2756 
f 2758 2747 2530 
f 2534 2533 2767 
f 2474 2760 2695 
f 2747 2758 2748 
f 2557 2747 2759 
f 2697 2768 2769 
f 2525 2485 2698 
f 2700 2770 2701 
f 2696 2770 2768 
f 2770 2760 2767 
f 2769 2768 2719 
f 2768 2697 2696 
f 2696 2760 2770 
f 2697 2769 2771 
f 2768 2700 2719 
f 2770 2767 2701 
f 2474 2534 2760 
f 2721 2772 2769 
f 2720 2773 2721 
f 2729 2774 2773 
f 2775 2767 2757 
f 2757 2756 2775 
f 2776 2777 2778 
f 2775 2756 2778 
f 2715 2718 2756 
f 2533 2757 2767 
f 2769 2772 2771 
f 2768 2770 2700 
f 2701 2767 2775 
f 2721 2769 2719 
f 2760 2534 2767 
f 2515 2759 2715 
f 2757 2516 2715 
f 2757 2533 2516 
f 2705 2704 2779 
f 2780 2781 2702 
f 2782 2739 2779 
f 2705 2779 2739 
f 2727 2729 2783 
f 2727 2783 2763 
f 2784 2785 2786 
f 2784 2787 2785 
f 2788 2789 2790 
f 2763 2783 2714 
f 2784 2791 2792 
f 2583 2793 2581 
f 2709 2793 2707 
f 2794 2795 2796 
f 2797 2798 2685 
f 2799 2800 2735 
f 2789 2801 2790 
f 2772 2774 2795 
f 2652 2653 2802 
f 2548 2547 2803 
f 2804 2786 2805 
f 2781 2806 2702 
f 2673 2807 2676 
f 2673 2791 2807 
f 2808 2807 2791 
f 2624 2809 2810 
f 2624 2598 2809 
f 2668 2811 2666 
f 2738 2812 2811 
f 2664 2737 2680 
f 2804 2738 2737 
f 2548 2813 2601 
f 2563 2814 2615 
f 2815 2743 2742 
f 2602 2741 2600 
f 2813 2816 2742 
f 2772 2817 2771 
f 2753 2771 2817 
f 2772 2795 2817 
f 2818 2774 2729 
f 2721 2773 2774 
f 2818 2795 2774 
f 2721 2774 2772 
f 2743 2734 2809 
f 2810 2809 2734 
f 2739 2724 2819 
f 2739 2819 2705 
f 2712 2732 2766 
f 2583 2820 2793 
f 2707 2793 2820 
f 2707 2820 2703 
f 2705 2819 2821 
f 2822 2821 2819 
f 2823 2824 2746 
f 2824 2744 2759 
f 2759 2747 2824 
f 2746 2824 2747 
f 2586 2661 2825 
f 2804 2808 2826 
f 2784 2786 2826 
f 2804 2826 2786 
f 2753 2817 2754 
f 2794 2754 2817 
f 2794 2817 2795 
f 2808 2791 2826 
f 2784 2826 2791 
f 2789 2788 2787 
f 2729 2773 2783 
f 2799 2783 2773 
f 2778 2766 2776 
f 2766 2827 2776 
f 2781 2780 2828 
f 2818 2751 2795 
f 2796 2795 2751 
f 2818 2728 2751 
f 2796 2751 2750 
f 2703 2820 2472 
f 2583 2472 2820 
f 2777 2701 2775 
f 2719 2700 2786 
f 2720 2719 2785 
f 2815 2829 2776 
f 2710 2717 2830 
f 2716 2744 2717 
f 2710 2712 2717 
f 2712 2718 2717 
f 2731 2728 2727 
f 2818 2729 2728 
f 2731 2752 2728 
f 2752 2751 2728 
f 2726 2713 2706 
f 2763 2714 2713 
f 2726 2831 2713 
f 2831 2764 2713 
f 2830 2717 2745 
f 2823 2745 2744 
f 2716 2759 2744 
f 2823 2744 2824 
f 2749 2832 2753 
f 2771 2753 2832 
f 2749 2698 2832 
f 2828 2816 2833 
f 2781 2828 2833 
f 2764 2730 2763 
f 2727 2763 2730 
f 2764 2834 2730 
f 2834 2731 2730 
f 2835 2726 2725 
f 2836 2835 2725 
f 2706 2705 2725 
f 2755 2761 2753 
f 2749 2753 2761 
f 2755 2837 2761 
f 2837 2765 2761 
f 2711 2732 2712 
f 2734 2766 2732 
f 2711 2733 2732 
f 2810 2734 2733 
f 2799 2735 2783 
f 2714 2783 2735 
f 2712 2766 2718 
f 2778 2756 2766 
f 2805 2786 2700 
f 2702 2805 2700 
f 2715 2759 2716 
f 2715 2716 2718 
f 2722 2838 2708 
f 2709 2708 2838 
f 2722 2724 2838 
f 2724 2839 2838 
f 2800 2840 2841 
f 2790 2842 2841 
f 2793 2843 2581 
f 2786 2785 2719 
f 2698 2697 2832 
f 2771 2832 2697 
f 2724 2723 2819 
f 2822 2819 2723 
f 2844 2800 2841 
f 2612 2614 2845 
f 2657 2588 2801 
f 2789 2846 2801 
f 2658 2660 2792 
f 2777 2829 2780 
f 2652 2847 2685 
f 2836 2705 2821 
f 2836 2725 2705 
f 2740 2848 2802 
f 2782 2797 2848 
f 2740 2739 2848 
f 2782 2848 2739 
f 2845 2798 2782 
f 2802 2848 2847 
f 2652 2802 2847 
f 2847 2848 2797 
f 2797 2685 2847 
f 2547 2666 2803 
f 2833 2811 2812 
f 2781 2833 2812 
f 2738 2804 2812 
f 2664 2676 2807 
f 2782 2849 2845 
f 2779 2850 2782 
f 2833 2803 2811 
f 2666 2811 2803 
f 2787 2851 2789 
f 2668 2680 2736 
f 2738 2811 2736 
f 2668 2736 2811 
f 2740 2839 2724 
f 2709 2838 2839 
f 2740 2814 2839 
f 2814 2843 2839 
f 2815 2827 2743 
f 2734 2743 2827 
f 2815 2776 2827 
f 2734 2827 2766 
f 2787 2788 2852 
f 2773 2720 2852 
f 2844 2853 2849 
f 2845 2849 2854 
f 2801 2846 2657 
f 2773 2852 2799 
f 2825 2855 2841 
f 2844 2841 2855 
f 2825 2661 2855 
f 2657 2846 2660 
f 2792 2660 2846 
f 2803 2833 2816 
f 2548 2803 2816 
f 2828 2742 2816 
f 2548 2816 2813 
f 2844 2850 2800 
f 2828 2829 2742 
f 2825 2842 2586 
f 2584 2586 2842 
f 2825 2841 2842 
f 2584 2842 2790 
f 2704 2850 2779 
f 2849 2782 2850 
f 2849 2850 2844 
f 2792 2851 2784 
f 2787 2784 2851 
f 2792 2846 2851 
f 2846 2789 2851 
f 2799 2840 2800 
f 2799 2852 2840 
f 2788 2840 2852 
f 2584 2856 2588 
f 2801 2588 2856 
f 2584 2790 2856 
f 2801 2856 2790 
f 2829 2777 2776 
f 2775 2778 2777 
f 2735 2800 2850 
f 2704 2735 2850 
f 2828 2780 2829 
f 2815 2742 2829 
f 2614 2685 2798 
f 2845 2614 2798 
f 2797 2782 2798 
f 2658 2857 2673 
f 2791 2673 2857 
f 2658 2792 2857 
f 2791 2857 2792 
f 2844 2855 2655 
f 2661 2655 2855 
f 2709 2839 2843 
f 2793 2709 2843 
f 2814 2563 2843 
f 2563 2581 2843 
f 2845 2854 2612 
f 2654 2612 2854 
f 2602 2601 2813 
f 2787 2852 2720 
f 2787 2720 2785 
f 2808 2804 2737 
f 2807 2808 2737 
f 2736 2680 2737 
f 2807 2737 2664 
f 2653 2615 2802 
f 2805 2806 2804 
f 2812 2804 2806 
f 2805 2702 2806 
f 2812 2806 2781 
f 2615 2814 2802 
f 2740 2802 2814 
f 2741 2858 2600 
f 2743 2858 2741 
f 2598 2600 2858 
f 2743 2809 2858 
f 2598 2858 2809 
f 2780 2701 2777 
f 2780 2702 2701 
f 2741 2859 2742 
f 2813 2742 2859 
f 2741 2602 2859 
f 2813 2859 2602 
f 2790 2841 2788 
f 2840 2788 2841 
f 2854 2849 2853 
f 2654 2854 2853 
f 2844 2655 2853 
f 2654 2853 2655 
f 2860 2639 2861 
f 2637 2639 2860 
f 2862 2606 2499 
f 2863 2605 2606 
f 2637 2864 2499 
f 2639 2865 2861 
f 2866 2526 2624 
f 2867 2527 2526 
f 2526 2866 2867 
f 2867 2865 2527 
f 2527 2865 2639 
f 2868 2869 2607 
f 2869 2531 2607 
f 2607 2609 2868 
f 2531 2869 2870 
f 2870 2529 2531 
f 2637 2860 2864 
f 2605 2871 2609 
f 2499 2864 2862 
f 2863 2871 2605 
f 2862 2872 2606 
f 2872 2863 2606 
f 2609 2871 2868 
f 2624 2810 2866 
f 2810 2867 2866 
f 2733 2873 2867 
f 2810 2733 2867 
f 2711 2874 2873 
f 2711 2710 2875 
f 2711 2873 2733 
f 2876 2710 2830 
f 2830 2877 2876 
f 2876 2875 2710 
f 2874 2711 2875 
f 2877 2745 2878 
f 2745 2879 2878 
f 2877 2830 2745 
f 2823 2880 2879 
f 2879 2745 2823 
f 2823 2746 2880 
f 2746 2748 2868 
f 2868 2880 2746 
f 2748 2869 2868 
f 2869 2758 2870 
f 2529 2870 2758 
f 2869 2748 2758 
f 2864 2860 2881 
f 2862 2864 2882 
f 2872 2862 2883 
f 2865 2884 2861 
f 2884 2865 2867 
f 2860 2861 2885 
f 2886 2861 2884 
f 2872 2887 2863 
f 2887 2872 2883 
f 2863 2887 2888 
f 2868 2871 2888 
f 2861 2886 2885 
f 2881 2860 2885 
f 2882 2883 2862 
f 2882 2864 2881 
f 2863 2888 2871 
f 2873 2884 2867 
f 2884 2874 2886 
f 2885 2886 2874 
f 2873 2874 2884 
f 2875 2876 2881 
f 2875 2885 2874 
f 2876 2882 2881 
f 2881 2885 2875 
f 2877 2883 2882 
f 2882 2876 2877 
f 2877 2878 2883 
f 2878 2887 2883 
f 2878 2879 2887 
f 2888 2880 2868 
f 2888 2879 2880 
f 2887 2879 2888 
f 2889 2890 2891 
f 2891 2890 2892 
f 2893 2894 2895 
f 2896 2891 2892 
f 2895 2897 2898 
f 2898 2899 2895 
f 2899 2900 2895 
f 2893 2895 2901 
f 2902 2893 2901 
f 2895 2900 2901 
f 2900 2899 2903 
f 2904 2905 2906 
f 2907 2905 2908 
f 2909 2910 2907 
f 2906 2910 2911 
f 2912 2913 2909 
f 2911 2913 2914 
f 2915 2916 2912 
f 2914 2916 2917 
f 2918 2898 2897 
f 2906 2905 2910 
f 2907 2910 2905 
f 2917 2919 2920 
f 2921 2919 2915 
f 2911 2922 2913 
f 2909 2913 2922 
f 2911 2910 2922 
f 2909 2922 2910 
f 2914 2913 2916 
f 2912 2916 2913 
f 2917 2923 2919 
f 2915 2919 2923 
f 2917 2916 2923 
f 2915 2923 2916 
f 2920 2924 2925 
f 2926 2924 2921 
f 2927 2928 2894 
f 2895 2894 2928 
f 2927 2897 2928 
f 2895 2928 2897 
f 2921 2929 2919 
f 2920 2919 2929 
f 2921 2924 2929 
f 2920 2929 2924 
f 2892 2925 2930 
f 2926 2896 2930 
f 2892 2930 2896 
f 2926 2931 2924 
f 2925 2924 2931 
f 2926 2930 2931 
f 2925 2931 2930 
f 2927 2932 2897 
f 2905 2897 2932 
f 2927 2908 2932 
f 2905 2932 2908 
f 2897 2933 2918 
f 2904 2918 2933 
f 2897 2905 2933 
f 2904 2933 2905 
f 2889 2891 2934 
f 2896 2935 2891 
f 2934 2891 2935 
f 2936 2937 2894 
f 2894 2893 2936 
f 2938 2939 2936 
f 2893 2940 2936 
f 2938 2936 2941 
f 2942 2938 2941 
f 2936 2940 2941 
f 2940 2893 2902 
f 2908 2943 2907 
f 2944 2943 2945 
f 2946 2947 2944 
f 2907 2947 2909 
f 2948 2949 2946 
f 2909 2949 2912 
f 2950 2951 2948 
f 2912 2951 2915 
f 2927 2894 2937 
f 2907 2943 2947 
f 2944 2947 2943 
f 2915 2952 2921 
f 2953 2952 2950 
f 2909 2954 2949 
f 2946 2949 2954 
f 2909 2947 2954 
f 2946 2954 2947 
f 2912 2949 2951 
f 2948 2951 2949 
f 2915 2955 2952 
f 2950 2952 2955 
f 2915 2951 2955 
f 2950 2955 2951 
f 2921 2956 2926 
f 2957 2956 2953 
f 2958 2959 2939 
f 2936 2939 2959 
f 2958 2937 2959 
f 2936 2959 2937 
f 2953 2960 2952 
f 2921 2952 2960 
f 2953 2956 2960 
f 2921 2960 2956 
f 2926 2961 2896 
f 2935 2896 2961 
f 2935 2961 2957 
f 2957 2962 2956 
f 2926 2956 2962 
f 2957 2961 2962 
f 2926 2962 2961 
f 2958 2963 2937 
f 2943 2937 2963 
f 2958 2945 2963 
f 2943 2963 2945 
f 2937 2964 2927 
f 2908 2927 2964 
f 2937 2943 2964 
f 2908 2964 2943 
f 2889 2934 2965 
f 2934 150 2965 
f 2966 150 2935 
f 150 2934 2935 
f 2966 2957 2967 
f 2953 2950 159 
f 2953 2967 2957 
f 2935 2957 2966 
f 2968 2950 2948 
f 2953 159 2967 
f 159 2950 2968 
f 2969 2970 2971 
f 2938 2971 2939 
f 2972 2938 2942 
f 2971 2973 2969 
f 2971 2938 2972 
f 2969 2973 137 
f 2972 2973 2971 
f 2939 2974 2958 
f 2939 2971 2974 
f 2975 2976 2977 
f 2958 2976 2945 
f 2978 2979 2975 
f 2979 2980 2945 
f 2958 2981 2976 
f 2977 2976 2981 
f 2958 2974 2981 
f 2977 2981 2974 
f 2982 2983 2978 
f 2944 2983 2946 
f 2945 2976 2979 
f 2975 2979 2976 
f 2944 2980 2983 
f 2978 2983 2980 
f 2944 2945 2980 
f 2978 2980 2979 
f 2984 2985 2982 
f 2946 2985 2948 
f 2946 2986 2985 
f 2982 2985 2986 
f 2946 2983 2986 
f 2982 2986 2983 
f 2948 2987 2968 
f 2984 2968 2987 
f 2948 2985 2987 
f 2984 2987 2985 
f 2971 2988 2974 
f 2977 2974 2988 
f 2971 2970 2988 
f 2977 2988 2970 
f 2889 2965 2890 
f 2965 148 2890 
f 148 2965 150 
f 2892 2890 148 
f 2892 148 2989 
f 2925 2989 2990 
f 2989 2925 2892 
f 2991 2920 2990 
f 2920 2925 2990 
f 2920 2991 2917 
f 2991 583 2917 
f 2899 2992 2903 
f 2993 2992 438 
f 2899 2898 2994 
f 2995 2996 2994 
f 2898 2918 2997 
f 2998 2995 2997 
f 2999 2998 3000 
f 2918 2904 3000 
f 2999 3000 2904 
f 2904 3001 2999 
f 3002 2999 3001 
f 2904 2906 3001 
f 3002 3001 2906 
f 2906 3003 3002 
f 3004 3002 3003 
f 2906 2911 3003 
f 3004 3003 2911 
f 3005 3006 2914 
f 2911 2914 3006 
f 3005 3004 3006 
f 2911 3006 3004 
f 2993 2903 2992 
f 2996 438 2992 
f 2899 2994 2992 
f 2996 2992 2994 
f 2898 3007 2994 
f 2995 2994 3007 
f 2898 2997 3007 
f 2995 3007 2997 
f 2998 3008 3000 
f 2918 3000 3008 
f 2998 2997 3008 
f 2918 3008 2997 
f 2914 3009 3005 
f 583 3005 3009 
f 2914 2917 3009 
f 583 3009 2917 
f 2903 3010 2900 
f 2900 3010 3011 
f 3012 3011 3010 
f 2901 3013 2902 
f 2900 3011 2901 
f 3013 2901 3011 
f 3014 3013 3011 
f 3015 3016 3017 
f 3018 3019 3017 
f 3020 3021 3022 
f 3023 3024 3022 
f 3021 3020 3018 
f 3025 3026 3023 
f 3019 3018 3020 
f 3027 3017 3019 
f 3017 3027 3015 
f 3024 3023 3026 
f 3028 3022 3024 
f 3028 3020 3022 
f 3026 3025 3029 
f 3030 3031 3032 
f 3033 3031 3034 
f 3035 3036 3030 
f 3035 3037 3036 
f 3034 3036 3037 
f 3011 3012 3038 
f 3032 3038 3012 
f 3033 3039 3038 
f 3011 3038 3039 
f 3033 3014 3039 
f 3011 3039 3014 
f 3032 3040 3038 
f 3033 3038 3040 
f 3032 3031 3040 
f 3033 3040 3031 
f 3016 3041 3035 
f 3037 3035 3041 
f 3016 3015 3041 
f 3037 3041 3015 
f 3034 3042 3036 
f 3030 3036 3042 
f 3034 3031 3042 
f 3030 3042 3031 
f 2902 3013 2940 
f 2940 3013 3043 
f 3014 3043 3013 
f 2941 3044 2942 
f 2940 3043 2941 
f 3044 2941 3043 
f 3045 3044 3043 
f 3046 3015 3027 
f 3019 3047 3027 
f 3028 3048 3020 
f 3028 3024 3048 
f 3019 3020 3049 
f 3050 3024 3026 
f 3051 3049 3020 
f 3047 3019 3049 
f 3027 3047 3046 
f 3052 3050 3026 
f 3048 3024 3050 
f 3051 3020 3048 
f 3052 3026 3029 
f 3034 3053 3033 
f 3054 3053 3055 
f 3037 3056 3034 
f 3037 3057 3056 
f 3055 3056 3057 
f 3043 3014 3058 
f 3033 3058 3014 
f 3054 3059 3058 
f 3043 3058 3059 
f 3054 3045 3059 
f 3043 3059 3045 
f 3033 3060 3058 
f 3054 3058 3060 
f 3033 3053 3060 
f 3054 3060 3053 
f 3015 3061 3037 
f 3057 3037 3061 
f 3015 3046 3061 
f 3057 3061 3046 
f 3055 3062 3056 
f 3034 3056 3062 
f 3055 3053 3062 
f 3034 3062 3053 
f 2942 3044 2972 
f 2972 3044 3063 
f 3063 3064 2973 
f 2973 3064 137 
f 3063 2973 2972 
f 175 3064 3063 
f 3044 3045 3063 
f 3047 3065 3046 
f 3049 3066 3047 
f 3051 3067 3049 
f 3068 3048 3050 
f 3050 3052 3069 
f 3051 3048 3068 
f 3052 3029 3070 
f 3065 3071 3046 
f 3047 3066 3065 
f 3069 3068 3050 
f 3067 3051 3068 
f 3067 3066 3049 
f 3070 3069 3052 
f 3054 3055 3072 
f 3073 3074 3072 
f 3074 175 3075 
f 3063 3075 175 
f 3054 3076 3045 
f 3063 3045 3076 
f 3054 3075 3076 
f 3063 3076 3075 
f 3077 3073 3078 
f 3055 3057 3078 
f 3077 3078 3057 
f 3054 3079 3075 
f 3074 3075 3079 
f 3054 3072 3079 
f 3074 3079 3072 
f 3057 3080 3077 
f 3071 3077 3080 
f 3057 3046 3080 
f 3071 3080 3046 
f 3055 3081 3072 
f 3073 3072 3081 
f 3055 3078 3081 
f 3073 3081 3078 
f 175 3074 3082 
f 3082 3074 3073 
f 3083 3073 3077 
f 3083 3077 3084 
f 3035 3085 3086 
f 3087 3085 3030 
f 3083 3082 3073 
f 438 3088 2993 
f 2993 3010 2903 
f 3010 2993 3088 
f 3089 3090 3018 
f 3021 3090 3067 
f 3090 3089 3091 
f 3012 3092 432 
f 3030 3085 3035 
f 3087 3030 3032 
f 432 3032 3012 
f 432 3087 3032 
f 3067 3090 3093 
f 3094 3089 3017 
f 3021 3018 3090 
f 3018 3017 3089 
f 3084 3077 3071 
f 177 3066 3093 
f 3071 3065 3095 
f 3096 3095 3065 
f 3065 3066 3096 
f 3095 3084 3071 
f 3066 3067 3093 
f 177 3093 3091 
f 3069 3023 3068 
f 3067 3068 3021 
f 3025 3069 3070 
f 3066 177 3096 
f 3094 3017 3016 
f 3094 3097 3089 
f 3089 3097 3091 
f 595 3091 3097 
f 3094 3016 3086 
f 3023 3022 3068 
f 3021 3068 3022 
f 595 177 3091 
f 3090 3091 3093 
f 3069 3025 3023 
f 3070 3029 3025 
f 3086 3016 3035 
f 3092 3098 3088 
f 3010 3088 3098 
f 3092 3012 3098 
f 3010 3098 3012 
f 3099 3100 3101 
f 3100 3102 3101 
f 3103 3104 3105 
f 3106 3102 3100 
f 3107 3108 3109 
f 3109 3104 3110 
f 3110 3104 3111 
f 3103 3112 3104 
f 3113 3112 3103 
f 3104 3112 3111 
f 3111 3114 3110 
f 3115 3116 3117 
f 3118 3119 3117 
f 3120 3118 3121 
f 3116 3122 3121 
f 3123 3120 3124 
f 3122 3125 3124 
f 3126 3123 3127 
f 3125 3128 3127 
f 3104 3109 3108 
f 3118 3117 3121 
f 3116 3121 3117 
f 3128 3129 3130 
f 3131 3126 3130 
f 3120 3132 3124 
f 3122 3124 3132 
f 3120 3121 3132 
f 3122 3132 3121 
f 3123 3124 3127 
f 3125 3127 3124 
f 3126 3133 3130 
f 3128 3130 3133 
f 3126 3127 3133 
f 3128 3133 3127 
f 3129 3134 3135 
f 3136 3131 3135 
f 3104 3137 3105 
f 3138 3105 3137 
f 3104 3108 3137 
f 3138 3137 3108 
f 3129 3139 3130 
f 3131 3130 3139 
f 3129 3135 3139 
f 3131 3139 3135 
f 3136 3140 3106 
f 3102 3106 3140 
f 3102 3140 3134 
f 3134 3141 3135 
f 3136 3135 3141 
f 3134 3140 3141 
f 3136 3141 3140 
f 3138 3142 3119 
f 3117 3119 3142 
f 3138 3108 3142 
f 3117 3142 3108 
f 3108 3143 3117 
f 3115 3117 3143 
f 3108 3107 3143 
f 3115 3143 3107 
f 3099 3144 3100 
f 3144 3145 3100 
f 3106 3100 3145 
f 3138 3146 3105 
f 3105 3147 3103 
f 3148 3147 3149 
f 3103 3147 3150 
f 3148 3151 3147 
f 3152 3151 3148 
f 3147 3151 3150 
f 3150 3113 3103 
f 3119 3118 3153 
f 3154 3155 3153 
f 3156 3154 3157 
f 3118 3120 3157 
f 3158 3156 3159 
f 3120 3123 3159 
f 3160 3158 3161 
f 3123 3126 3161 
f 3147 3105 3146 
f 3154 3153 3157 
f 3118 3157 3153 
f 3126 3131 3162 
f 3163 3160 3162 
f 3156 3164 3159 
f 3120 3159 3164 
f 3156 3157 3164 
f 3120 3164 3157 
f 3158 3159 3161 
f 3123 3161 3159 
f 3160 3165 3162 
f 3126 3162 3165 
f 3160 3161 3165 
f 3126 3165 3161 
f 3131 3136 3166 
f 3167 3163 3166 
f 3147 3168 3149 
f 3169 3149 3168 
f 3147 3146 3168 
f 3169 3168 3146 
f 3131 3170 3162 
f 3163 3162 3170 
f 3131 3166 3170 
f 3163 3170 3166 
f 3145 3171 3106 
f 3136 3106 3171 
f 3145 3167 3171 
f 3136 3172 3166 
f 3167 3166 3172 
f 3136 3171 3172 
f 3167 3172 3171 
f 3169 3173 3155 
f 3153 3155 3173 
f 3169 3146 3173 
f 3153 3173 3146 
f 3146 3174 3153 
f 3119 3153 3174 
f 3146 3138 3174 
f 3119 3174 3138 
f 3099 3175 3144 
f 3144 3175 751 
f 3176 3145 751 
f 751 3145 3144 
f 3176 3177 3167 
f 3163 757 3160 
f 3163 3167 3177 
f 3145 3176 3167 
f 3178 3158 3160 
f 3163 3177 757 
f 757 3178 3160 
f 3179 3180 3181 
f 3148 3149 3180 
f 3182 3152 3148 
f 3180 3179 3183 
f 3180 3182 3148 
f 3179 755 3183 
f 3182 3180 3183 
f 3149 3169 3184 
f 3149 3184 3180 
f 3185 3186 3187 
f 3169 3155 3187 
f 3188 3185 3189 
f 3154 3190 3155 
f 3186 3191 3187 
f 3169 3187 3191 
f 3186 3184 3191 
f 3169 3191 3184 
f 3192 3188 3193 
f 3154 3156 3193 
f 3185 3187 3189 
f 3155 3189 3187 
f 3188 3190 3193 
f 3154 3193 3190 
f 3188 3189 3190 
f 3189 3155 3190 
f 3194 3192 3195 
f 3156 3158 3195 
f 3192 3196 3195 
f 3156 3195 3196 
f 3192 3193 3196 
f 3156 3196 3193 
f 3194 3197 3178 
f 3158 3178 3197 
f 3194 3195 3197 
f 3158 3197 3195 
f 3186 3198 3184 
f 3180 3184 3198 
f 3186 3181 3198 
f 3180 3198 3181 
f 3099 3101 3175 
f 3175 3101 748 
f 748 751 3175 
f 3102 748 3101 
f 3102 3199 748 
f 3134 3200 3199 
f 3199 3102 3134 
f 3201 3200 3129 
f 3129 3200 3134 
f 3129 3128 3201 
f 3201 3128 1007 
f 3202 3203 3114 
f 3204 3203 1003 
f 3110 3205 3109 
f 3206 3205 3204 
f 3109 3207 3107 
f 3208 3207 3206 
f 3209 3210 3208 
f 3209 3115 3210 
f 3107 3210 3115 
f 3211 3212 3209 
f 3115 3209 3212 
f 3211 3116 3212 
f 3115 3212 3116 
f 3213 3214 3211 
f 3116 3211 3214 
f 3213 3122 3214 
f 3116 3214 3122 
f 3122 3215 3125 
f 3216 3125 3215 
f 3122 3213 3215 
f 3216 3215 3213 
f 3202 1003 3203 
f 3110 3114 3203 
f 3204 3205 3203 
f 3110 3203 3205 
f 3206 3217 3205 
f 3109 3205 3217 
f 3206 3207 3217 
f 3109 3217 3207 
f 3107 3218 3210 
f 3208 3210 3218 
f 3107 3207 3218 
f 3208 3218 3207 
f 1007 3219 3216 
f 3125 3216 3219 
f 1007 3128 3219 
f 3125 3219 3128 
f 3114 3111 3220 
f 3111 3221 3220 
f 3222 3220 3221 
f 3112 3113 3223 
f 3111 3112 3221 
f 3223 3221 3112 
f 3224 3221 3223 
f 3225 3226 3227 
f 3228 3229 3226 
f 3230 3231 3232 
f 3233 3234 3231 
f 3229 3230 3235 
f 3234 3236 3237 
f 3232 3235 3230 
f 3235 3226 3229 
f 3226 3225 3228 
f 3238 3237 3236 
f 3237 3231 3234 
f 3233 3231 3230 
f 3236 3239 3238 
f 3240 3241 3242 
f 3243 3244 3242 
f 3245 3240 3246 
f 3244 3247 3246 
f 3245 3246 3247 
f 3241 3222 3248 
f 3221 3248 3222 
f 3221 3249 3248 
f 3243 3248 3249 
f 3221 3224 3249 
f 3243 3249 3224 
f 3243 3250 3248 
f 3241 3248 3250 
f 3243 3242 3250 
f 3241 3250 3242 
f 3247 3251 3245 
f 3227 3245 3251 
f 3247 3225 3251 
f 3227 3251 3225 
f 3240 3252 3246 
f 3244 3246 3252 
f 3240 3242 3252 
f 3244 3252 3242 
f 3113 3150 3223 
f 3150 3253 3223 
f 3224 3223 3253 
f 3151 3152 3254 
f 3150 3151 3253 
f 3254 3253 3151 
f 3255 3253 3254 
f 3256 3228 3225 
f 3229 3228 3257 
f 3258 3259 3230 
f 3233 3259 3234 
f 3229 3260 3230 
f 3261 3236 3234 
f 3258 3230 3260 
f 3257 3260 3229 
f 3228 3256 3257 
f 3262 3236 3261 
f 3259 3261 3234 
f 3233 3230 3259 
f 3262 3239 3236 
f 3244 3243 3263 
f 3264 3265 3263 
f 3247 3244 3266 
f 3265 3267 3266 
f 3247 3266 3267 
f 3243 3224 3268 
f 3253 3268 3224 
f 3253 3269 3268 
f 3264 3268 3269 
f 3253 3255 3269 
f 3264 3269 3255 
f 3264 3270 3268 
f 3243 3268 3270 
f 3264 3263 3270 
f 3243 3270 3263 
f 3267 3271 3247 
f 3225 3247 3271 
f 3267 3256 3271 
f 3225 3271 3256 
f 3244 3272 3266 
f 3265 3266 3272 
f 3244 3263 3272 
f 3265 3272 3263 
f 3152 3182 3254 
f 3182 3273 3254 
f 3273 3183 3274 
f 3183 755 3274 
f 3273 3182 3183 
f 736 3273 3274 
f 3254 3273 3255 
f 3257 3256 3275 
f 3260 3257 3276 
f 3258 3260 3277 
f 3278 3261 3259 
f 3261 3279 3262 
f 3258 3278 3259 
f 3262 3280 3239 
f 3275 3256 3281 
f 3257 3275 3276 
f 3279 3261 3278 
f 3277 3278 3258 
f 3277 3260 3276 
f 3280 3262 3279 
f 3264 3282 3265 
f 3283 3282 3284 
f 3273 736 3285 
f 3284 3285 736 
f 3273 3286 3255 
f 3264 3255 3286 
f 3273 3285 3286 
f 3264 3286 3285 
f 3287 3288 3283 
f 3287 3267 3288 
f 3265 3288 3267 
f 3284 3289 3285 
f 3264 3285 3289 
f 3284 3282 3289 
f 3264 3289 3282 
f 3281 3290 3287 
f 3267 3287 3290 
f 3281 3256 3290 
f 3267 3290 3256 
f 3283 3291 3282 
f 3265 3282 3291 
f 3283 3288 3291 
f 3265 3291 3288 
f 736 3292 3284 
f 3292 3283 3284 
f 3293 3287 3283 
f 3293 3294 3287 
f 3245 3295 3296 
f 3297 3240 3296 
f 3293 3283 3292 
f 1003 3202 3298 
f 3202 3114 3220 
f 3220 3298 3202 
f 3299 3235 3300 
f 3232 3277 3300 
f 3300 3301 3299 
f 3222 1018 3302 
f 3240 3245 3296 
f 3297 3241 3240 
f 1018 3222 3241 
f 1018 3241 3297 
f 3277 3303 3300 
f 3304 3226 3299 
f 3232 3300 3235 
f 3235 3299 3226 
f 3294 3281 3287 
f 743 3303 3276 
f 3281 3305 3275 
f 3306 3275 3305 
f 3275 3306 3276 
f 3305 3281 3294 
f 3276 3303 3277 
f 743 3301 3303 
f 3279 3278 3237 
f 3277 3232 3278 
f 3238 3280 3279 
f 743 3276 3306 
f 3304 3227 3226 
f 3304 3299 3307 
f 3299 3301 3307 
f 1182 3307 3301 
f 3304 3295 3227 
f 3237 3278 3231 
f 3232 3231 3278 
f 1182 3301 743 
f 3300 3303 3301 
f 3279 3237 3238 
f 3280 3238 3239 
f 3295 3245 3227 
f 3220 3308 3298 
f 3302 3298 3308 
f 3220 3222 3308 
f 3302 3308 3222 
f 3309 3310 3311 
f 3312 3313 3314 
f 3315 3316 3317 
f 3318 3319 3320 
f 3321 3322 3323 
f 3324 3325 3326 
f 3327 3328 3329 
f 3330 3331 3332 
f 3333 3334 3335 
f 3336 3335 3337 
f 3338 3339 3340 
f 3341 3342 3343 
f 3344 3345 3346 
f 3347 3348 3349 
f 3350 3351 3352 
f 3338 3353 3339 
f 3354 3355 3356 
f 3354 3356 3357 
f 3358 3359 3312 
f 3360 3361 3362 
f 3363 3364 3365 
f 3366 3367 3368 
f 3369 3370 3339 
f 3371 3372 3373 
f 3374 3375 3371 
f 3376 3377 3378 
f 3379 3376 3380 
f 3344 3381 3382 
f 3332 3383 3384 
f 3385 3386 3387 
f 3388 3389 3390 
f 3338 3391 3392 
f 3338 3392 3393 
f 3356 3394 3395 
f 3357 3356 3395 
f 3363 3365 3396 
f 3331 3397 3332 
f 3398 3399 3400 
f 3385 3401 3402 
f 3385 3402 3386 
f 3403 3404 3405 
f 3406 3407 3408 
f 3409 3410 3406 
f 3411 3412 3312 
f 3352 3348 3413 
f 3414 3404 3415 
f 3416 3399 3417 
f 3418 3419 3420 
f 3421 3422 3423 
f 3344 3346 3424 
f 3425 3426 3427 
f 3428 3429 3419 
f 3337 3430 3400 
f 3431 3400 3430 
f 3431 3430 3432 
f 3341 3343 3433 
f 3433 3434 3435 
f 3436 3437 3354 
f 3438 3394 3439 
f 3440 3439 3394 
f 3441 3442 3443 
f 3444 3442 3429 
f 3445 3446 3447 
f 3373 3372 3448 
f 3372 3449 3448 
f 3450 3451 3452 
f 3453 3454 3452 
f 3455 3456 3457 
f 3458 3459 3460 
f 3461 3462 3382 
f 3463 3382 3462 
f 3463 3462 3464 
f 3465 3466 3467 
f 3468 3469 3470 
f 3431 3471 3472 
f 3398 3400 3472 
f 3431 3472 3400 
f 3473 3474 3475 
f 3476 3475 3477 
f 3390 3389 3477 
f 3476 3477 3389 
f 3478 3474 3473 
f 3367 3479 3480 
f 3481 3480 3479 
f 3482 3483 3484 
f 3355 3394 3356 
f 3485 3395 3394 
f 3486 3353 3487 
f 3353 3488 3489 
f 3490 3321 3323 
f 3490 3396 3321 
f 3365 3321 3396 
f 3491 3380 3492 
f 3380 3493 3492 
f 3494 3495 3496 
f 3425 3497 3426 
f 3385 3498 3497 
f 3499 3364 3500 
f 3341 3501 3500 
f 3341 3500 3342 
f 3448 3361 3502 
f 3373 3448 3502 
f 3360 3499 3502 
f 3499 3501 3502 
f 3312 3412 3313 
f 3503 3504 3313 
f 3504 3314 3313 
f 3505 3506 3507 
f 3508 3328 3327 
f 3312 3314 3509 
f 3510 3509 3314 
f 3344 3382 3511 
f 3444 3429 3511 
f 3411 3512 3427 
f 3513 3393 3374 
f 3348 3352 3351 
f 3349 3348 3351 
f 3514 3515 3350 
f 3516 3434 3496 
f 3319 3318 3417 
f 3517 3320 3319 
f 3384 3318 3320 
f 3489 3518 3326 
f 3487 3489 3326 
f 3519 3520 3326 
f 3520 3324 3326 
f 3325 3521 3487 
f 3517 3319 3325 
f 3487 3326 3325 
f 3517 3325 3324 
f 3372 3371 3375 
f 3393 3375 3374 
f 3425 3522 3494 
f 3425 3427 3522 
f 3523 3524 3437 
f 3354 3437 3524 
f 3354 3524 3355 
f 3489 3487 3353 
f 3486 3525 3353 
f 3331 3526 3397 
f 3526 3527 3397 
f 3528 3529 3530 
f 3498 3531 3532 
f 3533 3534 3535 
f 3536 3537 3538 
f 3349 3539 3538 
f 3363 3396 3540 
f 3386 3402 3540 
f 3363 3540 3541 
f 3523 3542 3529 
f 3543 3443 3493 
f 3409 3492 3493 
f 3544 3316 3315 
f 3371 3317 3316 
f 3544 3518 3316 
f 3371 3316 3374 
f 3447 3545 3445 
f 3377 3546 3378 
f 3543 3547 3546 
f 3445 3317 3373 
f 3346 3542 3424 
f 3523 3424 3542 
f 3543 3548 3443 
f 3441 3443 3548 
f 3441 3548 3549 
f 3550 3410 3551 
f 3444 3550 3551 
f 3443 3442 3551 
f 3444 3551 3442 
f 3523 3529 3524 
f 3513 3488 3393 
f 3338 3393 3488 
f 3513 3489 3488 
f 3338 3488 3353 
f 3312 3552 3358 
f 3553 3554 3552 
f 3312 3509 3552 
f 3555 3315 3317 
f 3545 3555 3317 
f 3371 3373 3317 
f 3545 3317 3445 
f 3556 3554 3405 
f 3376 3554 3553 
f 3553 3557 3376 
f 3377 3376 3557 
f 3553 3558 3557 
f 3497 3559 3401 
f 3385 3497 3401 
f 3343 3342 3401 
f 3342 3402 3401 
f 3436 3328 3560 
f 3436 3560 3437 
f 3347 3561 3348 
f 3474 3322 3362 
f 3390 3474 3362 
f 3365 3360 3362 
f 3366 3562 3563 
f 3367 3366 3563 
f 3398 3564 3563 
f 3367 3563 3479 
f 3367 3565 3368 
f 3566 3567 3565 
f 3367 3483 3565 
f 3566 3568 3569 
f 3369 3569 3568 
f 3566 3570 3568 
f 3340 3339 3370 
f 3369 3571 3370 
f 3340 3572 3338 
f 3391 3338 3572 
f 3340 3573 3572 
f 3574 3420 3549 
f 3357 3575 3576 
f 3436 3354 3576 
f 3357 3576 3354 
f 3577 3421 3423 
f 3444 3511 3578 
f 3382 3578 3511 
f 3556 3358 3554 
f 3358 3552 3554 
f 3499 3500 3501 
f 3373 3502 3501 
f 3433 3446 3341 
f 3373 3501 3445 
f 3426 3497 3498 
f 3532 3426 3498 
f 3385 3387 3498 
f 3357 3579 3575 
f 3580 3421 3579 
f 3357 3395 3579 
f 3580 3579 3395 
f 3403 3379 3491 
f 3403 3405 3379 
f 3491 3379 3380 
f 3378 3380 3376 
f 3408 3581 3406 
f 3377 3582 3546 
f 3583 3336 3584 
f 3337 3584 3336 
f 3388 3585 3389 
f 3378 3546 3547 
f 3380 3378 3547 
f 3543 3493 3547 
f 3380 3547 3493 
f 3461 3381 3560 
f 3583 3584 3527 
f 3416 3397 3527 
f 3583 3527 3526 
f 3586 3454 3514 
f 3389 3585 3506 
f 3587 3506 3585 
f 3588 3589 3590 
f 3492 3591 3491 
f 3491 3589 3403 
f 3428 3592 3346 
f 3428 3593 3592 
f 3594 3592 3593 
f 3405 3554 3379 
f 3376 3379 3554 
f 3544 3519 3518 
f 3513 3374 3518 
f 3374 3316 3518 
f 3513 3518 3489 
f 3519 3326 3518 
f 3393 3392 3595 
f 3393 3595 3375 
f 3596 3597 3414 
f 3598 3438 3439 
f 3435 3599 3433 
f 3558 3600 3457 
f 3552 3600 3553 
f 3494 3496 3434 
f 3343 3559 3434 
f 3516 3435 3434 
f 3343 3434 3433 
f 3430 3601 3432 
f 3464 3462 3508 
f 3328 3602 3560 
f 3587 3449 3595 
f 3375 3595 3449 
f 3587 3585 3449 
f 3557 3456 3377 
f 3455 3460 3582 
f 3428 3345 3429 
f 3428 3346 3345 
f 3411 3359 3512 
f 3556 3597 3359 
f 3411 3312 3359 
f 3556 3359 3358 
f 3405 3414 3597 
f 3556 3405 3597 
f 3596 3512 3597 
f 3512 3359 3597 
f 3485 3394 3438 
f 3596 3522 3512 
f 3427 3512 3522 
f 3349 3351 3539 
f 3539 3515 3453 
f 3360 3364 3499 
f 3363 3500 3364 
f 3360 3365 3364 
f 3603 3604 3605 
f 3540 3606 3386 
f 3388 3361 3448 
f 3360 3502 3361 
f 3388 3390 3361 
f 3390 3362 3361 
f 3485 3607 3608 
f 3580 3395 3608 
f 3485 3608 3395 
f 3388 3449 3585 
f 3388 3448 3449 
f 3375 3449 3372 
f 3363 3541 3500 
f 3342 3500 3541 
f 3402 3541 3540 
f 3342 3541 3402 
f 3609 3610 3575 
f 3611 3573 3468 
f 3370 3469 3340 
f 3344 3511 3345 
f 3429 3345 3511 
f 3424 3612 3381 
f 3461 3382 3381 
f 3424 3381 3344 
f 3425 3559 3497 
f 3343 3401 3559 
f 3425 3494 3559 
f 3494 3434 3559 
f 3391 3572 3613 
f 3614 3613 3615 
f 3568 3466 3369 
f 3465 3470 3571 
f 3570 3616 3467 
f 3483 3616 3565 
f 3390 3477 3474 
f 3477 3475 3474 
f 3481 3564 3471 
f 3617 3423 3422 
f 3421 3580 3422 
f 3549 3618 3441 
f 3549 3420 3618 
f 3618 3420 3419 
f 3546 3619 3543 
f 3478 3322 3474 
f 3365 3362 3322 
f 3478 3323 3322 
f 3365 3322 3321 
f 3569 3567 3566 
f 3368 3565 3567 
f 3486 3620 3569 
f 3368 3567 3621 
f 3406 3581 3409 
f 3581 3591 3409 
f 3536 3622 3623 
f 3550 3444 3407 
f 3624 3625 3407 
f 3573 3626 3572 
f 3613 3572 3626 
f 3613 3626 3615 
f 3452 3627 3453 
f 3627 3622 3453 
f 3575 3628 3609 
f 3575 3579 3628 
f 3421 3628 3579 
f 3391 3629 3392 
f 3391 3613 3629 
f 3584 3630 3527 
f 3584 3337 3630 
f 3399 3630 3400 
f 3337 3400 3630 
f 3506 3629 3507 
f 3623 3627 3451 
f 3452 3451 3627 
f 3548 3543 3619 
f 3458 3631 3619 
f 3571 3466 3465 
f 3570 3467 3466 
f 3571 3369 3466 
f 3570 3466 3568 
f 3444 3578 3632 
f 3624 3407 3632 
f 3444 3632 3407 
f 3582 3456 3455 
f 3558 3457 3456 
f 3582 3377 3456 
f 3558 3456 3557 
f 3629 3587 3392 
f 3534 3503 3633 
f 3534 3633 3535 
f 3529 3634 3524 
f 3355 3524 3634 
f 3635 3636 3634 
f 3442 3618 3429 
f 3419 3429 3618 
f 3442 3441 3618 
f 3538 3637 3349 
f 3538 3537 3637 
f 3454 3515 3514 
f 3351 3350 3515 
f 3454 3453 3515 
f 3351 3515 3539 
f 3550 3407 3406 
f 3625 3408 3407 
f 3638 3607 3598 
f 3598 3413 3638 
f 3506 3639 3389 
f 3476 3389 3639 
f 3506 3505 3639 
f 3476 3639 3505 
f 3309 3640 3641 
f 3452 3642 3640 
f 3309 3311 3640 
f 3417 3366 3643 
f 3621 3319 3643 
f 3417 3643 3319 
f 3561 3638 3348 
f 3413 3348 3638 
f 3427 3644 3411 
f 3412 3411 3644 
f 3427 3426 3644 
f 3609 3628 3577 
f 3421 3577 3628 
f 3594 3530 3645 
f 3542 3346 3645 
f 3522 3495 3494 
f 3646 3496 3495 
f 3522 3596 3495 
f 3596 3647 3495 
f 3571 3469 3370 
f 3573 3340 3469 
f 3571 3470 3469 
f 3573 3469 3468 
f 3426 3532 3644 
f 3412 3644 3532 
f 3573 3611 3626 
f 3615 3626 3611 
f 3537 3648 3637 
f 3649 3637 3648 
f 3537 3617 3648 
f 3646 3647 3415 
f 3414 3415 3647 
f 3646 3495 3647 
f 3414 3647 3596 
f 3397 3383 3332 
f 3318 3384 3383 
f 3397 3416 3383 
f 3535 3633 3532 
f 3412 3532 3633 
f 3567 3569 3620 
f 3621 3567 3620 
f 3486 3487 3620 
f 3501 3446 3445 
f 3599 3447 3446 
f 3501 3341 3446 
f 3599 3446 3433 
f 3621 3521 3319 
f 3325 3319 3521 
f 3621 3620 3521 
f 3620 3487 3521 
f 3595 3392 3587 
f 3506 3587 3629 
f 3527 3650 3416 
f 3399 3416 3650 
f 3527 3630 3650 
f 3399 3650 3630 
f 3339 3353 3525 
f 3369 3339 3525 
f 3486 3569 3525 
f 3369 3525 3569 
f 3463 3632 3382 
f 3578 3382 3632 
f 3463 3624 3632 
f 3529 3651 3634 
f 3635 3634 3651 
f 3529 3528 3651 
f 3635 3651 3528 
f 3535 3652 3533 
f 3653 3533 3652 
f 3653 3652 3387 
f 3438 3607 3485 
f 3561 3608 3607 
f 3438 3598 3607 
f 3561 3607 3638 
f 3482 3467 3616 
f 3483 3482 3616 
f 3570 3566 3616 
f 3566 3565 3616 
f 3493 3410 3409 
f 3550 3406 3410 
f 3493 3443 3410 
f 3443 3551 3410 
f 3318 3383 3417 
f 3416 3417 3383 
f 3454 3642 3452 
f 3641 3640 3642 
f 3454 3586 3642 
f 3641 3642 3586 
f 3530 3529 3645 
f 3542 3645 3529 
f 3549 3548 3654 
f 3631 3574 3654 
f 3549 3654 3574 
f 3548 3619 3654 
f 3631 3654 3619 
f 3412 3633 3313 
f 3503 3313 3633 
f 3398 3563 3562 
f 3399 3398 3562 
f 3366 3417 3562 
f 3399 3562 3417 
f 3509 3600 3552 
f 3558 3553 3600 
f 3509 3510 3600 
f 3510 3457 3600 
f 3452 3640 3450 
f 3311 3450 3640 
f 3507 3655 3614 
f 3613 3614 3655 
f 3507 3629 3655 
f 3613 3655 3629 
f 3366 3656 3643 
f 3621 3643 3656 
f 3366 3368 3656 
f 3621 3656 3368 
f 3461 3560 3602 
f 3462 3461 3602 
f 3328 3508 3602 
f 3462 3602 3508 
f 3604 3657 3605 
f 3604 3653 3657 
f 3387 3657 3653 
f 3605 3657 3386 
f 3387 3386 3657 
f 3539 3453 3622 
f 3538 3539 3622 
f 3627 3623 3622 
f 3538 3622 3536 
f 3561 3422 3608 
f 3580 3608 3422 
f 3483 3658 3484 
f 3480 3484 3658 
f 3483 3367 3658 
f 3480 3658 3367 
f 3561 3347 3422 
f 3649 3422 3347 
f 3396 3606 3540 
f 3605 3386 3606 
f 3396 3490 3606 
f 3560 3612 3437 
f 3523 3437 3612 
f 3560 3381 3612 
f 3523 3612 3424 
f 3479 3564 3481 
f 3472 3471 3564 
f 3479 3563 3564 
f 3472 3564 3398 
f 3589 3491 3591 
f 3590 3589 3591 
f 3492 3409 3591 
f 3590 3591 3581 
f 3349 3637 3347 
f 3649 3347 3637 
f 3329 3659 3610 
f 3575 3610 3659 
f 3575 3659 3576 
f 3593 3660 3418 
f 3419 3418 3660 
f 3593 3428 3660 
f 3419 3660 3428 
f 3346 3592 3645 
f 3594 3645 3592 
f 3617 3422 3648 
f 3649 3648 3422 
f 3588 3415 3404 
f 3589 3588 3404 
f 3414 3405 3404 
f 3589 3404 3403 
f 3546 3459 3619 
f 3458 3619 3459 
f 3546 3582 3459 
f 3582 3460 3459 
f 3355 3636 3394 
f 3440 3394 3636 
f 3355 3634 3636 
f 3440 3636 3635 
f 3605 3661 3603 
f 3490 3603 3661 
f 3605 3606 3661 
f 3490 3661 3606 
f 3387 3531 3498 
f 3535 3532 3531 
f 3387 3652 3531 
f 3535 3531 3652 
f 3436 3576 3659 
f 3329 3328 3659 
f 3436 3659 3328 
f 3334 3601 3335 
f 3337 3335 3601 
f 3334 3432 3601 
f 3337 3601 3430 
f 3310 3309 3662 
f 3505 3663 3476 
f 3664 3665 3666 
f 3667 3668 3534 
f 1438 3669 3670 
f 3671 3672 3478 
f 3673 3674 3475 
f 3480 3675 3484 
f 3676 3677 3678 
f 3679 3680 3681 
f 3682 3683 3684 
f 1491 1422 3685 
f 3686 3334 3687 
f 3688 3689 3690 
f 3691 3692 3693 
f 3694 3695 3696 
f 3697 3694 3671 
f 3698 3699 3675 
f 3698 3700 3699 
f 3689 3701 3690 
f 3702 3703 3704 
f 3705 3706 3707 
f 3708 3709 3705 
f 3705 3707 3710 
f 3711 3712 3713 
f 3714 3715 3716 
f 3717 3667 3718 
f 3719 3720 3721 
f 3722 3723 3724 
f 3593 3725 3594 
f 3726 3727 3728 
f 3439 3729 3598 
f 3730 3731 3732 
f 3733 3734 3735 
f 3413 3736 3352 
f 1422 3737 3685 
f 3711 3729 3738 
f 3711 3739 3712 
f 3692 3740 3741 
f 3693 3692 3741 
f 3742 3743 3744 
f 3717 3745 3667 
f 3746 3747 3748 
f 3749 3750 3751 
f 3752 3750 3753 
f 3754 3755 3420 
f 3688 3756 3757 
f 3688 3758 3756 
f 3758 3759 3756 
f 3760 3761 3762 
f 3763 3764 3765 
f 3766 3767 3765 
f 3768 3749 3769 
f 3722 3724 3770 
f 3720 3719 3771 
f 3772 3773 3774 
f 3350 3352 3736 
f 3775 3773 3776 
f 3350 3773 3514 
f 3777 3778 3779 
f 3780 3781 3432 
f 3782 3715 3780 
f 3774 3736 3783 
f 3713 3784 3783 
f 3465 3467 3785 
f 3786 3787 3615 
f 3468 3788 3732 
f 3468 3470 3788 
f 3727 3789 3728 
f 3790 3663 3507 
f 3431 3791 3471 
f 3714 3791 3715 
f 3675 3480 3792 
f 3481 3792 3480 
f 3482 3484 3793 
f 3675 3793 3484 
f 3794 3665 3664 
f 3720 3666 3665 
f 3794 3721 3665 
f 3720 3665 3721 
f 3795 3796 3709 
f 3797 3798 3796 
f 3476 3673 3475 
f 3476 3799 3673 
f 3478 3800 3671 
f 3478 3473 3800 
f 3801 3784 3802 
f 3691 3803 3804 
f 3697 3804 3805 
f 3323 3478 3672 
f 3490 3323 3672 
f 3768 3806 3807 
f 3808 3807 3809 
f 3768 3769 3806 
f 3804 3810 3811 
f 3691 3804 3811 
f 3810 3692 3811 
f 3691 3811 3692 
f 3667 3745 3668 
f 3504 3503 3668 
f 3503 3534 3668 
f 3776 3812 3775 
f 3813 3814 3815 
f 3719 3816 3771 
f 3817 3771 3816 
f 3719 3818 3816 
f 3819 3820 3739 
f 3712 3739 3820 
f 3819 3821 3820 
f 3802 3822 3821 
f 3730 3759 3704 
f 3823 3824 3759 
f 3730 3756 3759 
f 3823 3759 3758 
f 3594 3825 3530 
f 3817 3826 3825 
f 3653 3827 3533 
f 3766 3828 3829 
f 3828 3830 3829 
f 3831 3832 3833 
f 3834 3832 3751 
f 3533 3827 3835 
f 3667 3534 3835 
f 3533 3835 3534 
f 3836 3666 3837 
f 3720 3837 3666 
f 3838 3681 3680 
f 3839 3679 3681 
f 3733 3840 3805 
f 3694 3805 3840 
f 3733 3735 3840 
f 3735 3695 3840 
f 3719 3721 3841 
f 3842 3676 3843 
f 3838 3680 3676 
f 3842 3677 3676 
f 3838 3676 3678 
f 3756 3844 3757 
f 1422 3677 3737 
f 3842 3845 3677 
f 1422 1515 3677 
f 1515 3678 3677 
f 3779 3846 3847 
f 3693 3669 3691 
f 3709 3796 3798 
f 3797 3848 3798 
f 3849 3798 3807 
f 3817 3834 3771 
f 3706 3850 3851 
f 3707 3706 3851 
f 3702 3852 3703 
f 3853 3703 3741 
f 3817 3816 3826 
f 3818 3826 3816 
f 3715 3782 3854 
f 3855 3716 3854 
f 3715 3854 3716 
f 3705 3710 3856 
f 3809 3754 3808 
f 3849 3807 3808 
f 3806 3809 3807 
f 3314 3857 3510 
f 3831 3858 3769 
f 3859 3860 3857 
f 3837 3861 3836 
f 3847 3669 1438 
f 3693 3862 3669 
f 3847 3846 3669 
f 3846 3691 3669 
f 3863 3835 3827 
f 3835 3864 3667 
f 3688 3690 3865 
f 3753 3836 3752 
f 3866 3867 3800 
f 3671 3800 3867 
f 3866 3697 3867 
f 3671 3867 3697 
f 3761 3862 3762 
f 3693 3852 3862 
f 3761 3670 3862 
f 3670 3669 3862 
f 3868 3869 3870 
f 3685 3683 3682 
f 3855 3684 3683 
f 3685 3737 3683 
f 3855 3683 3737 
f 3671 3694 3696 
f 3728 3871 3696 
f 3671 3696 3672 
f 3726 3695 3872 
f 3734 3872 3735 
f 3792 3873 3874 
f 3675 3792 3874 
f 3714 3875 3874 
f 3675 3874 3698 
f 3866 3876 3810 
f 3799 3740 3876 
f 3866 3673 3876 
f 3799 3876 3673 
f 3699 3690 3701 
f 3675 3699 3701 
f 3689 3877 3701 
f 3675 3701 3793 
f 3689 3878 3785 
f 3689 3688 3878 
f 3757 3878 3688 
f 3879 3880 3790 
f 3879 3881 3880 
f 3853 3740 3880 
f 3829 3882 3767 
f 3766 3829 3767 
f 3724 3723 3767 
f 3723 3765 3767 
f 3731 3883 3786 
f 3790 3787 3879 
f 3768 3884 3749 
f 3885 3886 3869 
f 3574 3754 3420 
f 3854 3887 3855 
f 3738 3888 3889 
f 3711 3738 3889 
f 3711 3889 3739 
f 3698 3875 3843 
f 3843 3875 3845 
f 3859 3857 3745 
f 3859 3830 3890 
f 3805 3804 3803 
f 3733 3805 3803 
f 3691 3846 3803 
f 3737 3677 3845 
f 3855 3737 3845 
f 3842 3843 3845 
f 3855 3845 3716 
f 3731 3891 3883 
f 3879 3883 3892 
f 3704 3703 3892 
f 3831 3833 3858 
f 3893 3894 3884 
f 3635 3742 3440 
f 3724 3718 3895 
f 3863 3770 3895 
f 3724 3895 3770 
f 3774 3783 3784 
f 3712 3784 3713 
f 3896 3708 3897 
f 3896 3795 3708 
f 3706 3705 3709 
f 3795 3709 3708 
f 3744 3888 3738 
f 3885 3889 3888 
f 3744 3898 3888 
f 3885 3888 3841 
f 3899 3900 3797 
f 3768 3807 3848 
f 3807 3798 3848 
f 3726 3901 3727 
f 3863 3901 3770 
f 3841 3888 3898 
f 3719 3841 3898 
f 3744 3818 3898 
f 3719 3898 3818 
f 3902 3899 3903 
f 3684 3887 3904 
f 3782 3686 3887 
f 3684 3855 3887 
f 3782 3887 3854 
f 3709 3850 3706 
f 3849 3851 3850 
f 3709 3798 3850 
f 3849 3850 3798 
f 3863 3827 3901 
f 3727 3901 3827 
f 3812 3905 3815 
f 3762 3862 3852 
f 3702 3762 3852 
f 3693 3741 3852 
f 3741 3703 3852 
f 3797 3796 3899 
f 3702 3824 3762 
f 3823 3906 3824 
f 3702 3704 3824 
f 3704 3759 3824 
f 3869 3907 3885 
f 3897 3890 3828 
f 3897 3908 3890 
f 3859 3890 3856 
f 3716 3875 3714 
f 3698 3874 3875 
f 3716 3845 3875 
f 3746 3909 3896 
f 3795 3896 3909 
f 3746 3910 3909 
f 3859 3856 3860 
f 3710 3860 3856 
f 3748 3911 3764 
f 3856 3890 3908 
f 3705 3856 3908 
f 3897 3708 3908 
f 3705 3908 3708 
f 3766 3765 3911 
f 3432 3334 3780 
f 3514 3775 3586 
f 3717 3882 3829 
f 3724 3767 3882 
f 3717 3718 3882 
f 3724 3882 3718 
f 3726 3872 3901 
f 3809 3806 3858 
f 3769 3858 3806 
f 3455 3912 3460 
f 3885 3841 3886 
f 3721 3886 3841 
f 3707 3851 3912 
f 3697 3805 3694 
f 3728 3696 3695 
f 3726 3728 3695 
f 3694 3840 3695 
f 3735 3872 3695 
f 3762 3824 3906 
f 3760 3762 3906 
f 3760 3906 3839 
f 3697 3810 3804 
f 3697 3866 3810 
f 3810 3740 3692 
f 3853 3741 3740 
f 3810 3876 3740 
f 3799 3880 3740 
f 3672 3696 3871 
f 3490 3672 3871 
f 3490 3871 3603 
f 3752 3861 3751 
f 3611 3786 3615 
f 3614 3790 3507 
f 3482 3877 3467 
f 3481 3471 3873 
f 3714 3874 3873 
f 3481 3873 3792 
f 3858 3755 3809 
f 3754 3809 3755 
f 3884 3750 3749 
f 3752 3751 3750 
f 3884 3894 3750 
f 3894 3753 3750 
f 3755 3858 3913 
f 3418 3420 3913 
f 3913 3420 3755 
f 3812 3776 3905 
f 3772 3905 3776 
f 3905 3772 3914 
f 3772 3776 3773 
f 3736 3774 3773 
f 3775 3514 3773 
f 3736 3773 3350 
f 3769 3832 3831 
f 3769 3749 3832 
f 3749 3751 3832 
f 3825 3725 3817 
f 3746 3896 3747 
f 3911 3747 3896 
f 3825 3594 3725 
f 3911 3748 3747 
f 3765 3764 3911 
f 3734 3915 3722 
f 3736 3916 3783 
f 3736 3413 3916 
f 3729 3917 3738 
f 3742 3918 3440 
f 3914 3919 3905 
f 3920 3919 3914 
f 3815 3905 3919 
f 3899 3902 3900 
f 3848 3797 3900 
f 3734 3722 3872 
f 3729 3439 3917 
f 3440 3917 3439 
f 3839 3906 3823 
f 3758 3679 3823 
f 3839 3823 3679 
f 3812 3815 3814 
f 3662 3814 3813 
f 3921 3922 3923 
f 3733 3922 3734 
f 3883 3879 3787 
f 3786 3883 3787 
f 3790 3614 3787 
f 3614 3615 3787 
f 3725 3593 3833 
f 3720 3861 3837 
f 3752 3836 3861 
f 3834 3751 3861 
f 3765 3924 3763 
f 3921 3763 3924 
f 3765 3925 3924 
f 3926 3915 3924 
f 3458 3927 3631 
f 3593 3418 3913 
f 3858 3833 3913 
f 3593 3913 3833 
f 3722 3770 3872 
f 3901 3872 3770 
f 3801 3928 3784 
f 3801 3920 3928 
f 3828 3766 3897 
f 3857 3860 3510 
f 3710 3929 3860 
f 3510 3860 3929 
f 3710 3457 3929 
f 3510 3929 3457 
f 3413 3930 3916 
f 3729 3931 3930 
f 3413 3598 3930 
f 3729 3930 3598 
f 3333 3687 3334 
f 3780 3334 3686 
f 3780 3686 3782 
f 3641 3932 3814 
f 3812 3814 3932 
f 3812 3932 3775 
f 3834 3817 3933 
f 3833 3832 3933 
f 3834 3933 3832 
f 3775 3934 3586 
f 3641 3586 3934 
f 3775 3932 3934 
f 3641 3934 3932 
f 3722 3925 3723 
f 3765 3723 3925 
f 3722 3926 3925 
f 3926 3924 3925 
f 3916 3930 3931 
f 3783 3916 3931 
f 3783 3931 3713 
f 3889 3885 3907 
f 3739 3889 3907 
f 3869 3868 3907 
f 3897 3766 3896 
f 3911 3896 3766 
f 3902 3935 3900 
f 3884 3936 3935 
f 3902 3893 3935 
f 3884 3935 3893 
f 3717 3829 3830 
f 3745 3717 3830 
f 3828 3890 3830 
f 3745 3830 3859 
f 3834 3937 3771 
f 3720 3771 3937 
f 3834 3861 3937 
f 3720 3937 3861 
f 3803 3778 3733 
f 3803 3846 3778 
f 3846 3779 3778 
f 3865 3938 3688 
f 3758 3688 3938 
f 3758 3938 3679 
f 3772 3939 3928 
f 3784 3928 3939 
f 3772 3774 3939 
f 3784 3939 3774 
f 3868 3940 3907 
f 3739 3907 3940 
f 3868 3819 3940 
f 3739 3940 3819 
f 3690 3700 3865 
f 3843 3941 3700 
f 3690 3699 3700 
f 3843 3700 3698 
f 3857 3942 3745 
f 3857 3314 3942 
f 3504 3942 3314 
f 3662 3943 3814 
f 3641 3814 3943 
f 3662 3309 3943 
f 3641 3943 3309 
f 3900 3935 3936 
f 3848 3900 3936 
f 3884 3768 3936 
f 3848 3936 3768 
f 3818 3743 3528 
f 3635 3528 3743 
f 3818 3744 3743 
f 3635 3743 3742 
f 3458 3944 3927 
f 3851 3945 3944 
f 3851 3944 3912 
f 3923 3946 3777 
f 3528 3947 3818 
f 3528 3530 3947 
f 3825 3947 3530 
f 3910 3948 3909 
f 3796 3948 3899 
f 3825 3826 3947 
f 3818 3947 3826 
f 3754 3949 3808 
f 3713 3931 3711 
f 3729 3711 3931 
f 3794 3950 3721 
f 3886 3721 3950 
f 3886 3950 3869 
f 3869 3950 3870 
f 3794 3870 3950 
f 3631 3949 3574 
f 3754 3574 3949 
f 3631 3927 3949 
f 3927 3808 3949 
f 3799 3476 3663 
f 3880 3799 3663 
f 3505 3507 3663 
f 3880 3663 3790 
f 3504 3951 3942 
f 3745 3942 3951 
f 3504 3668 3951 
f 3745 3951 3668 
f 3910 3903 3948 
f 3899 3948 3903 
f 3926 3722 3915 
f 3921 3924 3915 
f 3734 3922 3915 
f 3921 3915 3922 
f 3927 3944 3945 
f 3808 3927 3945 
f 3851 3849 3945 
f 3808 3945 3849 
f 3680 3941 3676 
f 3843 3676 3941 
f 3680 3865 3941 
f 3865 3700 3941 
f 3710 3952 3457 
f 3455 3457 3952 
f 3455 3952 3912 
f 3786 3953 3731 
f 3732 3731 3953 
f 3786 3611 3953 
f 3817 3725 3933 
f 3833 3933 3725 
f 3710 3707 3952 
f 3912 3952 3707 
f 3611 3468 3953 
f 3732 3953 3468 
f 3871 3728 3789 
f 3603 3871 3789 
f 3727 3604 3789 
f 3603 3789 3604 
f 3470 3954 3788 
f 3757 3788 3954 
f 3470 3465 3954 
f 3878 3757 3954 
f 3465 3785 3954 
f 3878 3954 3785 
f 3853 3880 3881 
f 3703 3853 3881 
f 3879 3892 3881 
f 3703 3881 3892 
f 3712 3822 3784 
f 3802 3784 3822 
f 3712 3820 3822 
f 3820 3821 3822 
f 3772 3928 3914 
f 3920 3914 3928 
f 3471 3791 3873 
f 3714 3873 3791 
f 3865 3680 3938 
f 3679 3938 3680 
f 3738 3918 3744 
f 3742 3744 3918 
f 3738 3917 3918 
f 3917 3440 3918 
f 3778 3777 3946 
f 3733 3778 3946 
f 3923 3922 3946 
f 3733 3946 3922 
f 3732 3844 3730 
f 3756 3730 3844 
f 3732 3788 3844 
f 3788 3757 3844 
f 3912 3955 3460 
f 3458 3460 3955 
f 3912 3944 3955 
f 3458 3955 3944 
f 3796 3795 3948 
f 3909 3948 3795 
f 3604 3956 3653 
f 3827 3653 3956 
f 3604 3727 3956 
f 3827 3956 3727 
f 3687 3904 3686 
f 3904 3887 3686 
f 3895 3864 3863 
f 3835 3863 3864 
f 3895 3718 3864 
f 3718 3667 3864 
f 3892 3883 3891 
f 3704 3892 3891 
f 3731 3730 3891 
f 3704 3891 3730 
f 3785 3877 3689 
f 3793 3701 3877 
f 3785 3467 3877 
f 3793 3877 3482 
f 3715 3781 3780 
f 3431 3432 3781 
f 3715 3791 3781 
f 3431 3781 3791 
f 3866 3674 3673 
f 3473 3475 3674 
f 3866 3800 3674 
f 3473 3674 3800 
f 3310 3662 3957 
f 3664 3666 3958 
f 3959 3960 3794 
f 3777 3961 3923 
f 3962 3963 3964 
f 3965 3966 3967 
f 3968 3969 3970 
f 1443 3779 3971 
f 1443 3972 3779 
f 3971 3847 3973 
f 3847 3971 3779 
f 1438 3973 3847 
f 3974 3975 3970 
f 3976 3975 3977 
f 3977 3978 3979 
f 3978 3977 3980 
f 3979 3978 3981 
f 1443 3982 3974 
f 3983 3961 3984 
f 3981 3985 3986 
f 3981 3986 3979 
f 3985 3987 3986 
f 3963 3988 3989 
f 3990 3991 3992 
f 3993 3994 3995 
f 3996 3997 3998 
f 3999 4000 3959 
f 4001 4002 4003 
f 4004 4005 4006 
f 4007 4008 4009 
f 4010 4011 4012 
f 3910 4013 3903 
f 4014 4015 4016 
f 4017 4018 4019 
f 4020 4021 4022 
f 4023 4024 4025 
f 4023 4026 4024 
f 4003 4027 4028 
f 4026 4029 4028 
f 4030 4024 4028 
f 4026 4028 4024 
f 3999 4031 4000 
f 3995 4000 4031 
f 3999 3997 4031 
f 3997 4032 4031 
f 3821 3819 4033 
f 4026 4023 4034 
f 4035 4036 4034 
f 4037 4038 4039 
f 3815 4022 3813 
f 4040 3989 4041 
f 4042 4043 4044 
f 4004 4002 4045 
f 4046 4047 4045 
f 4004 4045 4005 
f 4048 4043 4025 
f 3894 4049 3753 
f 3894 4050 4049 
f 4050 4051 4049 
f 4026 4034 4052 
f 3965 4053 4052 
f 4054 4055 4056 
f 4007 4057 4016 
f 4058 4059 4060 
f 4058 4006 4059 
f 4061 4062 4063 
f 3999 4064 4065 
f 4066 4067 4018 
f 4068 4019 4069 
f 4018 4069 4019 
f 3999 4065 4070 
f 4068 4070 4065 
f 3868 3870 3960 
f 3870 3794 3960 
f 3664 3958 4071 
f 3959 3794 4071 
f 3664 4071 3794 
f 3764 4072 3748 
f 4073 4074 3991 
f 4040 4074 3989 
f 4068 4069 4075 
f 4076 4077 4075 
f 4078 4012 4011 
f 3836 4079 3666 
f 3958 3666 4079 
f 4072 4080 4081 
f 4030 4072 4081 
f 4025 4024 4081 
f 4030 4081 4024 
f 4082 4062 4083 
f 4072 4084 3748 
f 4068 4065 4085 
f 4086 4019 4085 
f 4068 4085 4019 
f 4087 4088 4089 
f 4090 4091 4088 
f 3777 3972 3961 
f 3777 3779 3972 
f 3974 3972 1443 
f 4073 4092 4074 
f 3964 3989 4074 
f 3958 4085 4065 
f 3958 4079 4085 
f 4068 4093 4070 
f 3999 4070 4094 
f 3999 4094 3997 
f 4005 4047 4095 
f 4006 4005 4095 
f 4096 4059 4095 
f 4006 4095 4059 
f 3964 4097 3962 
f 4082 3962 4097 
f 4041 3989 3988 
f 3964 3963 3989 
f 4098 4099 4048 
f 4063 4100 4061 
f 4058 4060 4101 
f 4060 4091 4101 
f 4102 4097 4103 
f 4104 4091 4060 
f 4090 4101 4091 
f 4104 4089 4091 
f 4089 4088 4091 
f 4012 4105 4010 
f 3958 4064 4071 
f 3959 4071 4064 
f 3958 4065 4064 
f 3959 4064 3999 
f 4004 4106 4002 
f 4106 4084 4030 
f 4107 4035 4108 
f 4042 4107 4108 
f 4023 4025 4108 
f 4002 4027 4003 
f 4030 4028 4027 
f 4002 4106 4027 
f 4030 4027 4106 
f 3819 3868 4033 
f 3968 3984 3961 
f 4109 3983 3984 
f 3746 4110 3910 
f 4013 4110 4006 
f 4111 4010 4112 
f 3923 4113 3921 
f 4114 3921 4098 
f 3923 3961 4113 
f 4025 4080 4048 
f 3763 4080 3764 
f 4115 4116 4117 
f 3961 3983 4113 
f 4111 4112 4118 
f 3920 4118 3919 
f 4025 4081 4080 
f 3764 4080 4072 
f 3974 3969 3972 
f 3961 3972 3969 
f 3974 3970 3969 
f 3961 3969 3968 
f 4090 4119 4101 
f 4120 4121 4090 
f 4017 4050 4120 
f 3959 4122 3960 
f 4033 4123 4124 
f 3959 4000 4122 
f 4000 4125 4122 
f 4040 3992 4074 
f 3991 4074 3992 
f 4124 4125 4126 
f 3995 4126 4125 
f 4124 4122 4125 
f 3995 4125 4000 
f 4098 4048 4114 
f 3763 3921 4114 
f 4113 4098 3921 
f 4127 4056 4128 
f 4049 4129 3753 
f 4079 4129 4085 
f 4096 4095 4047 
f 4005 4045 4047 
f 4060 4059 4096 
f 4089 4037 4087 
f 4017 4051 4050 
f 4086 4049 4051 
f 4017 4019 4051 
f 4086 4051 4019 
f 4039 4130 4037 
f 4130 4087 4037 
f 4088 4131 4132 
f 4090 4088 4132 
f 4017 4120 4132 
f 4090 4132 4120 
f 4003 4028 4029 
f 4001 4003 4029 
f 4026 4052 4029 
f 4001 4029 4128 
f 3980 3977 3975 
f 3982 3980 3975 
f 3976 3970 3975 
f 3982 3975 3974 
f 3995 4032 3993 
f 3996 3993 4032 
f 3995 4031 4032 
f 3996 4032 3997 
f 4087 4066 4018 
f 4087 4130 4066 
f 4133 4066 4130 
f 4014 3994 3993 
f 4126 3995 3994 
f 4087 4131 4088 
f 4017 4132 4131 
f 4009 4134 4007 
f 4126 4016 4057 
f 3983 4135 4113 
f 4099 4135 4044 
f 4128 4055 4001 
f 4128 4056 4055 
f 4102 4063 4062 
f 4097 4102 4062 
f 4061 4083 4062 
f 4097 4062 4082 
f 4035 4136 4108 
f 4023 4108 4136 
f 4035 4034 4136 
f 4023 4136 4034 
f 4013 4137 3903 
f 4101 4138 4058 
f 4126 4057 4124 
f 3903 4137 4139 
f 3903 4139 3902 
f 4093 4140 4094 
f 4075 4077 4093 
f 4057 4007 4134 
f 4124 4057 4134 
f 4124 4134 4033 
f 4141 4142 4143 
f 4009 4008 4144 
f 4046 4142 4047 
f 4141 4145 4142 
f 4141 4146 4145 
f 4033 4134 3821 
f 4118 4147 3919 
f 3815 3919 4147 
f 4118 4112 4147 
f 4010 4148 4112 
f 4010 4105 4148 
f 4020 4148 4105 
f 4013 3910 4110 
f 4106 4004 4110 
f 4004 4006 4110 
f 4077 4140 4093 
f 3997 4094 4140 
f 4077 3998 4140 
f 3997 4140 3998 
f 4142 4145 4047 
f 4096 4047 4145 
f 4037 4089 4038 
f 4117 4116 4038 
f 4116 4039 4038 
f 4145 4149 4150 
f 4096 4145 4150 
f 4117 4104 4150 
f 4058 4137 4006 
f 4013 4006 4137 
f 4151 4083 4061 
f 4100 4152 4061 
f 4152 4153 4061 
f 4048 4080 4114 
f 3763 4114 4080 
f 4097 3964 4154 
f 4092 4103 4154 
f 4097 4154 4103 
f 3893 4119 4155 
f 4050 3894 4155 
f 3893 4155 3894 
f 4075 4093 4068 
f 4094 4070 4093 
f 4133 4067 4066 
f 4069 4018 4067 
f 4133 4076 4067 
f 4089 4104 4038 
f 4117 4038 4104 
f 4046 4156 4055 
f 4001 4055 4156 
f 4156 4157 4001 
f 4034 3966 4052 
f 3965 4052 3966 
f 4034 4036 3966 
f 4036 3967 3966 
f 4143 4142 4054 
f 4099 4044 4043 
f 4048 4099 4043 
f 4042 4108 4043 
f 4108 4025 4043 
f 3821 4158 3802 
f 4009 3802 4158 
f 3821 4134 4158 
f 4009 4158 4134 
f 4146 4149 4145 
f 4117 4150 4149 
f 4146 4115 4149 
f 4117 4149 4115 
f 4046 4055 4142 
f 4054 4142 4055 
f 3801 4159 4144 
f 4009 4144 4159 
f 3801 3802 4159 
f 4009 4159 3802 
f 4072 4030 4084 
f 3746 3748 4084 
f 4106 4110 4084 
f 3746 4084 4110 
f 4137 4138 4139 
f 4119 4139 4138 
f 4137 4058 4138 
f 4119 4138 4101 
f 4069 4067 4075 
f 4076 4075 4067 
f 4104 4060 4150 
f 4096 4150 4060 
f 4002 4157 4045 
f 4046 4045 4157 
f 4002 4001 4157 
f 4046 4157 4156 
f 4010 4160 4011 
f 4008 4011 4160 
f 4010 4111 4160 
f 4111 4161 4160 
f 3815 4162 4022 
f 4112 4022 4162 
f 3815 4147 4162 
f 4112 4162 4147 
f 3964 4074 4154 
f 4092 4154 4074 
f 3957 4163 4021 
f 4022 4021 4163 
f 3957 3662 4163 
f 4144 4161 4164 
f 3801 4144 4164 
f 4118 3920 4164 
f 3801 4164 3920 
f 3662 3813 4163 
f 4022 4163 3813 
f 4119 4121 4155 
f 4050 4155 4121 
f 4119 4090 4121 
f 4050 4121 4120 
f 4016 4165 4166 
f 4007 4016 4166 
f 4011 4008 4166 
f 4007 4166 4008 
f 4126 3994 4016 
f 4014 4016 3994 
f 3902 4139 3893 
f 4119 3893 4139 
f 4020 4167 4148 
f 4112 4148 4167 
f 4020 4022 4167 
f 4112 4167 4022 
f 4086 4085 4129 
f 4049 4086 4129 
f 4079 3836 4129 
f 3836 3753 4129 
f 4015 4165 4016 
f 4011 4166 4165 
f 4015 4078 4165 
f 4011 4165 4078 
f 4122 4124 4123 
f 3960 4122 4123 
f 4033 3868 4123 
f 3960 4123 3868 
f 4118 4161 4111 
f 4008 4160 4161 
f 4118 4164 4161 
f 4008 4161 4144 
f 4098 4113 4135 
f 4099 4098 4135 
f 3983 4109 4135 
f 4109 4044 4135 
f 4128 4168 4127 
f 4053 4127 4168 
f 4053 4168 4052 
f 4128 4029 4168 
f 4052 4168 4029 
f 4017 4131 4018 
f 4087 4018 4131 
f 4151 4153 3985 
f 3987 3985 4153 
f 4151 4061 4153 
f 3987 4153 4152 
f 3311 3310 3957 
f 4169 4170 4171 
f 4172 4173 4174 
f 3508 4175 3464 
f 4176 4177 3967 
f 4178 3599 3435 
f 3599 4179 3447 
f 4180 4181 4182 
f 4183 4184 4185 
f 4186 4187 4188 
f 4189 3545 3447 
f 4190 4187 4191 
f 4192 4193 4191 
f 4191 4193 4190 
f 4192 4194 4195 
f 4196 4197 4194 
f 3545 4198 3555 
f 3545 4189 4198 
f 4192 4195 4193 
f 4199 4200 4196 
f 4197 4195 4194 
f 4196 4200 4197 
f 4201 4202 4203 
f 4204 4205 4206 
f 4207 4208 4209 
f 4173 4172 4210 
f 4211 4172 4174 
f 4183 4181 4188 
f 4189 3447 4185 
f 4212 3996 4213 
f 4214 4215 4216 
f 3998 4217 4213 
f 3998 4077 4217 
f 4218 4219 4220 
f 4221 4222 4223 
f 4224 4225 4226 
f 3537 4225 3617 
f 3590 3581 4227 
f 4078 4015 4228 
f 4224 4226 4228 
f 3451 4229 3623 
f 4230 4231 4232 
f 4233 4234 4020 
f 4105 4235 4020 
f 4236 4237 4238 
f 4209 4237 4176 
f 4239 4240 4241 
f 4141 4143 4242 
f 4243 4244 3415 
f 4222 4221 4245 
f 4246 4247 4248 
f 4213 4248 4247 
f 4249 4250 4251 
f 3588 4252 3415 
f 4220 4253 4254 
f 4218 4220 4254 
f 4255 4230 4254 
f 4218 4254 4230 
f 3965 4256 4053 
f 4236 4256 4237 
f 4221 4257 4245 
f 4258 4245 4257 
f 4258 4257 4259 
f 4238 4208 4260 
f 4238 4261 4236 
f 4238 4260 4261 
f 4262 4263 3329 
f 4264 4265 4219 
f 4264 4266 4265 
f 4267 4268 4245 
f 4076 4133 4259 
f 4248 4269 4270 
f 4246 4248 4270 
f 4221 4223 4270 
f 4236 4271 4256 
f 4221 4217 4272 
f 4272 4273 4257 
f 4221 4272 4257 
f 4222 4175 4223 
f 3327 4223 4175 
f 4222 3464 4175 
f 3327 4175 3508 
f 4274 4275 4261 
f 4236 4261 4275 
f 4274 4276 4275 
f 4232 4271 4275 
f 4277 4278 4279 
f 3408 3625 4280 
f 4274 4281 4243 
f 4260 4282 4281 
f 4274 4261 4281 
f 4260 4281 4261 
f 4283 4206 4284 
f 4211 4174 4284 
f 4201 4285 4286 
f 4286 4170 4201 
f 4185 3447 4179 
f 4183 4185 4179 
f 3599 4178 4179 
f 4219 4287 4220 
f 4288 4253 4287 
f 4219 4265 4287 
f 4288 4287 4265 
f 4218 4230 4289 
f 4274 4243 4289 
f 4290 4286 4291 
f 4292 4293 4249 
f 4054 4242 4143 
f 3623 4294 3536 
f 4208 4250 4260 
f 4295 4208 4207 
f 4258 4296 4245 
f 4297 4298 4280 
f 4241 4266 4297 
f 3577 4299 3609 
f 4300 4180 4182 
f 4301 4300 4182 
f 4218 4227 4219 
f 3435 4302 4178 
f 3435 3516 4302 
f 3516 4303 4302 
f 4304 4169 4171 
f 4202 4170 4169 
f 4304 4305 4169 
f 4174 4306 4169 
f 4227 4252 3590 
f 4307 4308 4267 
f 3463 4308 3624 
f 4290 4170 4286 
f 4202 4201 4170 
f 4290 4309 4170 
f 4309 4171 4170 
f 4297 4278 4241 
f 4297 4310 4278 
f 4231 4311 4312 
f 4242 4311 4255 
f 4312 4232 4231 
f 4255 4231 4230 
f 3496 3646 4282 
f 4293 4313 4260 
f 4200 4314 4285 
f 4315 4316 4115 
f 4178 4302 4182 
f 4317 4299 4318 
f 4317 4318 4216 
f 4310 4319 4307 
f 3996 4212 3993 
f 4320 4212 4247 
f 4180 4188 4181 
f 4178 4182 4181 
f 4183 4179 4181 
f 4178 4181 4179 
f 4203 4306 4173 
f 4174 4173 4306 
f 4203 4202 4306 
f 4202 4169 4306 
f 4277 4279 4321 
f 4277 4321 4322 
f 3993 4212 4214 
f 4320 4214 4212 
f 3329 3610 4262 
f 4246 4323 4262 
f 4230 4276 4289 
f 4274 4289 4276 
f 4230 4232 4276 
f 4232 4275 4276 
f 4206 4205 4284 
f 4211 4284 4205 
f 4240 4265 4266 
f 4241 4240 4266 
f 4264 4298 4266 
f 4298 4297 4266 
f 3496 4303 3516 
f 4292 4302 4303 
f 4303 4313 4292 
f 4317 4324 4299 
f 4262 4325 4246 
f 4221 4269 4217 
f 4213 4217 4269 
f 4221 4270 4269 
f 4213 4269 4248 
f 4127 4326 4056 
f 4246 4270 4323 
f 4223 4323 4270 
f 4220 4287 4253 
f 4255 4254 4253 
f 4255 4253 4242 
f 4240 4288 4265 
f 4324 4215 4327 
f 4246 4324 4327 
f 4320 4247 4327 
f 4246 4327 4247 
f 4320 4215 4214 
f 4317 4216 4215 
f 4320 4327 4215 
f 4317 4215 4324 
f 4174 4305 4284 
f 4283 4284 4305 
f 4174 4169 4305 
f 4283 4305 4304 
f 4183 4188 4187 
f 4184 4183 4187 
f 4186 4191 4187 
f 4184 4187 4190 
f 4280 4319 4297 
f 4326 4328 4312 
f 4236 4275 4271 
f 4312 4271 4232 
f 4014 4329 4216 
f 4214 4216 4329 
f 4014 3993 4329 
f 4214 4329 3993 
f 4247 4212 4213 
f 3998 4213 3996 
f 4228 4330 4224 
f 4216 4318 4331 
f 4224 4331 4318 
f 4301 4332 4249 
f 4251 4301 4249 
f 4209 4333 4237 
f 4238 4237 4333 
f 4209 4208 4333 
f 4238 4333 4208 
f 4294 4229 4334 
f 4294 3623 4229 
f 4335 4336 3581 
f 4226 4334 4337 
f 4259 4133 4338 
f 4338 4339 4321 
f 4243 4252 4289 
f 4243 3415 4252 
f 3588 3590 4252 
f 3311 4234 3450 
f 3311 3957 4234 
f 4242 4054 4311 
f 4326 4312 4311 
f 4231 4255 4311 
f 4299 4340 4318 
f 4133 4339 4338 
f 4339 4341 4321 
f 4133 4130 4339 
f 4012 4235 4105 
f 4233 4020 4235 
f 4012 4337 4235 
f 4324 4246 4325 
f 4299 4324 4325 
f 4262 3610 4325 
f 4021 4020 4234 
f 3957 4021 4234 
f 4308 4319 3624 
f 4308 4307 4319 
f 4310 4297 4319 
f 4225 3537 4342 
f 4294 4334 4342 
f 4267 4296 4307 
f 4278 4310 4279 
f 4141 4242 4343 
f 4141 4343 4146 
f 3581 3408 4335 
f 4344 4335 3408 
f 4280 4344 3408 
f 4331 4224 4330 
f 4216 4331 4330 
f 4228 4015 4330 
f 4288 4345 4253 
f 4242 4253 4345 
f 4288 4343 4345 
f 4242 4345 4343 
f 4334 4226 4342 
f 4225 4342 4226 
f 4264 4336 4335 
f 4227 3581 4336 
f 4264 4219 4336 
f 4227 4336 4219 
f 4015 4346 4330 
f 4216 4330 4346 
f 4015 4014 4346 
f 4216 4346 4014 
f 4217 4077 4273 
f 4259 4257 4273 
f 4217 4273 4272 
f 4289 4347 4218 
f 4227 4218 4347 
f 4289 4252 4347 
f 4227 4347 4252 
f 4321 4279 4338 
f 4299 4348 3609 
f 3610 3609 4348 
f 4299 4325 4348 
f 3610 4348 4325 
f 4239 4315 4349 
f 4288 4240 4349 
f 4239 4349 4240 
f 4116 4350 4039 
f 4322 4341 4350 
f 4322 4350 4239 
f 4012 4351 4337 
f 4012 4078 4351 
f 4228 4351 4078 
f 4326 4352 4056 
f 4054 4056 4352 
f 4326 4311 4352 
f 4054 4352 4311 
f 4337 4334 4353 
f 4233 4235 4353 
f 4337 4353 4235 
f 4222 4268 3464 
f 4222 4245 4268 
f 4308 4268 4267 
f 4233 4354 4234 
f 3450 4234 4354 
f 3450 4354 3451 
f 4264 4335 4298 
f 3537 4355 4342 
f 4294 4342 4355 
f 3537 3536 4355 
f 4294 4355 3536 
f 4259 4338 4258 
f 4279 4258 4338 
f 4337 4356 4226 
f 4228 4226 4356 
f 4337 4351 4356 
f 4228 4356 4351 
f 3496 4313 4303 
f 4293 4292 4313 
f 3496 4282 4313 
f 4282 4260 4313 
f 4340 4357 4358 
f 4318 4340 4358 
f 4225 4224 4358 
f 4318 4358 4224 
f 4288 4349 4343 
f 4315 4359 4349 
f 4241 4277 4239 
f 4322 4239 4277 
f 4241 4278 4277 
f 3965 4177 4256 
f 4237 4256 4177 
f 3965 3967 4177 
f 4237 4177 4176 
f 4077 4360 4273 
f 4259 4273 4360 
f 4077 4076 4360 
f 4259 4360 4076 
f 4292 4249 4332 
f 4302 4292 4332 
f 4301 4182 4332 
f 4302 4332 4182 
f 3423 4357 4340 
f 4225 4358 4357 
f 3423 3617 4357 
f 4225 4357 3617 
f 4299 4361 4340 
f 3423 4340 4361 
f 4299 3577 4361 
f 3423 4361 3577 
f 4328 4362 4256 
f 4256 4271 4328 
f 4271 4312 4328 
f 4293 4250 4249 
f 4295 4251 4250 
f 4293 4260 4250 
f 4295 4250 4208 
f 4326 4362 4328 
f 4053 4256 4362 
f 4326 4127 4362 
f 4053 4362 4127 
f 4233 4353 4229 
f 4334 4229 4353 
f 3451 4354 4229 
f 4233 4229 4354 
f 3646 3415 4244 
f 4282 3646 4244 
f 4243 4281 4244 
f 4282 4244 4281 
f 4130 4341 4339 
f 4322 4321 4341 
f 4130 4039 4341 
f 4039 4350 4341 
f 4116 4316 4350 
f 4239 4350 4316 
f 4116 4115 4316 
f 4239 4316 4315 
f 4286 4314 4291 
f 4199 4291 4314 
f 4286 4285 4314 
f 4199 4314 4200 
f 4280 4298 4344 
f 4335 4344 4298 
f 4310 4307 4296 
f 4279 4310 4296 
f 4267 4245 4296 
f 4279 4296 4258 
f 4308 4363 4268 
f 3464 4268 4363 
f 4308 3463 4363 
f 3464 4363 3463 
f 4280 3625 4319 
f 3624 4319 3625 
f 4323 4263 4262 
f 3327 3329 4263 
f 4323 4223 4263 
f 3327 4263 4223 
f 4146 4359 4115 
f 4315 4115 4359 
f 4146 4343 4359 
f 4343 4349 4359 
f 4364 4365 4366 
f 4367 4368 4369 
f 4370 4371 4372 
f 4373 4374 4375 
f 4376 4377 4378 
f 4377 4379 4366 
f 4380 4381 4382 
f 4383 4384 4385 
f 4386 4387 4388 
f 4389 4390 4368 
f 4391 4392 4393 
f 4394 4395 4396 
f 4397 4385 4384 
f 4398 4389 4399 
f 4400 3333 3335 
f 4401 4402 4403 
f 3336 3583 4404 
f 4405 4406 4407 
f 4400 3336 4408 
f 4389 4398 4409 
f 4368 4399 4389 
f 4410 4411 4383 
f 4412 4413 4414 
f 4372 4415 4416 
f 4417 4418 4419 
f 4420 3333 4400 
f 4421 4422 4423 
f 4400 4367 4420 
f 4424 4376 4371 
f 4425 4422 4365 
f 4366 4422 4426 
f 4364 4366 4379 
f 4366 4365 4422 
f 4369 4427 4367 
f 4390 4428 4369 
f 4423 4428 4390 
f 4429 4380 4382 
f 4430 4424 4371 
f 4370 4430 4371 
f 4370 4431 4432 
f 4392 4433 4404 
f 4376 4379 4377 
f 4434 4435 4388 
f 4436 4401 4437 
f 4386 4435 4397 
f 4438 4432 4439 
f 4364 4379 4440 
f 4431 4401 4432 
f 4385 4402 4383 
f 4419 4405 4441 
f 4406 4373 4375 
f 4373 4442 4443 
f 4423 4389 4409 
f 4444 4445 4446 
f 3336 4404 4408 
f 4430 4370 4438 
f 4371 4447 4372 
f 4448 4449 4450 
f 4449 4448 4451 
f 4451 4452 4449 
f 4423 4390 4389 
f 4453 4421 4409 
f 4376 4440 4379 
f 3526 4393 3583 
f 4390 4369 4368 
f 4440 4376 4424 
f 4376 4447 4371 
f 4437 4403 4435 
f 4426 4422 4421 
f 4370 4432 4438 
f 4454 4383 4402 
f 4455 4378 4456 
f 4421 4453 4456 
f 4420 4367 4427 
f 4408 4368 4367 
f 4382 4412 4457 
f 4381 4458 4459 
f 4399 4392 4398 
f 4433 4368 4408 
f 4391 3526 3331 
f 4399 4433 4392 
f 4382 4413 4412 
f 4460 4461 4462 
f 4463 4398 4464 
f 3331 4396 4391 
f 3583 4393 4404 
f 4404 4393 4392 
f 4368 4433 4399 
f 4408 4404 4433 
f 4457 4462 4382 
f 4454 4402 4416 
f 4415 4455 4380 
f 4409 4398 4463 
f 4464 4398 4392 
f 4464 4392 4391 
f 4463 4453 4409 
f 4409 4421 4423 
f 4465 4463 4464 
f 4366 4426 4377 
f 4453 4466 4456 
f 4466 4458 4456 
f 4391 4393 3526 
f 4457 4467 4462 
f 4460 4462 4467 
f 4468 4469 4470 
f 4382 4462 4461 
f 4429 4382 4461 
f 4470 4460 4468 
f 4454 4416 4429 
f 4372 4416 4431 
f 4461 4410 4454 
f 4403 4402 4385 
f 4370 4372 4431 
f 4415 4372 4447 
f 4401 4431 4402 
f 4416 4402 4431 
f 4460 4470 4410 
f 4384 4411 4471 
f 4472 4417 4473 
f 4441 4407 4474 
f 4475 4384 4471 
f 4461 4454 4429 
f 4383 4454 4410 
f 4411 4476 4477 
f 4441 4405 4407 
f 4386 4397 4474 
f 4411 4384 4383 
f 4397 4384 4475 
f 4411 4477 4471 
f 4419 4441 4478 
f 4474 4397 4475 
f 4397 4435 4403 
f 4474 4475 4441 
f 4474 4407 4386 
f 4475 4471 4478 
f 4417 4419 4478 
f 4388 4435 4386 
f 4418 4417 4472 
f 4475 4478 4441 
f 4418 4479 4419 
f 4471 4477 4478 
f 4478 4477 4417 
f 4461 4460 4410 
f 4467 4468 4460 
f 4476 4470 4469 
f 4477 4476 4417 
f 4480 4473 4476 
f 4473 4480 4481 
f 4476 4473 4417 
f 4472 4473 4482 
f 4482 4473 4481 
f 4367 4400 4408 
f 3336 4400 3335 
f 4405 4483 4406 
f 4373 4406 4483 
f 4374 4373 4443 
f 4387 4484 4374 
f 4406 4375 4407 
f 4397 4403 4385 
f 4437 4435 4434 
f 4436 4437 4434 
f 4401 4403 4437 
f 4413 4382 4381 
f 4459 4413 4381 
f 4380 4455 4458 
f 4378 4455 4447 
f 4421 4456 4426 
f 4377 4426 4456 
f 4458 4466 4459 
f 4466 4463 4459 
f 4465 4485 4459 
f 4458 4381 4380 
f 4453 4463 4466 
f 4486 4485 4465 
f 4413 4459 4485 
f 4463 4465 4459 
f 4456 4458 4455 
f 4455 4415 4447 
f 4429 4416 4415 
f 4469 4480 4476 
f 4487 4488 4489 
f 4482 4490 4472 
f 4481 4489 4482 
f 4485 4414 4413 
f 4415 4380 4429 
f 4376 4378 4447 
f 4456 4378 4377 
f 3331 3330 4396 
f 4394 4396 3330 
f 4491 4492 4493 
f 4494 4495 4444 
f 4491 4442 4496 
f 4497 4498 4499 
f 4418 4490 4500 
f 4418 4472 4490 
f 4482 4489 4490 
f 4500 4501 4418 
f 4500 4499 4501 
f 4483 4479 4501 
f 4418 4501 4479 
f 4483 4405 4479 
f 4405 4419 4479 
f 4502 4503 4504 
f 4505 4506 4507 
f 4504 4508 4509 
f 4510 4511 4512 
f 4513 4514 4512 
f 4515 4503 4507 
f 4516 4517 4518 
f 4487 4509 4519 
f 4515 4507 4506 
f 4509 4508 4519 
f 4508 4520 4519 
f 4521 4522 4523 
f 4524 4525 4526 
f 4527 4528 4529 
f 4530 4446 4445 
f 4531 4530 4445 
f 4444 4532 4445 
f 4532 4533 4445 
f 4534 4525 4524 
f 4534 4514 4525 
f 4514 4535 4525 
f 4536 4537 4538 
f 4527 4539 4540 
f 4532 4444 4495 
f 4541 4495 4494 
f 4536 4510 4542 
f 4541 4543 4542 
f 4493 4442 4491 
f 4483 4496 4442 
f 4493 4544 4442 
f 4528 4545 4529 
f 4546 4547 4529 
f 4538 4539 4547 
f 4546 4548 4547 
f 4538 4547 4518 
f 4499 4496 4501 
f 4483 4501 4496 
f 4537 4540 4539 
f 4538 4537 4539 
f 4527 4529 4539 
f 4529 4547 4539 
f 4516 4549 4515 
f 4531 4445 4533 
f 4534 4531 4533 
f 4534 4533 4514 
f 4550 4551 4552 
f 4553 4550 4552 
f 4553 4552 4545 
f 4540 4537 4543 
f 4545 4552 4529 
f 4546 4529 4552 
f 4536 4542 4537 
f 4542 4543 4537 
f 4490 4489 4488 
f 4500 4490 4488 
f 4487 4519 4488 
f 4519 4554 4488 
f 4516 4518 4555 
f 4516 4555 4549 
f 4553 4492 4550 
f 4553 4556 4492 
f 4556 4493 4492 
f 4541 4557 4495 
f 4510 4558 4557 
f 4541 4542 4557 
f 4510 4557 4542 
f 4518 4547 4548 
f 4559 4520 4548 
f 4518 4548 4555 
f 4559 4554 4519 
f 4500 4488 4554 
f 4500 4554 4499 
f 4523 4560 4521 
f 4523 4506 4560 
f 4505 4560 4506 
f 4497 4550 4498 
f 4491 4496 4498 
f 4496 4499 4498 
f 4522 4526 4525 
f 4523 4522 4525 
f 4476 4411 4470 
f 4411 4410 4470 
f 4555 4548 4520 
f 4549 4555 4520 
f 4559 4519 4520 
f 4549 4520 4508 
f 4521 4560 4561 
f 4505 4561 4560 
f 4497 4551 4550 
f 4546 4552 4551 
f 4497 4562 4551 
f 4550 4492 4498 
f 4491 4498 4492 
f 4559 4562 4554 
f 4499 4554 4562 
f 4559 4563 4562 
f 4499 4562 4497 
f 4546 4563 4548 
f 4559 4548 4563 
f 4546 4551 4563 
f 4551 4562 4563 
f 4536 4511 4510 
f 4513 4512 4511 
f 4516 4564 4511 
f 4495 4557 4558 
f 4532 4495 4558 
f 4510 4512 4558 
f 4512 4565 4558 
f 4401 4566 4432 
f 4439 4432 4566 
f 4401 4436 4566 
f 4439 4566 4436 
f 4514 4565 4512 
f 4532 4558 4565 
f 4514 4533 4565 
f 4532 4565 4533 
f 4486 4395 4394 
f 4391 4396 4395 
f 4391 4395 4464 
f 4464 4395 4465 
f 4486 4465 4395 
f 4513 4511 4564 
f 4506 4513 4564 
f 4516 4515 4564 
f 4506 4564 4515 
f 4526 4522 4567 
f 4521 4567 4522 
f 4513 4535 4514 
f 4523 4525 4535 
f 4513 4506 4535 
f 4523 4535 4506 
f 4508 4504 4503 
f 4549 4508 4503 
f 4502 4507 4503 
f 4549 4503 4515 
f 4536 4517 4511 
f 4516 4511 4517 
f 4536 4538 4517 
f 4538 4518 4517 
f 4544 4443 4442 
f 4483 4442 4373 
f 4375 4374 4484 
f 4407 4375 4484 
f 4387 4386 4484 
f 4407 4484 4386 
f 4423 4568 4428 
f 4425 4428 4568 
f 4423 4422 4568 
f 4425 4568 4422 
f 4569 4570 4571 
f 4572 4573 4574 
f 4570 4572 4571 
f 4571 4575 4569 
f 4576 4577 4578 
f 4571 4578 4575 
f 4579 4580 4577 
f 4581 4582 4579 
f 4583 4582 4584 
f 4585 4583 4586 
f 4585 4587 4588 
f 4586 4587 4585 
f 4589 4583 4584 
f 4582 4581 4590 
f 4591 4592 4593 
f 4594 4595 4596 
f 4594 4597 4598 
f 4599 4598 4597 
f 4598 4600 4595 
f 4599 4597 4601 
f 4601 4602 4599 
f 4601 4603 4602 
f 4604 4602 4603 
f 4603 4605 4604 
f 4606 4607 4608 
f 4607 4606 4605 
f 4605 4606 4604 
f 4608 4609 4610 
f 4608 4607 4609 
f 4610 4611 4612 
f 4610 4609 4611 
f 4612 4611 4613 
f 4572 4570 4573 
f 4569 4573 4570 
f 4580 4569 4575 
f 4575 4578 4577 
f 4575 4577 4580 
f 4576 4581 4577 
f 4590 4581 4614 
f 4576 4614 4581 
f 4579 4577 4581 
f 4614 4615 4590 
f 4589 4584 4615 
f 4615 4616 4589 
f 4614 4616 4615 
f 4616 4587 4589 
f 4582 4590 4584 
f 4584 4590 4615 
f 4616 4617 4587 
f 4583 4589 4586 
f 4587 4586 4589 
f 4588 4587 4617 
f 4617 4618 4588 
f 4619 4588 4618 
f 4585 4588 4620 
f 4618 4621 4619 
f 4588 4619 4620 
f 4622 4619 4621 
f 4620 4619 4623 
f 4621 4624 4622 
f 4592 4623 4622 
f 4625 4622 4624 
f 4619 4622 4623 
f 4624 4626 4625 
f 4625 4593 4592 
f 4622 4625 4592 
f 4593 4625 4626 
f 4626 4627 4593 
f 4596 4591 4627 
f 4600 4591 4596 
f 4593 4627 4591 
f 4600 4596 4595 
f 4598 4595 4594 
f 4628 4629 4630 
f 4631 4632 4633 
f 4634 4635 4636 
f 4637 4635 4634 
f 4610 4638 4639 
f 4640 4641 4642 
f 4643 4644 4645 
f 4646 4647 4648 
f 4649 4650 4651 
f 4652 4648 4653 
f 4652 4646 4648 
f 4654 4655 4638 
f 4612 4638 4610 
f 4602 4656 4599 
f 4604 4606 4657 
f 4599 4656 4658 
f 4659 4660 4608 
f 4604 4657 4661 
f 4602 4662 4656 
f 4639 4663 4659 
f 4639 4664 4663 
f 4665 4666 4667 
f 4668 4669 4592 
f 4670 4671 4672 
f 4670 4672 4673 
f 4674 4675 4676 
f 4676 4677 4678 
f 4600 4679 4591 
f 4670 4673 4680 
f 4623 4669 4681 
f 4623 4681 4620 
f 4639 4682 4664 
f 4683 4644 4684 
f 4685 4686 4687 
f 4688 4689 4640 
f 4599 4690 4598 
f 4599 4658 4690 
f 4691 4692 4693 
f 4694 4675 4695 
f 4694 4695 4688 
f 4667 4696 4697 
f 4674 4676 4628 
f 4670 4692 4671 
f 4691 4698 4692 
f 4670 4699 4692 
f 4628 4700 4701 
f 4628 4701 4674 
f 4635 4637 4702 
f 4656 4703 4704 
f 4569 4705 4573 
f 4706 4707 4700 
f 4708 4709 4673 
f 4701 4710 4711 
f 4674 4701 4711 
f 4674 4711 4712 
f 4713 4707 4714 
f 4707 4715 4714 
f 4688 4695 4716 
f 4695 4717 4716 
f 4674 4718 4675 
f 4674 4712 4718 
f 4719 4702 4720 
f 4721 4702 4719 
f 4637 4720 4702 
f 4600 4598 4722 
f 4723 4724 4650 
f 4724 4651 4650 
f 4620 4725 4585 
f 4726 4727 4725 
f 4649 4728 4650 
f 4646 4729 4728 
f 4730 4644 4731 
f 4649 4651 4731 
f 4730 4731 4651 
f 4685 4643 4645 
f 4730 4645 4644 
f 4685 4687 4643 
f 4644 4643 4684 
f 4732 4642 4641 
f 4686 4732 4641 
f 4640 4733 4641 
f 4686 4641 4687 
f 4633 4694 4734 
f 4640 4642 4734 
f 4633 4734 4642 
f 4735 4632 4631 
f 4694 4633 4632 
f 4694 4632 4675 
f 4620 4681 4725 
f 4681 4736 4725 
f 4737 4630 4629 
f 4678 4737 4629 
f 4628 4676 4629 
f 4678 4629 4676 
f 4738 4739 4630 
f 4628 4630 4739 
f 4628 4739 4700 
f 4640 4689 4733 
f 4740 4687 4733 
f 4687 4641 4733 
f 4713 4714 4668 
f 4591 4668 4592 
f 4741 4719 4720 
f 4742 4743 4741 
f 4744 4713 4679 
f 4591 4679 4668 
f 4580 4745 4569 
f 4746 4655 4654 
f 4639 4638 4655 
f 4746 4682 4655 
f 4639 4655 4682 
f 4569 4745 4705 
f 4747 4748 4745 
f 4670 4727 4699 
f 4670 4680 4727 
f 4749 4736 4681 
f 4726 4725 4736 
f 4749 4715 4736 
f 4726 4736 4750 
f 4735 4677 4632 
f 4675 4632 4677 
f 4735 4678 4677 
f 4675 4677 4676 
f 4721 4719 4751 
f 4738 4752 4739 
f 4700 4739 4752 
f 4738 4697 4752 
f 4722 4753 4754 
f 4600 4722 4754 
f 4712 4679 4754 
f 4600 4754 4679 
f 4706 4755 4750 
f 4756 4757 4755 
f 4706 4696 4755 
f 4696 4666 4755 
f 4598 4758 4722 
f 4759 4722 4758 
f 4598 4690 4758 
f 4690 4760 4758 
f 4644 4761 4731 
f 4649 4731 4761 
f 4644 4683 4761 
f 4683 4762 4761 
f 4759 4760 4716 
f 4759 4758 4760 
f 4658 4760 4690 
f 4705 4745 4748 
f 4721 4705 4748 
f 4747 4763 4748 
f 4721 4748 4702 
f 4675 4717 4695 
f 4759 4716 4717 
f 4675 4718 4717 
f 4759 4717 4718 
f 4640 4764 4688 
f 4694 4688 4764 
f 4640 4734 4764 
f 4694 4764 4734 
f 4765 4574 4751 
f 4700 4710 4701 
f 4713 4711 4710 
f 4700 4707 4710 
f 4713 4710 4707 
f 4746 4647 4682 
f 4646 4682 4647 
f 4746 4766 4647 
f 4766 4648 4647 
f 4635 4698 4636 
f 4691 4636 4698 
f 4635 4671 4698 
f 4671 4692 4698 
f 4702 4748 4763 
f 4635 4702 4763 
f 4635 4763 4671 
f 4712 4744 4679 
f 4668 4679 4713 
f 4712 4711 4744 
f 4713 4744 4711 
f 4574 4573 4751 
f 4646 4767 4682 
f 4664 4682 4767 
f 4646 4728 4767 
f 4728 4762 4767 
f 4756 4699 4757 
f 4726 4750 4757 
f 4750 4755 4757 
f 4760 4658 4716 
f 4759 4753 4722 
f 4712 4754 4753 
f 4759 4718 4753 
f 4712 4753 4718 
f 4573 4705 4751 
f 4721 4751 4705 
f 4661 4704 4703 
f 4659 4663 4768 
f 4762 4683 4663 
f 4747 4769 4763 
f 4671 4763 4769 
f 4747 4745 4769 
f 4671 4769 4672 
f 4664 4762 4663 
f 4649 4761 4762 
f 4582 4708 4579 
f 4608 4770 4659 
f 4639 4659 4770 
f 4608 4610 4770 
f 4639 4770 4610 
f 4665 4693 4666 
f 4756 4755 4666 
f 4696 4667 4666 
f 4664 4767 4762 
f 4649 4762 4728 
f 4650 4728 4729 
f 4723 4650 4729 
f 4646 4652 4729 
f 4723 4729 4652 
f 4661 4662 4604 
f 4602 4604 4662 
f 4661 4703 4662 
f 4703 4656 4662 
f 4716 4689 4688 
f 4716 4658 4689 
f 4684 4771 4683 
f 4657 4771 4661 
f 4708 4673 4772 
f 4708 4772 4579 
f 4684 4740 4771 
f 4771 4740 4661 
f 4704 4661 4740 
f 4704 4689 4656 
f 4658 4656 4689 
f 4771 4657 4768 
f 4663 4683 4768 
f 4771 4768 4683 
f 4585 4773 4583 
f 4680 4583 4773 
f 4585 4725 4773 
f 4672 4774 4673 
f 4745 4580 4772 
f 4579 4772 4580 
f 4700 4775 4706 
f 4696 4706 4775 
f 4700 4752 4775 
f 4776 4743 4742 
f 4719 4741 4743 
f 4719 4743 4751 
f 4772 4673 4774 
f 4745 4772 4774 
f 4672 4769 4774 
f 4745 4774 4769 
f 4725 4727 4773 
f 4680 4773 4727 
f 4680 4709 4583 
f 4582 4583 4709 
f 4680 4673 4709 
f 4582 4709 4708 
f 4699 4727 4757 
f 4726 4757 4727 
f 4751 4777 4765 
f 4776 4765 4777 
f 4751 4743 4777 
f 4776 4777 4743 
f 4696 4775 4697 
f 4752 4697 4775 
f 4692 4699 4756 
f 4666 4693 4756 
f 4692 4756 4693 
f 4750 4736 4715 
f 4706 4750 4715 
f 4749 4714 4715 
f 4706 4715 4707 
f 4689 4704 4733 
f 4740 4733 4704 
f 4768 4660 4659 
f 4606 4608 4660 
f 4768 4657 4660 
f 4606 4660 4657 
f 4749 4681 4669 
f 4714 4749 4669 
f 4623 4592 4669 
f 4714 4669 4668 
f 4643 4778 4684 
f 4740 4684 4778 
f 4643 4687 4778 
f 4740 4778 4687 
f 4634 4779 4780 
f 4636 4779 4634 
f 4732 4781 4642 
f 4782 4783 4633 
f 4724 4784 4651 
f 4785 4786 4652 
f 4787 4788 4785 
f 4653 4785 4652 
f 4789 4790 4791 
f 4791 4790 4792 
f 4792 4793 4791 
f 4665 4794 4693 
f 4792 4795 4796 
f 4792 4797 4795 
f 4798 4794 4667 
f 4799 4800 4801 
f 4799 4801 4802 
f 4803 4804 4805 
f 4735 4806 4678 
f 4799 4807 4800 
f 4808 4809 4810 
f 4808 4810 4811 
f 4792 4796 4812 
f 4797 4813 4814 
f 4813 4815 4816 
f 4817 4818 4819 
f 4820 4821 4822 
f 4820 4822 4823 
f 4824 4825 4693 
f 4826 4827 4828 
f 4826 4829 4827 
f 4782 4828 4830 
f 4782 4830 4805 
f 4737 4678 4804 
f 4831 4832 4685 
f 4833 4829 4831 
f 4667 4697 4798 
f 4834 4835 4798 
f 4802 4836 4825 
f 4799 4802 4825 
f 4691 4693 4825 
f 4799 4825 4824 
f 4820 4837 4838 
f 4820 4823 4837 
f 4779 4839 4780 
f 4840 4841 4827 
f 4828 4827 4841 
f 4807 4842 4800 
f 4833 4843 4829 
f 4844 4838 4845 
f 4844 4845 4846 
f 4847 4848 4849 
f 4828 4850 4830 
f 4851 4852 4850 
f 4803 4805 4853 
f 4851 4854 4853 
f 4851 4855 4854 
f 4856 4857 4855 
f 4856 4855 4821 
f 4833 4858 4843 
f 4723 4784 4724 
f 4819 4651 4784 
f 4859 4860 4861 
f 4819 4784 4862 
f 4784 4863 4862 
f 4819 4864 4651 
f 4730 4651 4864 
f 4819 4818 4864 
f 4730 4864 4818 
f 4826 4781 4829 
f 4826 4642 4781 
f 4686 4781 4732 
f 4865 4839 4866 
f 4633 4867 4782 
f 4633 4642 4867 
f 4826 4867 4642 
f 4782 4805 4783 
f 4735 4631 4783 
f 4631 4633 4783 
f 4809 4868 4869 
f 4870 4871 4869 
f 4809 4869 4810 
f 4799 4824 4872 
f 4873 4872 4824 
f 4874 4875 4876 
f 4859 4875 4877 
f 4685 4645 4831 
f 4840 4827 4843 
f 4829 4843 4827 
f 4878 4791 4793 
f 4879 4878 4793 
f 4792 4812 4793 
f 4879 4793 4812 
f 4859 4880 4860 
f 4881 4882 4880 
f 4859 4877 4880 
f 4799 4883 4807 
f 4799 4872 4883 
f 4872 4884 4883 
f 4630 4885 4738 
f 4865 4886 4839 
f 4780 4839 4886 
f 4805 4806 4783 
f 4735 4783 4806 
f 4805 4804 4806 
f 4804 4678 4806 
f 4877 4887 4888 
f 4810 4869 4871 
f 4811 4810 4871 
f 4870 4889 4871 
f 4811 4871 4889 
f 4890 4891 4881 
f 4869 4892 4870 
f 4888 4890 4880 
f 4877 4888 4880 
f 4837 4893 4894 
f 4838 4837 4894 
f 4840 4845 4894 
f 4838 4894 4845 
f 4800 4848 4801 
f 4846 4858 4895 
f 4858 4896 4895 
f 4889 4884 4835 
f 4834 4889 4835 
f 4873 4798 4835 
f 4821 4897 4822 
f 4851 4898 4897 
f 4821 4855 4897 
f 4851 4897 4855 
f 4850 4899 4898 
f 4851 4850 4898 
f 4823 4822 4898 
f 4822 4897 4898 
f 4860 4880 4882 
f 4803 4860 4882 
f 4803 4882 4804 
f 4840 4843 4858 
f 4846 4845 4858 
f 4840 4858 4845 
f 4830 4850 4852 
f 4805 4830 4852 
f 4851 4853 4852 
f 4805 4852 4853 
f 4877 4875 4887 
f 4808 4900 4874 
f 4840 4893 4841 
f 4823 4899 4893 
f 4840 4894 4893 
f 4823 4893 4837 
f 4826 4901 4867 
f 4782 4867 4901 
f 4826 4828 4901 
f 4782 4901 4828 
f 4861 4860 4854 
f 4879 4788 4787 
f 4786 4785 4788 
f 4879 4812 4788 
f 4786 4788 4812 
f 4902 4903 4865 
f 4779 4836 4802 
f 4691 4825 4836 
f 4779 4636 4836 
f 4691 4836 4636 
f 4779 4904 4839 
f 4779 4802 4904 
f 4834 4798 4890 
f 4881 4880 4890 
f 4834 4890 4888 
f 4817 4896 4818 
f 4817 4895 4896 
f 4833 4896 4858 
f 4861 4857 4875 
f 4859 4861 4875 
f 4803 4853 4860 
f 4854 4860 4853 
f 4786 4905 4862 
f 4796 4862 4905 
f 4786 4812 4905 
f 4796 4905 4812 
f 4870 4884 4889 
f 4873 4835 4884 
f 4870 4883 4884 
f 4873 4884 4872 
f 4828 4899 4850 
f 4823 4898 4899 
f 4828 4841 4899 
f 4841 4893 4899 
f 4887 4811 4888 
f 4881 4885 4882 
f 4846 4816 4844 
f 4815 4844 4816 
f 4846 4906 4816 
f 4801 4907 4908 
f 4802 4801 4908 
f 4907 4904 4908 
f 4802 4908 4904 
f 4903 4909 4865 
f 4831 4910 4833 
f 4876 4875 4857 
f 4856 4876 4857 
f 4861 4854 4857 
f 4854 4855 4857 
f 4817 4819 4911 
f 4796 4795 4911 
f 4795 4912 4911 
f 4817 4912 4895 
f 4814 4906 4912 
f 4817 4911 4912 
f 4814 4912 4795 
f 4829 4832 4831 
f 4686 4685 4832 
f 4829 4781 4832 
f 4686 4832 4781 
f 4913 4849 4914 
f 4909 4915 4865 
f 4915 4886 4865 
f 4814 4795 4797 
f 4816 4814 4813 
f 4792 4790 4797 
f 4813 4797 4790 
f 4873 4794 4798 
f 4665 4667 4794 
f 4873 4824 4794 
f 4824 4693 4794 
f 4819 4916 4911 
f 4796 4911 4916 
f 4819 4862 4916 
f 4796 4916 4862 
f 4814 4816 4906 
f 4846 4895 4906 
f 4895 4912 4906 
f 4723 4863 4784 
f 4786 4862 4863 
f 4723 4652 4863 
f 4786 4863 4652 
f 4811 4889 4888 
f 4834 4888 4889 
f 4900 4887 4874 
f 4875 4874 4887 
f 4808 4811 4900 
f 4887 4900 4811 
f 4914 4848 4800 
f 4907 4801 4848 
f 4914 4849 4848 
f 4798 4891 4890 
f 4885 4881 4891 
f 4798 4697 4891 
f 4885 4917 4738 
f 4697 4738 4917 
f 4885 4891 4917 
f 4697 4917 4891 
f 4885 4918 4882 
f 4804 4882 4918 
f 4804 4918 4737 
f 4868 4919 4869 
f 4868 4920 4919 
f 4807 4919 4920 
f 4865 4866 4921 
f 4922 4902 4921 
f 4865 4921 4902 
f 4818 4923 4730 
f 4645 4730 4923 
f 4923 4910 4645 
f 4818 4910 4923 
f 4831 4645 4910 
f 4818 4896 4910 
f 4896 4833 4910 
f 4866 4924 4907 
f 4904 4907 4924 
f 4866 4839 4924 
f 4904 4924 4839 
f 4866 4907 4925 
f 4926 4927 4925 
f 4866 4925 4927 
f 4866 4927 4921 
f 4922 4921 4927 
f 4885 4928 4918 
f 4737 4918 4928 
f 4885 4630 4928 
f 4737 4928 4630 
f 4883 4870 4892 
f 4807 4883 4892 
f 4869 4919 4892 
f 4807 4892 4919 
f 4926 4929 4847 
f 4926 4925 4929 
f 4907 4929 4925 
f 4914 4800 4842 
f 4913 4914 4842 
f 4807 4920 4842 
f 4913 4842 4920 
f 4907 4848 4929 
f 4847 4929 4848 
f 4930 4789 4931 
f 4932 4933 4934 
f 4935 4936 4937 
f 4938 4935 4939 
f 4934 4933 4940 
f 4932 4934 4941 
f 4941 4942 4932 
f 4938 4936 4935 
f 4933 4937 4940 
f 4936 4940 4937 
f 4943 4938 4939 
f 4944 4945 4946 
f 4946 4947 4944 
f 4946 4943 4947 
f 4943 4939 4947 
f 4613 4948 4612 
f 4949 4950 4951 
f 4952 4953 4949 
f 4952 4949 4951 
f 4953 4952 4954 
f 4950 4955 4951 
f 4956 4955 4950 
f 4956 4957 4958 
f 4955 4956 4958 
f 4958 4957 4959 
f 4960 4961 4962 
f 4962 4961 4963 
f 4960 4962 4959 
f 4960 4959 4957 
f 4964 4963 4961 
f 4612 4948 4965 
f 4966 4967 2703 
f 4968 4969 4970 
f 4963 4964 4971 
f 4972 4973 4974 
f 4975 4976 4977 
f 4978 4962 4979 
f 4980 4981 4982 
f 4983 4984 4985 
f 4986 4987 4988 
f 4989 4990 4654 
f 4991 4975 4992 
f 4976 4975 4991 
f 4965 4993 4994 
f 4995 4996 4997 
f 4998 4999 5000 
f 5001 4998 5002 
f 5003 5004 5001 
f 4992 4995 4991 
f 5005 5006 5007 
f 5008 5009 4988 
f 5010 5011 5012 
f 5013 5014 5015 
f 5016 5017 5018 
f 5019 5020 5021 
f 5022 5023 5024 
f 5025 5026 5009 
f 5027 5013 5028 
f 5029 5030 4971 
f 4984 4983 4978 
f 5002 4998 5000 
f 5031 5032 5033 
f 5034 5035 5036 
f 5036 5037 5038 
f 5039 5040 5041 
f 5037 5036 5042 
f 5043 5044 5008 
f 5017 4954 4952 
f 5045 5046 5047 
f 5048 4979 5030 
f 5049 5002 5050 
f 4638 4989 4654 
f 4766 5051 4648 
f 5052 5053 5051 
f 5054 5055 5056 
f 5057 5058 4972 
f 5050 5059 5060 
f 5061 5062 5063 
f 5064 5065 5066 
f 5060 5059 5065 
f 5067 5055 5054 
f 5068 5021 5069 
f 4991 4995 5070 
f 4987 4973 5071 
f 5008 5071 5058 
f 5072 5055 5067 
f 5073 5074 5075 
f 5076 5077 5078 
f 5079 4653 4648 
f 5080 5052 5081 
f 5074 5073 5068 
f 5082 5083 5084 
f 5051 5053 5079 
f 5012 5011 5085 
f 5086 5087 5088 
f 5077 5080 5078 
f 5083 5082 5089 
f 5074 5068 5087 
f 5090 5082 5091 
f 4967 5092 2703 
f 5093 5094 5095 
f 5049 5096 5097 
f 5098 5099 5026 
f 5100 5101 5102 
f 5103 5099 5104 
f 5105 4986 5031 
f 5106 5107 5063 
f 5063 5108 5106 
f 5109 5083 5089 
f 5110 5111 5108 
f 5112 5113 5037 
f 5114 5112 5115 
f 5116 5117 5118 
f 5119 5120 5121 
f 5122 5123 5124 
f 4746 5125 4766 
f 5033 5105 5031 
f 5044 5126 5025 
f 4986 4988 5031 
f 4951 5018 4952 
f 5071 4988 4987 
f 5127 5123 5128 
f 5129 5130 5131 
f 5132 2723 5048 
f 4978 4959 4962 
f 5133 5134 5135 
f 5136 5130 5137 
f 5104 5099 5138 
f 5139 5140 5048 
f 5141 5039 5119 
f 5100 5134 5101 
f 2723 5139 5048 
f 5077 5142 5080 
f 5066 5143 5144 
f 5145 5044 5043 
f 5100 5135 5134 
f 2699 2471 5146 
f 4612 4965 4638 
f 5147 5018 4951 
f 5070 4995 5007 
f 5148 5045 5149 
f 5029 4964 5150 
f 4979 4962 4963 
f 5029 4971 4964 
f 4965 4989 4638 
f 4958 4959 4983 
f 5151 5152 4966 
f 5148 5149 5150 
f 4983 4985 4958 
f 4963 4971 4979 
f 5153 2822 5154 
f 5003 5155 5004 
f 5020 5019 5047 
f 5020 5047 5046 
f 5156 5157 5158 
f 5069 5159 5158 
f 5149 5014 5154 
f 5069 5158 5157 
f 5032 5031 4988 
f 5160 5161 4969 
f 5160 5093 5095 
f 5028 5019 5073 
f 5154 5029 5149 
f 5047 5028 5015 
f 4995 4992 4996 
f 5162 5094 5093 
f 5163 5164 5165 
f 5163 5094 5162 
f 5028 5013 5015 
f 5014 5013 2836 
f 5166 5101 5033 
f 5133 5105 5033 
f 5153 5014 2836 
f 5167 5168 5169 
f 5070 5170 4991 
f 5165 5164 5171 
f 5092 4967 5172 
f 4984 5140 5172 
f 4966 2699 5146 
f 4967 4984 5172 
f 2836 5013 5027 
f 2723 5132 2822 
f 2822 5132 5154 
f 5014 5153 5154 
f 5139 5173 5140 
f 5017 5174 4954 
f 4966 2703 2699 
f 5175 5055 5176 
f 5177 5178 5179 
f 4979 4971 5030 
f 5154 5030 5029 
f 5098 5180 5181 
f 5140 4984 4978 
f 5109 5024 5023 
f 5182 5146 2471 
f 5068 5069 5088 
f 4981 5094 5183 
f 5168 5184 5169 
f 5094 4981 4980 
f 5102 5185 5137 
f 5163 5183 5094 
f 5075 5027 5028 
f 5186 5187 5188 
f 5030 5132 5048 
f 5048 5140 4978 
f 5189 5056 5175 
f 5190 5169 5191 
f 5192 5106 5108 
f 5008 4988 5071 
f 5114 5193 5124 
f 5154 5132 5030 
f 5185 5136 5137 
f 5147 5179 5018 
f 5010 5012 5194 
f 5072 5011 5010 
f 5006 5083 5007 
f 5012 5084 5194 
f 5028 5073 5075 
f 5068 5073 5019 
f 5068 5019 5021 
f 5068 5088 5087 
f 4978 4983 4959 
f 4978 4979 5048 
f 5147 4951 4955 
f 5018 5179 5016 
f 5052 5080 5142 
f 5078 5080 5187 
f 5128 5130 5136 
f 5033 5032 5166 
f 5133 5033 5134 
f 5045 5047 5015 
f 5046 5195 5020 
f 4997 4996 5196 
f 5083 5109 5197 
f 4976 4991 5170 
f 4994 5198 5186 
f 5194 5006 5199 
f 5010 5055 5072 
f 4955 4958 4985 
f 5152 5151 5147 
f 5178 5107 5200 
f 5036 5174 5201 
f 5053 5052 5142 
f 5051 5188 5081 
f 5078 5187 5022 
f 5128 5136 5120 
f 5032 5026 5166 
f 5138 5118 5104 
f 5149 5045 5015 
f 5046 5045 5148 
f 5014 5149 5015 
f 5150 5149 5029 
f 5152 4984 4967 
f 4955 4985 5147 
f 5018 5017 4952 
f 5174 5017 5016 
f 5032 5009 5026 
f 5166 5103 5101 
f 5025 5180 5098 
f 5103 5166 5026 
f 5099 5098 5181 
f 5025 5098 5026 
f 5138 5099 5181 
f 5026 5099 5103 
f 4653 5079 5053 
f 4648 5051 5079 
f 5164 5163 5162 
f 5183 5163 5165 
f 5191 4980 4982 
f 5094 4980 5095 
f 5190 5191 4982 
f 5184 4968 4970 
f 4980 5191 5095 
f 5184 4970 5191 
f 5160 5095 5161 
f 4970 5095 5191 
f 4969 5161 4970 
f 4970 5161 5095 
f 4969 4968 5202 
f 5140 5173 5172 
f 5092 5172 5173 
f 5146 5177 4966 
f 5177 5179 5151 
f 5145 5043 5203 
f 5058 5059 5043 
f 5060 5096 5049 
f 5174 5035 4954 
f 5192 5037 5042 
f 5120 5127 5128 
f 5120 5136 5121 
f 5121 5136 5185 
f 5120 5119 5204 
f 5141 5121 5116 
f 5101 5104 5205 
f 4993 4965 4948 
f 4989 4965 4994 
f 5206 4993 4977 
f 5170 5198 4976 
f 5071 4973 4972 
f 5059 5058 5057 
f 5071 4972 5058 
f 5059 5057 5065 
f 5043 5059 5203 
f 5000 5145 5203 
f 5058 5043 5008 
f 5126 5044 4999 
f 5145 4999 5044 
f 5106 5192 5042 
f 5115 5112 5192 
f 5201 5200 5106 
f 5061 5063 5107 
f 5004 5155 5207 
f 5208 5199 5006 
f 5084 5006 5194 
f 5083 5006 5084 
f 5007 4995 5005 
f 5155 4997 5196 
f 5175 5176 5199 
f 5070 5007 5197 
f 5024 5078 5022 
f 5024 5109 5089 
f 5197 5109 5170 
f 5186 5022 5187 
f 5198 5022 5186 
f 5055 5010 5176 
f 5010 5194 5199 
f 5201 5174 5016 
f 5036 5035 5174 
f 5200 5201 5016 
f 5036 5201 5042 
f 5179 5200 5016 
f 5200 5107 5106 
f 5102 5137 5100 
f 5118 5117 5104 
f 5205 5104 5117 
f 4988 5009 5032 
f 5025 5009 5008 
f 4982 5209 5190 
f 5169 5190 5209 
f 5167 5169 5209 
f 5184 5191 5169 
f 5146 5061 5178 
f 5151 5179 5147 
f 5179 5178 5200 
f 5146 5178 5177 
f 5147 4985 5152 
f 4966 5177 5151 
f 5050 5002 5203 
f 5003 5002 5097 
f 5145 5000 4999 
f 5002 5000 5203 
f 5002 5003 5001 
f 5155 5003 5097 
f 5189 5097 5096 
f 5208 4997 5210 
f 5041 5119 5039 
f 5037 5113 5038 
f 5204 5041 5113 
f 5205 5185 5102 
f 5185 5117 5121 
f 5116 5121 5117 
f 5119 5121 5141 
f 4977 4976 5206 
f 5198 5206 4976 
f 5180 5025 5126 
f 5025 5008 5044 
f 5041 5040 5038 
f 5204 5113 5127 
f 5038 5113 5041 
f 5108 5111 5115 
f 5037 5192 5112 
f 5108 5115 5192 
f 5111 5193 5115 
f 5193 5114 5115 
f 5124 5123 5114 
f 5106 5042 5201 
f 5061 5107 5178 
f 5062 5110 5063 
f 5108 5063 5110 
f 5146 5182 5061 
f 5062 5061 5182 
f 4997 5005 4995 
f 5006 5005 5208 
f 5170 5070 5197 
f 5198 5170 5023 
f 5083 5197 5007 
f 5023 5170 5109 
f 5187 5081 5188 
f 5198 4994 5206 
f 5023 5022 5198 
f 5185 5205 5117 
f 5205 5102 5101 
f 4984 5152 4985 
f 4967 4966 5152 
f 5059 5050 5203 
f 5049 5050 5060 
f 5096 5060 5064 
f 5097 5002 5049 
f 5056 5096 5064 
f 5189 5175 5210 
f 4997 5208 5005 
f 5120 5204 5127 
f 5119 5041 5204 
f 5040 5034 5038 
f 5036 5038 5034 
f 5188 5125 4990 
f 5186 5188 4990 
f 5125 5188 5051 
f 4654 4990 4746 
f 4994 5186 4989 
f 4990 4989 5186 
f 5054 5056 5064 
f 5175 5056 5055 
f 5067 5054 5211 
f 5196 5207 5155 
f 5189 5210 5155 
f 5208 5210 5175 
f 5080 5081 5187 
f 5051 5081 5052 
f 4766 5125 5051 
f 4746 4990 5125 
f 5212 5168 5167 
f 5057 5143 5066 
f 5064 5060 5065 
f 5057 5066 5065 
f 5195 5159 5021 
f 5028 5047 5019 
f 5195 5021 5020 
f 5159 5069 5021 
f 5101 5134 5033 
f 5101 5103 5104 
f 5206 4994 4993 
f 5175 5199 5208 
f 5010 5199 5176 
f 5210 4997 5155 
f 5097 5189 5155 
f 5056 5189 5096 
f 5157 5213 5214 
f 4968 5213 5202 
f 5168 5215 5214 
f 5088 5214 5215 
f 5168 5212 5215 
f 5184 5168 4968 
f 5213 4968 5168 
f 5214 5213 5168 
f 5024 5089 5216 
f 5217 5076 5216 
f 5076 5078 5216 
f 5024 5216 5078 
f 5084 5218 5082 
f 5091 5082 5218 
f 5091 5218 5085 
f 5127 5113 5123 
f 5114 5123 5113 
f 5114 5113 5112 
f 5088 5215 5086 
f 5212 5086 5215 
f 5157 5156 5213 
f 5202 5213 5156 
f 5089 5219 5216 
f 5217 5216 5219 
f 5217 5219 5090 
f 5137 5220 5221 
f 5129 5221 5220 
f 5137 5130 5220 
f 5129 5220 5130 
f 5089 5082 5219 
f 5090 5219 5082 
f 5085 5218 5012 
f 5084 5012 5218 
f 5122 5131 5222 
f 5128 5123 5222 
f 5122 5222 5123 
f 5054 5223 5211 
f 5144 5211 5223 
f 5054 5064 5223 
f 5100 5224 5135 
f 5221 5135 5224 
f 5100 5137 5224 
f 5221 5224 5137 
f 5069 5225 5088 
f 5214 5088 5225 
f 5069 5157 5225 
f 5214 5225 5157 
f 5131 5130 5222 
f 5128 5222 5130 
f 5057 5226 5143 
f 4974 5143 5226 
f 5057 4972 5226 
f 4974 5226 4972 
f 5064 5066 5223 
f 5144 5223 5066 
f 5011 5072 5227 
f 5228 5229 5090 
f 5227 5230 5231 
f 5232 5233 5234 
f 5235 5236 5237 
f 5238 5239 5240 
f 2611 5241 2470 
f 5067 5211 5242 
f 5243 5244 4986 
f 5245 4947 5246 
f 5239 5247 5240 
f 5248 5249 5250 
f 5251 5252 5253 
f 5254 5255 4785 
f 5254 4653 5053 
f 5255 4787 4785 
f 5256 5257 5258 
f 5259 5260 5261 
f 5261 5260 5262 
f 5053 5142 5263 
f 5240 5143 4974 
f 5264 5237 5265 
f 5266 5267 5268 
f 5077 5076 5269 
f 5270 5269 5271 
f 5272 5273 5274 
f 5091 5228 5090 
f 5275 5276 5271 
f 5277 5077 5269 
f 5229 5275 5271 
f 4973 4987 5278 
f 5231 5230 5279 
f 4933 5280 4937 
f 5281 5282 5283 
f 5284 5285 5286 
f 5287 5288 5289 
f 5290 4945 5291 
f 5110 5292 5111 
f 5062 5182 5293 
f 5076 5271 5269 
f 5294 5295 5296 
f 5297 5298 5292 
f 5299 5297 5300 
f 5301 5302 5303 
f 5304 5305 5306 
f 5110 5307 5292 
f 5308 5309 5310 
f 5311 5312 5085 
f 5105 5243 4986 
f 4787 5255 5256 
f 5278 4987 5244 
f 5284 5133 5135 
f 5246 4939 5313 
f 5314 5315 5316 
f 5317 5318 5319 
f 5221 5285 5135 
f 5317 5320 5321 
f 5315 5301 5321 
f 5322 5323 5324 
f 5246 5325 5326 
f 5327 5293 5182 
f 5315 5321 5320 
f 5328 5318 5329 
f 5310 5309 5330 
f 5252 5251 5331 
f 5332 5333 5334 
f 5331 5335 5252 
f 5267 5266 5331 
f 5336 5337 5266 
f 5338 5339 5340 
f 5341 5342 5343 
f 5344 5250 5345 
f 5338 5259 5261 
f 4878 5346 4791 
f 5255 5254 5263 
f 4791 5347 4789 
f 5348 4945 4944 
f 5277 5349 5257 
f 5011 5227 5350 
f 5351 5341 5352 
f 4935 4937 5353 
f 5354 5355 5356 
f 4931 5347 5357 
f 2481 2640 5296 
f 5358 5359 5360 
f 5361 5316 5362 
f 5363 5351 5352 
f 5144 5143 5364 
f 5365 5366 5239 
f 5367 5314 5368 
f 5369 5370 5371 
f 5241 5372 5327 
f 5253 5275 5228 
f 5336 5266 5268 
f 5373 5374 5375 
f 5365 5238 5278 
f 5376 5326 5325 
f 5067 5377 5072 
f 5323 5378 5379 
f 5325 5246 5359 
f 5271 5076 5217 
f 5380 5133 5284 
f 5381 5337 5382 
f 4933 5283 5280 
f 5341 5330 5352 
f 5383 5371 5384 
f 2471 5327 5182 
f 5232 5334 5233 
f 5385 5386 5387 
f 5245 5246 5326 
f 2486 5375 5388 
f 5291 5348 5295 
f 5252 5276 5275 
f 5389 5308 5390 
f 5333 5233 5334 
f 5270 5277 5269 
f 5391 5392 5241 
f 5392 5391 5280 
f 5388 5393 2486 
f 5296 2640 5294 
f 5387 2486 5393 
f 5376 5394 2481 
f 5291 5295 5395 
f 5281 5283 4932 
f 5377 5242 5396 
f 5392 5372 5241 
f 5385 5295 5294 
f 5326 5376 5296 
f 5232 5251 5334 
f 5336 5268 5397 
f 5266 5335 5331 
f 5398 5399 5400 
f 5401 5402 5403 
f 5248 5404 5249 
f 5405 5406 5407 
f 5408 5406 5405 
f 5393 5388 5236 
f 5234 5267 5331 
f 5376 2481 5296 
f 5395 5409 5290 
f 5410 5235 5411 
f 5290 5291 5395 
f 5385 5294 5386 
f 5274 5412 5403 
f 5273 5265 5274 
f 5111 5298 5193 
f 5305 5413 5414 
f 5313 4939 4935 
f 4932 5283 4933 
f 5327 2470 5241 
f 5415 5358 5416 
f 5217 5090 5229 
f 5346 4878 5258 
f 5359 5246 5313 
f 5359 5358 5325 
f 4944 5245 5348 
f 5348 5291 4945 
f 5343 5243 5417 
f 5296 5348 5326 
f 4947 4939 5246 
f 2640 5386 5294 
f 5391 5359 5353 
f 5348 5296 5295 
f 5405 5407 5418 
f 5356 5404 5418 
f 4791 5346 5347 
f 4789 5347 4931 
f 5410 5395 5393 
f 5295 5385 5395 
f 5419 5420 5421 
f 5062 5293 5307 
f 5355 5422 5420 
f 5285 5322 5286 
f 5221 5129 5378 
f 5258 4878 4879 
f 5248 5408 5404 
f 5423 5297 5292 
f 5346 5357 5347 
f 5407 5406 5424 
f 5299 5425 5298 
f 5374 5373 5412 
f 5327 2471 2470 
f 5410 5393 5236 
f 5221 5378 5285 
f 5281 4932 4942 
f 5280 5283 5282 
f 5396 5242 5259 
f 5251 5232 5331 
f 5232 5234 5331 
f 5340 5332 5230 
f 4931 5357 5397 
f 5426 5258 5257 
f 5370 4942 5384 
f 5423 5427 5297 
f 5392 5280 5282 
f 5280 5353 4937 
f 5262 5260 5364 
f 5259 5242 5260 
f 5259 5338 5340 
f 5377 5227 5072 
f 5251 5279 5334 
f 5392 5282 5372 
f 5391 5241 5360 
f 5261 5262 5428 
f 5413 5338 5414 
f 5242 5377 5067 
f 5227 5377 5396 
f 5281 5429 5282 
f 5427 5423 5429 
f 5261 5428 5414 
f 5413 5304 5430 
f 5430 5431 5339 
f 5372 5432 5327 
f 5429 5432 5282 
f 5414 5338 5261 
f 5332 5340 5339 
f 5259 5340 5396 
f 5332 5431 5333 
f 5273 5272 5433 
f 5274 5265 5237 
f 5388 5374 5236 
f 5375 5374 5388 
f 5237 5374 5412 
f 5274 5237 5412 
f 5264 5411 5235 
f 4653 5254 4785 
f 5263 5254 5053 
f 5142 5077 5277 
f 5263 5142 5277 
f 5277 5270 5349 
f 5263 5277 5257 
f 5363 5306 5434 
f 5418 5404 5405 
f 5408 5405 5404 
f 5355 5404 5356 
f 5249 5404 5355 
f 5354 5422 5355 
f 5420 5345 5355 
f 5250 5249 5345 
f 5355 5345 5249 
f 5354 5421 5422 
f 5422 5421 5420 
f 5419 5421 5435 
f 5436 5345 5420 
f 5436 5420 5419 
f 5348 5245 5326 
f 4947 5245 4944 
f 4935 5353 5313 
f 5359 5313 5353 
f 5275 5229 5228 
f 5217 5229 5271 
f 5319 5328 5324 
f 5323 5361 5324 
f 5287 5316 5288 
f 5383 5303 5367 
f 5427 5429 5369 
f 5329 5308 5328 
f 5390 5437 5389 
f 5091 5312 5228 
f 5279 5230 5332 
f 5342 5438 5365 
f 5262 5364 5247 
f 5427 5371 5300 
f 5425 5124 5193 
f 5193 5298 5425 
f 5111 5292 5298 
f 5361 5323 5379 
f 5322 5285 5323 
f 5379 5378 5129 
f 5285 5378 5323 
f 5316 5361 5379 
f 5361 5362 5324 
f 5362 5320 5319 
f 5328 5322 5324 
f 5322 5389 5286 
f 5380 5105 5133 
f 5417 5380 5437 
f 5243 5105 5380 
f 5285 5284 5135 
f 5380 5284 5437 
f 5387 5393 5385 
f 5395 5385 5393 
f 5409 5410 5411 
f 5335 5337 5276 
f 5253 5252 5275 
f 5357 5336 5397 
f 5262 5247 5366 
f 5438 5351 5434 
f 5413 5305 5304 
f 5305 5414 5428 
f 5339 5413 5430 
f 5338 5413 5339 
f 5332 5339 5431 
f 5062 5307 5110 
f 5423 5307 5439 
f 5432 5293 5327 
f 5293 5439 5307 
f 5307 5423 5292 
f 5429 5423 5439 
f 5432 5429 5439 
f 5429 5281 5369 
f 5432 5439 5293 
f 5282 5432 5372 
f 5281 4942 5370 
f 5427 5369 5371 
f 5251 5253 5279 
f 5349 5381 5426 
f 5440 5336 5357 
f 5351 5363 5434 
f 5341 5351 5438 
f 5342 5341 5438 
f 5341 5310 5330 
f 5316 5315 5362 
f 5302 5315 5314 
f 5320 5317 5319 
f 5315 5320 5362 
f 5315 5302 5301 
f 5367 5302 5314 
f 5309 5308 5329 
f 5308 5310 5390 
f 5085 5011 5350 
f 5279 5253 5441 
f 5240 5247 5364 
f 5247 5239 5366 
f 5300 5297 5427 
f 5298 5297 5299 
f 5371 5383 5367 
f 5368 5300 5367 
f 5314 5316 5287 
f 5299 5300 5368 
f 5328 5319 5318 
f 5319 5324 5362 
f 5389 5322 5328 
f 5284 5286 5437 
f 5395 5410 5409 
f 5235 5410 5236 
f 5366 5428 5262 
f 5305 5428 5434 
f 5305 5434 5306 
f 5371 5370 5384 
f 5281 5370 5369 
f 5332 5334 5279 
f 5441 5231 5279 
f 5350 5231 5311 
f 5381 5349 5270 
f 5257 5349 5426 
f 5270 5271 5276 
f 5381 5276 5337 
f 5426 5440 5258 
f 5257 5255 5263 
f 5335 5276 5252 
f 5270 5276 5381 
f 5366 5365 5438 
f 5343 5390 5310 
f 5417 5390 5343 
f 5085 5312 5091 
f 5253 5312 5441 
f 5231 5441 5311 
f 5367 5303 5302 
f 5371 5367 5300 
f 5266 5337 5335 
f 5336 5440 5382 
f 4787 5256 4879 
f 5286 5389 5437 
f 5308 5389 5328 
f 5341 5343 5310 
f 5342 5442 5343 
f 5380 5417 5243 
f 5437 5390 5417 
f 5257 5256 5255 
f 4879 5256 5258 
f 4986 5244 4987 
f 5440 5357 5346 
f 5258 5440 5346 
f 5440 5426 5382 
f 5381 5382 5426 
f 5336 5382 5337 
f 5316 5379 5288 
f 5359 5391 5360 
f 5280 5391 5353 
f 5374 5237 5236 
f 5264 5235 5237 
f 5143 5240 5364 
f 4974 4973 5238 
f 4974 5238 5240 
f 4973 5278 5238 
f 5434 5366 5438 
f 5434 5428 5366 
f 5238 5365 5239 
f 5342 5365 5278 
f 5231 5350 5227 
f 5085 5350 5311 
f 5314 5287 5368 
f 5272 5443 5399 
f 5419 5435 5399 
f 5399 5444 5400 
f 5399 5443 5444 
f 5403 5444 5443 
f 5419 5399 5436 
f 5403 5402 5444 
f 5400 5444 5402 
f 5272 5399 5433 
f 5435 5433 5399 
f 5260 5445 5364 
f 5144 5364 5445 
f 5144 5445 5211 
f 5299 5368 5425 
f 5289 5425 5368 
f 5289 5368 5287 
f 5398 5344 5446 
f 5436 5399 5446 
f 5398 5446 5399 
f 5360 5447 5358 
f 5416 5358 5447 
f 5416 5447 2611 
f 5211 5445 5242 
f 5260 5242 5445 
f 5344 5345 5446 
f 5436 5446 5345 
f 5228 5312 5253 
f 5311 5441 5312 
f 5360 5241 5447 
f 2611 5447 5241 
f 5325 5448 5376 
f 5394 5376 5448 
f 5394 5448 5415 
f 5274 5443 5272 
f 5274 5403 5443 
f 5122 5449 5131 
f 5288 5449 5289 
f 5379 5450 5288 
f 5325 5358 5448 
f 5415 5448 5358 
f 5412 5451 5403 
f 5401 5403 5451 
f 5412 5373 5451 
f 5401 5451 5373 
f 5396 5452 5227 
f 5230 5227 5452 
f 5396 5340 5452 
f 5230 5452 5340 
f 5124 5453 5122 
f 5124 5425 5453 
f 5289 5453 5425 
f 5122 5453 5449 
f 5289 5449 5453 
f 5244 5442 5278 
f 5342 5278 5442 
f 5244 5243 5442 
f 5243 5343 5442 
f 5131 5450 5129 
f 5379 5129 5450 
f 5131 5449 5450 
f 5449 5288 5450 
f 5454 5455 5456 
f 5457 4446 5458 
f 5459 5460 5461 
f 5462 5463 5464 
f 5465 5466 5467 
f 5468 5469 5470 
f 5471 5472 5473 
f 5454 5456 5474 
f 5475 5476 5456 
f 5471 5477 5472 
f 5478 5479 4567 
f 5480 5481 5462 
f 5481 5463 5462 
f 5482 5483 5465 
f 5471 5484 5477 
f 5485 5486 5487 
f 5488 5489 5490 
f 5491 5492 5493 
f 5486 5494 5487 
f 5495 5487 5494 
f 5496 5488 5497 
f 5498 5497 5499 
f 5495 5499 5497 
f 5500 5501 5502 
f 5503 5504 5505 
f 5492 5506 5507 
f 5508 5492 5486 
f 5509 5510 5511 
f 5488 5512 5489 
f 5488 5496 5513 
f 5488 5513 5512 
f 5514 5509 5511 
f 5515 5516 5517 
f 5518 5519 5520 
f 5485 5508 5486 
f 5459 5521 5512 
f 5489 5512 5521 
f 5459 5461 5521 
f 5461 5522 5521 
f 5523 5519 5524 
f 5525 5526 5527 
f 5518 5528 5519 
f 5493 5508 5529 
f 5467 5468 5530 
f 5472 5531 5473 
f 5477 5532 5533 
f 5534 5535 5536 
f 5485 5537 5508 
f 5473 5538 5539 
f 5540 5541 5538 
f 5473 5531 5538 
f 5540 5538 5531 
f 5507 5486 5492 
f 5493 5492 5508 
f 5542 5543 5544 
f 5545 5546 5547 
f 5500 5548 5501 
f 5545 5549 5550 
f 5551 5552 5524 
f 5551 5548 5552 
f 5553 5554 5555 
f 5553 5516 5554 
f 5516 5541 5554 
f 5486 5556 5494 
f 5557 5558 5556 
f 5486 5507 5556 
f 5507 5559 5556 
f 5553 5560 5516 
f 5561 5562 5550 
f 5561 5550 5460 
f 5463 5563 5464 
f 5463 5500 5563 
f 5481 5552 5463 
f 5500 5463 5552 
f 5500 5552 5548 
f 5504 5537 5505 
f 5485 5505 5537 
f 5504 5564 5537 
f 5460 5565 5561 
f 5566 5567 5565 
f 5460 5459 5565 
f 5566 5565 5459 
f 5568 5558 5569 
f 5555 5499 5568 
f 5495 5568 5499 
f 5487 5495 5490 
f 5481 5480 5570 
f 5571 5523 5570 
f 5469 5572 5573 
f 5469 5468 5572 
f 5467 5572 5468 
f 5560 5574 5516 
f 5517 5516 5574 
f 5517 5574 5575 
f 5467 5466 5572 
f 5495 5558 5568 
f 5557 5569 5558 
f 5495 5494 5558 
f 5494 5556 5558 
f 5576 5577 5571 
f 5523 5571 5577 
f 5466 5578 5572 
f 5573 5572 5578 
f 5573 5578 5579 
f 5501 5580 5502 
f 5581 5582 5580 
f 5566 5583 5533 
f 5566 5459 5583 
f 5495 5497 5490 
f 5488 5490 5497 
f 5468 5470 5584 
f 5585 5584 5470 
f 5576 5571 5586 
f 5481 5587 5552 
f 5503 5588 5589 
f 5503 5505 5588 
f 5489 5521 5522 
f 5590 5591 5533 
f 5465 5590 5466 
f 5515 5592 5541 
f 5593 5554 5541 
f 5515 5541 5516 
f 5465 5591 5590 
f 5566 5533 5591 
f 5465 5483 5591 
f 5460 5594 5595 
f 5461 5460 5595 
f 5596 5597 5595 
f 5597 5522 5595 
f 5598 5599 5600 
f 5576 5601 5577 
f 5482 5602 5601 
f 5576 5483 5601 
f 5482 5601 5483 
f 5477 5603 5532 
f 5604 5532 5603 
f 5477 5484 5603 
f 5604 5603 5484 
f 5605 5509 5606 
f 5525 5607 5606 
f 5605 5606 5608 
f 5577 5601 5602 
f 5523 5577 5602 
f 5523 5602 5519 
f 5608 5609 5610 
f 5605 5608 5610 
f 5551 5611 5610 
f 5612 5605 5528 
f 5613 5614 5615 
f 5553 5569 5600 
f 5557 5600 5569 
f 5553 5555 5569 
f 5555 5568 5569 
f 5554 5616 5555 
f 5604 5579 5578 
f 5466 5532 5578 
f 5604 5578 5532 
f 5608 5606 5607 
f 5501 5608 5607 
f 5525 5580 5607 
f 5501 5607 5580 
f 5617 5618 5560 
f 5574 5618 5575 
f 5464 5563 5619 
f 5620 5619 5563 
f 5483 5567 5591 
f 5566 5591 5567 
f 5483 5562 5567 
f 5561 5565 5567 
f 5621 5544 5622 
f 5528 5610 5611 
f 5519 5528 5611 
f 5551 5524 5611 
f 5519 5611 5524 
f 5477 5623 5472 
f 5624 5625 5623 
f 5477 5533 5623 
f 5523 5524 5587 
f 5481 5570 5587 
f 5523 5587 5570 
f 5482 5530 5520 
f 5482 5465 5530 
f 5467 5530 5465 
f 5557 5559 5600 
f 5557 5556 5559 
f 5626 5559 5507 
f 5512 5513 5459 
f 5586 5571 5627 
f 5480 5627 5628 
f 5571 5570 5628 
f 5480 5628 5570 
f 5518 5612 5528 
f 5610 5528 5605 
f 5605 5612 5509 
f 5596 5595 5594 
f 5549 5596 5594 
f 5460 5550 5594 
f 5549 5594 5550 
f 5624 5629 5583 
f 5533 5583 5629 
f 5624 5623 5629 
f 5533 5629 5623 
f 5540 5593 5541 
f 5592 5539 5541 
f 5539 5538 5541 
f 5496 5625 5513 
f 5624 5513 5625 
f 5472 5623 5625 
f 5588 5489 5522 
f 5589 5588 5522 
f 5461 5595 5522 
f 5589 5522 5597 
f 5586 5546 5576 
f 5561 5567 5562 
f 5576 5562 5483 
f 5613 5617 5614 
f 5598 5614 5599 
f 5519 5602 5520 
f 5482 5520 5602 
f 5540 5630 5593 
f 5499 5555 5616 
f 5593 5616 5554 
f 5613 5535 5617 
f 5560 5599 5617 
f 5599 5614 5617 
f 5499 5630 5498 
f 5540 5498 5630 
f 5499 5616 5630 
f 5616 5593 5630 
f 5496 5497 5498 
f 5540 5531 5498 
f 5631 5496 5531 
f 5524 5552 5587 
f 5501 5609 5608 
f 5551 5610 5609 
f 5501 5548 5609 
f 5551 5609 5548 
f 5459 5513 5583 
f 5624 5583 5513 
f 5628 5627 5571 
f 5547 5586 5627 
f 5466 5632 5532 
f 5533 5532 5632 
f 5466 5590 5632 
f 5533 5632 5590 
f 5581 5633 5527 
f 5525 5527 5633 
f 5581 5580 5633 
f 5525 5633 5580 
f 5496 5631 5625 
f 5472 5625 5631 
f 5498 5531 5496 
f 5472 5631 5531 
f 5560 5553 5599 
f 5553 5600 5599 
f 5563 5634 5620 
f 5620 5543 5542 
f 5543 5582 5544 
f 5620 5634 5543 
f 5478 5635 5479 
f 5479 5636 5637 
f 5479 5635 5636 
f 5615 5636 5635 
f 5626 5506 5638 
f 5639 5640 5638 
f 5640 5641 5638 
f 5505 5485 5642 
f 5490 5489 5642 
f 5563 5500 5634 
f 5502 5634 5500 
f 5615 5614 5643 
f 5644 5645 5646 
f 5626 5638 5646 
f 5644 5646 5638 
f 5508 5647 5529 
f 5564 5529 5647 
f 5508 5537 5647 
f 5564 5647 5537 
f 5476 5648 5514 
f 5476 5475 5648 
f 5527 5649 5581 
f 5622 5581 5649 
f 5622 5649 5621 
f 5534 5575 5618 
f 5535 5534 5618 
f 5574 5560 5618 
f 5535 5618 5617 
f 5644 5650 5643 
f 5651 5652 5650 
f 5651 5650 5458 
f 5585 5510 5584 
f 5612 5653 5510 
f 5585 5511 5510 
f 5612 5510 5509 
f 5654 5636 5652 
f 5651 5654 5652 
f 5615 5643 5652 
f 5643 5650 5652 
f 5650 5641 5458 
f 5614 5645 5643 
f 5644 5643 5645 
f 5614 5598 5645 
f 5598 5646 5645 
f 5562 5576 5546 
f 5550 5562 5546 
f 5586 5547 5546 
f 5550 5546 5545 
f 5527 5655 5649 
f 5621 5649 5655 
f 5527 5455 5655 
f 5621 5655 5656 
f 5490 5642 5487 
f 5485 5487 5642 
f 5634 5582 5543 
f 5622 5544 5582 
f 5634 5502 5582 
f 5478 5657 5635 
f 5535 5635 5657 
f 5478 5536 5657 
f 5535 5657 5536 
f 5502 5580 5582 
f 5622 5582 5581 
f 5514 5648 5509 
f 5606 5509 5648 
f 5475 5456 5455 
f 5527 5475 5455 
f 5454 5656 5455 
f 5656 5655 5455 
f 5535 5613 5635 
f 5615 5635 5613 
f 5530 5658 5520 
f 5518 5520 5658 
f 5530 5468 5658 
f 5468 5653 5658 
f 5644 5641 5650 
f 5457 5458 5641 
f 5644 5638 5641 
f 5457 5641 5640 
f 5598 5659 5646 
f 5626 5646 5659 
f 5598 5600 5659 
f 5518 5653 5612 
f 5584 5510 5653 
f 5518 5658 5653 
f 5584 5653 5468 
f 5489 5588 5642 
f 5505 5642 5588 
f 5626 5659 5559 
f 5600 5559 5659 
f 5606 5526 5525 
f 5475 5527 5526 
f 5606 5648 5526 
f 5475 5526 5648 
f 5615 5652 5636 
f 5637 5636 5654 
f 5639 5638 5506 
f 5491 5639 5506 
f 5626 5507 5506 
f 5491 5506 5492 
f 5660 5462 5661 
f 5662 4446 5457 
f 5464 5661 5462 
f 5663 5664 5665 
f 5666 5667 5663 
f 5665 5668 5663 
f 5669 5670 5671 
f 5462 5660 5480 
f 5672 5673 5674 
f 5675 5676 5677 
f 5678 5679 5680 
f 5681 5682 5683 
f 5677 5676 5684 
f 5685 5684 5676 
f 5491 5493 5686 
f 5673 5687 5674 
f 5685 5688 5687 
f 5689 5690 5691 
f 5685 5687 5692 
f 5673 5693 5694 
f 5695 5677 5686 
f 5696 5690 5697 
f 5503 5698 5504 
f 5699 5700 5701 
f 5702 5703 5704 
f 5705 5706 5703 
f 5705 5703 5707 
f 5708 5709 5694 
f 5710 5711 5709 
f 5708 5712 5709 
f 5627 5713 5547 
f 5480 5714 5627 
f 5715 5716 5717 
f 5718 5707 5703 
f 5480 5660 5714 
f 5719 5720 5714 
f 5721 5722 5547 
f 5723 5665 5724 
f 5725 5726 5727 
f 5725 5728 5729 
f 5718 5730 5731 
f 5718 5703 5730 
f 5675 5677 5695 
f 5665 5723 5732 
f 5733 5732 5723 
f 5734 5735 5736 
f 5737 5738 5739 
f 5740 5741 5739 
f 5696 5742 5690 
f 5691 5690 5742 
f 5696 5743 5742 
f 5743 5744 5742 
f 5493 5695 5686 
f 5745 5686 5677 
f 5493 5529 5695 
f 5682 5681 5746 
f 5639 5747 5640 
f 5504 5748 5564 
f 5675 5695 5748 
f 5661 5464 5749 
f 5750 5743 5751 
f 5696 5752 5743 
f 5753 5754 5755 
f 5684 5756 5757 
f 5677 5684 5757 
f 5758 5759 5757 
f 5677 5757 5745 
f 5760 5761 5762 
f 5763 5764 5761 
f 5504 5698 5748 
f 5675 5748 5698 
f 5765 5766 5767 
f 5675 5698 5768 
f 5769 5676 5768 
f 5675 5768 5676 
f 5702 5770 5771 
f 5758 5771 5772 
f 5773 5774 5775 
f 5700 5678 5775 
f 5691 5742 5744 
f 5776 5777 5744 
f 5743 5750 5744 
f 5778 5721 5720 
f 5719 5779 5720 
f 5778 5720 5755 
f 5729 5780 5781 
f 5729 5728 5780 
f 5728 5782 5780 
f 5689 5783 5784 
f 5672 5785 5783 
f 5689 5691 5783 
f 5672 5783 5691 
f 5786 5787 5788 
f 5753 5786 5788 
f 5789 5727 5788 
f 5727 5790 5788 
f 5733 5791 5792 
f 5793 5791 5678 
f 5789 5728 5727 
f 5772 5794 5759 
f 5758 5772 5759 
f 5795 5745 5759 
f 5745 5757 5759 
f 5796 5797 5767 
f 5724 5780 5773 
f 5723 5724 5773 
f 5723 5773 5775 
f 5503 5589 5798 
f 5503 5798 5698 
f 5798 5799 5784 
f 5689 5800 5690 
f 5689 5799 5800 
f 5596 5800 5597 
f 5710 5801 5692 
f 5771 5692 5801 
f 5710 5702 5801 
f 5702 5771 5801 
f 5802 5780 5724 
f 5803 5773 5780 
f 5802 5781 5780 
f 5694 5709 5711 
f 5673 5694 5711 
f 5673 5711 5687 
f 5665 5664 5724 
f 5802 5724 5664 
f 5795 5804 5745 
f 5750 5716 5805 
f 5716 5806 5805 
f 5806 5693 5805 
f 5786 5779 5807 
f 5699 5786 5807 
f 5719 5808 5807 
f 5699 5807 5809 
f 5810 5811 5749 
f 5661 5749 5811 
f 5661 5811 5812 
f 5740 5734 5762 
f 5733 5792 5746 
f 5810 5682 5792 
f 5810 5792 5793 
f 5765 5813 5814 
f 5754 5814 5751 
f 5710 5692 5711 
f 5687 5711 5692 
f 5762 5761 5764 
f 5740 5762 5764 
f 5763 5704 5764 
f 5691 5744 5777 
f 5672 5691 5777 
f 5777 5815 5672 
f 5596 5697 5800 
f 5690 5800 5697 
f 5596 5549 5697 
f 5694 5693 5806 
f 5776 5805 5693 
f 5731 5730 5712 
f 5816 5746 5817 
f 5758 5756 5771 
f 5685 5692 5756 
f 5771 5756 5692 
f 5743 5818 5751 
f 5754 5751 5818 
f 5743 5752 5818 
f 5754 5818 5752 
f 5701 5774 5782 
f 5789 5787 5782 
f 5803 5780 5782 
f 5789 5782 5728 
f 5660 5819 5809 
f 5812 5820 5819 
f 5660 5661 5819 
f 5812 5819 5661 
f 5597 5800 5799 
f 5589 5597 5799 
f 5689 5784 5799 
f 5589 5799 5798 
f 5754 5821 5755 
f 5778 5755 5821 
f 5754 5752 5821 
f 5752 5822 5821 
f 5753 5790 5754 
f 5710 5709 5730 
f 5709 5712 5730 
f 5701 5782 5787 
f 5699 5701 5787 
f 5789 5788 5787 
f 5699 5787 5786 
f 5750 5813 5716 
f 5750 5751 5813 
f 5751 5814 5813 
f 5810 5680 5811 
f 5812 5811 5680 
f 5810 5793 5680 
f 5793 5678 5680 
f 5704 5706 5741 
f 5740 5764 5741 
f 5704 5741 5764 
f 5755 5720 5779 
f 5753 5755 5779 
f 5719 5807 5779 
f 5753 5779 5786 
f 5758 5757 5756 
f 5685 5756 5684 
f 5660 5808 5714 
f 5719 5714 5808 
f 5660 5809 5808 
f 5809 5807 5808 
f 5464 5619 5749 
f 5683 5749 5619 
f 5776 5823 5805 
f 5750 5805 5823 
f 5776 5744 5823 
f 5750 5823 5744 
f 5809 5819 5820 
f 5699 5809 5820 
f 5699 5820 5700 
f 5772 5771 5770 
f 5763 5772 5770 
f 5702 5704 5770 
f 5763 5770 5704 
f 5769 5688 5676 
f 5685 5676 5688 
f 5769 5674 5688 
f 5674 5687 5688 
f 5776 5815 5777 
f 5673 5672 5815 
f 5776 5693 5815 
f 5673 5815 5693 
f 5749 5683 5682 
f 5810 5749 5682 
f 5817 5746 5681 
f 5746 5792 5682 
f 5814 5754 5790 
f 5753 5788 5790 
f 5824 5790 5727 
f 5763 5794 5772 
f 5795 5759 5794 
f 5700 5679 5678 
f 5812 5680 5679 
f 5700 5820 5679 
f 5812 5679 5820 
f 5696 5822 5752 
f 5778 5821 5822 
f 5778 5822 5721 
f 5784 5783 5785 
f 5769 5825 5785 
f 5672 5674 5785 
f 5769 5785 5674 
f 5803 5774 5773 
f 5700 5775 5774 
f 5803 5782 5774 
f 5700 5774 5701 
f 5760 5747 5761 
f 5639 5804 5747 
f 5727 5726 5824 
f 5728 5725 5727 
f 5767 5826 5765 
f 5716 5827 5717 
f 5734 5740 5828 
f 5671 5670 5828 
f 5740 5739 5828 
f 5545 5547 5722 
f 5721 5822 5722 
f 5734 5829 5762 
f 5760 5762 5829 
f 5671 5830 5738 
f 5739 5738 5830 
f 5671 5828 5830 
f 5739 5830 5828 
f 5716 5813 5827 
f 5765 5827 5813 
f 5831 5736 5735 
f 5670 5831 5735 
f 5734 5828 5735 
f 5670 5735 5828 
f 5832 5833 5816 
f 5746 5816 5833 
f 5832 5732 5833 
f 5827 5765 5826 
f 5717 5827 5826 
f 5767 5797 5826 
f 5717 5826 5797 
f 5564 5834 5529 
f 5695 5529 5834 
f 5564 5748 5834 
f 5695 5834 5748 
f 5763 5761 5794 
f 5769 5768 5825 
f 5798 5784 5825 
f 5784 5785 5825 
f 5822 5835 5722 
f 5697 5836 5835 
f 5822 5696 5835 
f 5697 5835 5696 
f 5721 5547 5713 
f 5720 5721 5713 
f 5627 5714 5713 
f 5720 5713 5714 
f 5732 5837 5833 
f 5746 5833 5837 
f 5732 5733 5837 
f 5746 5837 5733 
f 5734 5838 5829 
f 5839 5840 5838 
f 5734 5736 5838 
f 5839 5838 5736 
f 5716 5841 5806 
f 5842 5843 5841 
f 5716 5715 5841 
f 5842 5841 5715 
f 5829 5838 5840 
f 5760 5829 5840 
f 5839 5662 5840 
f 5704 5703 5706 
f 5739 5741 5706 
f 5705 5737 5706 
f 5739 5706 5737 
f 5806 5841 5843 
f 5694 5806 5843 
f 5842 5708 5843 
f 5694 5843 5708 
f 5662 5457 5840 
f 5775 5791 5723 
f 5733 5723 5791 
f 5775 5678 5791 
f 5793 5792 5791 
f 5732 5668 5665 
f 5666 5663 5668 
f 5732 5832 5668 
f 5666 5668 5832 
f 5768 5698 5825 
f 5798 5825 5698 
f 5795 5844 5747 
f 5761 5747 5844 
f 5795 5794 5844 
f 5761 5844 5794 
f 5760 5845 5747 
f 5640 5747 5845 
f 5640 5845 5457 
f 5710 5846 5702 
f 5703 5702 5846 
f 5710 5730 5846 
f 5703 5846 5730 
f 5760 5840 5845 
f 5457 5845 5840 
f 5824 5766 5790 
f 5814 5790 5766 
f 5824 5767 5766 
f 5814 5766 5765 
f 5545 5836 5549 
f 5697 5549 5836 
f 5545 5722 5836 
f 5722 5835 5836 
f 5726 5847 5824 
f 5767 5824 5847 
f 5726 5796 5847 
f 5767 5847 5796 
f 5686 5745 5804 
f 5491 5686 5804 
f 5795 5747 5804 
f 5491 5804 5639 
f 5848 5454 5474 
f 5849 5850 5620 
f 5619 5620 5850 
f 5851 5852 5853 
f 5854 5454 5848 
f 5542 5855 5620 
f 5856 5619 5850 
f 5857 5856 5850 
f 5850 5849 5857 
f 5858 5859 5860 
f 1768 1766 5861 
f 1774 5861 5862 
f 1774 1768 5861 
f 1774 5862 1791 
f 5863 5864 5858 
f 1750 5865 5866 
f 1750 5866 5867 
f 1791 5865 1750 
f 1792 1750 5867 
f 1792 5867 1726 
f 5868 1726 5867 
f 5865 1791 5862 
f 5869 5854 5848 
f 5870 1726 5868 
f 5853 5871 5872 
f 5857 5873 5874 
f 5853 5875 5860 
f 5871 5853 5852 
f 5864 5859 5858 
f 5874 5856 5857 
f 5875 5853 5872 
f 5876 5877 5860 
f 5853 5860 5877 
f 5858 5860 5875 
f 5860 5859 5876 
f 5878 5863 5879 
f 5880 5859 5864 
f 5881 5882 5883 
f 5881 5884 5882 
f 5885 5886 5887 
f 5888 5879 5882 
f 5882 5879 5883 
f 5889 5890 5891 
f 5890 5892 5887 
f 5883 5879 5893 
f 5894 5873 5857 
f 5852 5851 5895 
f 5890 5887 5891 
f 5893 5896 5883 
f 5881 5883 5896 
f 5897 5874 5873 
f 5898 5897 5873 
f 5890 5899 5892 
f 5900 5892 5899 
f 5901 5897 5898 
f 5902 5903 5904 
f 5870 5905 1726 
f 5906 5907 5908 
f 5895 5909 5910 
f 5911 1668 5912 
f 1668 5913 5912 
f 5904 5914 5915 
f 5916 5885 5917 
f 1723 1724 5918 
f 5919 5920 5918 
f 5911 5921 5922 
f 5923 5924 1719 
f 5919 5924 5925 
f 5926 5851 5927 
f 5928 5929 5930 
f 5902 5931 5928 
f 5885 5887 5932 
f 5933 5934 5935 
f 5936 5909 5937 
f 5938 5939 5940 
f 5941 5942 5943 
f 5911 5912 5921 
f 5944 5922 5921 
f 5945 5939 5946 
f 5880 5864 5878 
f 5947 5948 5949 
f 5892 5950 5887 
f 5951 5952 5953 
f 5954 5955 5956 
f 5957 5958 5959 
f 5958 5960 5959 
f 5961 5962 5963 
f 5964 5965 5894 
f 5964 5966 5965 
f 5967 5968 5965 
f 5931 5969 5965 
f 5894 5965 5969 
f 5970 5971 5972 
f 5973 5972 5971 
f 5974 5975 5976 
f 5656 5975 5621 
f 5869 5977 5978 
f 5979 5978 5977 
f 5980 5981 5982 
f 5983 5978 5979 
f 5854 5869 5978 
f 5984 5985 5986 
f 5987 5988 5884 
f 5989 5990 5991 
f 5992 5990 5993 
f 5914 5904 5903 
f 5943 5914 5903 
f 5983 5994 5978 
f 5995 5996 5994 
f 5983 5997 5994 
f 5931 5965 5968 
f 5997 5968 5967 
f 5998 5999 6000 
f 6001 6002 6000 
f 6001 6000 6003 
f 6004 5998 6005 
f 5998 6002 6005 
f 5880 6006 6007 
f 5880 5878 6006 
f 6008 6009 6010 
f 6011 5984 6012 
f 6013 5959 5960 
f 6014 5990 6015 
f 6016 6017 5877 
f 6018 6019 6020 
f 6021 5988 6022 
f 5961 6023 5988 
f 6021 5884 5988 
f 5961 5988 5987 
f 5979 6024 6025 
f 6026 6027 6028 
f 6029 6030 6031 
f 6032 6033 6027 
f 6011 6012 6034 
f 6011 6034 5957 
f 5970 6035 6006 
f 6007 6006 6035 
f 5970 5972 6035 
f 5970 6036 6037 
f 5960 6038 6039 
f 6013 5960 6039 
f 5942 6013 5915 
f 6040 6041 5935 
f 6042 6041 6043 
f 5870 6044 5955 
f 6014 6015 6045 
f 6026 6028 6045 
f 6040 5935 6046 
f 6047 6048 5949 
f 6049 6048 6012 
f 5942 6050 6051 
f 6013 5942 6051 
f 6013 6051 5959 
f 1723 6052 5938 
f 6053 6052 5920 
f 5951 5987 6054 
f 6055 6045 6015 
f 6056 5985 6011 
f 6057 6056 5957 
f 1726 5905 6058 
f 1726 6058 5982 
f 6054 5886 5916 
f 5951 6054 5916 
f 5932 5917 5885 
f 5542 5544 6059 
f 5974 6060 6059 
f 1719 6061 1724 
f 1719 5924 6061 
f 5919 6061 5924 
f 6007 6062 6063 
f 6064 6018 6065 
f 6066 5930 6065 
f 6064 6065 5930 
f 6067 6068 6069 
f 6070 6062 6069 
f 5945 5946 6069 
f 6070 6069 5946 
f 5923 1713 6071 
f 5923 6071 5924 
f 1724 6061 5918 
f 5919 5918 6061 
f 5910 6072 6073 
f 6043 5922 6042 
f 5933 5935 6042 
f 5922 5944 6042 
f 1723 6074 6052 
f 5920 6052 6074 
f 1723 5918 6074 
f 5920 6074 5918 
f 6075 6076 6002 
f 6001 6075 6002 
f 6077 6005 6002 
f 5998 6000 6002 
f 5954 6078 5955 
f 6079 6080 6081 
f 5939 6082 5940 
f 6083 6084 6071 
f 5924 6071 6084 
f 6083 5925 6084 
f 5924 6084 5925 
f 6083 6071 6085 
f 5947 6004 6086 
f 6055 6015 6087 
f 6053 6088 6052 
f 5938 6052 6088 
f 5938 6088 5939 
f 5919 5925 6089 
f 5926 6089 5925 
f 6090 6068 6067 
f 5945 6069 6068 
f 5913 6082 6068 
f 6091 6085 5980 
f 6077 6092 6005 
f 6093 6005 6092 
f 6077 6028 6092 
f 5967 5965 5966 
f 5891 5887 5886 
f 6054 5891 5886 
f 5885 5916 5886 
f 5943 6094 5941 
f 5893 5879 5863 
f 5864 5863 5878 
f 5879 5888 5878 
f 5906 6046 5934 
f 5935 5934 6046 
f 5902 6095 5931 
f 5902 5904 6095 
f 6096 6097 6098 
f 5989 6099 6100 
f 5915 6039 6101 
f 5904 5915 6101 
f 5881 5891 6054 
f 5881 5896 5891 
f 5889 5891 5896 
f 5908 6102 5906 
f 6021 6022 6102 
f 6032 6103 6033 
f 6093 6027 6033 
f 6104 6105 6033 
f 6093 6033 6086 
f 6106 6107 6097 
f 5926 5937 5909 
f 5926 5925 5937 
f 6083 5937 5925 
f 6022 5988 6023 
f 6106 6022 6023 
f 5961 6108 6023 
f 6106 6023 6107 
f 6007 6035 6067 
f 6090 6067 6035 
f 6090 6035 5972 
f 5948 6105 6109 
f 5978 5994 5996 
f 5854 5978 5996 
f 5995 5976 5996 
f 5976 6110 5996 
f 5963 6111 6112 
f 6113 5963 6112 
f 6055 6087 6112 
f 6087 6098 6112 
f 5941 6050 5942 
f 6114 6051 6050 
f 5917 6103 6032 
f 6104 6033 6103 
f 5917 5932 6103 
f 6104 6103 5932 
f 5884 6054 5987 
f 5884 5881 6054 
f 5930 6066 5928 
f 6077 6002 6076 
f 6115 6076 6075 
f 5968 6116 5929 
f 5931 5968 5929 
f 6117 5930 5929 
f 5931 5929 5928 
f 6095 5873 5969 
f 6049 5999 6048 
f 5982 6058 5980 
f 5908 6118 6102 
f 6021 5882 5884 
f 5939 6088 5946 
f 6053 5946 6088 
f 5983 6119 5997 
f 6117 5929 6116 
f 5997 6116 5968 
f 5966 6060 6120 
f 5995 5966 6120 
f 5974 5976 6120 
f 5995 6120 5976 
f 5958 5957 6121 
f 5971 5970 6037 
f 6093 6122 6005 
f 6004 6005 6122 
f 6093 6086 6122 
f 6004 6122 6086 
f 5957 6034 6121 
f 6123 6047 6034 
f 5957 5959 6057 
f 6114 6056 6057 
f 6011 5957 6056 
f 6116 5997 6119 
f 6117 6116 6119 
f 5983 6025 6119 
f 6117 6119 6025 
f 6113 6112 6098 
f 6100 6098 6087 
f 5902 5928 5903 
f 5995 5994 5966 
f 5967 5966 5994 
f 5967 5994 5997 
f 6124 6038 5960 
f 5894 6125 5964 
f 5899 5901 5900 
f 5977 6126 5979 
f 5983 5979 6025 
f 6064 6127 6025 
f 6117 6025 6127 
f 6064 5930 6127 
f 6117 6127 5930 
f 6037 6128 5971 
f 5933 6128 5934 
f 5851 5853 5927 
f 5877 5927 5853 
f 6109 6129 6124 
f 6081 6096 6079 
f 6004 5999 5998 
f 6049 6000 5999 
f 6026 6032 6027 
f 6125 5855 6060 
f 5964 6125 6060 
f 5974 6120 6060 
f 5964 6060 5966 
f 6003 6009 6008 
f 5984 6009 6012 
f 5971 6128 5973 
f 5931 6095 5969 
f 6076 5993 6130 
f 6077 6076 6130 
f 6077 6130 6028 
f 6083 5936 5937 
f 6083 6085 5936 
f 5951 6131 5952 
f 5917 6032 6131 
f 5951 5916 6131 
f 5917 6131 5916 
f 5952 6131 6032 
f 6026 5952 6032 
f 5973 6128 6132 
f 5933 6132 6128 
f 6090 5972 6133 
f 5986 6010 5984 
f 6107 6023 6108 
f 6113 6107 6108 
f 5961 5963 6108 
f 6113 6108 5963 
f 5947 6105 5948 
f 6104 6109 6105 
f 5947 6086 6105 
f 6086 6033 6105 
f 5973 6134 6133 
f 5912 6133 6134 
f 5973 5921 6134 
f 5912 6134 5921 
f 5880 6007 6063 
f 5859 5880 5876 
f 6063 5876 5880 
f 6115 5993 6076 
f 6014 6130 5993 
f 6115 5992 5993 
f 5857 5849 5894 
f 6125 5894 5849 
f 5914 5942 5915 
f 6039 5915 6013 
f 5914 5943 5942 
f 6012 6123 6034 
f 6121 6034 6047 
f 6012 6048 6123 
f 6047 6123 6048 
f 6100 6087 5989 
f 5991 6135 5989 
f 5973 6133 5972 
f 6093 6092 6027 
f 6028 6027 6092 
f 6067 6069 6062 
f 6007 6067 6062 
f 6070 6136 6062 
f 5955 6137 5956 
f 6031 6020 6138 
f 5933 5944 6132 
f 5933 6042 5944 
f 6091 5980 6058 
f 6000 6009 6003 
f 5984 6010 6009 
f 6000 6049 6009 
f 6049 6012 6009 
f 6080 6043 6041 
f 6081 6080 6041 
f 6042 5935 6041 
f 6081 6041 6040 
f 5985 6030 5986 
f 5984 6011 5985 
f 5912 5913 6139 
f 6090 6133 6139 
f 5912 6139 6133 
f 6114 6050 6140 
f 6056 6114 6140 
f 6020 6031 6140 
f 5877 5876 6016 
f 5979 6126 6024 
f 6141 6024 6126 
f 6024 6141 6142 
f 6143 6142 6141 
f 5932 5887 5950 
f 5900 5950 5892 
f 6142 6025 6024 
f 5950 5900 6129 
f 6038 6129 5900 
f 6038 6124 6129 
f 6129 6109 5950 
f 6097 6144 6106 
f 6046 6144 6040 
f 6040 6144 6081 
f 5928 6066 5903 
f 5898 6145 6101 
f 5898 5873 6145 
f 5949 6146 6047 
f 5960 6146 6124 
f 5900 6147 6038 
f 6101 6147 5898 
f 5989 6135 6099 
f 6096 6098 6099 
f 6098 6100 6099 
f 6047 6146 6121 
f 6025 6142 6064 
f 6143 6019 6142 
f 6124 6146 6109 
f 6059 6148 5974 
f 5975 5974 6148 
f 5975 6148 5621 
f 1681 6079 6096 
f 6135 1681 6099 
f 6099 1681 6096 
f 5905 6149 6058 
f 5905 6078 6149 
f 6078 6150 6149 
f 6022 6106 6151 
f 6151 5906 6022 
f 6085 6091 5936 
f 6021 6102 6118 
f 5882 6021 6118 
f 5908 5888 6118 
f 5882 6118 5888 
f 6038 6147 6039 
f 6101 6039 6147 
f 6046 5906 6151 
f 6102 6022 5906 
f 6152 6153 6017 
f 6016 6152 6017 
f 5927 5877 6017 
f 6106 6144 6151 
f 6046 6151 6144 
f 6154 6136 6070 
f 6063 6062 6136 
f 6154 6016 6136 
f 6152 6155 5920 
f 6053 5920 6155 
f 6053 6155 6154 
f 5656 6110 5975 
f 5656 5454 6110 
f 5854 6110 5454 
f 6059 5855 5542 
f 5849 5620 5855 
f 6059 6060 5855 
f 5849 5855 6125 
f 6091 6072 6156 
f 5909 5936 6156 
f 6091 6156 5936 
f 6045 6157 6026 
f 5952 6026 6157 
f 6045 6055 6157 
f 5854 5996 6110 
f 5975 6110 5976 
f 6109 6158 5950 
f 5932 5950 6158 
f 6109 6104 6158 
f 5932 6158 6104 
f 6004 5947 5999 
f 5908 6037 6036 
f 5888 5908 6036 
f 5888 6036 5878 
f 5903 6159 5943 
f 6094 5943 6159 
f 5903 6066 6159 
f 6094 6159 6066 
f 6097 6096 6144 
f 6081 6144 6096 
f 5970 6006 6036 
f 5878 6036 6006 
f 5953 6111 5963 
f 6055 6112 6111 
f 5952 6160 5953 
f 6089 6017 6153 
f 5919 6089 6153 
f 6152 5920 6153 
f 5919 6153 5920 
f 6095 5904 6145 
f 6101 6145 5904 
f 6037 5907 6128 
f 5934 6128 5907 
f 6037 5908 5907 
f 5934 5907 5906 
f 6130 6161 6028 
f 6045 6028 6161 
f 6130 6014 6161 
f 6045 6161 6014 
f 6111 5953 6160 
f 6055 6111 6160 
f 5952 6157 6160 
f 6055 6160 6157 
f 5949 5948 6146 
f 6109 6146 5948 
f 5987 5962 5961 
f 5953 5963 5962 
f 5987 5951 5962 
f 5953 5962 5951 
f 6072 6150 6073 
f 5954 6073 6150 
f 6072 6149 6150 
f 5954 6150 6078 
f 5945 6068 6082 
f 5939 5945 6082 
f 5913 1668 6082 
f 1668 5940 6082 
f 6089 5926 5927 
f 6089 5927 6017 
f 6087 6015 5990 
f 5989 6087 5990 
f 6014 5993 5990 
f 5992 5991 5990 
f 6154 6162 6053 
f 5946 6053 6162 
f 6154 6070 6162 
f 5946 6162 6070 
f 6048 6163 5949 
f 5947 5949 6163 
f 6048 5999 6163 
f 5947 6163 5999 
f 6020 6164 6018 
f 6094 6018 6164 
f 6020 5941 6164 
f 6094 6164 5941 
f 6059 5544 6148 
f 5621 6148 5544 
f 6154 6155 6016 
f 6152 6016 6155 
f 6085 5981 5980 
f 1713 5982 5981 
f 6085 6071 5981 
f 1713 5981 6071 
f 5955 6165 5870 
f 5905 5870 6165 
f 5955 6078 6165 
f 5905 6165 6078 
f 6072 6091 6149 
f 6058 6149 6091 
f 5909 5895 5851 
f 5909 5851 5926 
f 5909 6156 5910 
f 6072 5910 6156 
f 6166 5956 6137 
f 6167 6166 6137 
f 5955 6044 6137 
f 6167 6137 6044 
f 6113 6168 6107 
f 6097 6107 6168 
f 6113 6098 6168 
f 6097 6168 6098 
f 6063 6136 5876 
f 6016 5876 6136 
f 5894 5969 5873 
f 6095 6145 5873 
f 5944 5921 6132 
f 5973 6132 5921 
f 6056 6030 5985 
f 6029 5986 6030 
f 6056 6140 6030 
f 6140 6031 6030 
f 5913 6068 6139 
f 6090 6139 6068 
f 6066 6065 6094 
f 6018 6094 6065 
f 6064 6142 6019 
f 6018 6064 6019 
f 6143 6138 6019 
f 6138 6020 6019 
f 6020 6169 5941 
f 6050 5941 6169 
f 6020 6140 6169 
f 6050 6169 6140 
f 5959 6051 6057 
f 6114 6057 6051 
f 6121 6146 5958 
f 5960 5958 6146 
f 6147 6170 5898 
f 5901 5898 6170 
f 6147 5900 6170 
f 5901 6170 5900 
f 5897 6171 6172 
f 5666 6173 5667 
f 6174 5899 5890 
f 5896 6175 5889 
f 6176 5817 5681 
f 6177 5863 6178 
f 6179 5871 6180 
f 6181 6178 5858 
f 6179 6180 6182 
f 2130 6183 6184 
f 6185 6186 5856 
f 6187 6188 2145 
f 6188 6189 2177 
f 6189 6188 6187 
f 6189 2196 2177 
f 6190 2145 2147 
f 6184 6191 2130 
f 2194 2130 6191 
f 6185 5856 5874 
f 2147 2194 6191 
f 2147 6192 6190 
f 6192 2147 6191 
f 2145 6190 6187 
f 5872 5871 6179 
f 6193 6171 6194 
f 6172 6185 5874 
f 6180 6195 6182 
f 6196 6197 6198 
f 6199 6200 6177 
f 6199 6177 6178 
f 6198 6177 6196 
f 5863 6177 5893 
f 5897 6172 5874 
f 6201 6181 5858 
f 5890 5889 6202 
f 5858 5875 6201 
f 6203 6175 6197 
f 6198 5893 6177 
f 6198 6175 5896 
f 6175 6198 6197 
f 5896 5893 6198 
f 5858 6178 5863 
f 6204 6174 6202 
f 6203 6205 6175 
f 5889 6175 6205 
f 6172 6171 6206 
f 6194 6171 5897 
f 5897 5901 6194 
f 6207 6194 5901 
f 6171 6193 6206 
f 6205 6202 5889 
f 2075 6208 2073 
f 6209 6210 6211 
f 6212 6213 6214 
f 6215 6216 6217 
f 6217 6216 6218 
f 6219 6220 6221 
f 6219 6221 6182 
f 6222 6223 6224 
f 6225 6226 6227 
f 2122 6228 6229 
f 6230 6231 6225 
f 6230 2073 6231 
f 6182 6232 6219 
f 2073 6208 6231 
f 6226 6233 6234 
f 6220 6233 6235 
f 6236 6237 6238 
f 6239 6240 6241 
f 6239 6241 6238 
f 6242 6243 6244 
f 6245 6246 6247 
f 6248 6249 6208 
f 6250 6251 6252 
f 6239 6253 6254 
f 6211 6240 6254 
f 6239 6254 6240 
f 6197 6255 6203 
f 6256 6257 6251 
f 6258 6251 6257 
f 6256 6259 6257 
f 6258 6257 6260 
f 6186 6261 6176 
f 6222 6262 6261 
f 6250 6252 6263 
f 6264 6265 6266 
f 6267 6268 6269 
f 6214 6270 6271 
f 6212 6214 6271 
f 6272 6273 6271 
f 6212 6271 6274 
f 6275 6276 6277 
f 6278 6255 6279 
f 6255 6280 6279 
f 5666 6281 6173 
f 6282 6283 6284 
f 6285 6286 6287 
f 6176 6261 6262 
f 6288 6289 6284 
f 6290 6223 6291 
f 6290 6291 6274 
f 6292 6293 6294 
f 6295 6294 6296 
f 6297 6298 6299 
f 6300 6301 6302 
f 6211 6302 6209 
f 6303 6203 6304 
f 6222 6261 6305 
f 6306 6305 6261 
f 6307 6308 6309 
f 6310 6311 6312 
f 6239 6312 6253 
f 6250 6313 6314 
f 6278 6313 6315 
f 6316 6317 6318 
f 6275 6246 6319 
f 6275 6319 6276 
f 6320 6321 6322 
f 6323 6324 6322 
f 6282 6325 6260 
f 6326 6321 6327 
f 6320 6327 6321 
f 6326 6323 6321 
f 6323 6322 6321 
f 6328 6269 6329 
f 6320 6330 6327 
f 6331 6330 6332 
f 6333 6308 6334 
f 6335 6336 6337 
f 6336 6338 6337 
f 6237 6339 6238 
f 6239 6238 6312 
f 6340 6341 6342 
f 6333 6343 2093 
f 2130 6344 6345 
f 2130 2109 6344 
f 6346 6311 6347 
f 6348 6349 6294 
f 6292 6294 6349 
f 5875 6350 6201 
f 6212 6274 6351 
f 6352 6353 6354 
f 6352 6354 6204 
f 6355 6356 6357 
f 6358 6359 6332 
f 6335 6359 6336 
f 6360 6200 6361 
f 6360 6196 6200 
f 6196 6177 6200 
f 6331 6332 6359 
f 6341 6362 6335 
f 6213 6363 6214 
f 6364 6270 6363 
f 6365 6366 6367 
f 6368 6369 6367 
f 6365 6367 6370 
f 6315 6304 6203 
f 6205 6203 6303 
f 6205 6303 6202 
f 6229 6371 2111 
f 6267 6269 6372 
f 6363 6373 6374 
f 6364 6363 6374 
f 6348 6294 6374 
f 6364 6374 6294 
f 6375 6336 6376 
f 6358 6377 6376 
f 6375 6376 6377 
f 6378 6379 6380 
f 6378 6380 6381 
f 6217 6382 6244 
f 6343 6383 6384 
f 6385 6354 6377 
f 6353 6377 6354 
f 6223 6290 6386 
f 6387 6224 6386 
f 6223 6386 6224 
f 6388 6389 6379 
f 6380 6389 6245 
f 6316 6318 6361 
f 6390 6361 6318 
f 6391 6392 6371 
f 2111 6371 6392 
f 6393 6394 6395 
f 6334 6394 6276 
f 6396 6397 6218 
f 6355 6218 6397 
f 6396 6398 6397 
f 6355 6397 6356 
f 6368 6344 6392 
f 6387 6399 6281 
f 6173 6281 6399 
f 6173 6399 6400 
f 6401 6275 6279 
f 6278 6279 6277 
f 6209 6302 6301 
f 6300 6402 6301 
f 6403 6301 6404 
f 6405 6406 6299 
f 6215 6407 6216 
f 6405 6408 6406 
f 6226 6225 6409 
f 6410 6411 6412 
f 6249 6248 6412 
f 6236 6373 6213 
f 6238 6413 6236 
f 6172 6414 6185 
f 6306 6185 6414 
f 6172 6206 6414 
f 6415 6247 6360 
f 6196 6360 6280 
f 6196 6280 6197 
f 6300 6416 6327 
f 6326 6327 6416 
f 6300 6302 6416 
f 6326 6416 6302 
f 6305 6417 6418 
f 6222 6305 6418 
f 6222 6418 6223 
f 6337 6289 6335 
f 6341 6289 6342 
f 6314 6419 6420 
f 6256 6314 6420 
f 6393 6395 6420 
f 6395 6259 6420 
f 6251 6258 6421 
f 6375 6422 6252 
f 6251 6421 6252 
f 6306 6417 6305 
f 6423 6418 6417 
f 6306 6414 6417 
f 6310 6339 6193 
f 6193 6194 6310 
f 6232 6370 6424 
f 6219 6232 6424 
f 6258 6338 6421 
f 6375 6421 6338 
f 6258 6337 6338 
f 6375 6338 6336 
f 6353 6425 6263 
f 6352 6202 6303 
f 6356 6397 6398 
f 6426 6427 6398 
f 6396 6317 6398 
f 6317 6428 6398 
f 6182 6221 6179 
f 6410 6412 6357 
f 6248 6357 6412 
f 6290 6273 6265 
f 6272 6429 6273 
f 6290 6274 6273 
f 6274 6271 6273 
f 6399 6430 6400 
f 6265 6430 6386 
f 5683 6186 5681 
f 6316 6361 6199 
f 6361 6200 6199 
f 6402 6431 6432 
f 6280 6360 6247 
f 6245 6247 6415 
f 6245 6415 6380 
f 5681 6186 6176 
f 6227 6228 6225 
f 6227 6371 6228 
f 6371 6229 6228 
f 6287 6433 6281 
f 6387 6281 6433 
f 6287 6224 6433 
f 6387 6433 6224 
f 6202 6352 6204 
f 5890 6202 6174 
f 6318 6434 6408 
f 6396 6408 6434 
f 6318 6317 6434 
f 6396 6434 6317 
f 5899 6207 5901 
f 6247 6401 6279 
f 6277 6279 6275 
f 6247 6246 6401 
f 6275 6401 6246 
f 6316 6428 6317 
f 6426 6398 6428 
f 6287 6435 6224 
f 6222 6224 6435 
f 6287 6262 6435 
f 6222 6435 6262 
f 6290 6265 6386 
f 6316 6199 6428 
f 6348 6436 6349 
f 6240 6437 6436 
f 6348 6413 6436 
f 6240 6436 6241 
f 6235 6438 6220 
f 6439 6440 6438 
f 6412 6411 6438 
f 6207 6310 6194 
f 6214 6363 6270 
f 6272 6271 6270 
f 6364 6441 6270 
f 6270 6441 6272 
f 5816 6285 5832 
f 6278 6203 6255 
f 6278 6315 6203 
f 6235 6409 6231 
f 6225 6231 6409 
f 6300 6442 6402 
f 6432 6404 6402 
f 6404 6301 6402 
f 6247 6279 6280 
f 6197 6280 6255 
f 6391 6424 6370 
f 6405 6443 6408 
f 6318 6408 6443 
f 6405 6444 6443 
f 6423 6445 6291 
f 6274 6291 6445 
f 6423 6351 6445 
f 6274 6445 6351 
f 6235 6231 6249 
f 6208 6249 6231 
f 6237 6193 6339 
f 6310 6312 6339 
f 6312 6238 6339 
f 6410 6427 6411 
f 6439 6438 6411 
f 6391 6446 6424 
f 6227 6234 6446 
f 6391 6371 6446 
f 6227 6446 6371 
f 6212 6447 6213 
f 6236 6213 6447 
f 6423 6448 6351 
f 6449 6450 6448 
f 6423 6417 6448 
f 6414 6451 6417 
f 6331 6402 6442 
f 6300 6327 6442 
f 6227 6226 6234 
f 6219 6424 6234 
f 6424 6446 6234 
f 6390 6360 6361 
f 6421 6375 6252 
f 6336 6359 6376 
f 6358 6376 6359 
f 5872 6350 5875 
f 6292 6437 6211 
f 6240 6211 6437 
f 6292 6349 6437 
f 6349 6436 6437 
f 6296 6293 6452 
f 6213 6373 6363 
f 6348 6374 6373 
f 6242 6453 6243 
f 2075 6244 6243 
f 6248 6208 6243 
f 2075 6243 6208 
f 6225 6454 6230 
f 2122 6230 6454 
f 6225 6228 6454 
f 2122 6454 6228 
f 2093 6309 6333 
f 6223 6418 6291 
f 6423 6291 6418 
f 6204 6354 6347 
f 6373 6236 6413 
f 6348 6373 6413 
f 6238 6241 6413 
f 6241 6436 6413 
f 6216 6455 6218 
f 6396 6218 6455 
f 6396 6455 6408 
f 6384 2093 6343 
f 6248 6453 6357 
f 6355 6357 6453 
f 6248 6243 6453 
f 6355 6453 6242 
f 6221 6440 6350 
f 6179 6221 6350 
f 6456 6201 6350 
f 6179 6350 5872 
f 6277 6457 6278 
f 6313 6278 6457 
f 6277 6458 6457 
f 6176 6262 5817 
f 6319 6389 6388 
f 6380 6379 6389 
f 6319 6246 6389 
f 6246 6245 6389 
f 6394 6458 6276 
f 6277 6276 6458 
f 6394 6393 6458 
f 6393 6457 6458 
f 6441 6364 6295 
f 6441 6459 6272 
f 6295 6460 6441 
f 6460 6459 6441 
f 6333 6334 6461 
f 6319 6388 6461 
f 6378 6462 6379 
f 6463 6384 6383 
f 6299 6298 6464 
f 6463 6464 6298 
f 6333 6461 6343 
f 6388 6343 6461 
f 6201 6465 6181 
f 6456 6466 6201 
f 6334 6276 6461 
f 6319 6461 6276 
f 6456 6439 6466 
f 6426 6465 6466 
f 6465 6201 6466 
f 6330 6320 6467 
f 6426 6428 6465 
f 6311 6468 6347 
f 6311 6310 6468 
f 6207 6468 6310 
f 6469 6308 6307 
f 6333 6309 6308 
f 6469 6395 6308 
f 6318 6443 6390 
f 6307 6283 6469 
f 6307 6470 6283 
f 6470 6284 6283 
f 6345 6471 6372 
f 6367 6472 6471 
f 6345 6344 6471 
f 6370 6473 6365 
f 6195 6365 6473 
f 6370 6232 6473 
f 6383 6379 6462 
f 6463 6383 6462 
f 6378 6464 6462 
f 6463 6462 6464 
f 6285 6474 5832 
f 5666 5832 6474 
f 5666 6474 6281 
f 6193 6475 6206 
f 6449 6451 6475 
f 6193 6237 6475 
f 6394 6334 6308 
f 6395 6394 6308 
f 6357 6427 6410 
f 6426 6466 6427 
f 6357 6356 6427 
f 6356 6398 6427 
f 6178 6465 6199 
f 6428 6199 6465 
f 6178 6181 6465 
f 6392 6476 2111 
f 2109 2111 6476 
f 6392 6344 6476 
f 2109 6476 6344 
f 6364 6294 6295 
f 6293 6296 6294 
f 6360 6390 6415 
f 6379 6383 6388 
f 6343 6388 6383 
f 6341 6335 6289 
f 6288 6342 6289 
f 6282 6284 6289 
f 6442 6477 6331 
f 6330 6331 6477 
f 6442 6327 6477 
f 6330 6477 6327 
f 6304 6478 6263 
f 6250 6263 6478 
f 6304 6315 6478 
f 6311 6324 6312 
f 6253 6312 6324 
f 6253 6324 6323 
f 6303 6425 6352 
f 6353 6352 6425 
f 6303 6304 6425 
f 6304 6263 6425 
f 6411 6427 6466 
f 6439 6411 6466 
f 6344 6368 6471 
f 6367 6471 6368 
f 6340 6431 6341 
f 6340 6432 6431 
f 6331 6431 6402 
f 6385 6322 6346 
f 6354 6385 6347 
f 6346 6347 6385 
f 6347 6479 6204 
f 6174 6204 6479 
f 6347 6468 6479 
f 6211 6480 6302 
f 6326 6302 6480 
f 6211 6254 6480 
f 6326 6480 6254 
f 6313 6419 6314 
f 6393 6420 6419 
f 6313 6457 6419 
f 6393 6419 6457 
f 6281 6474 6287 
f 6285 6287 6474 
f 6195 6473 6182 
f 6232 6182 6473 
f 5619 6481 5683 
f 6186 5683 6481 
f 5619 5856 6481 
f 6186 6481 5856 
f 6370 6369 6391 
f 6392 6391 6369 
f 6370 6367 6369 
f 6392 6369 6368 
f 6299 6407 6297 
f 6215 6297 6407 
f 6299 6406 6407 
f 6406 6216 6407 
f 6299 6464 6482 
f 6378 6482 6464 
f 6331 6362 6431 
f 6341 6431 6362 
f 6331 6359 6362 
f 6359 6335 6362 
f 6260 6259 6483 
f 6282 6260 6483 
f 6469 6283 6483 
f 6282 6483 6283 
f 6267 6472 6366 
f 6367 6366 6472 
f 6267 6372 6472 
f 6372 6471 6472 
f 6311 6346 6324 
f 6346 6322 6324 
f 6448 6417 6451 
f 6449 6448 6451 
f 6414 6206 6451 
f 6206 6475 6451 
f 6269 6484 6372 
f 6345 6372 6484 
f 6269 6328 6484 
f 6452 6485 6403 
f 6301 6403 6485 
f 6452 6210 6485 
f 6301 6485 6209 
f 6381 6486 6487 
f 6444 6381 6487 
f 6390 6443 6487 
f 6444 6487 6443 
f 6385 6467 6322 
f 6320 6322 6467 
f 6235 6488 6438 
f 6412 6438 6488 
f 6235 6249 6488 
f 6412 6488 6249 
f 6390 6486 6415 
f 6380 6415 6486 
f 6390 6487 6486 
f 6380 6486 6381 
f 6456 6440 6439 
f 6220 6438 6440 
f 6456 6350 6440 
f 6220 6440 6221 
f 6409 6235 6233 
f 6226 6409 6233 
f 6220 6219 6233 
f 6219 6234 6233 
f 6236 6489 6237 
f 6250 6490 6251 
f 6256 6251 6490 
f 6250 6314 6490 
f 6256 6490 6314 
f 6387 6430 6399 
f 6264 6400 6430 
f 6387 6386 6430 
f 6264 6430 6265 
f 6250 6478 6313 
f 6315 6313 6478 
f 6263 6252 6422 
f 6353 6263 6422 
f 6375 6377 6422 
f 6353 6422 6377 
f 6293 6210 6452 
f 6209 6485 6210 
f 6293 6292 6210 
f 6292 6211 6210 
f 6207 6479 6468 
f 6207 5899 6479 
f 6174 6479 5899 
f 6253 6491 6254 
f 6326 6254 6491 
f 6253 6323 6491 
f 6326 6491 6323 
f 6447 6450 6489 
f 6236 6447 6489 
f 6449 6475 6489 
f 6475 6237 6489 
f 5816 6286 6285 
f 6262 6287 6286 
f 5816 5817 6286 
f 6262 6286 5817 
f 6306 6492 6185 
f 6186 6185 6492 
f 6306 6261 6492 
f 6186 6492 6261 
f 6242 6382 6355 
f 6218 6355 6382 
f 6242 6244 6382 
f 6218 6382 6217 
f 6459 6429 6272 
f 6265 6273 6429 
f 6459 6266 6429 
f 6265 6429 6266 
f 6358 6493 6377 
f 6385 6377 6493 
f 6358 6494 6493 
f 6385 6493 6467 
f 6337 6325 6289 
f 6282 6289 6325 
f 6337 6258 6325 
f 6258 6260 6325 
f 6467 6493 6494 
f 6330 6467 6494 
f 6358 6332 6494 
f 6330 6494 6332 
f 6495 6496 6497 
f 6495 6329 6496 
f 6269 6496 6329 
f 6260 6257 6259 
f 6469 6483 6259 
f 6256 6420 6259 
f 6469 6259 6395 
f 6444 6498 6482 
f 6299 6482 6498 
f 6444 6405 6498 
f 6299 6498 6405 
f 6351 6448 6450 
f 6212 6351 6450 
f 6449 6489 6450 
f 6212 6450 6447 
f 6378 6499 6482 
f 6444 6482 6499 
f 6378 6381 6499 
f 6444 6499 6381 
f 6328 6183 6484 
f 6345 6484 6183 
f 6328 6184 6183 
f 6345 6183 2130 
f 6497 6496 6268 
f 6269 6268 6496 
f 6408 6455 6406 
f 6216 6406 6455 
f 6500 6501 5162 
f 6502 6503 6504 
f 6505 6506 6507 
f 6508 6509 6510 
f 6511 6512 6513 
f 6514 6515 6516 
f 6517 6518 5046 
f 6518 6517 6519 
f 6520 4969 5202 
f 6521 6522 6523 
f 6524 6525 6526 
f 6527 6528 6525 
f 6529 6530 6510 
f 6531 6532 6533 
f 6534 6535 6536 
f 6537 6538 6539 
f 6540 6541 6542 
f 6543 6544 6545 
f 6541 6546 6547 
f 6548 6549 6550 
f 6551 6552 6553 
f 6518 6554 6555 
f 6556 6557 6558 
f 6558 6559 6560 
f 6561 6562 6563 
f 6564 6565 6566 
f 6567 6516 6568 
f 6546 6568 6516 
f 6569 6555 6554 
f 6556 6560 6565 
f 6570 6571 6572 
f 6573 6574 6575 
f 6576 6577 6564 
f 6578 6579 6580 
f 4969 6544 5160 
f 4964 6581 6580 
f 6582 6583 6518 
f 6584 6579 6519 
f 5046 6583 5195 
f 6583 6582 6585 
f 5195 6583 6586 
f 6587 5156 5158 
f 6572 6571 6588 
f 6589 6586 6585 
f 6584 6519 6517 
f 6588 5156 6587 
f 6590 6539 6538 
f 4964 6580 6579 
f 6591 6592 6593 
f 6594 6595 6596 
f 2520 6597 6598 
f 6500 5160 6543 
f 2520 6595 6597 
f 6592 6599 6600 
f 6601 6602 6603 
f 6603 6604 6605 
f 6606 6607 6608 
f 6609 6606 6610 
f 6611 6612 6613 
f 6614 6615 6616 
f 6612 6617 6618 
f 6595 6594 6597 
f 6619 6620 6621 
f 6608 6607 6622 
f 6623 6624 6625 
f 6626 6623 6625 
f 6623 6626 6627 
f 6524 6562 6509 
f 6551 6628 6526 
f 6551 6553 6628 
f 6629 6627 6551 
f 6630 6554 6579 
f 6631 6628 6553 
f 6632 6633 6634 
f 6635 6636 6637 
f 6518 6519 6554 
f 6638 6639 6640 
f 6641 6642 6532 
f 6643 6600 6599 
f 6584 4964 6579 
f 6576 6564 6566 
f 6644 6645 6646 
f 6628 6563 6526 
f 6544 6647 6545 
f 6598 6597 6648 
f 6649 6639 6638 
f 6633 6529 6562 
f 6545 6650 6651 
f 6652 5162 6653 
f 6572 6587 6654 
f 6524 6563 6562 
f 6655 5158 5159 
f 6620 6619 6550 
f 6632 6506 6633 
f 6627 6626 6552 
f 6550 6656 6620 
f 6657 6652 6658 
f 6549 6659 6656 
f 6616 6548 6550 
f 6550 6619 6660 
f 6573 6661 6662 
f 6643 6599 6663 
f 6633 6505 6530 
f 6664 6665 6581 
f 6666 6667 6668 
f 6529 6633 6530 
f 6561 6669 6670 
f 6591 6599 6592 
f 6578 6630 6579 
f 6667 6666 6671 
f 6604 6672 6673 
f 6563 6524 6526 
f 6658 6595 6674 
f 2520 6674 6595 
f 6527 6508 6671 
f 6658 6652 6653 
f 6675 6574 6676 
f 6610 6677 6678 
f 6658 6674 6679 
f 6680 6681 6575 
f 6675 6575 6574 
f 6607 6682 6622 
f 6683 6617 6611 
f 6554 6519 6579 
f 5046 6518 6583 
f 6576 6566 6684 
f 6564 6577 6556 
f 6526 6525 6629 
f 6551 6627 6552 
f 6527 6524 6509 
f 6524 6527 6525 
f 6683 6625 6624 
f 6617 6685 6618 
f 6686 6558 6557 
f 6630 6557 6569 
f 6513 6684 6540 
f 6576 6512 6555 
f 6569 6556 6577 
f 6578 6557 6630 
f 6687 6571 6570 
f 6547 6570 6688 
f 6658 6679 6657 
f 6689 6690 6593 
f 6511 6688 6654 
f 6542 6513 6540 
f 6544 6520 6571 
f 6522 6521 6644 
f 6617 6645 6685 
f 6505 6633 6506 
f 6582 6555 6512 
f 6589 6654 6655 
f 6648 6675 6676 
f 6510 6509 6529 
f 6562 6529 6509 
f 6673 6605 6604 
f 6691 6660 6619 
f 6508 6527 6509 
f 6666 6527 6671 
f 6629 6523 6627 
f 6692 6614 6685 
f 6550 6660 6616 
f 6555 6569 6577 
f 6554 6630 6569 
f 6576 6555 6577 
f 6555 6582 6518 
f 6557 6578 6686 
f 6569 6557 6556 
f 6567 6568 6693 
f 6547 6516 6515 
f 6514 6694 6695 
f 6696 6687 6515 
f 6570 6547 6515 
f 6547 6697 6542 
f 6500 6543 6501 
f 6594 6698 6699 
f 6542 6541 6547 
f 6513 6542 6697 
f 6513 6697 6511 
f 6513 6576 6684 
f 6687 6647 6571 
f 6571 6520 6588 
f 6522 6627 6523 
f 6623 6646 6624 
f 6646 6623 6522 
f 6627 6522 6623 
f 6645 6692 6685 
f 6617 6683 6624 
f 6645 6644 6692 
f 6646 6645 6624 
f 6624 6645 6617 
f 6615 6692 6521 
f 6692 6615 6614 
f 6511 6585 6582 
f 6589 6655 6586 
f 6655 6654 6587 
f 6511 6654 6589 
f 6700 6699 6698 
f 6594 6701 6597 
f 6672 6621 6673 
f 6660 6691 6702 
f 6617 6612 6611 
f 6606 6612 6607 
f 6682 6618 6685 
f 6612 6618 6607 
f 6694 6567 6693 
f 6516 6567 6514 
f 6570 6515 6687 
f 6688 6570 6572 
f 6516 6547 6546 
f 6501 6596 6653 
f 6594 6596 6698 
f 6537 6650 6696 
f 6596 6501 6698 
f 6544 6543 5160 
f 6501 6543 6651 
f 6511 6697 6688 
f 6585 6511 6589 
f 6522 6644 6646 
f 6521 6692 6644 
f 6616 6615 6548 
f 6702 6703 6660 
f 6685 6614 6682 
f 6648 6597 6701 
f 6704 6672 6604 
f 6607 6618 6682 
f 6696 6515 6514 
f 6544 6571 6647 
f 6572 6654 6688 
f 6547 6688 6697 
f 6650 6545 6647 
f 6651 6543 6545 
f 6705 6695 6694 
f 6651 6539 6706 
f 6696 6650 6647 
f 6651 6650 6537 
f 6687 6696 6647 
f 6696 6514 6695 
f 6501 6651 6706 
f 6501 6653 5162 
f 6521 6523 6503 
f 6668 6502 6504 
f 6615 6707 6548 
f 6668 6708 6502 
f 6707 6615 6521 
f 6703 6616 6660 
f 6682 6614 6703 
f 6680 6701 6709 
f 6701 6594 6709 
f 6672 6619 6621 
f 6710 6702 6704 
f 6704 6691 6672 
f 6672 6691 6619 
f 6604 6603 6602 
f 6711 6622 6712 
f 6704 6702 6691 
f 6702 6713 6703 
f 6703 6713 6712 
f 6616 6703 6614 
f 6706 6700 6698 
f 6501 6706 6698 
f 6651 6537 6539 
f 6538 6537 6695 
f 6593 6690 6591 
f 6709 6594 6699 
f 6575 6675 6680 
f 6701 6675 6648 
f 6600 6533 6592 
f 6574 6573 6662 
f 6714 6603 6605 
f 6715 6716 6717 
f 6704 6604 6602 
f 6610 6678 6609 
f 6718 6705 6719 
f 6720 6721 6719 
f 6590 6722 6539 
f 6712 6622 6682 
f 6608 6622 6711 
f 6703 6712 6682 
f 6710 6723 6713 
f 6711 6724 6725 
f 6606 6609 6613 
f 6537 6696 6695 
f 6538 6718 6590 
f 6567 6694 6514 
f 6695 6705 6538 
f 6693 6726 6694 
f 6705 6694 6726 
f 6718 6719 6721 
f 6727 6636 6649 
f 6728 6531 6729 
f 6730 6592 6533 
f 6593 6730 6689 
f 6564 6556 6565 
f 4969 6520 6544 
f 5156 6588 5202 
f 6572 6588 6587 
f 5202 6588 6520 
f 5158 6655 6587 
f 5195 6586 5159 
f 6585 6586 6583 
f 5159 6586 6655 
f 6526 6629 6551 
f 6558 6560 6556 
f 6686 6731 6558 
f 6648 6676 6598 
f 6513 6512 6576 
f 6582 6512 6511 
f 6521 6503 6707 
f 6502 6707 6503 
f 6666 6504 6528 
f 6504 6666 6668 
f 6666 6528 6527 
f 6732 6668 6667 
f 6659 6708 6732 
f 6668 6732 6708 
f 6550 6549 6656 
f 6659 6549 6708 
f 6502 6708 6549 
f 6730 6593 6592 
f 6689 6720 6690 
f 6677 6733 6734 
f 6723 6712 6713 
f 6603 6714 6717 
f 6735 6736 6737 
f 6715 6661 6738 
f 6601 6739 6740 
f 6711 6723 6724 
f 6601 6741 6739 
f 6608 6742 6610 
f 6610 6742 6677 
f 6711 6742 6608 
f 6742 6743 6677 
f 6734 6678 6677 
f 6606 6613 6612 
f 6610 6606 6608 
f 6744 6745 6700 
f 6726 6719 6705 
f 6718 6538 6705 
f 6689 6746 6720 
f 6729 6600 6643 
f 6531 6600 6729 
f 6747 6733 6748 
f 6641 6728 6749 
f 6533 6600 6531 
f 6532 6642 6533 
f 6641 6531 6728 
f 6689 6730 6750 
f 6701 6680 6675 
f 6681 6751 6575 
f 6752 6573 6575 
f 6738 6753 6716 
f 6752 6575 6751 
f 6749 6754 6751 
f 6603 6741 6601 
f 6573 6738 6661 
f 6738 6573 6752 
f 6752 6753 6738 
f 6717 6741 6603 
f 6753 6752 6755 
f 6715 6738 6716 
f 6756 6753 6755 
f 6753 6756 6757 
f 6752 6754 6755 
f 6756 6737 6739 
f 6641 6751 6681 
f 6751 6641 6749 
f 6715 6717 6714 
f 6717 6716 6741 
f 6757 6716 6753 
f 6741 6757 6739 
f 6642 6641 6681 
f 6531 6641 6532 
f 6752 6751 6754 
f 6740 6724 6758 
f 6702 6710 6713 
f 6724 6723 6758 
f 6711 6712 6723 
f 6740 6602 6601 
f 6710 6602 6758 
f 6743 6742 6725 
f 6743 6733 6677 
f 6759 6760 6663 
f 6759 6747 6748 
f 6733 6761 6762 
f 6755 6763 6756 
f 6764 6761 6743 
f 6739 6757 6756 
f 6716 6757 6741 
f 6735 6765 6761 
f 6765 6735 6749 
f 6763 6754 6735 
f 6724 6740 6739 
f 6602 6740 6758 
f 6764 6766 6739 
f 6766 6743 6725 
f 6711 6725 6742 
f 6766 6725 6724 
f 6739 6766 6724 
f 6766 6764 6743 
f 6602 6710 6704 
f 6723 6710 6758 
f 6747 6734 6733 
f 6761 6733 6743 
f 6762 6748 6733 
f 6736 6761 6764 
f 6737 6736 6764 
f 6736 6735 6761 
f 6739 6737 6764 
f 6737 6756 6763 
f 6754 6749 6735 
f 6728 6729 6765 
f 6749 6728 6765 
f 6754 6763 6755 
f 6737 6763 6735 
f 6767 6768 6769 
f 6770 6768 6771 
f 6535 6772 6773 
f 6525 6528 6774 
f 6525 6774 6629 
f 6769 6535 6534 
f 6773 6536 6535 
f 6727 6507 6775 
f 6727 6775 6636 
f 6637 6776 6777 
f 6637 6636 6776 
f 6778 6771 6779 
f 6780 6779 6771 
f 6778 6781 6771 
f 6781 6770 6771 
f 6503 6523 6774 
f 6629 6774 6523 
f 6634 6782 6632 
f 6634 6783 6782 
f 6777 6782 6783 
f 6535 6768 6770 
f 6780 6771 6768 
f 6535 6769 6768 
f 6780 6768 6767 
f 6781 6731 6784 
f 6686 6578 6784 
f 6580 6784 6578 
f 6580 6665 6784 
f 6781 6784 6770 
f 6729 6762 6765 
f 6761 6765 6762 
f 6549 6785 6502 
f 6707 6502 6785 
f 6549 6548 6785 
f 6707 6785 6548 
f 6777 6776 6782 
f 6632 6782 6776 
f 6561 6786 6787 
f 6562 6561 6787 
f 6634 6633 6787 
f 6562 6787 6633 
f 6528 6504 6774 
f 6503 6774 6504 
f 6507 6506 6775 
f 6632 6775 6506 
f 6563 6788 6561 
f 6669 6561 6788 
f 6669 6788 6631 
f 6709 6789 6680 
f 6681 6680 6789 
f 6709 6642 6789 
f 6681 6789 6642 
f 6632 6790 6775 
f 6636 6775 6790 
f 6632 6776 6790 
f 6636 6790 6776 
f 6778 6731 6781 
f 6686 6784 6731 
f 6778 6559 6731 
f 6559 6558 6731 
f 6791 6665 6664 
f 6580 6581 6665 
f 6791 6773 6772 
f 6665 6791 6772 
f 6535 6770 6772 
f 6642 6792 6533 
f 6533 6792 6730 
f 6744 6793 6750 
f 6744 6722 6793 
f 6718 6793 6590 
f 6750 6730 6792 
f 6744 6750 6792 
f 6642 6709 6792 
f 6699 6700 6745 
f 6709 6699 6745 
f 6744 6792 6745 
f 6709 6745 6792 
f 6770 6794 6772 
f 6665 6772 6794 
f 6770 6784 6794 
f 6665 6794 6784 
f 6595 6658 6596 
f 6653 6596 6658 
f 6750 6793 6689 
f 6706 6539 6722 
f 6700 6706 6722 
f 6590 6793 6722 
f 6700 6722 6744 
f 6718 6746 6793 
f 6689 6793 6746 
f 6718 6721 6746 
f 6721 6720 6746 
f 6639 6795 6635 
f 6636 6635 6795 
f 6639 6649 6795 
f 6636 6795 6649 
f 6563 6628 6788 
f 6631 6788 6628 
f 6762 6760 6748 
f 6762 6729 6760 
f 6643 6760 6729 
f 6634 6786 6783 
f 6670 6783 6786 
f 6634 6787 6786 
f 6670 6786 6561 
f 6748 6760 6759 
f 6643 6663 6760 
f 6796 6797 6798 
f 6799 6800 6801 
f 6802 6803 6804 
f 6805 6806 6807 
f 6808 5411 6809 
f 6810 5433 6811 
f 6812 6667 6671 
f 6813 6814 6815 
f 6816 6817 6818 
f 6819 6820 6821 
f 6822 5411 5264 
f 6815 6809 6822 
f 6823 6824 6732 
f 6825 6826 6827 
f 6828 6829 6830 
f 5265 5273 6831 
f 6832 6833 6834 
f 6835 6836 6837 
f 6838 6839 6840 
f 5433 5435 6811 
f 6841 6842 6843 
f 6844 6843 6842 
f 6845 6846 6847 
f 6848 5354 6849 
f 6842 6841 6850 
f 6851 6852 6853 
f 6854 6845 6855 
f 6810 5273 5433 
f 6854 5421 5354 
f 6803 6856 6857 
f 6804 6858 2520 
f 6859 6807 6836 
f 6860 6676 6861 
f 6802 6804 6862 
f 6803 6863 6856 
f 6676 6574 6861 
f 6812 6859 6836 
f 6864 6865 6866 
f 6803 6858 6804 
f 6837 6806 6796 
f 6867 6868 6869 
f 6870 6871 6872 
f 6873 6861 6874 
f 6875 6876 6877 
f 6863 6803 6878 
f 6863 6878 6879 
f 6880 6881 6882 
f 6883 6884 6885 
f 6799 6886 6887 
f 6620 6884 6621 
f 6841 6843 6809 
f 6808 6809 6888 
f 6884 6620 6889 
f 6890 6891 6889 
f 6887 6892 6893 
f 6732 6667 6823 
f 6656 6824 6890 
f 6894 6885 6889 
f 6732 6824 6659 
f 6891 6895 6896 
f 6605 6673 6880 
f 6810 6897 6898 
f 6899 6900 6901 
f 6671 6859 6812 
f 6902 6903 6904 
f 6905 6806 6805 
f 4945 6867 6904 
f 6906 6907 6908 
f 6843 6888 6809 
f 6888 6868 6909 
f 6869 6868 6844 
f 6844 6842 6910 
f 6815 6822 6831 
f 6911 6908 6907 
f 6912 6814 6913 
f 6914 6845 6854 
f 6898 6831 5273 
f 6852 6915 6853 
f 6852 6916 6917 
f 6918 6919 6877 
f 6920 6853 6915 
f 6841 6814 6912 
f 6807 6837 6836 
f 6840 6921 6922 
f 6923 6924 6925 
f 6926 6846 6927 
f 6837 6807 6806 
f 6510 6530 6805 
f 6812 6928 6823 
f 6806 6905 6929 
f 6797 6930 6931 
f 6874 6574 6662 
f 6929 6830 6931 
f 6932 6933 6934 
f 6934 6935 6936 
f 6874 6861 6574 
f 6887 6893 6937 
f 6938 6939 6940 
f 6941 6881 6942 
f 6942 6883 6885 
f 6943 6944 6945 
f 6818 6946 6816 
f 6929 6930 6806 
f 6947 6946 6948 
f 6949 6950 6951 
f 6620 6656 6889 
f 6887 6952 6800 
f 6835 6953 6954 
f 6929 6931 6930 
f 6951 6955 6943 
f 6671 6508 6859 
f 6855 5435 5421 
f 6956 6957 6958 
f 6959 6960 6961 
f 6892 6886 6962 
f 6887 6937 6952 
f 6812 6823 6667 
f 6836 6835 6928 
f 6953 6837 6796 
f 6837 6953 6835 
f 6835 6963 6928 
f 6928 6833 6823 
f 6817 6923 6925 
f 6954 6953 6923 
f 6916 6852 6851 
f 6845 6847 6811 
f 6803 6857 6858 
f 6802 6878 6803 
f 6826 6825 6921 
f 6920 6915 6964 
f 6914 6919 6927 
f 6832 6891 6890 
f 6841 6809 6815 
f 6830 6929 6828 
f 6862 6860 6965 
f 6845 6914 6846 
f 6855 6811 5435 
f 6838 6964 6839 
f 6926 6966 6967 
f 6854 6855 5421 
f 6811 6855 6845 
f 6927 6846 6914 
f 6847 6846 6926 
f 6877 6919 6968 
f 6927 6969 6970 
f 6967 6847 6926 
f 6811 6847 6897 
f 6826 6921 6971 
f 6927 6919 6969 
f 6968 6914 6854 
f 6919 6918 6971 
f 6848 6854 5354 
f 6968 6919 6914 
f 6875 6877 6972 
f 6875 6972 6973 
f 6974 6975 6876 
f 6848 6972 6968 
f 6848 6976 6972 
f 6797 6796 6930 
f 6806 6930 6796 
f 6889 6885 6884 
f 6883 6977 6884 
f 6912 6850 6841 
f 6888 6843 6868 
f 6850 6900 6842 
f 4945 6909 6868 
f 6808 6888 6909 
f 6866 6978 6979 
f 6980 6981 6893 
f 6982 6983 6947 
f 6916 6851 6984 
f 6852 6917 6915 
f 6984 6908 6911 
f 6911 6850 6912 
f 6850 6911 6907 
f 6984 6911 6916 
f 6967 6915 6917 
f 6964 6966 6970 
f 6838 6920 6964 
f 6839 6969 6921 
f 6966 6964 6915 
f 6964 6970 6839 
f 6971 6969 6919 
f 6985 6975 6974 
f 6826 6918 6975 
f 6969 6971 6921 
f 6832 6823 6833 
f 6823 6832 6824 
f 6954 6816 6983 
f 6952 6982 6947 
f 6860 6861 6965 
f 6802 6862 6986 
f 6848 6968 6854 
f 6877 6968 6972 
f 6987 6894 6988 
f 6894 6987 6885 
f 6979 6939 6938 
f 6977 6621 6884 
f 6941 6938 6940 
f 6989 6987 6981 
f 6883 6942 6881 
f 6942 6885 6987 
f 6883 6881 6977 
f 6987 6989 6942 
f 6989 6938 6941 
f 6977 6881 6880 
f 6621 6977 6673 
f 6892 6887 6886 
f 6990 6981 6980 
f 6988 6981 6987 
f 6937 6893 6981 
f 6864 6892 6962 
f 6893 6892 6980 
f 6887 6800 6799 
f 6948 6800 6947 
f 6800 6952 6947 
f 6814 6841 6815 
f 6916 6911 6912 
f 6967 6966 6915 
f 6926 6927 6970 
f 6969 6839 6970 
f 6926 6970 6966 
f 6860 6598 6676 
f 6991 6992 6993 
f 6978 6994 6995 
f 6996 6714 6605 
f 6881 6941 6882 
f 6880 6996 6605 
f 6896 6997 6894 
f 6937 6981 6988 
f 6815 6898 6813 
f 6813 6913 6814 
f 6998 6897 6967 
f 6916 6913 6917 
f 6989 6941 6942 
f 6940 6999 6882 
f 6891 6896 6894 
f 6937 6997 6952 
f 6982 6896 6895 
f 6895 7000 6834 
f 6946 6818 6948 
f 6946 6947 6983 
f 6923 6816 6954 
f 6817 6816 6923 
f 6983 6816 6946 
f 7001 6991 6993 
f 6990 6989 6981 
f 6989 6990 6938 
f 6940 6939 7002 
f 7003 6871 6996 
f 6889 6891 6894 
f 6965 6986 6862 
f 6993 6986 7004 
f 7005 6958 6957 
f 6974 6991 6985 
f 6991 7001 6985 
f 6866 6980 6864 
f 6990 6980 6866 
f 6940 6882 6941 
f 6889 6656 6890 
f 6824 6656 6659 
f 6832 6890 6824 
f 6985 6958 7006 
f 6958 6985 7001 
f 6975 6985 7006 
f 7001 7007 6958 
f 6975 6918 6876 
f 6918 6826 6971 
f 7006 7005 6827 
f 7008 7009 6865 
f 6865 7009 6866 
f 7004 6986 6965 
f 6965 7010 7004 
f 7009 6994 6978 
f 7011 7004 7010 
f 6961 6950 7007 
f 6958 7005 7006 
f 7012 7005 6957 
f 6825 7012 6922 
f 6975 6827 6826 
f 7006 6827 6975 
f 6825 6827 7005 
f 7012 6825 7005 
f 6825 6922 6921 
f 6979 6938 6990 
f 7002 6939 6995 
f 7013 7003 6999 
f 7014 6932 7015 
f 6810 6898 5273 
f 6811 6897 6810 
f 6870 7016 6715 
f 7017 6902 6869 
f 6902 6904 6867 
f 6868 6867 4945 
f 6902 6867 6869 
f 6836 6928 6812 
f 6963 6835 6954 
f 5411 6822 6809 
f 6831 5264 5265 
f 6998 6967 6917 
f 6847 6967 6897 
f 6913 6998 6917 
f 6998 6813 6898 
f 6839 6921 6840 
f 6977 6880 6673 
f 6880 7003 6996 
f 6882 7003 6880 
f 6995 7018 7002 
f 6715 7016 6661 
f 7003 6882 6999 
f 6870 6872 7019 
f 7020 6870 6715 
f 7021 6874 7022 
f 7019 7016 6870 
f 6715 6714 7020 
f 7020 6714 6996 
f 7019 7023 7016 
f 6998 6898 6897 
f 6913 6916 6912 
f 6998 6913 6813 
f 6818 6801 6948 
f 6948 6801 6800 
f 6834 6982 6895 
f 6963 6833 6928 
f 6954 6983 6963 
f 6963 6983 6834 
f 6918 6877 6876 
f 6974 6876 6875 
f 6892 6864 6980 
f 6865 6864 6962 
f 6994 7008 7024 
f 6995 6939 6979 
f 6866 7009 6978 
f 7008 6994 7009 
f 6995 6994 7018 
f 7025 7026 7011 
f 6961 7027 6959 
f 6861 6873 7010 
f 7028 6959 7026 
f 7027 7026 6959 
f 7026 7025 7028 
f 6873 7029 7010 
f 7030 6872 7031 
f 7028 7025 7030 
f 7019 7030 7023 
f 7010 6965 6861 
f 6949 6956 7007 
f 7021 6873 6874 
f 7022 6874 6662 
f 7030 7021 7023 
f 7030 7025 7021 
f 6960 6950 6961 
f 5264 6831 6822 
f 6815 6831 6898 
f 6940 7002 6999 
f 7002 7032 7033 
f 7033 7013 6999 
f 7018 7032 7002 
f 6963 6834 6833 
f 6982 6834 6983 
f 7034 6994 7024 
f 7034 7035 7018 
f 7032 7018 7035 
f 7033 7032 7036 
f 6994 7034 7018 
f 7032 7035 7036 
f 6999 7002 7033 
f 7031 7037 7030 
f 7038 7036 7035 
f 6662 6661 7022 
f 7023 7021 7022 
f 7016 7022 6661 
f 7019 6872 7030 
f 7033 6872 7013 
f 7024 7039 7034 
f 7038 7035 7034 
f 6945 7040 7039 
f 6844 6910 7017 
f 6869 6844 7017 
f 6844 6868 6843 
f 6866 6979 6990 
f 6995 6979 6978 
f 7022 7016 7023 
f 6910 6899 7017 
f 7041 6899 6901 
f 7042 6821 6820 
f 7043 7042 6820 
f 6899 7044 7017 
f 6902 7017 7045 
f 6505 6507 7046 
f 7047 6905 7046 
f 6505 7046 6905 
f 6933 7046 6507 
f 6932 7048 6933 
f 7014 7049 6932 
f 7014 6829 7049 
f 7050 7051 7052 
f 7053 7052 7051 
f 7045 7017 7044 
f 7053 7054 7044 
f 6899 7041 7044 
f 7053 7044 7041 
f 7045 7044 7054 
f 7055 7045 7054 
f 7053 7051 7054 
f 7055 7056 6820 
f 7043 6820 7056 
f 7043 7056 7057 
f 7058 7059 6903 
f 7060 7061 6903 
f 7061 6904 6903 
f 6832 6834 7000 
f 6895 6891 7000 
f 6832 7000 6891 
f 7050 7057 7056 
f 6902 7058 6903 
f 7050 7056 7051 
f 6829 6828 7049 
f 7047 7049 6828 
f 6902 7045 7058 
f 7055 7058 7045 
f 6982 6997 6896 
f 6988 6894 6997 
f 6982 6952 6997 
f 6988 6997 6937 
f 7007 6956 6958 
f 6950 6949 7007 
f 7036 7038 7062 
f 6959 7028 7062 
f 7055 7059 7058 
f 7060 6903 7059 
f 7055 6820 7059 
f 7027 6961 7001 
f 7007 7001 6961 
f 6973 6878 7063 
f 6973 7063 6875 
f 6944 7064 7040 
f 6945 6944 7040 
f 7038 7034 7040 
f 7034 7039 7040 
f 6993 7004 7065 
f 7027 7001 7065 
f 6993 7065 7001 
f 7027 7065 7026 
f 6850 6907 6900 
f 6899 6910 6900 
f 6910 6842 6900 
f 6973 6976 6878 
f 6879 6878 6976 
f 6879 6976 6849 
f 6878 6802 7063 
f 6986 7063 6802 
f 7062 7064 6959 
f 7004 7011 7065 
f 7026 7065 7011 
f 6907 6906 6900 
f 6906 6901 6900 
f 7021 7029 6873 
f 7011 7010 7029 
f 7021 7025 7029 
f 7011 7029 7025 
f 7036 7031 7033 
f 6872 7033 7031 
f 7028 7037 7062 
f 7036 7062 7037 
f 7028 7030 7037 
f 7036 7037 7031 
f 7020 6996 6871 
f 6870 7020 6871 
f 7003 7013 6871 
f 7013 6872 6871 
f 6905 7066 6505 
f 6530 6505 7066 
f 6905 6805 7066 
f 6530 7066 6805 
f 7055 7054 7056 
f 7051 7056 7054 
f 6860 7067 6598 
f 6860 6862 7067 
f 6804 7067 6862 
f 6875 6992 6974 
f 6875 7063 6992 
f 6986 6992 7063 
f 6807 7068 6805 
f 6510 6805 7068 
f 6510 7068 6508 
f 6960 7064 6944 
f 7038 7040 7064 
f 6960 6959 7064 
f 7038 7064 7062 
f 6960 6955 6950 
f 6951 6950 6955 
f 6960 6944 6955 
f 6944 6943 6955 
f 7015 7069 6936 
f 6934 6936 7069 
f 7015 6932 7069 
f 6934 7069 6932 
f 6986 6993 6992 
f 6974 6992 6991 
f 7047 7048 7049 
f 6932 7049 7048 
f 7047 7046 7048 
f 7046 6933 7048 
f 6798 6924 6796 
f 6953 6796 6924 
f 6798 6925 6924 
f 6953 6924 6923 
f 6807 6859 7068 
f 6508 7068 6859 
f 6820 7070 7059 
f 7060 7059 7070 
f 6820 6819 7070 
f 7060 7070 6819 
f 6849 6976 6848 
f 6973 6972 6976 
f 6905 7071 6929 
f 6828 6929 7071 
f 6905 7047 7071 
f 6828 7071 7047 
f 6598 7067 2520 
f 6804 2520 7067 
f 4301 7072 7073 
f 7074 7072 7075 
f 7072 7074 7073 
f 7075 7076 7074 
f 7076 7075 7077 
f 7076 7077 7078 
f 7079 7080 7081 
f 7081 7078 7079 
f 7080 7082 7081 
f 7079 7078 7077 
f 7080 7083 7082 
f 7084 7082 7083 
f 7084 7083 7085 
f 7086 7085 4199 
f 7085 7086 7084 
f 4109 7087 7088 
f 7088 7089 7090 
f 7089 7088 7087 
f 7090 7089 7091 
f 7091 7092 7093 
f 7094 7093 7092 
f 7094 7092 7095 
f 7091 7093 7090 
f 7096 7097 7098 
f 7097 7096 7095 
f 7098 7097 7099 
f 7100 7101 4152 
f 7101 7100 7099 
f 7099 7100 7098 
f 7095 7096 7094 
f 7102 7103 7104 
f 3967 7105 7106 
f 7107 7094 7096 
f 7108 7109 7110 
f 7111 7112 7113 
f 7114 3990 7115 
f 7116 7117 7118 
f 7119 7107 7120 
f 7121 7102 7122 
f 7121 7122 7120 
f 7121 7123 7102 
f 7121 7124 7123 
f 7125 7126 7127 
f 4109 7128 7129 
f 7130 7131 7132 
f 7133 7134 7135 
f 7133 7135 7136 
f 7137 7138 7136 
f 7139 7140 7141 
f 7139 7110 7142 
f 7143 7144 7130 
f 4103 7145 7146 
f 7147 7148 7149 
f 7150 7115 7151 
f 7116 7152 7151 
f 7153 7154 7141 
f 7155 7154 7156 
f 7154 7153 7156 
f 7124 7157 7123 
f 7096 7158 7107 
f 7137 7107 7158 
f 7137 7158 7159 
f 7160 7125 7127 
f 7161 7125 7112 
f 7139 7142 7162 
f 7139 7162 7163 
f 7096 7098 7158 
f 4092 7143 4103 
f 7155 7110 7154 
f 7164 7165 7166 
f 7159 7138 7137 
f 7133 7136 7138 
f 7159 7167 7138 
f 7133 7138 7156 
f 7168 7169 7132 
f 7168 7170 7169 
f 7171 7172 7173 
f 7135 7134 7173 
f 7171 7173 7134 
f 7100 4152 7174 
f 7175 7176 7177 
f 7178 7104 7103 
f 7179 7178 7103 
f 7102 7123 7103 
f 7123 7180 7103 
f 7181 7182 7183 
f 7131 7184 7132 
f 7184 7185 7132 
f 7168 7132 7185 
f 7119 7120 7186 
f 7187 7188 7189 
f 7190 7191 7104 
f 7102 7104 7191 
f 7192 7193 7194 
f 7107 7195 7120 
f 7121 7120 7195 
f 7107 7137 7195 
f 7181 7196 7157 
f 7181 7157 7182 
f 4092 7197 7143 
f 7150 7198 7197 
f 4092 7199 7197 
f 7199 7200 7197 
f 7166 7201 7202 
f 7203 7204 7205 
f 7090 7206 7207 
f 7090 7093 7206 
f 7093 7208 7206 
f 7113 7209 7210 
f 7150 7151 7198 
f 7130 7211 7162 
f 7163 7162 7211 
f 7130 7132 7211 
f 4109 7212 7128 
f 7213 7214 7215 
f 4109 7088 7212 
f 7088 7216 7212 
f 7217 7218 7219 
f 7203 7220 7186 
f 7163 7221 7139 
f 7140 7139 7221 
f 7163 7222 7221 
f 7198 7223 7131 
f 7155 7174 7110 
f 7108 7110 7174 
f 7108 7174 4152 
f 7224 7213 7219 
f 7204 7225 7192 
f 7226 7205 7204 
f 7186 7225 7203 
f 7124 7121 7137 
f 7149 7227 7147 
f 7155 7167 7174 
f 7158 7098 7159 
f 7155 7156 7167 
f 7156 7138 7167 
f 7110 7109 7142 
f 7146 7142 7109 
f 7215 7216 7207 
f 7090 7207 7216 
f 7215 7212 7216 
f 7090 7216 7088 
f 7120 7122 7228 
f 7120 7228 7186 
f 7207 7220 7229 
f 7215 7207 7229 
f 7205 7230 7229 
f 7215 7229 7213 
f 7119 7208 7107 
f 7094 7107 7208 
f 7119 7206 7208 
f 7094 7208 7093 
f 7132 7169 7211 
f 7163 7211 7169 
f 7121 7195 7137 
f 7167 7159 7100 
f 7114 7200 7199 
f 7150 7197 7200 
f 7114 7115 7200 
f 7150 7200 7115 
f 7136 7124 7137 
f 7189 7231 7187 
f 7115 7117 7151 
f 7116 7151 7117 
f 7232 7218 7233 
f 7187 7234 7235 
f 7133 7236 7134 
f 7133 7156 7236 
f 7236 7156 7153 
f 7165 7237 7238 
f 7176 7237 7221 
f 7226 7239 7230 
f 7205 7226 7230 
f 7134 7236 7202 
f 7153 7202 7236 
f 7177 7222 7170 
f 7235 7240 7147 
f 7102 7241 7122 
f 7102 7191 7241 
f 7202 7153 7164 
f 7140 7165 7164 
f 7122 7241 7228 
f 7115 7126 7117 
f 7117 7126 7118 
f 7157 7242 7182 
f 7135 7182 7242 
f 7135 7242 7136 
f 7243 7244 7148 
f 7160 7210 7209 
f 7125 7160 7209 
f 7113 7112 7209 
f 7125 7209 7112 
f 7235 7188 7187 
f 7235 7147 7188 
f 7115 3990 7126 
f 3990 7127 7126 
f 7106 7105 7188 
f 7105 7189 7188 
f 7202 7164 7166 
f 7238 7166 7165 
f 7106 7188 7227 
f 7147 7227 7188 
f 7136 7242 7124 
f 7157 7124 7242 
f 7245 7235 7234 
f 7246 7247 7234 
f 7187 7231 7234 
f 7246 7234 7231 
f 7157 7180 7123 
f 7179 7103 7180 
f 7157 7196 7180 
f 7179 7180 7196 
f 7219 7248 7224 
f 7249 7224 7248 
f 7219 7250 7248 
f 7249 7248 7148 
f 7202 7251 7134 
f 7171 7134 7251 
f 7202 7201 7251 
f 7171 7251 7201 
f 7249 7252 7224 
f 7128 7214 7252 
f 7249 7240 7252 
f 7245 7247 7252 
f 7119 7186 7220 
f 7206 7119 7220 
f 7206 7220 7207 
f 7143 7145 4103 
f 7142 7146 7145 
f 7143 7130 7145 
f 7153 7141 7164 
f 7140 7164 7141 
f 7128 7247 7129 
f 7246 7129 7247 
f 7128 7252 7247 
f 7245 7234 7247 
f 7130 7162 7145 
f 7142 7145 7162 
f 7131 7144 7198 
f 7197 7198 7144 
f 7131 7130 7144 
f 7197 7144 7143 
f 7219 7218 7250 
f 7243 7148 7250 
f 7148 7248 7250 
f 7253 7226 7254 
f 7192 7194 7254 
f 7253 7254 7194 
f 7212 7215 7214 
f 7128 7212 7214 
f 7213 7224 7214 
f 7224 7252 7214 
f 7125 7255 7126 
f 7118 7126 7255 
f 7125 7161 7255 
f 7118 7255 7161 
f 7244 7149 7148 
f 7217 7230 7239 
f 7218 7217 7239 
f 7218 7239 7233 
f 7217 7256 7230 
f 7217 7219 7256 
f 7213 7256 7219 
f 7185 7184 7257 
f 7226 7253 7239 
f 7233 7239 7253 
f 7151 7258 7198 
f 7259 7198 7258 
f 7151 7152 7258 
f 7259 7258 7152 
f 7176 7221 7222 
f 7177 7176 7222 
f 7163 7169 7222 
f 7169 7170 7222 
f 7140 7221 7237 
f 7165 7140 7237 
f 7176 7175 7237 
f 7175 7238 7237 
f 7203 7205 7220 
f 7205 7229 7220 
f 7192 7254 7204 
f 7226 7204 7254 
f 7213 7229 7256 
f 7230 7256 7229 
f 7174 7167 7100 
f 7098 7100 7159 
f 7135 7173 7182 
f 7218 7260 7250 
f 7243 7250 7260 
f 7218 7232 7260 
f 7243 7260 7232 
f 7245 7252 7240 
f 7235 7245 7240 
f 7249 7148 7240 
f 7148 7147 7240 
f 7190 7194 7193 
f 7191 7190 7193 
f 7192 7241 7193 
f 7191 7193 7241 
f 7182 7173 7183 
f 7172 7183 7173 
f 7154 7261 7141 
f 7139 7141 7261 
f 7154 7110 7261 
f 7139 7261 7110 
f 7184 7223 7257 
f 7259 7257 7223 
f 7184 7131 7223 
f 7259 7223 7198 
f 7228 7225 7186 
f 7204 7203 7225 
f 7228 7241 7225 
f 7241 7192 7225 
f 7106 7262 3967 
f 7178 7263 7104 
f 7075 7264 7077 
f 7168 7265 7170 
f 7079 7266 7080 
f 7111 7267 7112 
f 7268 7269 7270 
f 7271 7272 7273 
f 7274 7275 7276 
f 7277 7278 7279 
f 7280 7270 7281 
f 7269 7281 7270 
f 7282 7283 7284 
f 7285 7286 4204 
f 7282 7284 7287 
f 7282 7287 7288 
f 7289 7290 7265 
f 7276 7291 7274 
f 7264 7292 7293 
f 7264 7291 7292 
f 7294 7295 7296 
f 7297 7281 7288 
f 7269 7298 7281 
f 7277 7299 7300 
f 7268 7270 7300 
f 7294 7300 7270 
f 7294 7296 7301 
f 7301 7302 7278 
f 7116 7303 7152 
f 7266 7298 7269 
f 7289 7265 7304 
f 7304 7272 7289 
f 7288 7287 7305 
f 7185 7257 7306 
f 7275 7307 7276 
f 7238 7308 7166 
f 7279 7278 7309 
f 7310 7309 7278 
f 7185 7311 7168 
f 7265 7168 7311 
f 7185 7306 7311 
f 7284 7263 7287 
f 7179 7312 7263 
f 7284 7104 7263 
f 7179 7263 7178 
f 7313 7314 7292 
f 7293 7292 7315 
f 7314 7283 7315 
f 7294 7301 7300 
f 7277 7300 7301 
f 7277 7301 7278 
f 7171 7201 7316 
f 7296 7295 7316 
f 7171 7316 7295 
f 7274 7317 7275 
f 7265 7318 7170 
f 7177 7170 7318 
f 7265 7290 7318 
f 7177 7318 7290 
f 4171 7319 4304 
f 7284 7320 7104 
f 7190 7104 7320 
f 7190 7320 7321 
f 7190 7321 7194 
f 7181 7305 7196 
f 7238 7175 7322 
f 7291 7313 7292 
f 7315 7292 7314 
f 7291 7276 7313 
f 7323 7321 7313 
f 7324 7268 7085 
f 7085 7299 4199 
f 7172 7325 7183 
f 7326 7327 7328 
f 7072 7326 7328 
f 7264 7075 7328 
f 7072 7328 7075 
f 7080 7324 7083 
f 7080 7266 7324 
f 7269 7324 7266 
f 7329 7330 7331 
f 7332 7333 7267 
f 7334 7317 7335 
f 7275 7317 7334 
f 7336 7335 7317 
f 7269 7268 7324 
f 7152 7337 7259 
f 7265 7311 7304 
f 7274 7338 7317 
f 7339 7317 7338 
f 7274 7327 7338 
f 7339 7338 7326 
f 7340 7341 7279 
f 7273 7340 7271 
f 7279 7342 7271 
f 7289 7271 7342 
f 7279 7309 7342 
f 7309 7343 7342 
f 7341 4199 7344 
f 7277 7279 7344 
f 7297 7345 7280 
f 7305 7345 7288 
f 7280 7281 7297 
f 7346 7347 7348 
f 7347 7349 7348 
f 7322 7350 7310 
f 7289 7343 7290 
f 7280 7351 7270 
f 7294 7270 7351 
f 7294 7351 7295 
f 7337 7152 7303 
f 7233 7253 7352 
f 7077 7353 7079 
f 7077 7264 7353 
f 7293 7353 7264 
f 7326 7338 7327 
f 7264 7328 7327 
f 7274 7291 7327 
f 7264 7327 7291 
f 7083 7324 7085 
f 7325 7354 7280 
f 7336 7317 7339 
f 7344 7279 7341 
f 7271 7340 7279 
f 7293 7355 7353 
f 7079 7353 7266 
f 7310 7343 7309 
f 7289 7342 7343 
f 7308 7356 7166 
f 7319 7272 7304 
f 7271 7289 7272 
f 7319 4171 7272 
f 4171 7273 7272 
f 7319 7357 7306 
f 7311 7306 7357 
f 7319 7304 7357 
f 7311 7357 7304 
f 7358 7359 7335 
f 7267 7360 7112 
f 7267 7333 7360 
f 7297 7288 7345 
f 7325 7280 7345 
f 7305 7181 7345 
f 7303 7361 7362 
f 7363 7364 7348 
f 7112 7365 7161 
f 7112 7360 7365 
f 7360 7286 7365 
f 7310 7278 7302 
f 7302 7366 7310 
f 7301 7296 7302 
f 7352 7323 7276 
f 7352 7253 7323 
f 7331 7367 7368 
f 7335 7336 7358 
f 7296 7308 7366 
f 7322 7310 7366 
f 7296 7366 7302 
f 7284 7369 7320 
f 7321 7320 7369 
f 7284 7283 7369 
f 7314 7313 7321 
f 7276 7323 7313 
f 7337 7370 7259 
f 7337 7363 7370 
f 7253 7194 7323 
f 7321 7323 7194 
f 7181 7371 7345 
f 7325 7345 7371 
f 7181 7183 7371 
f 7325 7371 7183 
f 7372 4204 7286 
f 7333 7372 7286 
f 7285 7365 7286 
f 7333 7286 7360 
f 7275 7373 7232 
f 7243 7232 7373 
f 7275 7334 7373 
f 7243 7373 7334 
f 7259 7374 7257 
f 7306 7257 7374 
f 7259 7370 7374 
f 7306 7374 7370 
f 7285 7361 7118 
f 7116 7118 7361 
f 7285 7362 7361 
f 7116 7361 7303 
f 7262 7106 7375 
f 7262 7375 7376 
f 7177 7377 7175 
f 7322 7175 7377 
f 7177 7290 7377 
f 7335 7359 7334 
f 7243 7334 7359 
f 7243 7359 7244 
f 7339 7368 7336 
f 7266 7355 7298 
f 7298 7378 7282 
f 7363 7379 7370 
f 7306 7370 7379 
f 7363 7349 7379 
f 7306 7379 7319 
f 7283 7314 7369 
f 7321 7369 7314 
f 7171 7380 7172 
f 7325 7172 7380 
f 7171 7295 7380 
f 7282 7378 7283 
f 7315 7283 7378 
f 7362 7348 7364 
f 7303 7362 7364 
f 7363 7337 7364 
f 7303 7364 7337 
f 7368 7381 7382 
f 7331 7368 7382 
f 7383 7329 7382 
f 7331 7382 7329 
f 7376 7384 7330 
f 7331 7330 7384 
f 7385 7367 7384 
f 7106 7386 7375 
f 7385 7375 7386 
f 7106 7227 7386 
f 7385 7386 7227 
f 7348 7362 7346 
f 7378 7298 7355 
f 7315 7378 7355 
f 7266 7353 7355 
f 7315 7355 7293 
f 7161 7365 7118 
f 7285 7118 7365 
f 7308 7238 7366 
f 7322 7366 7238 
f 7358 7149 7359 
f 7244 7359 7149 
f 7339 7381 7368 
f 7383 7382 7381 
f 7383 7381 4301 
f 7352 7276 7307 
f 7233 7352 7307 
f 7275 7232 7307 
f 7233 7307 7232 
f 7268 7299 7085 
f 7344 4199 7299 
f 7268 7300 7299 
f 7344 7299 7277 
f 7326 7387 7339 
f 7326 7072 7387 
f 4301 7387 7072 
f 7290 7350 7377 
f 7322 7377 7350 
f 7290 7343 7350 
f 7343 7310 7350 
f 7319 7349 4304 
f 7347 4304 7349 
f 7319 7379 7349 
f 7363 7348 7349 
f 7296 7356 7308 
f 7201 7166 7356 
f 7296 7316 7356 
f 7201 7356 7316 
f 7295 7354 7380 
f 7325 7380 7354 
f 7295 7351 7354 
f 7351 7280 7354 
f 7358 7388 7149 
f 7227 7149 7388 
f 7358 7385 7388 
f 7227 7388 7385 
f 7285 4204 7362 
f 7346 7362 4204 
f 7288 7389 7282 
f 7298 7282 7389 
f 7288 7281 7389 
f 7298 7389 7281 
f 7358 7367 7385 
f 7331 7384 7367 
f 7358 7336 7367 
f 7336 7368 7367 
f 7385 7384 7375 
f 7376 7375 7384 
f 7339 7387 7381 
f 4301 7381 7387 
f 7305 7312 7196 
f 7179 7196 7312 
f 7305 7287 7312 
f 7287 7263 7312 
f 7113 7210 7390 
f 7391 7390 4741 
f 7111 7113 7391 
f 7391 7113 7390 
f 4741 7392 7391 
f 4741 4720 7392 
f 7393 7394 4634 
f 7394 7393 4720 
f 4720 7393 7392 
f 7111 7391 7267 
f 7391 7392 4915 
f 7395 7391 4915 
f 7395 7267 7391 
f 7392 4886 4915 
f 4886 7392 7393 
f 7393 4634 7396 
f 7393 7396 4886 
f 7395 7332 7267 
