$MeshFormat
2.2 0 8
$EndMeshFormat
$Nodes
7396
1     0.1325063001     1.6734988502    -0.1916053705
2     0.1608208894     1.5516852408    -0.1958966374
3     0.0044383996     1.5791695841    -0.1755933646
4    -0.0243811549     1.6439680902    -0.1626893876
5     0.0378470010     1.6877507036    -0.1744346638
6     0.4615780460     1.8655606482    -0.2211522383
7     0.4155580757     1.7527446171    -0.2162756240
8     0.2951258177     1.8667035153    -0.2077114221
9     0.6305177136     1.6546143313    -0.2202589333
10     0.8851504101     1.4160345461    -0.2095531829
11     0.5424892610     1.4729499928    -0.2115862624
12     0.4110509921     1.6267717650    -0.2129951170
13     0.2623849885     1.7424339350    -0.2051545707
14     0.3217746509     1.5027165316    -0.2057418520
15     0.1335808722     1.7815432333    -0.1873305610
16     0.6804788192     1.8647170223    -0.2293975617
17     0.8387110903     1.6880179215    -0.2231103090
18     0.9479573280     1.8642682228    -0.2311478169
19     1.0788916474     1.6380243678    -0.2178860719
20     3.3724808718     1.3689039418    -0.0751904923
21     3.5086951788     1.4927689552    -0.0690091626
22     3.5338498216     1.2364568923    -0.0571601214
23     2.4074554463     1.6448190673    -0.1570943628
24     2.6488075058     1.8677417048    -0.1517786930
25     2.6583150303     1.6621042535    -0.1411361660
26     2.8041304297     1.7513576912    -0.1349762891
27     2.9456638774     1.6690655100    -0.1207285504
28     2.8177773313     1.5924686264    -0.1265902643
29     2.9574660757     1.8689700304    -0.1288224872
30     3.1847378644     1.8699555001    -0.1107604238
31     3.0996628546     1.7696489280    -0.1133318787
32     0.0581125113     1.4935065150    -0.1859490806
33     0.2104218274     1.4327639038    -0.1982830849
34     0.1382456227     1.3453589636    -0.1923333073
35     3.2531211862     1.7696489280    -0.1010080228
36     3.3805205251     1.7744539858    -0.0906174356
37     3.3349341789     1.6508103354    -0.0894994357
38     3.4715457732     1.8713010969    -0.0865083114
39     3.2903982054     1.8704375318    -0.1020216913
40     0.2422765074     1.1596050957    -0.1928272703
41     0.5500276071     1.2593329489    -0.2028947571
42     0.4542892646     0.9866905999    -0.1904983828
43     0.3424343760     1.3385637826    -0.2018316437
44     0.1726202958     1.8681558914    -0.1890766548
45     0.2569296199     1.6229209998    -0.2041026780
46     3.3750624531     1.5298184525    -0.0814056371
47     3.4912252302     1.6707781838    -0.0772383449
48     3.2148453609     1.4967610950    -0.0927501051
49     2.6386946970     1.4953049889    -0.1344475278
50     2.2441837798     1.8663338067    -0.1789783738
51     0.7140551523     0.9207947314    -0.1870854650
52     0.7799610916     1.1440498065    -0.1972814623
53     2.3748714967     1.3737638788    -0.1454829681
54     0.9714095320     0.9215139888    -0.1830170933
55     2.0091596271     1.5844113796    -0.1778127002
56     1.1161989322     1.1739581241    -0.1926564744
57     1.3153030303     1.4331474064    -0.2006258300
58     1.4986423910     1.0310209561    -0.1723357377
59     1.2947384271     1.8642903554    -0.2247781712
60     1.6900056690     1.3382206428    -0.1806377676
61     2.0761042012     1.2444369453    -0.1562299302
62     1.7476232113     1.8649905751    -0.2068579039
63     1.7765146865     1.1253166850    -0.1652543005
64     1.2324075503     0.9619166496    -0.1781530329
65     1.5968448241     1.6191520010    -0.2001012491
66     0.0841195545     1.8713010969    -0.1456360560
67     0.0298761574     1.7940297934    -0.1396223323
68    -0.0243672398     1.7167584900    -0.1336086085
69     0.8974955413     1.8782901127    -0.0314757170
70     0.7740384601     1.7020440609    -0.0159946972
71     0.9863150667     1.4861368952     0.0104966199
72     3.2795517186     1.3814538704    -0.0503231718
73     0.6525166361     1.8778157596    -0.0425364383
74     0.4474352769     1.8769812983    -0.0580513183
75     0.5604323054     1.6747832664    -0.0220334197
76     0.3728466835     1.7133159065    -0.0403259493
77     3.1983203486     1.1580482456    -0.0336563937
78     0.3936549439     1.5113980004    -0.0108312551
79     0.5633552165     1.4682417066     0.0028909504
80     1.9776721128     1.1939745983     0.0185404100
81     1.6037058993     1.1819688542     0.0301657228
82     1.7692908158     0.8645963294     0.0485824351
83     0.6976503644     1.3389877502     0.0209796414
84     0.7222046563     1.5347833311     0.0007986318
85     3.3191792954     1.6236815971    -0.0654984795
86     2.9841718652     1.3306631231    -0.0321563534
87     3.0685053079     1.6160564049    -0.0525158909
88     3.2292345063     1.8724430008    -0.0744053951
89     2.3274912568     1.1970399200     0.0055052150
90     2.2973820747     0.9611545668     0.0219874808
91     2.5819954554     1.0205523315     0.0055964290
92     1.5217193502     0.8307753767     0.0586156659
93     0.7700179748     1.1207570013     0.0437256464
94     1.0422557248     0.8075452445     0.0705639448
95     1.2248146446     1.0924027894     0.0444795819
96     0.4837040584     1.2909797414     0.0202004036
97     0.5535254252     0.9319144380     0.0599225752
98     2.7228392977     1.5800899973    -0.0348364336
99     1.3559834776     1.5099266319     0.0081627261
100     1.5860959449     1.8779246177    -0.0246837712
101     1.2021064178     1.8783687776    -0.0250335831
102     0.8000970311     0.8373309915     0.0700330130
103     1.7918264583     1.5310781061    -0.0005414339
104     2.0269502932     0.9087947784     0.0363241216
105     2.0407355935     1.8768693368    -0.0318415255
106     0.2710675669     1.3422358489     0.0036446274
107     0.3585827755     1.1308957787     0.0338963325
108     1.2808956497     0.8097001830     0.0661821944
109     0.1964911161     1.4991501323    -0.0243370280
110     0.2439799142     1.6240108021    -0.0390281472
111     0.2887841679     1.8758619809    -0.0768300062
112     0.1967314217     1.7079189317    -0.0589397301
113     0.0270860069     1.7416247904    -0.1046347106
114     0.1148874952     1.7378324749    -0.0787406285
115     0.1700426522     1.8744297855    -0.0993871146
116     2.2564713632     1.5245997958    -0.0134419170
117     2.6330223972     1.2948609252    -0.0135452000
118     2.9147819434     1.8738044556    -0.0604215097
119     2.5034263598     1.8753869421    -0.0449676885
120     2.8817465378     1.0860538027    -0.0128697877
121     0.1410077157     1.9523497061    -0.1511584839
122     3.9221367897     5.1423275498    -0.3729294172
123     3.7809260166     5.2633072804    -0.3939360059
124     3.9727254087     5.3038728579    -0.3847110069
125     3.1482653274     5.2894817731    -0.4264372760
126     3.0976181107     5.4469456683    -0.4379171638
127     3.1904617940     5.4429744046    -0.4363631088
128     3.2971437364     5.2391020763    -0.4177279499
129     3.2833270452     5.4400353557    -0.4338485307
130     1.1055308760     3.3265066331    -0.2447897326
131     1.1790039976     3.2134461478    -0.2861698818
132     1.0487942195     3.2456738727    -0.2392820121
133     4.2671554484     5.2015357422    -0.3522228501
134     4.3013052486     5.3441488908    -0.3635545377
135     4.4623176942     5.2666605062    -0.3421637766
136     3.6544363437     5.4342564592    -0.4170683128
137     3.7500000000     5.4337231695    -0.4114779069
138     1.8133325209     4.0904263507    -0.3440336622
139     1.6728974410     4.1348342372    -0.2998669377
140     1.7296340974     4.2156669976    -0.3053746582
141     1.5866874093     3.7719616569    -0.3235468925
142     1.4459508150     3.8115031955    -0.2778360556
143     1.5026874715     3.8923359559    -0.2833437761
144     2.5621669150     3.5934492810    -0.3141190301
145     2.8910446173     3.5807775251    -0.2954215092
146     2.6479371186     3.1669026444    -0.2725103203
147     2.5806839448     5.4281584037    -0.3879904658
148     2.6375721060     5.5092070130    -0.3935128937
149     2.6668618938     5.4228035604    -0.4191349440
150     2.6401616598     5.5080318745    -0.4000000000
151     3.3000912710     3.4433612313    -0.2554046771
152     3.4606989554     3.0344513005    -0.2034412302
153     3.0441169312     3.1603249679    -0.2466315085
154     4.1374081238     5.4637339161    -0.3880419487
155     4.1483409065     5.3289993219    -0.3741596146
156     4.0402385233     5.4531554228    -0.3941185582
157     2.8810638735     5.2548061932    -0.4268311448
158     2.7748382970     5.3694149730    -0.4285728603
159     2.9121307526     5.4598474984    -0.4369828928
160     3.0071058531     5.3348344801    -0.4315854237
161     3.0048378861     5.4523585220    -0.4382572506
162     3.2797207807     1.9186526248    -0.1077276374
163     3.1720355794     2.0531192579    -0.1299113441
164     3.3734827426     1.9670018894    -0.1046347106
165     3.3760148277     5.4378571715    -0.4305518100
166     3.5988918798     4.3498060508    -0.3204821835
167     3.9421306331     4.3067269151    -0.2901663922
168     3.7708105493     4.0026887022    -0.2739466859
169     4.4071820353     5.0777114913    -0.3279367560
170     3.4688381202     5.4362443621    -0.4265902200
171     3.4476275162     5.2932508200    -0.4155858748
172     3.6143896035     5.1900196740    -0.3975653561
173     3.5591741240     5.3393522631    -0.4139115747
174     3.8468799377     5.4370210904    -0.4057410753
175     3.9435725283     5.4440966581    -0.4000000000
176     4.2344188794     5.4756128610    -0.3818065014
177     4.5242089059     5.5204360971    -0.3623397520
178     4.5043102118     5.4105681874    -0.3529993850
179     4.4278368156     5.5035907733    -0.3689225280
180     4.5363872202     5.5204955783    -0.3612764287
181     4.3312404387     5.4888313104    -0.3754261754
182     2.4031514902     4.9041707332    -0.3968504190
183     2.2908026948     4.8873422734    -0.3846762385
184     2.2970006624     5.0239946017    -0.3604518633
185     2.7286263570     5.4855531381    -0.4254889460
186     3.5893329693     3.7054030887    -0.2590580576
187     3.9846544580     3.6297162921    -0.2189091564
188     3.8488612946     3.1643553093    -0.1838695437
189     3.7196672854     2.7216095215    -0.1505327547
190     3.3952018188     4.0241774661    -0.3038998735
191     4.1204434510     4.0950629833    -0.2539476929
192     2.3879576445     2.1724417884    -0.1980169256
193     1.9894112017     2.2251425270    -0.2256327115
194     2.8676386633     2.7827353752    -0.2231847375
195     3.2001045470     2.7775153846    -0.1986279278
196     3.6424421786     3.3849204707    -0.2233767269
197     3.2051329328     3.7550478513    -0.2915459912
198     2.2319088542     2.5519831628    -0.2413158366
199     3.0762278277     4.6886058433    -0.3820782447
200     3.2118741006     4.8721919290    -0.3912271986
201     3.3897980884     4.6700107966    -0.3640145932
202     1.2981548816     2.7877318227    -0.2835772475
203     1.3693895906     2.9737746675    -0.2934727258
204     1.6014541440     2.7817738656    -0.2829895870
205     2.0899419297     3.3341089538    -0.3113510280
206     1.9890806608     3.5782194093    -0.3299770377
207     2.3087391221     3.4554397863    -0.3135055956
208     0.7539468102     2.1541585921    -0.2430194118
209     0.8443381769     2.0207723912    -0.2395698304
210     0.6300193169     2.0198207742    -0.2336529845
211     1.1655542683     2.9633311855    -0.2849223968
212     1.5391160719     3.0567142340    -0.2999703266
213     2.5175663808     5.0060630884    -0.4060995395
214     2.6909137939     4.9464090841    -0.4090180961
215     2.5462580294     4.8850093551    -0.4035654014
216     2.1114909750     3.7250319290    -0.3381160833
217     2.3404480142     3.8284792187    -0.3409113331
218     3.5743337785     4.9312489570    -0.3765021392
219     3.4526847393     5.1385955776    -0.4020566024
220     2.0579674735     3.9051775986    -0.3489459811
221     1.8962669094     3.7850333368    -0.3408359544
222     0.5881983837     2.1870629341    -0.2343458991
223     0.4731652252     2.0484504180    -0.2241659761
224     2.1704104265     4.0535212641    -0.3576321342
225     2.2455536568     4.1831628292    -0.3650970774
226     2.4183857922     4.0862762589    -0.3574924363
227     1.1785386887     2.1846493732    -0.2493429680
228     1.0537619237     2.0340704662    -0.2409237306
229     0.9396886674     2.2314295617    -0.2512016843
230     3.5376986742     2.0980060229    -0.1035781843
231     3.4223437788     2.3200200699    -0.1357900432
232     3.6181600545     2.3737458765    -0.1243401691
233     3.2692296583     2.4748891929    -0.1636686408
234     3.4716752744     2.6368997099    -0.1632313842
235     3.7758155065     5.0420414663    -0.3736439587
236     3.8379369158     4.8210738816    -0.3482949077
237     2.9284577848     4.5185659645    -0.3744281548
238     2.8108885917     4.7326340780    -0.3945442764
239     2.6559514881     4.5400636822    -0.3842690992
240     2.6418424403     4.7624453795    -0.3986078219
241     2.5699583068     4.2744701290    -0.3674458684
242     2.3249923414     4.3105429682    -0.3724573378
243     2.2883564433     4.4992267750    -0.3807681742
244     2.4529062380     4.4533252820    -0.3807709030
245     2.7492255005     5.2398059213    -0.4234743496
246     2.6751087745     5.1437463815    -0.4174254353
247     2.6445159762     5.3096352292    -0.4185672453
248     2.5867421616     5.0985495526    -0.4120405541
249     3.0066138364     2.4552479030    -0.1820016639
250     1.7833823668     3.0206159950    -0.2960967068
251     1.6763315369     3.2206571554    -0.3096075752
252     3.1918326950     2.2488874736    -0.1476100068
253     3.3367393566     2.1164243129    -0.1226658769
254     0.7466077201     2.3143815841    -0.2470670977
255     0.5945394009     2.3436631144    -0.2339289970
256     0.6808047789     2.4412594124    -0.2422213853
257     0.7083742806     2.7606773102    -0.2062356890
258     0.7912249178     2.6460795996    -0.2512713024
259     0.6516376241     2.6798445498    -0.2007279685
260     4.3351375746     4.8308162854    -0.3093466448
261     4.2300114266     5.0297661608    -0.3382386684
262     4.0384110297     4.9496336230    -0.3456712577
263     4.0894358598     5.1601417919    -0.3622484417
264     1.0917395110     2.7944236165    -0.2770727131
265     0.9326071476     2.8183529885    -0.2647183310
266     1.0204794041     2.9150499759    -0.2730024930
267     2.1479427948     4.5544963745    -0.3741252798
268     2.2521877103     4.6422144866    -0.3829486275
269     1.3965940466     2.5613977016    -0.2711538640
270     1.1416683379     2.6054623723    -0.2722185059
271     2.8018408842     5.0848295078    -0.4171674188
272     3.2154046208     4.3571669944    -0.3461550252
273     1.8837142920     3.2321611319    -0.3087445524
274     1.8123678199     3.4289972646    -0.3216506717
275     1.6118355753     3.4179765540    -0.3182613840
276     3.6528955962     4.6727700133    -0.3473052753
277     3.3508025531     4.9926394418    -0.3946966938
278     3.0466790792     4.9262030620    -0.4022578103
279     1.3459647828     3.1823567084    -0.2999315736
280     1.2344006207     3.0945685123    -0.2915519395
281     1.1049442764     3.1279180408    -0.2788345326
282     0.6785896987     2.5653377202    -0.2376242588
283     0.5949009676     2.5990117894    -0.1952202480
284     1.4567672928     3.6930839882    -0.3082642722
285     1.3892141585     3.7306704351    -0.2723283351
286     1.9703822613     4.0432179951    -0.3533158756
287     1.9739431580     4.1683107130    -0.3570421797
288     3.1582796889     5.0864287628    -0.4108449481
289     3.0288010231     5.2001969806    -0.4226856063
290     0.9105372850     2.9173683754    -0.2576509493
291     0.8218475936     2.9223428310    -0.2172511300
292     0.8785842501     3.0031755914    -0.2227588505
293     1.2757408455     3.5690049143    -0.2613128941
294     1.2917549382     3.4581851940    -0.2930314058
295     1.2190041890     3.4881721539    -0.2558051736
296     1.3830787805     3.4905271360    -0.3049935271
297     1.3479984844     3.3488596768    -0.3024854515
298     2.1835273494     4.8623290809    -0.3494364223
299     2.2028646782     4.7454778570    -0.3772980766
300     2.1267906929     4.7814963204    -0.3439287017
301     2.3275498621     4.7674074724    -0.3898526940
302     1.1622675325     3.4073393935    -0.2502974531
303     1.2227768267     3.3021859792    -0.2893809325
304     1.7863707539     4.2964997580    -0.3108823787
305     1.8371833279     4.2077922320    -0.3444686135
306     0.4814276546     2.4373462686    -0.1842048069
307     0.5920465308     2.4750967145    -0.2272415931
308     0.5381643111     2.5181790290    -0.1897125275
309     2.1643996878     4.4114710415    -0.3729988867
310     2.0536308063     4.5039054549    -0.3646036887
311     2.0133173799     4.6198307996    -0.3329132607
312     1.9565807234     4.5389980392    -0.3274055402
313     1.4771147121     3.4195920230    -0.3125641025
314     1.4877785303     3.2606762075    -0.3083746301
315     1.9779774702     2.8352752599    -0.2767732348
316     1.6560594798     3.6000420097    -0.3262769416
317     1.5020891490     3.5638431490    -0.3162246635
318     2.4672106318     5.2664928829    -0.3769750248
319     2.4874615359     5.1423373901    -0.4035509174
320     2.4104739753     5.1856601225    -0.3714673043
321     0.8281825395     2.7679482765    -0.2520031198
322     0.9562097070     2.6902022970    -0.2668335213
323     0.7651109371     2.8415100706    -0.2117434095
324     1.3324775020     3.6498376747    -0.2668206146
325     1.3890440159     3.5954121188    -0.3020893041
326     2.2402640059     4.9431618413    -0.3549441428
327     2.6688649537     3.9520634304    -0.3391129514
328     2.1316984525     4.6631260731    -0.3699468112
329     2.0700540364     4.7006635600    -0.3384209812
330     2.4105621882     5.0490025728    -0.3960132540
331     2.3537373189     5.1048273621    -0.3659595838
332     2.5239472883     5.3473256433    -0.3824827453
333     0.9920575630     3.1648411122    -0.2337742915
334     2.4941049882     4.7472575456    -0.3964404409
335     2.6430611222     2.4339735965    -0.2056698776
336     2.7144239856     2.0997732778    -0.1692087070
337     1.4220772975     2.2398353183    -0.2489187315
338     2.9849784754     2.1352653083    -0.1526475305
339     2.8461593442     2.2587847936    -0.1749175458
340     0.2543243582     1.9508362808    -0.1990857917
341     0.2792128623     2.0349697079    -0.1976536481
342     0.3643756851     1.9668834150    -0.2139498047
343     0.8833966190     2.4095438204    -0.2565110466
344     0.9306054105     2.5559935872    -0.2627627187
345     2.1019814994     4.2621814516    -0.3657432854
346     2.0238620868     4.3911210650    -0.3629671278
347     1.0329971275     3.0424100131    -0.2716207392
348     0.9353209066     3.0840083518    -0.2282665710
349     1.8672051011     2.5833371303    -0.2609569984
350     1.6509872475     2.4309619374    -0.2566629707
351     0.4246909981     2.3565135081    -0.1786970864
352     0.4830425476     2.2701814075    -0.2205545918
353     0.3679543416     2.2756807477    -0.1731893659
354     0.1977443722     2.0331824665    -0.1566662044
355     0.1885075719     1.9526671653    -0.1834198215
356     2.8811473311     4.9053010750    -0.4051722620
357     2.9562888079     5.0761974387    -0.4155129054
358     0.3112176851     2.1948479873    -0.1676816454
359     0.3518693260     2.0894337091    -0.2081100615
360     0.2544810287     2.1140152269    -0.1621739249
361     1.6423118231     2.1140167911    -0.2321673285
362     2.8401490914     4.2820734939    -0.3588509933
363     3.0103227366     4.0095640966    -0.3269161490
364     2.0439670940     3.0923898136    -0.2945118190
365     1.2340062055     2.4002167328    -0.2622436265
366     1.0481039122     2.4101452621    -0.2614853706
367     2.8198977676     5.4703862304    -0.4333454700
368     3.4402550975     2.0198226997    -0.1042008718
369     4.4012856227     5.3936673216    -0.3601845096
370     1.8032834215     3.6301120499    -0.3319468817
371     1.7244742413     3.7404395123    -0.3334609726
372     1.7310501511     3.8602191756    -0.3362964879
373     3.5616457785     5.4350725502    -0.4220694433
374     3.0663024848     1.9729282086    -0.1304655446
375     1.8532950292     3.9483817341    -0.3453418771
376     1.5468556671     3.6669495094    -0.3202980756
377     2.4164636993     4.6200821068    -0.3891206041
378     2.3047269089     3.0105262457    -0.2771346077
379     2.5393547407     2.7463094197    -0.2410448481
380     0.4278954830     2.1769245494    -0.2162450978
381     1.6161607845     4.0540014768    -0.2943592172
382     1.6979444241     3.9779953157    -0.3327366579
383     1.5594241280     3.9731687163    -0.2888514966
384     1.8431074104     4.3773325184    -0.3163900992
385     1.9276820073     4.2942062643    -0.3538386987
386     0.4927700507     2.3533689275    -0.2161494363
387     2.5640668538     5.2313772337    -0.4109498967
388     0.7823157900     2.4986383950    -0.2518230604
389     4.0893438663     4.7256300447    -0.3196235969
390     3.8958864407     4.5587785798    -0.3185756966
391     0.9518536961     2.9923976291    -0.2602598289
392     4.2410427565     4.5083548599    -0.2850667334
393     1.2405165260     3.3939590766    -0.2877290744
394     1.6110179380     3.8887057976    -0.3236429299
395     1.6948473271     4.0642570839    -0.3281269496
396     1.9769818014     4.4754705558    -0.3535662032
397     1.8998440669     4.4581652788    -0.3218978197
398     1.9189324005     4.3836970945    -0.3488767562
399     0.8265856010     2.8472601337    -0.2452892925
400     2.2511444517     4.8163481645    -0.3816367013
401     3.1850802830     5.4590634980    -0.3221849543
402     3.1747534695     5.2776946719    -0.3061393888
403     3.2789060618     5.4569864318    -0.3209747805
404     3.0268747230     2.3490878583    -0.0953042121
405     3.2725428827     2.1586906490    -0.0940821939
406     2.7124302674     2.2096741325    -0.0743266230
407     1.1769910806     3.2120282845    -0.1817028942
408     1.6308533296     3.8621866559    -0.2293556415
409     3.3632245680     2.5267707155    -0.1210624573
410     3.4582893591     2.8870252659    -0.1477764044
411     3.1145026667     2.7560552321    -0.1249060176
412     2.7395378743     2.6023267005    -0.1013586236
413     3.4866433805     5.2695861102    -0.3073264942
414     3.6710021000     5.3070021657    -0.3138147235
415     3.5602286991     5.4529286254    -0.3221897809
416     3.0945754713     4.2449284593    -0.2248913025
417     3.1273627011     3.7568323402    -0.1915334675
418     3.4525974194     4.0999970559    -0.2250800426
419     3.0913002043     5.4619127860    -0.3245257647
420     3.0388183373     5.3497606407    -0.3149049145
421     3.4664068426     5.4540856143    -0.3211207091
422     3.3725887811     5.4553932911    -0.3206746719
423     3.3269695993     5.2381182118    -0.3030031976
424     3.8468855215     5.4533130817    -0.3287056866
425     3.8465724308     5.3132621550    -0.3191734565
426     3.9431259273     5.4595937668    -0.3321122049
427     4.2313183020     5.4866874610    -0.3447246670
428     4.2422894745     5.4048567364    -0.3400402030
429     4.3271550820     5.4973411567    -0.3496021335
430     4.0022441017     5.3134123295    -0.3245134041
431     4.1315600997     5.3434569755    -0.3314762373
432     4.0392207082     5.4676006281    -0.3359546073
433     4.5190497016     5.5205799342    -0.3603725271
434     4.4229097670     5.5086181666    -0.3548040976
435     3.3700308013     4.4901032594    -0.2488870634
436     3.5899703436     4.7173082908    -0.2708706528
437     3.2475695682     4.8074368305    -0.2690145862
438     3.7500000000     5.4506975858    -0.3258949800
439     3.6540459272     5.4518302022    -0.3237878354
440     3.6029425383     5.1405385868    -0.3004005562
441     2.8661803255     2.9815030271    -0.1309226283
442     2.4375817679     2.8779408115    -0.1123921773
443     1.3950120627     2.1023455353    -0.0429963428
444     0.7161731255     2.6472841883    -0.1535598265
445     0.7880481653     2.5504636365    -0.1225689364
446     0.8471771035     2.6800500807    -0.1363773818
447     1.0687804972     3.0660844010    -0.1720639328
448     1.5254471828     3.7095372596    -0.2179799771
449     3.9567687141     4.7165177749    -0.2843752886
450     2.8123736431     5.4803063935    -0.3426946502
451     2.7728936975     5.3695391021    -0.3308770294
452     2.9042523535     5.4717995988    -0.3341025714
453     2.8946077315     5.2909895482    -0.3138457372
454     2.1038160363     4.4954774876    -0.2717630301
455     2.0115430746     4.4346173344    -0.2742592417
456     2.1464611684     4.3385164237    -0.2453995953
457     2.7622024405     3.3503189481    -0.1534609447
458     3.2615994075     3.2372339373    -0.1616770885
459     3.8045772267     4.3775521354    -0.2564998192
460     2.3657426191     2.3301536583    -0.0717937697
461     2.4565824883     3.6540264519    -0.1714740598
462     2.3299918954     3.2783191236    -0.1408267537
463     3.7810154493     3.9603720015    -0.2292066956
464     3.5541662939     3.6049762883    -0.1970077537
465     1.0868816174     2.1334388922    -0.0512983169
466     1.3589516815     2.3254892263    -0.0634174626
467     1.4463125933     2.5960724016    -0.0871628968
468     1.1760639674     2.4322428548    -0.0789144987
469     2.7302565338     5.2112718775    -0.3136752675
470     2.6039968143     5.0738139230    -0.3054398728
471     2.7636745977     5.0011899063    -0.2883229899
472     1.5580301013     3.4377078560    -0.1739565974
473     1.5622749167     3.2420438293    -0.1500581006
474     1.7728769836     3.4250591293    -0.1604866209
475     2.1403158512     3.7438823649    -0.1814003365
476     1.9461606157     3.8660057956    -0.2010229806
477     1.8912030351     3.6693633068    -0.1817573627
478     1.6909268057     2.9983019259    -0.1201516859
479     1.4400809032     3.0505187325    -0.1346459795
480     4.0763805264     4.9594582654    -0.3048265145
481     4.1281675125     5.1804139055    -0.3209815602
482     3.9519423928     5.1570269193    -0.3124480819
483     3.8817681658     4.9888651244    -0.2988774281
484     2.7962090565     4.4409527514    -0.2365092520
485     3.0297523555     4.6151522907    -0.2516158475
486     2.7874737349     4.7494388012    -0.2633325761
487     2.2905332917     3.9359474626    -0.1965245373
488     2.5450835762     3.9763760935    -0.1979787471
489     2.3950917114     4.1376895784    -0.2134181231
490     2.5758161453     4.2925260314    -0.2248961617
491     4.2428403746     5.0391273147    -0.3173504053
492     2.2118856482     4.1640329009    -0.2214275880
493     2.3421503420     4.3098027871    -0.2317487365
494     0.6512319670     2.1514665806    -0.0775279483
495     0.5934458645     2.3004108470    -0.1068357185
496     0.4994981350     2.2059489347    -0.1040644387
497     1.3206908785     3.4555658371    -0.2039515999
498     2.1443777978     4.6729780777    -0.2974377071
499     2.2594268136     4.7849045192    -0.2994335842
500     2.2230554857     4.7044703503    -0.2906819224
501     2.3700364632     4.6696591211    -0.2711418490
502     2.5802372469     5.2290927631    -0.3305956195
503     0.9606732957     2.8840489270    -0.1556730524
504     1.4192442015     3.5391813763    -0.2035598763
505     1.8585442930     4.1810666556    -0.2520254424
506     2.4823023639     4.7904923481    -0.2784989952
507     2.4816126655     4.9542396489    -0.2997490189
508     2.3627966663     4.8520919106    -0.2970164710
509     3.4362794422     5.0060482877    -0.2870312451
510     2.0003293274     3.2675498903    -0.1399600225
511     2.0365649512     3.4855731907    -0.1591878719
512     2.6209467306     4.8610693643    -0.2791644365
513     2.8708766224     5.1314550333    -0.2980447886
514     3.0306004767     5.1735592635    -0.2984211206
515     2.9829208312     4.9369339825    -0.2779056710
516     1.6829128526     2.3300245987    -0.0614622770
517     1.6791102712     3.7209703417    -0.2017011430
518     1.7749878434     3.8333351860    -0.2086333780
519     1.7613440517     2.7036536357    -0.0926516273
520     2.0295148062     2.9694280033    -0.1144944321
521     0.5426889336     2.4016145319    -0.1362855716
522     0.6813070313     2.4286896427    -0.1165173436
523     1.3773908643     3.3255843200    -0.1745575187
524     1.2627274812     3.3632441956    -0.1960725610
525     1.3321841059     3.2054025220    -0.1617641131
526     1.2323826045     3.0647254145    -0.1513555371
527     0.9844682186     2.5546595556    -0.1036820688
528     0.8539779047     2.8059041289    -0.1591663339
529     0.9886154303     2.7261660248    -0.1267230314
530     1.6757062032     3.9627160411    -0.2407922996
531     2.6428961813     5.3289432954    -0.3389171810
532     1.2017731336     3.3018979382    -0.1949151181
533     0.4803405587     2.3102286935    -0.1293331001
534     2.0984331956     4.6020879001    -0.2916157740
535     2.2331245336     4.5840110721    -0.2710213178
536     0.6563449601     2.5475925230    -0.1440990267
537     1.9920200723     4.3334649251    -0.2596099222
538     2.4467690290     5.0734297935    -0.3227559477
539     1.5552779103     3.8035370589    -0.2308179169
540     1.1179494378     2.9446489483    -0.1454370761
541     0.9884238383     2.9979746500    -0.1730488333
542     1.4472789855     3.6438347400    -0.2185466683
543     1.5864329074     3.5741092776    -0.1897656608
544     2.3603742531     4.9830714855    -0.3201068439
545     1.1013581998     3.1564456255    -0.1841199714
546     1.9005909181     4.2833818251    -0.2640568008
547     2.0291734441     4.1904808472    -0.2352337034
548     1.5159614053     2.8415974453    -0.1093510948
549     3.1991758066     5.0616658090    -0.2881604096
550     2.7205548463     5.4930744345    -0.3565826533
551     2.6674360790     5.4274662106    -0.3530681966
552     2.5712521207     4.5946056651    -0.2532639047
553     2.3920944236     4.4773007351    -0.2475250303
554     3.6966726273     4.9365328136    -0.2890275238
555     3.7712447359     5.1515916393    -0.3058908286
556     0.2350721677     1.9562139452    -0.1033076568
557     0.3605757656     1.9748606860    -0.0837030206
558     1.9138463975     4.0457640317    -0.2254635865
559     2.0857030407     3.9953228461    -0.2086262912
560     1.1047894478     2.8117005721    -0.1278961254
561     1.2965287724     2.8601939828    -0.1205445890
562     1.7570386895     4.0820166983    -0.2498392082
563     2.5006007740     5.1627205680    -0.3306557875
564     4.2775939577     5.2957524631    -0.3348184030
565     4.1350472936     5.4766997673    -0.3401572132
566     1.1888279187     2.6559461732    -0.1028703274
567     0.3508508648     2.0886684327    -0.1076153439
568     0.8488344462     2.2137003830    -0.0706401565
569     0.7214075043     2.3005057326    -0.0918923817
570     2.8189730957     4.0840573389    -0.2083154282
571     2.7536848808     3.7423883763    -0.1816459265
572     4.3781474242     5.3881873722    -0.3452628054
573     1.7938365850     3.1881312179    -0.1360010681
574     2.2337655151     4.4527796859    -0.2535512557
575     4.3103888147     5.1812542252    -0.3293132685
576     1.4393586731     3.4063257590    -0.1800233274
577     0.8391089098     2.4116368706    -0.0965607089
578     0.4859252707     2.0567366886    -0.0807387699
579     1.7998486010     3.9603515333    -0.2241140228
580     0.8090839659     2.0398284510    -0.0525841390
581     0.4034007971     2.1682078717    -0.1140143727
582     2.0619730664     2.5747075105    -0.0835785611
583     2.9976043701     5.4659513056    -0.3283280932
584     0.2761278753     2.0353434842    -0.1126253012
585     2.2588180548     4.8663407410    -0.3156061840
586     0.9897457251     2.3473131448    -0.0781547226
587     1.9590164806     2.1883425013    -0.0529494161
588     1.7263358475     3.5965328182    -0.1821303487
589     2.2381719489     3.5438439164    -0.1622576908
590     1.9269295339     4.4038016243    -0.2841844025
591     0.6095184519     1.9977631420    -0.0603887955
592     0.5984256120     2.4776889876    -0.1411491151
593     2.0308159955     4.5659387977    -0.2982108932
594     0.7736547599     2.7529417302    -0.1652624466
595     4.5221008230     5.5204955783    -0.3615257987
596     4.5190265413     5.5205797635    -0.3603753730
597     3.2903982054    -1.8704375318    -0.1020216913
598     3.2531211862    -1.7696489280    -0.1010080228
599     3.3795073334    -1.7619036989    -0.0902102944
600     0.2951295586    -1.8667034818    -0.2077118362
601     0.2307760688    -1.7571439103    -0.2018937578
602     0.3595278240    -1.7472036561    -0.2128194552
603     3.3318727615    -1.6364885110    -0.0891747822
604     3.4715457732    -1.8713010969    -0.0865083114
605     3.4912252302    -1.6707781838    -0.0772383449
606     3.2148453609    -1.4967610950    -0.0927501051
607     3.3818331388    -1.5271889057    -0.0807529183
608     3.3724845217    -1.3689009628    -0.0751900850
609     3.5338498216    -1.2364568923    -0.0571601214
610     3.5086951788    -1.4927689552    -0.0690091626
611     2.9574644650    -1.8689700237    -0.1288226118
612     3.0996628546    -1.7696489280    -0.1133318787
613     3.1847378644    -1.8699555001    -0.1107604238
614     2.7168002888    -1.7004525512    -0.1388674009
615     2.8177787078    -1.5924694218    -0.1265902026
616     2.9456638716    -1.6690655064    -0.1207285507
617     0.4615872083    -1.8655606002    -0.2211527651
618     0.3536030167    -1.4647790080    -0.2060915080
619     0.4593746940    -1.5993652152    -0.2140410318
620     0.2873010320    -1.6286462775    -0.2063060642
621     0.9713969636    -0.9215127599    -0.1830173035
622     0.8965548282    -1.2087768697    -0.1990268785
623     0.7140599458    -0.9207943040    -0.1870853980
624    -0.0243672398    -1.7167584900    -0.1336086085
625     0.1181787492    -1.6794257629    -0.1894711383
626     0.0298761574    -1.7940297934    -0.1396223323
627     0.1742035396    -1.5557360247    -0.1970705001
628     0.0044383996    -1.5791695841    -0.1755933646
629     0.0581125113    -1.4935065150    -0.1859490806
630    -0.0243811549    -1.6439680902    -0.1626893876
631     0.1726214289    -1.8681558730    -0.1890768976
632     0.1221066326    -1.7946472043    -0.1841058704
633     0.1382037950    -1.3454406725    -0.1923318469
634     0.1978704312    -1.4383815887    -0.1976050534
635     0.3074802632    -1.3176826242    -0.1999859702
636     2.6485193499    -1.8677406180    -0.1517992666
637     0.2422828755    -1.1595889946    -0.1928269852
638     0.5708255776    -1.2850139630    -0.2041620185
639     0.4543009718    -0.9866849847    -0.1904982336
640     0.6122480437    -1.6287577307    -0.2189271921
641     0.8306379135    -1.5370941150    -0.2159443342
642     1.2324008642    -0.9619152697    -0.1781531702
643     1.1804563852    -1.4297087021    -0.2044785053
644     0.9479889493    -1.8642681976    -0.2311476250
645     0.6804961306    -1.8647169756    -0.2293979275
646     1.4986319049    -1.0310179446    -0.1723359934
647     1.2947961386    -1.8642904023    -0.2247764925
648     1.5724396761    -1.4753741376    -0.1932491603
649     1.7764914239    -1.1252677675    -0.1652528118
650     2.6386946970    -1.4953049889    -0.1344475278
651     2.0760816540    -1.2444276152    -0.1562306774
652     1.8981904988    -1.4001923561    -0.1738687373
653     2.3748680864    -1.3737623478    -0.1454831011
654     2.1819553611    -1.5297521148    -0.1650734971
655     2.4440438247    -1.6602094405    -0.1554963809
656     1.7477182575    -1.8649907823    -0.2068532810
657     2.2439258409    -1.8663329899    -0.1789945594
658     1.9363799246    -1.6479501027    -0.1851937542
659     0.0841195545    -1.8713010969    -0.1456360560
660     0.4805387083    -1.3183101390     0.0169679954
661     0.6382431432    -1.1745167580     0.0367697121
662     0.3618517774    -1.1250886764     0.0346841944
663     0.2725417863    -1.3382906891     0.0042558241
664     0.0270860069    -1.7416247904    -0.1046347106
665     0.4128308440    -1.4992532947    -0.0081119648
666     0.1964911161    -1.4991501323    -0.0243370280
667     0.2440208212    -1.6252650623    -0.0392229944
668     0.8645617945    -1.0343329384     0.0521334306
669     0.8052473473    -0.8361293628     0.0701250142
670     0.5592450852    -0.9284038054     0.0603463888
671     0.1146916673    -1.7378686005    -0.0787892588
672     0.1700426522    -1.8744297855    -0.0993871146
673     0.2887841679    -1.8758619809    -0.0768300062
674     0.3777840067    -1.7085196166    -0.0391886013
675     0.1962573349    -1.7082264536    -0.0590620277
676     0.6525166361    -1.8778157596    -0.0425364383
677     0.7421762662    -1.6987174264    -0.0167354015
678     0.5439879288    -1.7559137367    -0.0333899583
679     1.0469726735    -0.8072992510     0.0705201168
680     1.2851580785    -0.8098823996     0.0660762275
681     1.5373474763    -1.0471605559     0.0419791494
682     1.5256120806    -0.8312022495     0.0584753853
683     1.7729775341    -0.8652089929     0.0484162720
684     0.4474352769    -1.8769812983    -0.0580513183
685     1.9300844594    -1.1960954124     0.0199422855
686     2.0301970376    -0.9093924315     0.0361602047
687     2.2933553916    -1.4292861466    -0.0083918595
688     2.2999147224    -0.9616660419     0.0218471376
689     3.2292345063    -1.8724430008    -0.0744053951
690     3.3575304977    -1.7327588020    -0.0733109593
691     3.2730389293    -1.5128557555    -0.0571007290
692     3.3861630134    -1.3418897465    -0.0540981501
693     3.1988586339    -1.1581707326    -0.0336927487
694     3.0036881499    -1.4801290764    -0.0416737622
695     0.5541307222    -1.6110960758    -0.0144816704
696     0.6959933697    -1.4526557494     0.0089414770
697     0.8974955413    -1.8782901127    -0.0314757170
698     0.9784740362    -1.6127657496    -0.0019006528
699     2.9147819434    -1.8738044556    -0.0604215097
700     2.5839584470    -1.0209758553     0.0054791827
701     0.9345924979    -1.3110994225     0.0267268955
702     1.2022218027    -1.1381093740     0.0409776506
703     1.2021064178    -1.8783687776    -0.0250335831
704     2.6887764889    -1.3079237457    -0.0168285637
705     2.6742324066    -1.5961097235    -0.0337894060
706     1.5860959449    -1.8779246177    -0.0246837712
707     1.3088840903    -1.5180244601     0.0078250391
708     1.5550651234    -1.3039632449     0.0219020072
709     2.8830668612    -1.0863392708    -0.0129532340
710     1.8022332356    -1.5499335255    -0.0021923656
711     2.5034263598    -1.8753869421    -0.0449676885
712     2.0407355935    -1.8768693368    -0.0318415255
713     3.3734827426    -1.9670018894    -0.1046347106
714     3.2974027586    -5.2686783711    -0.4200877981
715     3.1904617668    -5.4429744056    -0.4363631094
716     3.1301465311    -5.2328815673    -0.4227909967
717     3.2797201592    -1.9186523030    -0.1077276574
718     3.1692076322    -2.0533758210    -0.1301646425
719     1.1630608462    -2.1244603493    -0.2456620159
720     3.4683700340    -4.1770015275    -0.3132652480
721     3.1462096529    -4.2780246131    -0.3430794437
722     3.0639935037    -3.8384184240    -0.3083138993
723     4.1191695045    -4.0906971891    -0.2536189680
724     4.2398499365    -4.5042670851    -0.2847589421
725     3.8880154646    -4.3627489633    -0.3000136123
726     0.1410077157    -1.9523497061    -0.1511584839
727     3.2833269616    -5.4400353579    -0.4338485334
728     1.1720682329    -3.2121270418    -0.2853090677
729     1.1055308760    -3.3265066331    -0.2447897326
730     1.0487942195    -3.2456738727    -0.2392820121
731     4.0085282681    -5.0840961201    -0.3610090343
732     4.1247083560    -5.2474255209    -0.3680352964
733     3.9290672865    -5.2674603345    -0.3843340583
734     3.8300624833    -5.0395071148    -0.3696673650
735     4.0402363834    -5.4531552045    -0.3941186901
736     3.9435725283    -5.4440966581    -0.4000000000
737     3.8468799377    -5.4370210904    -0.4057410753
738     3.4731219648    -5.3132469677    -0.4160491918
739     3.3760147802    -5.4378571724    -0.4305518119
740     4.2344171903    -5.4756126434    -0.3818066114
741     4.2961032623    -5.3314079805    -0.3627177191
742     4.3312357041    -5.4888306286    -0.3754264910
743     4.5242089059    -5.5204360971    -0.3623397520
744     4.4278334314    -5.5035902208    -0.3689227577
745     4.5042913685    -5.4105036114    -0.3529945227
746     4.5363872202    -5.5204955783    -0.3612764287
747     4.1728428415    -5.3784833025    -0.3770947621
748     2.6375721060    -5.5092070130    -0.3935128937
749     2.5806839448    -5.4281584037    -0.3879904658
750     2.6630552003    -5.4284464420    -0.4183487788
751     2.6401616598    -5.5080318745    -0.4000000000
752     2.1267906929    -4.7814963204    -0.3439287017
753     2.2675023561    -4.7513102364    -0.3847957317
754     2.1835273494    -4.8623290809    -0.3494364223
755     3.7500000000    -5.4337231695    -0.4114779069
756     3.7554415647    -5.2419751889    -0.3936057313
757     2.9121307528    -5.4598474983    -0.4369828928
758     2.8841849215    -5.3491701534    -0.4315492280
759     3.0048378736    -5.4523585229    -0.4382572505
760     3.5616457542    -5.4350725505    -0.4220694445
761     3.6399860369    -5.3356674509    -0.4091293643
762     4.3344308643    -4.8283944005    -0.3091642877
763     3.9920007831    -4.7636290472    -0.3311125309
764     2.7286263570    -5.4855531381    -0.4254889460
765     3.0976181081    -5.4469456684    -0.4379171639
766     3.0426551167    -5.3428325991    -0.4318480739
767     1.4718417757    -2.0955157530    -0.2368186620
768     3.6556775822    -4.5746112030    -0.3378288793
769     3.8481467064    -3.1619064269    -0.1836851538
770     3.9836601864    -3.6263089393    -0.2186525979
771     3.6285764972    -3.4572352131    -0.2316344379
772     2.1818396794    -3.1513109549    -0.2941436780
773     2.3900148038    -2.8368984842    -0.2577437103
774     2.5349519957    -3.2890476467    -0.2894852262
775     3.4139647434    -3.7447323224    -0.2759985791
776     3.7602892980    -3.9285388044    -0.2674968786
777     2.7389669640    -3.6545864371    -0.3105478278
778     2.4531203838    -3.6794973255    -0.3258332094
779     3.4964214204    -3.0225213279    -0.1994015792
780     3.3155290638    -4.5417045908    -0.3568568193
781     3.2083759350    -3.3058126829    -0.2488731615
782     3.7192882094    -2.7203104339    -0.1504349392
783     3.1200271900    -2.8083491448    -0.2076177341
784     2.5963612559    -4.2882704819    -0.3677859645
785     2.3751583731    -4.3892523940    -0.3770098390
786     2.3726389448    -4.1545025563    -0.3628435979
787     2.5195549946    -4.5129445032    -0.3841207054
788     1.9620480633    -4.1298338361    -0.3555070078
789     1.8675058840    -4.0416226651    -0.3481603321
790     2.0383599463    -3.9361577549    -0.3503569861
791     0.9255931205    -2.1502237661    -0.2470648087
792     2.2239140482    -4.5054911092    -0.3784364509
793     2.1939440039    -4.3167019347    -0.3707881220
794     0.7088984982    -2.4438369009    -0.2451586211
795     0.7557684971    -2.2879693082    -0.2470122439
796     0.8639425941    -2.4636367802    -0.2569853251
797     0.8291593126    -2.6074002144    -0.2560071750
798     0.9896745872    -2.5895676214    -0.2665881442
799     3.6180010457    -2.3732009561    -0.1242991390
800     3.4511183499    -2.6507679201    -0.1663074219
801     3.4172917817    -2.3299266074    -0.1372022378
802     3.5376548766    -2.0978559291    -0.1035668829
803     0.7169513327    -2.0938387883    -0.2395663826
804     2.3026694345    -3.9284520957    -0.3488152573
805     2.6476836003    -3.9816322772    -0.3424032654
806     2.1485673859    -3.7302100416    -0.3379721200
807     1.9147894663    -3.7614798444    -0.3400520059
808     1.9527803501    -3.5756581616    -0.3300412257
809     2.2223755082    -3.4698005703    -0.3175933361
810     4.4068778217    -5.0766689562    -0.3278582577
811     4.1853759306    -5.0166977948    -0.3405992236
812     3.2449934732    -2.4915297341    -0.1672285166
813     2.9857539390    -2.4194878151    -0.1801043193
814     3.1901882462    -2.2506547844    -0.1479148855
815     3.3186196943    -2.0782006893    -0.1203718301
816     0.5030318368    -2.1465583370    -0.2266562295
817     0.4030521264    -2.1678649674    -0.2124961448
818     0.4410335592    -2.0330920841    -0.2212378045
819     0.3389075476    -2.0812985915    -0.2062618280
820     0.3112176851    -2.1948479873    -0.1676816454
821     2.5239472883    -5.3473256433    -0.3824827453
822     2.4672106318    -5.2664928829    -0.3769750248
823     2.5817727314    -5.2277049576    -0.4128904281
824     2.6339398939    -5.1026279001    -0.4144420157
825     2.7451841550    -5.2371033456    -0.4232370204
826     1.6728974410    -4.1348342372    -0.2998669377
827     1.6161607845    -4.0540014768    -0.2943592172
828     1.7390367048    -4.0012709094    -0.3371500285
829     1.4009273333    -3.3184682794    -0.3060109623
830     1.4708336663    -3.4582454158    -0.3128449167
831     1.3081658496    -3.4213821341    -0.2972573255
832     2.0827292710    -4.4448050719    -0.3682655620
833     2.0228691283    -4.2893192066    -0.3622953715
834     2.3537373189    -5.1048273621    -0.3659595838
835     2.4301814965    -5.0760989507    -0.3978387263
836     2.4104739753    -5.1856601225    -0.3714673043
837     2.5047620794    -5.1372987974    -0.4057357944
838     2.5228694730    -4.9951303934    -0.4061612789
839     0.8164090176    -1.9897156227    -0.2376557294
840     1.2477563341    -3.0739632984    -0.2920283543
841     1.4453432002    -3.1520564140    -0.3028815326
842     1.2966667186    -3.2094488612    -0.2974199875
843     1.2309840948    -3.3153658811    -0.2900798107
844     2.8037420420    -5.0925024722    -0.4175986263
845     2.8785254713    -4.9374513773    -0.4074289062
846     3.0156739192    -5.0674074913    -0.4136772839
847     2.9321288479    -5.2219807752    -0.4250987760
848     1.5492703627    -3.6983635550    -0.3203814442
849     1.4515931465    -3.6172133440    -0.3105744588
850     1.5907645985    -3.5490242805    -0.3217703137
851     1.7324068116    -3.6739377209    -0.3317480535
852     1.6376118803    -3.3101991591    -0.3140086774
853     3.4281635072    -5.1531283049    -0.4045815782
854     3.6266438634    -5.0726553505    -0.3861773191
855     3.5865529583    -5.2213603885    -0.4019947166
856     2.1950734120    -4.6646061880    -0.3781592780
857     2.3579886481    -4.6110842165    -0.3872215015
858     2.4159118517    -4.7703263866    -0.3948701408
859     0.8785842501    -3.0031755914    -0.2227588505
860     0.8797684066    -2.8786847083    -0.2544309751
861     0.9875011093    -2.9241901762    -0.2691568297
862     0.9590210495    -2.7762076199    -0.2676703110
863     0.8218475936    -2.9223428310    -0.2172511300
864     1.5594241280    -3.9731687163    -0.2888514966
865     1.6373037236    -3.9256543867    -0.3260722681
866     1.6280930176    -3.8013118832    -0.3275303629
867     1.7565923903    -3.8424425140    -0.3376205686
868     3.0926991297    -4.8097496214    -0.3913060693
869     3.2371261327    -5.0391063896    -0.4039561138
870     1.1622675325    -3.4073393935    -0.2502974531
871     0.3679543416    -2.2756807477    -0.1731893659
872     0.4934208620    -2.2702328662    -0.2222682902
873     0.4246909981    -2.3565135081    -0.1786970864
874     1.1062674021    -2.6971965630    -0.2748237239
875     1.1066053032    -2.8377505852    -0.2788925443
876     0.4814276546    -2.4373462686    -0.1842048069
877     0.5943139487    -2.4717576607    -0.2279880252
878     0.5381643111    -2.5181790290    -0.1897125275
879     2.2970006624    -5.0239946017    -0.3604518633
880     2.3628883173    -4.9788018046    -0.3917371181
881     2.4155718280    -4.9008443856    -0.3977499080
882     1.9565807234    -4.5389980392    -0.3274055402
883     1.8998440669    -4.4581652788    -0.3218978197
884     1.9625619743    -4.4111133080    -0.3549398202
885     0.5949009676    -2.5990117894    -0.1952202480
886     0.6615552112    -2.5611870749    -0.2347060773
887     0.6516376241    -2.6798445498    -0.2007279685
888     1.3324775020    -3.6498376747    -0.2668206146
889     1.3892141585    -3.7306704351    -0.2723283351
890     1.4459508150    -3.8115031955    -0.2778360556
891     1.5317736438    -3.8051189911    -0.3148759171
892     1.5026874715    -3.8923359559    -0.2833437761
893     0.7083742806    -2.7606773102    -0.2062356890
894     0.8245579192    -2.7867089178    -0.2502551619
895     0.7651109371    -2.8415100706    -0.2117434095
896     2.0700540364    -4.7006635600    -0.3384209812
897     2.3018124647    -4.8559186969    -0.3872048807
898     2.2402640059    -4.9431618413    -0.3549441428
899     1.1043663569    -3.0008083400    -0.2806850087
900     1.0143761483    -3.0599667593    -0.2676104611
901     2.6392379284    -5.3284795549    -0.4178928259
902     1.0993645792    -3.1358496856    -0.2777447248
903     0.9920575630    -3.1648411122    -0.2337742915
904     1.2248294413    -2.9148867960    -0.2866940122
905     1.9002420739    -4.3250648224    -0.3490827991
906     1.8897931064    -4.2414386273    -0.3503821834
907     1.7863707539    -4.2964997580    -0.3108823787
908     1.8431074104    -4.3773325184    -0.3163900992
909     1.6145160366    -2.7936965086    -0.2835859655
910     1.6480111125    -3.0382003083    -0.2989288244
911     1.4046303386    -2.9490182783    -0.2930003914
912     3.6886036364    -4.8558880214    -0.3620874860
913     3.4053919515    -4.7987167871    -0.3746701138
914     2.9918616220    -2.1387785997    -0.1524627501
915     1.7492722412    -3.4974719345    -0.3247667917
916     1.9365389035    -3.3604143811    -0.3165155272
917     4.2994843412    -5.1870371703    -0.3481146297
918     2.5685942111    -4.6814783048    -0.3939253327
919     2.7518795381    -5.3721703040    -0.4273369006
920     2.8198977677    -5.4703862304    -0.4333454700
921     0.2352608045    -1.9482183920    -0.1956277941
922     0.3533995450    -1.9600479650    -0.2128279343
923     1.8643499268    -3.9160094142    -0.3449309520
924     2.1143217417    -4.5852188232    -0.3702546415
925     2.0133173799    -4.6198307996    -0.3329132607
926     1.3694681329    -3.5411397408    -0.3016419062
927     1.2757408455    -3.5690049143    -0.2613128941
928     1.7296340974    -4.2156669976    -0.3053746582
929     1.8277844734    -4.1721982679    -0.3443106868
930     0.1977443722    -2.0331824665    -0.1566662044
931     1.3708810806    -2.3431864600    -0.2572020758
932     0.5713024124    -2.0173621747    -0.2306765769
933     2.8690550112    -4.2249380432    -0.3528425522
934     1.2190041890    -3.4881721539    -0.2558051736
935     0.6200443963    -2.3479379307    -0.2368258687
936     0.6141012708    -2.2006580079    -0.2364683624
937     2.9879951310    -4.5396320370    -0.3736459295
938     2.7334501601    -4.5045614894    -0.3799886326
939     0.2544810287    -2.1140152269    -0.1621739249
940     1.8641185420    -3.1417935893    -0.3029183067
941     2.1346190791    -4.1262908530    -0.3610370452
942     2.5769080514    -4.8460322815    -0.4025627390
943     2.6833126398    -2.5341383463    -0.2123388347
944     2.7530909279    -2.1467818870    -0.1709266126
945     1.2234746193    -2.5416239885    -0.2702332553
946     1.0679721556    -2.3744756160    -0.2600691481
947     1.7599076639    -4.1164392070    -0.3366091642
948     3.4688380295    -5.4362443634    -0.4265902241
949     2.6986933911    -4.9467555247    -0.4090950911
950     4.4033085289    -5.3922938979    -0.3598764043
951     3.4628822275    -4.9850049916    -0.3879929209
952     3.6544363371    -5.4342564593    -0.4170683132
953     4.4622125396    -5.2663001429    -0.3421366428
954     1.3204895902    -2.7396252928    -0.2814655006
955     1.7519710472    -2.2806441126    -0.2412023003
956     3.0655437583    -1.9748952386    -0.1307186202
957     0.7204024314    -2.6437158222    -0.2402499111
958     0.7529976569    -2.5430751372    -0.2487643153
959     1.8486770696    -2.5713803889    -0.2607125520
960     1.9798709751    -2.8486460784    -0.2777596809
961     0.8730850061    -2.6981757572    -0.2597833400
962     2.7964393132    -4.7432238841    -0.3955991294
963     2.0388661515    -4.5484557656    -0.3603888034
964     0.8921455278    -2.3274274975    -0.2540720377
965     0.2734514659    -2.0269002421    -0.1971040715
966     4.1374056905    -5.4637336354    -0.3880421031
967     0.9353209066    -3.0840083518    -0.2282665710
968     1.2892243591    -3.5043340111    -0.2887532209
969     0.7770765204    -2.7068374605    -0.2466387232
970     1.5215940380    -2.5550541188    -0.2689760582
971     0.5211837189    -2.3770795602    -0.2204042541
972     2.7979450128    -2.9728851448    -0.2455986768
973     2.8840950726    -3.3764380272    -0.2772688392
974     2.1859053934    -2.4488871814    -0.2347654671
975     2.4281593295    -2.2302638286    -0.2007850692
976     2.0392147039    -2.1121620078    -0.2131745769
977     0.9472252944    -3.0204280095    -0.2564209811
978     2.5082124001    -2.0110578754    -0.1751498354
979     3.4479204080    -2.0314164267    -0.1047035051
980     3.3719818705    -2.1950070551    -0.1275481757
981     1.4608194803    -3.7161001818    -0.3075362548
982     1.3762739152    -2.1550349815    -0.0477655591
983     1.3493256862    -3.4451411915    -0.1972926643
984     2.7037557684    -5.3108158820    -0.3290471352
985     2.8712893532    -5.3208619370    -0.3182596213
986     2.7365502340    -5.1748908444    -0.3088516112
987     3.8016679612    -5.2817581383    -0.3156528921
988     3.9769269650    -5.3196918989    -0.3240020076
989     3.8938084253    -5.1589386045    -0.3104632610
990     2.0282023693    -4.4249713712    -0.2700578468
991     3.0715720992    -2.9441944308    -0.1354762008
992     3.0033473479    -2.4133140854    -0.0984759285
993     2.6529141596    -2.6043560946    -0.0987829306
994     1.2802130424    -3.2123472993    -0.1680492213
995     1.2810480298    -3.3407344924    -0.1889343089
996     1.4214301727    -3.2998902214    -0.1667862808
997     3.2644930668    -2.1753606056    -0.0947368454
998     2.6696259842    -2.2088509558    -0.0727803090
999     3.0626499509    -5.2941971060    -0.3090367963
1000     3.1850894208    -5.4590632676    -0.3221847857
1001     3.2374001439    -5.2556336134    -0.3040763935
1002     3.6631514839    -5.3014198617    -0.3132291536
1003     3.7500000000    -5.4506975858    -0.3258949800
1004     2.9286451834    -5.1814141234    -0.3013226382
1005     3.6540459360    -5.4518302021    -0.3237878355
1006     3.5602287555    -5.4529286247    -0.3221897817
1007     2.9976082733    -5.4659511078    -0.3283278984
1008     2.7804632006    -5.4044780619    -0.3350029353
1009     2.9042530030    -5.4717995497    -0.3341025225
1010     3.0913044541    -5.4619126313    -0.3245256283
1011     3.5302887064    -5.2716442926    -0.3082368924
1012     3.3766904326    -5.3186005174    -0.3097310409
1013     3.4664069421    -5.4540856130    -0.3211207100
1014     3.2789115994    -5.4569863274    -0.3209747380
1015     3.8468855365    -5.4533130824    -0.3287056871
1016     4.1350473580    -5.4766997737    -0.3401572162
1017     4.1499227235    -5.3414445071    -0.3321027298
1018     4.0392207486    -5.4676006317    -0.3359546090
1019     3.9431259523    -5.4595937687    -0.3321122059
1020     3.6912558238    -5.0630910427    -0.2974437167
1021     3.4431940264    -5.1105373007    -0.2948021721
1022     4.3271550977    -5.4973411585    -0.3496021343
1023     4.3003516152    -5.3491934867    -0.3391796877
1024     4.2313185473    -5.4866874873    -0.3447246791
1025     4.2590472922    -5.1966708695    -0.3278257364
1026     4.5190497016    -5.5205799342    -0.3603725271
1027     4.4229097845    -5.5086181687    -0.3548040986
1028     2.9788889724    -3.4534140894    -0.1664177365
1029     3.4140375962    -3.3088149197    -0.1723571432
1030     3.8713951589    -4.4073801540    -0.2612115285
1031     3.3409406892    -2.5757273385    -0.1230827967
1032     2.2556220256    -2.2594431673    -0.0640650045
1033     2.2730140795    -2.7484867899    -0.0997950382
1034     2.0298401219    -3.0276201055    -0.1192917084
1035     2.3357592945    -3.1653409596    -0.1321198474
1036     1.7647394250    -2.2405193887    -0.0546454938
1037     3.6915422549    -3.6748897460    -0.2073813141
1038     3.6268179130    -4.0746291079    -0.2299277764
1039     2.6839111677    -3.0352215421    -0.1293447613
1040     2.5929949959    -3.3844208356    -0.1523817072
1041     1.4795644728    -2.4871950041    -0.0763390124
1042     1.7957832701    -2.7101166222    -0.0930579060
1043     3.4655902696    -2.9293694755    -0.1507409819
1044     2.0041187062    -2.4873161482    -0.0761830393
1045     2.9037436944    -3.9187458254    -0.1973559986
1046     2.6591185456    -3.6714830938    -0.1748538405
1047     3.2874684106    -3.7596045084    -0.1968331270
1048     1.0406259302    -2.1430437502    -0.0537584038
1049     2.4991524861    -3.9028102897    -0.1918778091
1050     1.2119948699    -2.3771572871    -0.0719693833
1051     0.6507367821    -2.1740845278    -0.0807302980
1052     0.8345720120    -2.2618338421    -0.0774559228
1053     0.7928297925    -2.0597091228    -0.0557593204
1054     2.0632852096    -3.6550727761    -0.1746255077
1055     2.1028498111    -3.3695429279    -0.1480259248
1056     1.9151355079    -3.4943131973    -0.1627550102
1057     1.8650268071    -3.2741587038    -0.1426447072
1058     1.7683244061    -3.0468983120    -0.1231834803
1059     1.6193869114    -3.2527578081    -0.1484512274
1060     0.8427877180    -2.5566431850    -0.1169836793
1061     0.9722442158    -2.6395934233    -0.1160259027
1062     0.9977642900    -2.4289021447    -0.0872342002
1063     2.4059933681    -4.6452528972    -0.2658169828
1064     2.5822128626    -4.4829058700    -0.2421954066
1065     2.3749568360    -4.4431424947    -0.2445699963
1066     2.8608223274    -4.6170246419    -0.2511442618
1067     2.5943483918    -4.7206650270    -0.2653073531
1068     2.6695235695    -4.1719192195    -0.2142100012
1069     2.9444946383    -4.2860151649    -0.2253182456
1070     3.2918590055    -4.9037305392    -0.2769104594
1071     2.9996887856    -4.8742432092    -0.2724803191
1072     3.1209412121    -5.0797063418    -0.2895023386
1073     4.1886255192    -4.9837228878    -0.3113821116
1074     4.0518095956    -4.7142639872    -0.2883899185
1075     3.9478835194    -4.9632656273    -0.2997491606
1076     4.0744932909    -5.1639204596    -0.3176908632
1077     0.8006371317    -2.4260479792    -0.1021187267
1078     0.7015109724    -2.5474947243    -0.1351039853
1079     0.6066275344    -2.4972842613    -0.1438922956
1080     0.4967651324    -2.2246511974    -0.1079835618
1081     0.5829224908    -2.3065566626    -0.1094327034
1082     0.8305325034    -2.6943952229    -0.1414205075
1083     0.8857879844    -2.7996751985    -0.1520910730
1084     1.7617496702    -3.7715082982    -0.2015240940
1085     1.5905263800    -3.7221146825    -0.2112049598
1086     1.6662835505    -3.8435444335    -0.2213116014
1087     1.9282233907    -4.0078917242    -0.2193455645
1088     1.7920622329    -3.9361222382    -0.2213806397
1089     1.8342607553    -4.0991971894    -0.2415483685
1090     2.2471143606    -4.6928845322    -0.2857234497
1091     2.3192307760    -4.7983589041    -0.2937294300
1092     2.4431410626    -4.9914559095    -0.3093534798
1093     0.5937106689    -2.0112020907    -0.0634444012
1094     0.4446836352    -2.0328193495    -0.0819902698
1095     1.5735830463    -2.9712197092    -0.1206111301
1096     1.4660322923    -2.7523681742    -0.1019153051
1097     1.3219041163    -2.9035149146    -0.1241572496
1098     2.5645552572    -4.8968583513    -0.2861681004
1099     2.7527104341    -4.8505542367    -0.2735413615
1100     1.4345753348    -3.1201661215    -0.1430777185
1101     1.9609586045    -3.8370253629    -0.1969837706
1102     2.0861051247    -3.9895319017    -0.2079773672
1103     2.2244922653    -3.8384839641    -0.1886418507
1104     0.5455739413    -2.4078642846    -0.1370980971
1105     0.6632545479    -2.4209512912    -0.1177668171
1106     1.5070408459    -3.4342376217    -0.1776211683
1107     2.0934703598    -4.2751763133    -0.2412503076
1108     2.1785777507    -4.4227258434    -0.2538288425
1109     1.6408759481    -3.9412898104    -0.2428141495
1110     1.1143299400    -3.1424764095    -0.1789654601
1111     1.1436090219    -3.2379575083    -0.1929741630
1112     1.7096556371    -4.0347175520    -0.2489452084
1113     1.3984626675    -3.5550113268    -0.2097545388
1114     1.0196621166    -2.7735794478    -0.1304762955
1115     1.2025426806    -2.6458293952    -0.1010038507
1116     0.4775188971    -2.3199168155    -0.1324270104
1117     1.9485271926    -4.3580077147    -0.2702046594
1118     2.3394612233    -4.9225732937    -0.3120244716
1119     2.4417093371    -4.8315406246    -0.2865513076
1120     2.0805464516    -4.5290782700    -0.2807054912
1121     2.5727683504    -5.1566213304    -0.3199642119
1122     2.5967022099    -5.2545774949    -0.3326541393
1123     0.9496133973    -2.8978246676    -0.1600572741
1124     1.0135097116    -2.9830976796    -0.1655531226
1125     1.5578405984    -3.8472733753    -0.2395086494
1126     2.2195738011    -4.7894965126    -0.3070872951
1127     1.0487893470    -3.0732550160    -0.1770195235
1128     1.9349544631    -4.2607341696    -0.2550417437
1129     2.0077572170    -4.1388468254    -0.2301845013
1130     1.8497208636    -4.2076191512    -0.2581827688
1131     2.4758648670    -5.0992117183    -0.3229618806
1132     2.6272660892    -5.0257945730    -0.2977475092
1133     1.2511305817    -3.4236296079    -0.2113336528
1134     2.2718445355    -4.2907944345    -0.2325459733
1135     2.4497423022    -4.2107214230    -0.2192304773
1136     2.2453414074    -4.0909616804    -0.2126039780
1137     1.1617458571    -2.9919827226    -0.1478596982
1138     1.1184620490    -2.8562225563    -0.1327743460
1139     0.2325864659    -1.9556107614    -0.1037693901
1140     2.8171294447    -5.0228725044    -0.2887725000
1141     3.2809278011    -5.0911399034    -0.2910827219
1142     3.5380608721    -4.8451905556    -0.2780856499
1143     2.3303356790    -3.5672317540    -0.1640479495
1144     1.4564408596    -3.6598637915    -0.2200826883
1145     1.5498415373    -3.5696159330    -0.1925926071
1146     2.1327579351    -4.6276687327    -0.2905885694
1147     2.2394221276    -4.5570327436    -0.2667104467
1148     3.1683508674    -4.4770654206    -0.2432284531
1149     0.3406176546    -2.0889724278    -0.1099074773
1150     0.6984785074    -2.3144378498    -0.0962469756
1151     2.6457484748    -5.3902605914    -0.3495959377
1152     2.7205617678    -5.4930732527    -0.3565812574
1153     3.3725889239    -5.4553932888    -0.3206746720
1154     2.8123764098    -5.4803060840    -0.3426943314
1155     0.3485981057    -1.9699580249    -0.0846226929
1156     4.3993909008    -5.3976027156    -0.3468742858
1157     0.5198033380    -2.1186500398    -0.0864517141
1158     0.4073748139    -2.1645160088    -0.1123699444
1159     1.2696512774    -3.0762447601    -0.1495539246
1160     3.7726743299    -4.7502287334    -0.2792711703
1161     3.5327340274    -4.4704943097    -0.2524359833
1162     0.7426615722    -2.6526998023    -0.1489320006
1163     3.3517884808    -4.6747340666    -0.2613902666
1164     3.1277068139    -4.7185042497    -0.2606360912
1165     1.1912329518    -3.3072151910    -0.1981492341
1166     0.2726856133    -2.0346390787    -0.1133705976
1167     1.4872598717    -3.7561905182    -0.2344573342
1168     2.1429997863    -4.7067978620    -0.3050321155
1169     3.2502245844    -4.1540031887    -0.2223313830
1170     2.7563588396    -4.4061205141    -0.2336340231
1171     1.7122625890    -3.4515667337    -0.1660850813
1172     1.8395706993    -3.6434003112    -0.1812877339
1173     1.6780222448    -3.6279153348    -0.1893624756
1174     1.7569309341    -4.1472388251    -0.2635072244
1175     1.8677791617    -4.3247794834    -0.2794560134
1176     2.4757853955    -5.1843604164    -0.3397416016
1177     2.2633625708    -4.8847782297    -0.3187963067
1178     2.9668113959    -5.0453250623    -0.2876711573
1179     0.7929156057    -2.7779255150    -0.1665846863
1180     0.6715753445    -2.6189931513    -0.1579804391
1181     4.5190265413    -5.5205797635    -0.3603753730
1182     4.5221008230    -5.5204955783    -0.3615257987
1183    -0.0885071708     1.4934808462    -0.1866841398
1184    -0.1401030788     1.5956287917    -0.1715720159
1185    -0.0708531034     1.7293353326    -0.1046347106
1186    -0.0243850128     1.6439682236    -0.1626895602
1187    -1.6848300258     1.5155519542    -0.1325414152
1188    -1.7371954762     1.4948910150    -0.1463021875
1189    -1.7319760839     1.5208966332    -0.1046347106
1190    -1.6342629674     1.5331577331    -0.1046347106
1191    -1.5417907799     1.4943831280    -0.1608461683
1192    -1.6395613765     1.4946052079    -0.1544866326
1193    -1.5365498509     1.5454188331    -0.1046347106
1194    -1.4439489161     1.4942031940    -0.1659988038
1195    -1.4388367344     1.5576799331    -0.1046347106
1196    -1.9276283106     1.4963460754    -0.1046347106
1197    -1.8296892004     1.5086355332    -0.1046347106
1198    -1.8344829067     1.4952956126    -0.1347160287
1199    -1.2434105014     1.5822021330    -0.1046347106
1200    -1.1501426068     1.4938265513    -0.1767844399
1201    -1.2481506379     1.4939304763    -0.1738084177
1202    -1.1456973849     1.5944632330    -0.1046347106
1203    -1.0479842684     1.6067243329    -0.1046347106
1204    -1.0496073161     1.4937379033    -0.1793229868
1205    -1.3411236179     1.5699410330    -0.1046347106
1206    -1.3460638618     1.4940545396    -0.1702557111
1207     2.8178058164     1.5924687672    -0.1265932030
1208     2.8807391961     1.4955597067    -0.1271533630
1209     3.2976445598     1.4960267538    -0.1137788848
1210     3.2952353960     1.6469571253    -0.1099947150
1211     3.4581078721     1.6376204057    -0.1046347106
1212     3.5649415472     1.4963460754    -0.1046347106
1213     2.9457522910     1.6690657382    -0.1207285543
1214     3.1470331042     1.6297336212    -0.1153411239
1215     3.0875782105     1.4957868419    -0.1206490617
1216    -0.2479761837     1.4934686031    -0.1870347362
1217    -0.2584527768     1.6232292736    -0.1628515137
1218    -0.1685662199     1.7170742327    -0.1046347106
1219    -0.2662793364     1.7048131327    -0.1046347106
1220    -0.4617055694     1.6802909328    -0.1046347106
1221    -0.5003730824     1.5852935064    -0.1674437693
1222    -0.5594186859     1.6680298328    -0.1046347106
1223    -0.5630571735     1.4934992803    -0.1861562570
1224    -0.4133677869     1.4934748255    -0.1868565506
1225    -0.3639924529     1.6925520327    -0.1046347106
1226    -0.3611278630     1.5933492955    -0.1684916791
1227     3.2285034234     1.7696489280    -0.1090923477
1228    -0.9416259216     1.4936599133    -0.1815563282
1229    -0.8928956184     1.5657536995    -0.1608801210
1230    -0.8252265258     1.4935933612    -0.1834621318
1231    -0.8525580354     1.6312465329    -0.1046347106
1232    -0.9502711519     1.6189854329    -0.1046347106
1233    -0.9971203390     1.5597751514    -0.1586167338
1234    -0.7833376088     1.5708571170    -0.1633193835
1235    -0.6996528638     1.4935393699    -0.1850082403
1236    -0.7548449189     1.6435076328    -0.1046347106
1237    -0.1020242070     1.6769878664    -0.1499543277
1238    -0.6206298085     1.5802777623    -0.1656048324
1239    -0.6571318024     1.6557687328    -0.1046347106
1240     3.3582660095     1.7696489280    -0.1046347106
1241    -0.6868075089     1.5951366428    -0.1578716320
1242    -1.1388116702     1.4988764491    -0.0321742874
1243    -1.6357133228     1.4980966971    -0.0545034638
1244    -1.5365328959     1.4983196401    -0.0481192126
1245    -1.3379864869     1.4986487125    -0.0386958103
1246    -1.4372812454     1.4984999824    -0.0429548839
1247    -1.2386636376     1.4987725620    -0.0351492254
1248    -1.8334530580     1.4974019284    -0.0743990367
1249    -1.7347570891     1.4978093694    -0.0627314526
1250    -1.0326654149     1.4989676031    -0.0295639804
1251     0.0904182314     1.6180685102    -0.0389745493
1252     0.2439530867     1.6240102717    -0.0390305739
1253     0.1967283109     1.7079196084    -0.0589372097
1254     0.1148871888     1.7378333893    -0.0787392505
1255     0.0220372105     1.4991931474    -0.0231052353
1256     3.3893387400     1.4965576621    -0.0985756600
1257     3.3286460733     1.6309408146    -0.0999877664
1258    -0.0666857541     1.5916216968    -0.0355311801
1259    -0.1737271979     1.4992199903    -0.0223365551
1260    -0.2215730143     1.6043422385    -0.0400070328
1261    -0.5903169215     1.5851243030    -0.0432172427
1262    -0.6607249713     1.4991660788    -0.0238803782
1263    -0.5142526424     1.4992029574    -0.0228243125
1264    -0.3730367131     1.6053269032    -0.0433844767
1265    -0.3530366940     1.4992219738    -0.0222797562
1266    -0.4977407868     1.6050642956    -0.0468589502
1267    -0.0070302200     1.6721968660    -0.0535416100
1268    -0.7176887857     1.5782451378    -0.0450219179
1269    -0.7945290013     1.4991136186    -0.0253826413
1270    -0.9182347619     1.4990469880    -0.0272906941
1271    -0.8791129587     1.5684478041    -0.0475488197
1272    -0.9876791093     1.5631987742    -0.0502801158
1273    -0.7835985978     1.5909426223    -0.0528686694
1274    -0.1299760046     1.6643347576    -0.0549431702
1275    -0.6572193566     1.5842566584    -0.0450457032
1276     3.2797300689     1.9186528614    -0.1077268686
1277    -3.4198186680    -0.4419846752    -0.1311422935
1278    -3.4760306467    -0.5701289706    -0.1296445546
1279    -3.5973341830    -0.4427399507    -0.1165610711
1280     3.0875782105    -1.4957868419    -0.1206490617
1281     2.8807391961    -1.4955597067    -0.1271533630
1282     2.8711848392    -1.2974014582    -0.1335798172
1283     2.5777624973    -0.9473213694    -0.1491537335
1284     2.5315920008    -0.6865004693    -0.1542881343
1285     2.6832701642    -0.6895185251    -0.1507721100
1286     4.6200553364    -0.7474885303    -0.0975508859
1287     4.6008278809    -0.5977280917    -0.1023579965
1288     4.6933348127    -0.5972684020    -0.0996797808
1289    -0.9316625247    -0.6388563435    -0.1987852042
1290    -1.0771337864    -0.7409386558    -0.1995595124
1291    -1.0884684132    -0.5863141862    -0.1977402477
1292     2.9796494176    -0.6924867739    -0.1436763562
1293     3.1272422746    -0.6921206701    -0.1400488325
1294     3.0562193383    -0.8684312157    -0.1385404231
1295     2.9534504294    -1.0495036790    -0.1374078143
1296     2.9124234279    -0.8429589891    -0.1427097599
1297     2.7696932329    -0.8907403339    -0.1454092492
1298     2.7532912886    -1.0917969301    -0.1418363272
1299     2.0143805860    -1.0557743047    -0.1608349799
1300     1.7765700107    -1.1252681426    -0.1652583078
1301     1.9292673455    -0.8900581618    -0.1649871176
1302    -0.0881289112    -1.4934808953    -0.1866827324
1303    -0.0217678005    -1.3515731126    -0.1940132637
1304    -3.1785548272    -0.6417537280    -0.1506572876
1305    -3.2337233703    -0.4410416433    -0.1432376987
1306    -3.0470979570    -0.4400030689    -0.1531432878
1307     3.4211869337    -0.6867443009    -0.1326870276
1308     3.5682172642    -0.6813355196    -0.1289577250
1309     3.4990070064    -0.9470609473    -0.1248031690
1310     3.3820107963    -1.2049047601    -0.1211565349
1311     3.6567322965    -1.1862456134    -0.1133351229
1312     3.8677555947    -0.6639466060    -0.1213175055
1313     4.0224829577    -0.6513288220    -0.1173704835
1314     3.9453517207    -0.8471631358    -0.1146657927
1315     3.7925866560    -0.8121087330    -0.1199139389
1316     3.6541574349    -0.8978594382    -0.1216664334
1317     3.7167491288    -0.6738412104    -0.1251724942
1318     4.3449433021    -0.6176037086    -0.1091725609
1319     4.3213339041    -0.8557834851    -0.1033154400
1320     4.1822223099    -0.6357537085    -0.1133050498
1321     4.5083129860    -0.5977928906    -0.1050210781
1322     4.4648647426    -0.7613093869    -0.1018053224
1323     2.0587993182    -0.6740727009    -0.1646384253
1324     2.1371551678    -0.8812354595    -0.1605483101
1325     3.1306768619    -1.2433821546    -0.1275225387
1326     3.2976445598    -1.4960267538    -0.1137788848
1327     3.1819743870    -1.0259920411    -0.1317130802
1328    -0.4137297940    -1.4934748620    -0.1868555039
1329    -0.5633531342    -1.4934993479    -0.1861543196
1330    -0.5587701249    -1.3557469925    -0.1978389807
1331     0.1382034567    -1.3454406525    -0.1923331982
1332    -2.2203044617    -1.1034440035    -0.1858297037
1333    -2.2414492501    -0.8864940568    -0.1864388733
1334    -2.0576281023    -0.9546658653    -0.1902473209
1335    -0.6998949015    -1.4935394575    -0.1850057326
1336     1.8951502209    -0.6708521243    -0.1679678819
1337     1.2375191557    -0.6287053518    -0.1800483717
1338     1.4020231921    -0.6421187334    -0.1772622848
1339     1.3385716656    -0.8316860726    -0.1772781097
1340     1.6253075937    -0.8240189356    -0.1719395018
1341     1.7139796887    -0.9569342319    -0.1687458889
1342     1.4986462652    -1.0310176079    -0.1723542538
1343    -0.1806879855    -1.2789996439    -0.1969650021
1344     0.0094795441    -1.1725825887    -0.1955854227
1345     1.2324055789    -0.9619150865    -0.1781695820
1346    -1.1387212983    -1.3788449547    -0.1957820496
1347    -1.1502569502    -1.4938266620    -0.1767812710
1348    -1.2604599746    -1.4169253587    -0.1906017395
1349    -1.8609551826    -1.1825844795    -0.1938563712
1350    -1.6700414716    -1.0844133297    -0.1964855185
1351    -1.7481802416    -1.2612137154    -0.1947998898
1352    -1.0179862044    -1.3185197075    -0.1995341929
1353    -1.1200396121    -1.2151911652    -0.2009546749
1354     0.7140551797    -0.9207946975    -0.1870946484
1355     0.6549551584    -0.7466081251    -0.1885135696
1356     0.8259638754    -0.7697625153    -0.1860469363
1357     1.1411095818    -0.7964822535    -0.1809558181
1358     0.7533397006    -0.5962042826    -0.1871652134
1359     0.5962790101    -0.5935756695    -0.1891310079
1360    -0.9120736585    -1.3663818967    -0.1976713855
1361    -1.0497432019    -1.4937380122    -0.1793198693
1362     2.2195108238    -0.6784016147    -0.1612334052
1363    -0.2484141809    -1.4934685933    -0.1870350162
1364     6.0682212311    -0.7300558917    -0.0510504810
1365     5.8780319677    -0.7882755811    -0.0551215983
1366     5.9619375334    -0.6068822920    -0.0597764101
1367    -0.3895556884    -1.2406548253    -0.1990387209
1368     5.6687727558    -0.8523328580    -0.0596009195
1369     5.7292727281    -0.7183634728    -0.0631647222
1370     5.5747368410    -0.7408767780    -0.0674488167
1371     5.5232601045    -0.5815959277    -0.0749137478
1372     5.6688511559    -0.5900587908    -0.0699802808
1373     0.9714031285    -0.9215130191    -0.1830303910
1374     5.8155539102    -0.5985188239    -0.0649188443
1375     5.2985380895    -0.7974914453    -0.0744248979
1376     5.2405242875    -0.5816299911    -0.0837274806
1377     5.3775993306    -0.5730563928    -0.0797624556
1378     6.2491025162    -0.6230422175    -0.0494143423
1379     6.2404918471    -0.6773213599    -0.0473629234
1380     6.1064457845    -0.6150569741    -0.0546079164
1381     6.3919805330    -0.6309484781    -0.0441202156
1382    -0.0620717074    -0.4745326325    -0.1943772359
1383    -0.1767751718    -0.6514602771    -0.1967052149
1384    -0.2257665678    -0.4691179323    -0.1952216462
1385     5.1430595350    -0.7773526974    -0.0802371031
1386     4.9780780566    -0.7280179409    -0.0871609099
1387     5.1102150025    -0.5877889379    -0.0875219686
1388     8.2704170821     0.0004437298    -0.0063456315
1389     8.3490263286    -0.0318684025    -0.0022284558
1390     8.2633733145    -0.0580880312    -0.0040619108
1391     8.3541210270     0.0002412825    -0.0034505004
1392     8.4531324835    -0.0000000000    -0.0000000000
1393     4.7968153234    -0.8173863742    -0.0898763299
1394     4.5952437830    -0.9518352517    -0.0916475043
1395    -1.8575671354    -1.3733711056    -0.1842644730
1396    -1.9912999212    -1.3013559908    -0.1880164035
1397     0.9823441257    -0.7512147619    -0.1837362460
1398     1.0738833022    -0.6157811395    -0.1826380858
1399     4.8411307744    -0.5954184205    -0.0953797607
1400     4.9765577192    -0.5923519357    -0.0914255583
1401     5.4410591533    -0.7263646408    -0.0724182115
1402    -1.2436197834    -1.3091683446    -0.1988813091
1403    -1.3745159174    -1.3668029959    -0.1944530527
1404    -1.3236761862    -1.1856319176    -0.2000757664
1405     5.1846622965    -1.0005260843    -0.0699635993
1406     3.3402518250    -0.9137130939    -0.1300047314
1407     3.2745140271    -0.6902407544    -0.1363802561
1408     5.4387792841    -0.9227371922    -0.0645240701
1409     2.8324600998    -0.6915679638    -0.1472347266
1410    -3.4977502140    -1.0252510238    -0.0716925355
1411    -3.5757409589    -0.9648459830    -0.0674686036
1412    -3.4572884047    -0.8827726026    -0.1210129568
1413    -3.8366685619    -0.5508563177    -0.0873994289
1414    -3.8107956143    -0.6586653723    -0.0871387363
1415    -3.9250685401    -0.6222418115    -0.0435113861
1416    -0.7618772318    -0.5957298479    -0.1982976979
1417    -0.8491997510    -0.4507804069    -0.1960568401
1418    -0.7057600746    -0.4546120445    -0.1962165593
1419    -0.9584601381    -0.8890237316    -0.2004120196
1420    -2.4340102061    -1.0577633980    -0.1795548389
1421    -2.2912432261    -0.6491761644    -0.1841366880
1422    -2.1088725401    -0.4355578141    -0.1833052785
1423    -1.9848355899    -0.7177166268    -0.1911468272
1424    -2.9802443039    -0.6062748902    -0.1603737394
1425    -3.0370943870    -0.7894917136    -0.1579774045
1426    -1.2059693762    -0.8829388455    -0.1998400068
1427    -0.6059850436    -0.7314362077    -0.1993210652
1428    -0.5532279246    -0.4589662353    -0.1961511825
1429    -1.4227583402    -1.0164899982    -0.1988356121
1430    -1.5115213048    -1.1749871056    -0.1985804303
1431    -1.3265087931    -0.4403466150    -0.1938182675
1432    -1.1473292072    -0.4437837462    -0.1949828868
1433    -1.2581386225    -0.6576130062    -0.1980397965
1434    -0.3196508910    -0.5994721019    -0.1971061709
1435    -0.3532430374    -0.7985381206    -0.1985128312
1436    -0.4632447810    -0.6122710451    -0.1978520880
1437     2.5992157017    -1.2384446424    -0.1427184629
1438    -3.7569715718    -0.4431818182    -0.0991699684
1439    -3.7230891895    -0.5977551131    -0.1043204933
1440    -3.9688801520    -0.5342297430    -0.0373569828
1441    -3.8598922130    -0.4431643715    -0.0837845767
1442    -3.9313129414    -0.4428668990    -0.0686489170
1443    -4.0014346447    -0.4411759765    -0.0308500295
1444    -2.9128544048    -1.1239125551    -0.1551378153
1445    -3.0303989909    -1.1536156037    -0.1447645128
1446    -3.0265107280    -0.9596150847    -0.1537483971
1447     3.2004512006    -0.8382276345    -0.1353961684
1448     4.9039136429    -1.0864673152    -0.0759731956
1449     4.5943685746    -1.1812235459    -0.0825991968
1450    -3.5490490325    -0.7956257338    -0.1175159230
1451    -3.3890965802    -0.7289543802    -0.1361023203
1452    -0.9030524474    -1.1412490556    -0.2010488690
1453    -0.7532027801    -1.3249278761    -0.1994179312
1454    -0.6450704897    -1.1697578148    -0.2005744053
1455    -0.9903825891    -0.4472894522    -0.1956776403
1456     0.9120266492    -0.6044268003    -0.1850144352
1457     1.0379787722    -0.5143917330    -0.1831466347
1458     0.8987661967    -0.5639971534    -0.1851624053
1459     0.8864086458    -0.5086176298    -0.1852159841
1460     1.0434263067    -0.5438008473    -0.1830996770
1461     1.1839874186    -0.5199289774    -0.1810119837
1462     0.7488751548    -0.5805777961    -0.1871923741
1463     0.7330514710    -0.5029091598    -0.1871513663
1464     0.5770265516    -0.4971441357    -0.1889498076
1465     0.4189500813    -0.4914039166    -0.1905895902
1466    -0.0932341710    -0.8378505181    -0.1967426328
1467    -0.0182288653    -0.6379140948    -0.1954747897
1468    -0.3914933720    -0.4638523861    -0.1958233393
1469     0.4724595285    -0.6971002094    -0.1908368239
1470     0.5301610380    -0.8501076156    -0.1899590093
1471     0.3168518962    -0.8274936493    -0.1926546555
1472    -0.8254268987    -1.4935934616    -0.1834592570
1473    -0.8009950292    -0.7604508804    -0.1998801407
1474     4.1136898918    -0.8509472810    -0.1096524765
1475    -3.3336689226    -0.5756538950    -0.1402331099
1476    -1.8633522525    -0.9761548557    -0.1937065922
1477    -2.0241536951    -1.1365101616    -0.1906164227
1478    -1.7221562615    -0.6178362956    -0.1935351864
1479    -1.7207036414    -0.4355422434    -0.1897174864
1480    -1.5254792228    -0.4373777701    -0.1920274098
1481     3.8046236239    -0.9864064161    -0.1149301074
1482     4.1968698787    -1.0397348414    -0.1012826066
1483    -0.7397010847    -0.9560801075    -0.2003732619
1484     0.0996212515    -0.4800651633    -0.1933134224
1485     0.2598363907    -0.4856942435    -0.1920474901
1486     0.1257180055    -0.7230911940    -0.1946075545
1487     4.2582408107    -1.2841171249    -0.0897942167
1488     3.9790829921    -1.1110417427    -0.1057403866
1489     2.0760817477    -1.2444275437    -0.1562322084
1490     0.3138184765    -0.6461279987    -0.1924835181
1491    -1.9164290805    -0.4350828975    -0.1868101684
1492    -2.8598883917    -0.4389596993    -0.1614065533
1493    -3.2551045018    -0.8242979348    -0.1434701689
1494    -3.5316793648    -0.6760355377    -0.1246482288
1495     3.5649415472    -1.4963460754    -0.1046347106
1496     4.9897483403    -0.9017644769    -0.0806444842
1497     1.5656060811    -0.6550936020    -0.1743186427
1498     1.7302488982    -0.6667648108    -0.1711953655
1499     0.4543008789    -0.9866849118    -0.1905146844
1500    -1.4790327295    -0.6431795062    -0.1963912055
1501     0.2422787427    -1.1595890969    -0.1928248484
1502    -0.4953681806    -0.9881675455    -0.1995359654
1503     3.9093511437    -1.3909173074    -0.0972624130
1504    -1.6263132643    -1.2765855456    -0.1961875179
1505    -1.4127707402    -0.8324087954    -0.1985619481
1506    -1.1360087488    -1.0503721108    -0.2004170586
1507    -1.4744350750    -1.3009086265    -0.1972116634
1508     4.3947034743    -1.0747584961    -0.0936821711
1509    -2.8045780206    -0.6704569196    -0.1687001092
1510    -2.4638581402    -0.8465963197    -0.1806292484
1511    -2.6381910198    -0.9854568442    -0.1729167226
1512    -2.6647388049    -0.8052994359    -0.1742356865
1513    -2.5551910410    -0.6343431793    -0.1768278148
1514    -2.6722313809    -0.4379494582    -0.1683647211
1515    -2.2959202598    -0.4362105331    -0.1791876310
1516    -2.4839488384    -0.4370186165    -0.1742480686
1517    -2.3510013758    -1.2384097689    -0.1802394633
1518     1.4854894287    -0.8007270943    -0.1748139393
1519    -3.3629082065    -0.9093782772    -0.1292931354
1520    -3.1710093847    -0.9459727519    -0.1441565824
1521     2.3748679754    -1.3737624617    -0.1454808810
1522    -2.7832717931    -1.0789533808    -0.1642136064
1523    -2.8515034253    -0.9074653954    -0.1650385219
1524    -2.6246410603    -1.1474886486    -0.1709808906
1525    -1.6396002193    -1.4946053069    -0.1544837989
1526    -1.7372193053    -1.4948910958    -0.1462998736
1527    -1.7310083775    -1.3993404272    -0.1836685330
1528    -2.6081933966    -1.2824735085    -0.1653701758
1529    -2.7276003027    -1.2828738060    -0.1576703456
1530    -2.8109451202    -1.3725706174    -0.0959794874
1531    -2.7134893441    -1.3915330882    -0.0973054726
1532    -2.5010100884    -1.2070264486    -0.1753707814
1533    -3.7300261670    -0.8419404782    -0.0588742135
1534    -3.8030569630    -0.7758125852    -0.0542501007
1535    -3.7303547212    -0.7259906141    -0.0968410591
1536    -2.1669500315    -1.3955831910    -0.1676240428
1537    -2.2729038199    -1.3641710840    -0.1700354501
1538    -2.1561537796    -1.2688886051    -0.1853275090
1539    -2.2250557597    -1.4633108769    -0.1023246645
1540    -2.1313828114    -1.4743138074    -0.1030940644
1541    -1.8344917440    -1.4952956590    -0.1347146998
1542    -1.9276283106    -1.4963460754    -0.1046347106
1543    -1.9444200515    -1.4279020123    -0.1688694799
1544    -2.4243454625    -1.4374811387    -0.1005184733
1545    -2.3854862300    -1.3670702927    -0.1630872376
1546    -2.3245665569    -1.4508702354    -0.1014547301
1547    -2.0646321183    -1.3996436341    -0.1715656700
1548    -2.0323262666    -1.4853167378    -0.1038634642
1549    -1.5951861470    -1.3944050804    -0.1877745884
1550    -3.0023818153    -1.3263899442    -0.0927502202
1551    -2.9536303133    -1.2391818752    -0.1450192990
1552    -2.9051008738    -1.3516870863    -0.0945191687
1553    -3.0951857841    -1.2969586463    -0.0906921834
1554    -3.1856491156    -1.2600579783    -0.0881118373
1555    -3.1168446317    -1.1966130662    -0.1322412513
1556    -3.3029937197    -0.9883628986    -0.1289046009
1557    -3.2531198877    -1.0867294265    -0.1251788191
1558    -3.2708292279    -1.2119994738    -0.0847512593
1559    -3.3469387849    -1.1516902570    -0.0805340280
1560    -3.4126880529    -0.9929502335    -0.1135754496
1561    -3.4210424976    -1.0869808069    -0.0760091025
1562    -2.4990310175    -1.3213255282    -0.1661819954
1563    -3.1952055146    -1.1677352129    -0.1247823671
1564    -3.1127879351    -1.0731836726    -0.1416404698
1565    -3.6362909223    -0.6948550541    -0.1127977788
1566    -3.6589377863    -0.8019911766    -0.1006744996
1567    -3.6181633764    -0.5604713343    -0.1166290689
1568    -1.2482495493    -1.4939305908    -0.1738051392
1569    -3.8692698745    -0.7030693534    -0.0491633985
1570    -2.6688485543    -1.3466238646    -0.1478371203
1571    -2.6181647305    -1.4081185263    -0.0984652394
1572    -1.6659699937    -0.8467503724    -0.1963301635
1573    -1.4440177937    -1.4942033087    -0.1659955205
1574    -1.4977543369    -1.4173682681    -0.1863129884
1575    -1.3461477566    -1.4940546557    -0.1702523842
1576     0.1152592974    -0.9734109802    -0.1946638994
1577    -2.8455840233    -1.2623354536    -0.1515394763
1578    -1.5418446400    -1.4943832374    -0.1608430360
1579    -3.6535497933    -0.9043293907    -0.0632368712
1580    -0.2143338598    -1.0325203881    -0.1977141458
1581    -0.9417907647    -1.4936600199    -0.1815532768
1582    -2.7551921221    -1.1883936963    -0.1632468012
1583    -2.4644268116    -1.3941733618    -0.1471563741
1584    -2.5168549930    -1.4240920420    -0.0995822164
1585     1.7871837651    -0.8031439223    -0.1689225684
1586    -3.0414294802    -1.2511523073    -0.1333125116
1587     2.3770912330    -0.6827026013    -0.1577779558
1588     2.3351166120    -0.9119792209    -0.1555738203
1589     2.2233086906    -1.1071221036    -0.1550554776
1590     2.4179502703    -1.1227988075    -0.1499223821
1591    -3.5625152752    -0.8886029303    -0.1047207106
1592     2.4534878314    -0.8143596320    -0.1542977032
1593    -3.3402389386    -1.0863349481    -0.1108751368
1594    -2.5646808340    -1.3714132642    -0.1481354148
1595    -0.0243850128    -1.6439682236    -0.1626895602
1596    -0.1401481891    -1.5955777600    -0.1715815901
1597    -0.0708531034    -1.7293353326    -0.1046347106
1598    -1.6848483549    -1.5155484211    -0.1325429821
1599    -1.7319760839    -1.5208966332    -0.1046347106
1600    -1.6342629674    -1.5331577331    -0.1046347106
1601    -1.5365498509    -1.5454188331    -0.1046347106
1602    -1.4388367344    -1.5576799331    -0.1046347106
1603    -1.8296892004    -1.5086355332    -0.1046347106
1604    -1.2434105014    -1.5822021330    -0.1046347106
1605    -1.1456973849    -1.5944632330    -0.1046347106
1606    -1.0479842684    -1.6067243329    -0.1046347106
1607    -1.3411236179    -1.5699410330    -0.1046347106
1608     2.8178071768    -1.5924695627    -0.1265931414
1609     3.3582660095    -1.7696489280    -0.1046347106
1610     3.2952353945    -1.6469571247    -0.1099947151
1611     3.4581078721    -1.6376204057    -0.1046347106
1612     2.9457522659    -1.6690656735    -0.1207285567
1613     3.1470330981    -1.6297336163    -0.1153411242
1614    -0.1685662199    -1.7170742327    -0.1046347106
1615    -0.2585637515    -1.6232142672    -0.1628529376
1616    -0.2662793364    -1.7048131327    -0.1046347106
1617    -0.5005461936    -1.5852970255    -0.1674384081
1618    -0.5594186859    -1.6680298328    -0.1046347106
1619    -0.4617055694    -1.6802909328    -0.1046347106
1620    -0.3639924529    -1.6925520327    -0.1046347106
1621    -0.3613226634    -1.5933543545    -0.1684863434
1622     3.2285034234    -1.7696489280    -0.1090923477
1623    -0.8525580354    -1.6312465329    -0.1046347106
1624    -0.8929884066    -1.5657553902    -0.1608754201
1625    -0.9502711519    -1.6189854329    -0.1046347106
1626    -0.9971977459    -1.5597764402    -0.1586123362
1627    -0.7548449189    -1.6435076328    -0.1046347106
1628    -0.7834513407    -1.5708591254    -0.1633144274
1629    -0.1020280251    -1.6769767711    -0.1499586480
1630    -0.6207718141    -1.5802805538    -0.1655996350
1631    -0.6571318024    -1.6557687328    -0.1046347106
1632    -0.6869105843    -1.5951377835    -0.1578666852
1633    -1.5376122101    -1.4983174704    -0.0481813450
1634    -1.2405884999    -1.4987703679    -0.0352120557
1635    -1.3396295164    -1.4986464678    -0.0387600903
1636    -1.4386424310    -1.4984977434    -0.0430190018
1637    -1.1410826425    -1.4988742930    -0.0322360317
1638     0.1146914755    -1.7378697839    -0.0787877446
1639     0.0892859025    -1.6174149956    -0.0388675528
1640    -1.8336867993    -1.4974007080    -0.0744339827
1641    -1.7352726459    -1.4978076343    -0.0627811403
1642    -1.6836664286    -1.5177977457    -0.0770508170
1643    -1.6365107495    -1.4980946837    -0.0545611210
1644     0.1962572255    -1.7082269743    -0.0590605643
1645     0.0140975326    -1.4991946987    -0.0230608126
1646     0.2440165791    -1.6252645194    -0.0392262549
1647     3.3893387400    -1.4965576621    -0.0985756600
1648     3.3286460733    -1.6309408146    -0.0999877664
1649    -0.1830604255    -1.4992206461    -0.0223177751
1650    -0.0678399679    -1.5918913870    -0.0355884982
1651    -0.2003489555    -1.6196008179    -0.0433320097
1652    -0.6230201296    -1.5860798343    -0.0445384882
1653    -0.6657396682    -1.4991644525    -0.0239269494
1654    -0.5203943062    -1.4992018038    -0.0228573499
1655    -0.3337200365    -1.6042097079    -0.0421554421
1656    -0.3605935790    -1.4992215463    -0.0222919980
1657    -0.4837810926    -1.5908601568    -0.0420216191
1658    -0.0077984477    -1.6718859862    -0.0534647206
1659    -0.7478813033    -1.5812375559    -0.0472426408
1660    -0.7986545662    -1.4991116889    -0.0254379014
1661    -0.8810422597    -1.5684754015    -0.0476425889
1662    -0.9216340025    -1.4990448897    -0.0273507810
1663    -0.9892498402    -1.5632197717    -0.0503681413
1664    -1.0354652780    -1.4989654255    -0.0296263369
1665    -0.1260361620    -1.6687026635    -0.0564174916
1666    -1.0932134250    -1.5581174206    -0.0534803376
1667     3.2797294511    -1.9186525395    -0.1077268886
1668     6.6463288558     0.7851396258    -0.4605040544
1669     6.5031801582     0.8005533261    -0.4681533594
1670     6.5201332512     1.0072141478    -0.4810545838
1671     6.7698852913     1.0134427977    -0.4739186121
1672     6.9960847561     1.1992689924    -0.4842112028
1673     6.9696497423     0.9731312848    -0.4592221664
1674     6.2474690016     1.0040038803    -0.4798030271
1675     6.3369355544     1.1992689924    -0.4855200507
1676     5.5393355402     0.8648953047    -0.3562897661
1677     5.6065739116     0.9320927163    -0.3586363514
1678     5.6045537427     0.8741930338    -0.4073842501
1679     5.6732741651     0.9987523378    -0.3609641567
1680     5.7318268385     0.9548431230    -0.4260295889
1681     5.7883010243     0.8647770853    -0.4512808188
1682     5.8662029429     0.9670466937    -0.4514794695
1683     5.9213418308     0.8540390837    -0.4655168975
1684     5.6851172129     0.8718968421    -0.4322296476
1685     8.0559764947     1.1992689924    -0.4028004612
1686     7.9205928494     1.0493759922    -0.3881794235
1687     7.7815485833     1.1992689924    -0.4293210341
1688     6.8255310712     0.8743736045    -0.4581266583
1689     7.1115852457     0.8726752424    -0.4382431965
1690     6.9196648660     0.7533622763    -0.4404316891
1691     6.7424407947     1.1992689924    -0.4919918062
1692     7.5167404652     1.1992689924    -0.4517309874
1693     7.6090393570     1.0078265624    -0.4127512249
1694     7.2737441979     0.9811810869    -0.4383786775
1695     7.2550676247     1.1992689924    -0.4703012803
1696     7.4251814022     1.0502694643    -0.4353969542
1697     6.3567018715     0.8153918587    -0.4733751370
1698     7.7669564985     0.9354078536    -0.3862436141
1699     7.8291079427     0.7379549005    -0.3518569095
1700     7.6117097318     0.8110177307    -0.3853112263
1701     8.1082228578     1.0170229432    -0.3616021803
1702     8.3739130435     1.1992689924    -0.3679663526
1703     7.9399115205     0.8618575981    -0.3561836870
1704     6.5219597875     1.1992689924    -0.4921707884
1705     6.0626431554     1.0866938878    -0.4663514430
1706     6.1847203315     1.1992689924    -0.4730835188
1707     6.0512924017     1.1992689924    -0.4535900751
1708     5.9475700661     1.1992689924    -0.4267498990
1709     6.0614013069     0.8424339797    -0.4730178774
1710     6.2073823307     0.8295433337    -0.4753286417
1711     7.4452446810     0.8752428251    -0.4099506564
1712     7.4169362133     0.6885112920    -0.3904235066
1713     7.5323994328     0.6723650208    -0.3767578488
1714     5.8739130435     1.1992689924    -0.3679663526
1715     5.9137906965     1.0852607665    -0.4436399496
1716     5.8066746721     1.1320715808    -0.3656197672
1717     5.8014832359     1.0406690872    -0.4244160035
1718     5.7399744186     1.0654119593    -0.3632919620
1719     7.2980345406     0.7047644641    -0.4037217190
1720     7.2905562642     0.8226298957    -0.4176486633
1721     6.0164770445     0.9663068976    -0.4682530349
1722     7.6450157355     0.6563822778    -0.3627176835
1723     7.0497032146     0.7372336707    -0.4288471944
1724     7.1757111983     0.7210211737    -0.4165600376
1725     7.1255007711     1.0582810175    -0.4590932556
1726     7.7539014208     0.6409154058    -0.3484682157
1727     6.7853403397     0.7693466209    -0.4510935039
1728     6.9542436490     0.8557394309    -0.2639360615
1729     6.7855824588     0.9063531077    -0.2521294784
1730     6.8852966370     0.7379471223    -0.2622373132
1731     7.4507613547     1.0457687937    -0.2926294576
1732     7.3017696528     0.9664232097    -0.2854558068
1733     7.4874616452     0.8598709538    -0.3082386238
1734     6.2595988949     0.8993741713    -0.2373897552
1735     6.0571302958     0.8915253243    -0.2418421195
1736     6.1844865360     0.7766037155    -0.2326430847
1737     7.7799837573     1.1992689924    -0.3064698033
1738     7.9306183883     1.0593472030    -0.3373097606
1739     8.0548428534     1.1992689924    -0.3330160527
1740     5.5974313580     0.8342444303    -0.2927008274
1741     5.8252587695     0.7991472563    -0.2475790269
1742     5.7916754528     0.9084506350    -0.2687662733
1743     5.7059219699     0.8134749338    -0.2639147287
1744     7.5097823090     1.1992689924    -0.2836588853
1745     7.2417629696     1.1992689924    -0.2647980203
1746     6.9902389750     1.1992689924    -0.2514697771
1747     6.9708850826     0.9968057230    -0.2600781541
1748     7.1316711560     1.0530763535    -0.2676983262
1749     7.6213364852     0.7914138564    -0.3256517728
1750     7.5455435546     0.6664509455    -0.3240300836
1751     6.8260619430     1.0697888485    -0.2499594012
1752     6.6154400243     1.0278818480    -0.2434862239
1753     6.4203290044     0.7665954948    -0.2367314684
1754     6.4481807699     0.8888209763    -0.2388814152
1755     6.3029137237     0.7716141586    -0.2337383570
1756     6.6112843810     0.8770819528    -0.2441607806
1757     6.6532118225     0.7546877672    -0.2471460228
1758     6.5245110979     1.1992689924    -0.2437193838
1759     6.7466155143     1.1992689924    -0.2440106734
1760     6.4014769577     1.0315066300    -0.2411396424
1761     6.3383693826     1.1992689924    -0.2503300692
1762     7.6328553964     1.0873326713    -0.3051794575
1763     7.6199318488     0.9427698812    -0.3157641837
1764     7.7821269278     1.0062284689    -0.3269744885
1765     7.1170132618     0.8836963211    -0.2748414373
1766     7.1189978282     0.7139124086    -0.2813057754
1767     7.2506199526     0.8133198208    -0.2888845379
1768     7.2278476980     0.7011167362    -0.2913294610
1769     5.7791951721     1.0135758878    -0.2980877366
1770     5.9033896984     0.9668653945    -0.2630364932
1771     5.8866830934     1.0663377699    -0.2855612429
1772     7.0017439686     0.7270128642    -0.2712878671
1773     5.6855105098     0.9164068818    -0.2938055983
1774     7.3312463480     0.6896197471    -0.3014119567
1775     7.3863427795     0.7976599112    -0.3019298910
1776     6.0516096668     1.1992689924    -0.2822816640
1777     6.1138353311     1.0944366170    -0.2574941000
1778     6.1855175781     1.1992689924    -0.2627617937
1779     6.1646701798     0.9853181674    -0.2442283570
1780     6.2546942687     1.0798279685    -0.2467641850
1781     5.9869134495     1.1139271552    -0.2766241165
1782     6.0179033938     1.0122558981    -0.2566910015
1783     6.5370857030     0.7610700154    -0.2412829521
1784     7.7595879873     0.8600953079    -0.3360194344
1785     7.7234554933     0.7365699360    -0.3398574843
1786     5.9456490632     0.7893304328    -0.2384787222
1787     5.9011897850     0.8749742520    -0.2503695905
1788     5.8893333777     1.1481822839    -0.3104410636
1789     5.9476423661     1.1992689924    -0.3091568834
1790     6.0651796164     0.7822352623    -0.2339654381
1791     7.4378755045     0.6781293821    -0.3123735417
1792     7.6493047937     0.6545086871    -0.3358652543
1793     6.7692322754     0.7470697192    -0.2541667329
1794     5.9498291923     1.2629702049    -0.3679663526
1795     6.9212351777     1.8819039117    -0.4493664525
1796     6.9557502192     1.9796387171    -0.4358609607
1797     7.0571090818     1.8230563979    -0.4656559314
1798     7.3747911164     2.2722774660    -0.4393217453
1799     7.4216358496     2.3705745122    -0.4287299854
1800     7.5334192890     2.2602782441    -0.4499390710
1801     8.7138266300     2.5992689924    -0.3925534986
1802     8.9423680731     2.5992689924    -0.3679663526
1803     8.8384597592     2.3433619604    -0.3679663526
1804     7.5182044665     2.4064326979    -0.4345478366
1805     7.6346049933     2.3875316103    -0.4441662524
1806     6.9539402360     1.4064421524    -0.4835386043
1807     7.8708499683     1.6195189353    -0.4350299502
1808     8.1276422546     1.4335040032    -0.4049885966
1809     6.4718670914     1.4810730805    -0.4613395353
1810     6.6144503019     1.4732758883    -0.4748548612
1811     6.4898467483     1.3350170649    -0.4811173542
1812     7.3559402552     1.5825322532    -0.4684785901
1813     7.2136614576     1.7621711337    -0.4706401214
1814     7.3431559641     1.8335910942    -0.4669467866
1815     7.1270465918     1.5939438230    -0.4762117053
1816     8.3982943985     2.1430461837    -0.4057735423
1817     8.6110643339     2.3581050744    -0.3932837101
1818     8.6999977817     2.0023556214    -0.3679663526
1819     7.7277150667     2.2757937473    -0.4500909945
1820     7.7729816458     2.4484001292    -0.4436526381
1821     7.3102876652     2.0264619466    -0.4592871381
1822     7.4855031321     1.9603982000    -0.4614503020
1823     7.7318563507     1.8827165947    -0.4508370217
1824     7.5121188980     1.7593265898    -0.4616407513
1825     6.1014914655     1.3902299624    -0.3679663526
1826     6.0510897059     1.2952480413    -0.4217494230
1827     6.0256603289     1.3266000836    -0.3679663526
1828     6.1450497872     1.3032495832    -0.4458137101
1829     7.6256806655     2.1019491887    -0.4556742691
1830     7.8669496486     2.1221022031    -0.4457605853
1831     8.0694101002     1.9329691440    -0.4278432376
1832     7.9359791507     2.3256299608    -0.4432841375
1833     6.6160538714     1.6175980830    -0.4561891807
1834     6.6564706708     1.7228252703    -0.4414475939
1835     6.7246860296     1.6008040357    -0.4686492062
1836     6.9026155424     1.7760738832    -0.4617810760
1837     6.8042781962     1.8614166572    -0.4359215530
1838     6.8532201892     1.9428594823    -0.4240895330
1839     6.7839716949     1.9628988712    -0.3679663526
1840     7.0872962413     2.2174183862    -0.3679663526
1841     7.0869417146     2.0998930942    -0.4316703169
1842     7.0114651047     2.1537885074    -0.3679663526
1843     7.1875102178     2.1448576792    -0.4380234426
1844     7.1831526425     1.9606204518    -0.4598437240
1845     6.8598028315     2.0265287499    -0.3679663526
1846     6.9356339681     2.0901586287    -0.3679663526
1847     7.0596909724     1.9879096456    -0.4483204230
1848     6.2494870717     1.2899704581    -0.4660224745
1849     6.3397156363     1.3477981560    -0.4673394598
1850     6.4025602807     1.4181612425    -0.4633630226
1851     7.5423680731     2.5992689924    -0.3679663526
1852     7.6235287627     2.5992689924    -0.4121328377
1853     7.5638121470     2.5023986815    -0.4240066494
1854     7.4664519243     2.5355677800    -0.3679663526
1855     7.1631273779     2.2810482649    -0.3679663526
1856     7.2517790526     2.2561720623    -0.4251174358
1857     7.4297585249     2.1320586945    -0.4555004382
1858     7.3008471126     2.1656278044    -0.4466369769
1859     7.2389585145     2.3446781437    -0.3679663526
1860     7.3147896511     2.4083080225    -0.3679663526
1861     7.3906207877     2.4719379012    -0.3679663526
1862     6.2401393078     1.4062935008    -0.4379225334
1863     6.6458166878     1.3268831683    -0.4871510555
1864     6.9738107628     1.6391785575    -0.4752588282
1865     6.8357267798     1.6750649886    -0.4679990789
1866     6.8556368623     1.5480875363    -0.4783571227
1867     6.7702620685     1.4248853445    -0.4837312099
1868     7.8376270549     2.5992689924    -0.4355768537
1869     7.7218217555     2.5992689924    -0.4274137796
1870     7.6617025655     2.5036815535    -0.4346313467
1871     6.7502088185     1.7668523165    -0.4473354532
1872     6.1773226021     1.4538598411    -0.3679663526
1873     6.2531537387     1.5174897199    -0.3679663526
1874     7.6180670820     1.5347888886    -0.4522294414
1875     8.4994821451     2.5992689924    -0.4119087003
1876     8.3941366904     2.4098078060    -0.4150446242
1877     8.1266267791     2.5992689924    -0.4348171193
1878     8.0307479885     2.4679503964    -0.4390875347
1879     7.9719436157     2.5992689924    -0.4379729873
1880     7.8978125355     2.4853494429    -0.4422186540
1881     8.3022216632     2.5992689924    -0.4261203981
1882     8.1907462143     2.3638480845    -0.4293394775
1883     8.1103248153     2.1703085764    -0.4308916453
1884     6.4048160119     1.6447494774    -0.3679663526
1885     6.4137239052     1.5698366380    -0.4302369216
1886     6.3289848753     1.5811195987    -0.3679663526
1887     6.6902832251     1.8393827852    -0.4129552183
1888     6.7081405583     1.8992689924    -0.3679663526
1889     6.6323094217     1.8356391137    -0.3679663526
1890     6.4806471485     1.7083793562    -0.3679663526
1891     6.5564782851     1.7720092349    -0.3679663526
1892     6.5562381996     1.6911769306    -0.4281322702
1893     6.5266745281     1.5762571274    -0.4514983433
1894     7.0004630944     2.0679601433    -0.4219541301
1895     6.3356493132     1.4776512801    -0.4394174114
1896     8.5261995842     1.5743226833    -0.3679663526
1897     7.1755459896     1.3806559611    -0.4763687652
1898     7.4038594031     1.3717910431    -0.4636009936
1899     6.4729051386     1.6442219303    -0.4204042663
1900     6.3275336236     1.5455494895    -0.4101828142
1901     8.3876837934     1.8581166181    -0.3957560278
1902     8.1683543112     1.6870267970    -0.4107850377
1903     6.5974847711     1.7664769545    -0.4112823848
1904     7.2952935993     2.3256373416    -0.4154112468
1905     6.1604765047     1.3953757749    -0.4167988772
1906     7.4468870183     2.4512482949    -0.4141770758
1907     8.7138137589     2.5992689924    -0.3433779364
1908     6.6367860022     1.3537155055    -0.2505658857
1909     7.1508808135     1.4574059242    -0.2586639923
1910     7.4331297428     1.4591787703    -0.2728135736
1911     6.5752050471     1.5104351655    -0.2682014935
1912     6.4568601621     1.4128399064    -0.2660101126
1913     8.4999732359     2.1588266983    -0.3394348904
1914     7.8152701475     1.9417145568    -0.2893634538
1915     8.0564786801     1.8104248152    -0.3107132441
1916     8.0085797415     2.1168695552    -0.2989722849
1917     7.2450918366     2.0887953148    -0.2846737736
1918     7.1886652519     1.9991970815    -0.2791490511
1919     7.3899014061     1.9803555715    -0.2736636435
1920     7.1198384230     1.8899359673    -0.2730383122
1921     6.9794864806     1.8377263947    -0.2755819402
1922     7.1043788990     1.7090812776    -0.2629688331
1923     7.3038478588     1.6579888437    -0.2654588599
1924     7.2522149452     1.8304583916    -0.2677944385
1925     7.4289997376     1.8172905686    -0.2710125641
1926     6.0676552506     1.2997199088    -0.3100820064
1927     6.1615571198     1.3056785495    -0.2873006404
1928     6.8154411266     1.6085341863    -0.2630019456
1929     6.9053853791     1.7287733642    -0.2691729896
1930     6.7639526506     1.7445362520    -0.2828466204
1931     6.6580224013     1.6381082876    -0.2781076323
1932     6.3105475764     1.3223226358    -0.2678986650
1933     6.4606806996     1.3007882618    -0.2531924934
1934     6.7518625315     1.8567627215    -0.3103895148
1935     7.4541998055     2.1689712950    -0.2821401528
1936     7.4610805942     2.3249636045    -0.2957466505
1937     7.3452866922     2.2706155662    -0.2995574728
1938     6.6679278566     1.7852069755    -0.3091070047
1939     7.4487101288     2.4319677476    -0.3160856641
1940     7.5895415401     2.2681323912    -0.2853095020
1941     7.5748946786     2.4411776464    -0.3007589976
1942     7.8053350794     1.5413374806    -0.2978011803
1943     7.6229783550     1.8574292888    -0.2793015028
1944     7.3252325761     2.1546485010    -0.2863845888
1945     7.6018483932     2.0771098030    -0.2792621239
1946     7.3578106971     2.3696698668    -0.3186906914
1947     7.8378241306     2.5992689924    -0.3003476592
1948     7.7218980263     2.5992689924    -0.3085108694
1949     7.7370801289     2.4791211426    -0.2949488495
1950     7.7057591280     2.3540331605    -0.2883677722
1951     7.8891301751     2.3356239916    -0.2908810985
1952     6.3301706992     1.4616364203    -0.2932781438
1953     7.5334082457     1.6672973435    -0.2761046337
1954     7.7775603300     2.1876819577    -0.2859096483
1955     6.8941566029     1.9438424072    -0.3029566833
1956     7.1910512587     2.1880217997    -0.3059400304
1957     6.5088586607     1.6173207778    -0.2970897356
1958     7.5473340785     2.5460261933    -0.3261605785
1959     7.6235288166     2.5992689924    -0.3237998553
1960     8.6074010265     2.4123682126    -0.3401539492
1961     8.4994719746     2.5992689924    -0.3240231756
1962     8.3941464977     2.4041607667    -0.3210569442
1963     7.9721653192     2.5992689924    -0.2979603122
1964     7.8841690885     2.4884409514    -0.2936895004
1965     8.0243099718     2.4660864278    -0.2965897800
1966     8.1266321390     2.5992689924    -0.3011157785
1967     8.3021049838     2.5992689924    -0.3098051367
1968     8.1967911550     2.4414801599    -0.3056173345
1969     8.2421268652     2.2456450396    -0.3132182905
1970     8.2384147835     2.0280620926    -0.3195479572
1971     8.0663249641     2.3178387775    -0.2993883300
1972     6.7387068504     1.4857850776    -0.2565262816
1973     7.0515108825     2.0189520614    -0.2935034578
1974     7.1116061950     2.1155470395    -0.3034898597
1975     7.2433867547     2.2570918209    -0.3127180571
1976     6.8448150516     1.8550485463    -0.2918226919
1977     6.0013883657     1.2556266000    -0.3147921731
1978     7.0188528217     2.0962666896    -0.3184317746
1979     6.8255859239     1.3318929719    -0.2485741734
1980     6.9330876697     1.4497225258    -0.2531629365
1981     6.4325985172     1.5255049619    -0.2891194486
1982     6.9872188598     1.5988032643    -0.2586607688
1983     6.4124756608     1.5996201297    -0.3176519682
1984     6.2370772897     1.3926174516    -0.2946610936
1985     6.5460305082     1.6946391829    -0.3119200050
1986     8.1857156467     1.5078395038    -0.3338217560
1987     8.3862717387     1.8250462956    -0.3413900986
1988     6.6038161067     1.7279561993    -0.3072841157
1989     6.1633850027     1.3920207546    -0.3162861719
1990     6.2430528299     1.4629450581    -0.3188890881
1991     7.0017059264     1.9402675597    -0.2866510053
1992     6.9394008148     2.0166306790    -0.3132647040
1993     7.6207457150     2.6580265089    -0.3679663526
1994     8.6259133198     3.0992689924    -0.3901054719
1995     8.6460913071     2.9530068761    -0.3987762672
1996     8.5220571873     2.9609285760    -0.4066006527
1997     7.6998143383     2.7154301470    -0.3679663526
1998     8.0555464968     2.7279131849    -0.4306317849
1999     8.7321543270     2.8522148816    -0.3939289643
2000     8.5670132013     2.7808601228    -0.4083269101
2001     8.4075606009     2.8780794475    -0.4162124490
2002     8.4557501686     3.0432949079    -0.4019011306
2003     8.5442846439     3.0992689924    -0.3928811388
2004     8.7074129595     3.0992689924    -0.3846888862
2005     8.7887796163     3.0992689924    -0.3775355982
2006     8.7631237031     2.9813119125    -0.3877678143
2007     8.4021665936     2.7330174907    -0.4200413071
2008     8.2642833248     2.8372962443    -0.4227187204
2009     7.9257283756     2.7073002723    -0.4282727994
2010     7.8414157763     2.7204794256    -0.4184691950
2011     7.8609692099     2.8259560821    -0.3679663526
2012     7.7798375062     2.7715094138    -0.3679663526
2013     8.2851386225     2.9548918859    -0.4118259115
2014     8.2873183735     3.0631831084    -0.3679663526
2015     8.1985952091     3.0223165673    -0.3679663526
2016     8.1821742340     2.7232602157    -0.4299895215
2017     8.1256184645     2.8547697416    -0.4196408765
2018     8.0270431214     2.9288694185    -0.3679663526
2019     8.1120671220     2.9770111125    -0.3679663526
2020     7.9433427708     2.8784753854    -0.3679663526
2021     7.9585217504     2.7962645795    -0.4167000251
2022     8.2832951166     2.7252154776    -0.4264438881
2023     8.8397836263     2.7257100992    -0.3829028106
2024     8.9811539461     2.7766998531    -0.3679663526
2025     8.7131678941     2.7389149967    -0.3956301970
2026     7.7741576316     2.6794736504    -0.4182350382
2027     8.3813084951     2.9964714030    -0.4079082835
2028     8.3784590275     3.0992689924    -0.3679663526
2029     8.9367496490     3.0172136930    -0.3679663526
2030     8.9747348717     2.9095627602    -0.3679663526
2031     8.8637531406     2.8853443009    -0.3806645150
2032     8.8495644174     3.0175752135    -0.3775498040
2033     8.1919517330     2.9313904223    -0.4112641264
2034     8.0268284657     2.8419007220    -0.4146249151
2035     8.4626480824     3.0992689924    -0.3909412928
2036     8.8784590275     3.0992689924    -0.3679663526
2037     7.9739891772     2.7524091154    -0.3106182914
2038     8.7887796163     3.0992689924    -0.3583971069
2039     8.7777783458     2.9861030940    -0.3497320931
2040     8.3933583885     3.0151001688    -0.3303432097
2041     8.5023849697     2.9860955683    -0.3299017275
2042     8.4626480824     3.0992689924    -0.3449914123
2043     8.6259133198     3.0992689924    -0.3458272333
2044     8.6335438522     2.9844907527    -0.3376198713
2045     8.7074129595     3.0992689924    -0.3512438190
2046     8.8544643739     2.8754433576    -0.3541631328
2047     8.5442846439     3.0992689924    -0.3430515663
2048     8.4204975731     2.7458120562    -0.3171266377
2049     8.2306392336     2.7149263539    -0.3071437931
2050     8.2612815730     2.8390664313    -0.3132744999
2051     8.4001943792     2.8944796073    -0.3202084476
2052     8.2008183744     2.9364438310    -0.3250057952
2053     8.2985569162     2.9643547446    -0.3250579853
2054     8.1136601936     2.8832647506    -0.3215067790
2055     8.1160169019     2.7921445016    -0.3097009561
2056     8.5435717784     2.8647393547    -0.3270053380
2057     8.7014702038     2.8564009969    -0.3392999210
2058     8.6199125829     2.7296370831    -0.3320441289
2059     8.0200141361     2.8432589178    -0.3223440600
2060     7.8633558194     2.7488124566    -0.3209110698
2061     8.8142073793     2.7257457771    -0.3503801149
2062     7.7911558495     2.6830875506    -0.3160957794
2063     7.8970290279     2.6739395321    -0.3052739964
2064     8.0818116639     2.6986374975    -0.3033308152
2065     8.5482002338     3.1111544962    -0.3679663526
2066     8.4679766911     3.1077256398    -0.3679663526
2067     8.6284634361     3.1135009408    -0.3679663526
2068     8.7888268916     3.1076962740    -0.3679663526
2069     8.7087510189     3.1134427969    -0.3679663526
2070     7.9399115205    -0.8618575981    -0.3561836870
2071     7.7510393111    -0.9558378210    -0.3909359240
2072     7.8291079427    -0.7379549005    -0.3518569095
2073     7.0497127863    -0.7372326093    -0.4288463144
2074     7.1182471247    -0.8723249003    -0.4376874361
2075     6.9195277569    -0.7533790412    -0.4404432878
2076     7.7817855401    -1.1992689924    -0.4292995422
2077     7.9193383531    -1.0515661495    -0.3886909859
2078     6.6462142427    -0.7851523110    -0.4605110614
2079     6.5191812771    -1.0073767472    -0.4810802789
2080     6.5031977238    -0.8005514114    -0.4681525590
2081     8.1082228578    -1.0170229432    -0.3616021803
2082     8.3739130435    -1.1992689924    -0.3679663526
2083     8.0559621055    -1.1992689924    -0.4028019363
2084     6.7424830241    -1.1992689924    -0.4919911114
2085     6.5219847657    -1.1992689924    -0.4921712103
2086     6.2453138069    -1.0079393146    -0.4797978977
2087     6.3369495313    -1.1992689924    -0.4855208584
2088     5.6049119667    -0.8741954118    -0.4075318593
2089     5.6861757906    -0.8718413665    -0.4324792327
2090     5.6065739116    -0.9320927163    -0.3586363514
2091     5.5393355402    -0.8648953047    -0.3562897661
2092     5.7324449437    -0.9551841902    -0.4261200363
2093     5.7883010243    -0.8647770853    -0.4512808188
2094     5.9213283552    -0.8540401624    -0.4655158623
2095     5.8691903673    -0.9706181526    -0.4515268698
2096     6.7851987562    -0.7693639212    -0.4511040422
2097     6.8255207635    -0.8743866163    -0.4581284857
2098     6.7697905838    -1.0134346327    -0.4739219393
2099     6.9961704326    -1.1992689924    -0.4842074910
2100     6.9704586207    -0.9727726261    -0.4591329598
2101     6.3566947089    -0.8153923233    -0.4733753064
2102     5.9193195957    -1.0964099356    -0.4429082836
2103     6.0296275133    -0.9999526081    -0.4678835543
2104     6.0512954615    -1.1992689924    -0.4535906635
2105     5.9475707301    -1.1992689924    -0.4267501371
2106     6.0613862316    -0.8424352153    -0.4730173801
2107     6.2073786134    -0.8295431704    -0.4753286265
2108     6.1847280750    -1.1992689924    -0.4730843689
2109     7.6447725229    -0.6564170162    -0.3627487828
2110     7.5157385749    -0.7880162484    -0.3922041420
2111     7.5324699927    -0.6723550810    -0.3767492754
2112     7.6651411511    -0.8162885723    -0.3804008254
2113     7.5094707500    -0.9334401043    -0.4115649455
2114     5.8739130435    -1.1992689924    -0.3679663526
2115     5.8066746721    -1.1320715808    -0.3656197672
2116     5.8032510303    -1.0422556746    -0.4245349451
2117     5.6732741651    -0.9987523378    -0.3609641567
2118     5.7399744186    -1.0654119593    -0.3632919620
2119     7.2843123048    -0.9836267566    -0.4378450537
2120     7.3267124783    -0.8303431616    -0.4153207693
2121     7.4168923587    -0.6885163174    -0.3904284408
2122     7.2979597409    -0.7047744578    -0.4037298224
2123     7.5169442581    -1.1992689924    -0.4517150511
2124     7.6120408917    -1.0717736882    -0.4223262222
2125     7.4183888634    -1.0768509669    -0.4398600682
2126     7.1756122758    -0.7210342049    -0.4165700764
2127     7.1274808034    -1.0577388819    -0.4588930302
2128     7.2552217557    -1.1992689924    -0.4702915568
2129     7.7252006535    -0.7149371524    -0.3608386811
2130     7.7539014208    -0.6409154058    -0.3484682157
2131     7.4504032427    -1.0477959445    -0.2924443226
2132     7.2947014161    -0.9845024156    -0.2838129002
2133     7.2416696863    -1.1992689924    -0.2647922186
2134     7.4666765265    -0.8767086690    -0.3052802519
2135     6.0048347649    -0.8985090634    -0.2452458739
2136     6.1454606072    -0.9425933867    -0.2420106033
2137     6.0654103276    -0.7822231526    -0.2339601277
2138     7.7799486168    -1.1992689924    -0.3064666187
2139     8.0548539562    -1.1992689924    -0.3330171904
2140     7.9305554096    -1.0592860419    -0.3373095254
2141     5.5974369583    -0.8342438568    -0.2926988920
2142     5.8252280243    -0.7991526213    -0.2475824213
2143     5.7059096406    -0.8134768547    -0.2639170049
2144     5.7886194577    -0.9086254159    -0.2692958838
2145     7.4386002077    -0.6780517177    -0.3124500018
2146     7.4383787493    -0.7612383444    -0.3086902350
2147     7.5466133280    -0.6663325871    -0.3241489784
2148     6.9687095845    -0.9998800139    -0.2598251201
2149     6.9901764078    -1.1992689924    -0.2514670993
2150     7.1261718269    -1.0645462621    -0.2666820620
2151     6.5244910276    -1.1992689924    -0.2437197140
2152     6.4099396761    -1.0348907047    -0.2411923330
2153     6.3383580381    -1.1992689924    -0.2503307204
2154     6.7465801382    -1.1992689924    -0.2440100730
2155     6.8255091717    -1.0702975512    -0.2499205952
2156     6.6171262932    -1.0281902078    -0.2435276241
2157     6.3030838932    -0.7716072716    -0.2337414124
2158     6.2824931281    -0.9069988980    -0.2375799831
2159     6.4523568851    -0.8893075103    -0.2389829629
2160     6.6119276577    -0.8770895174    -0.2441874855
2161     6.7850647795    -0.9065854441    -0.2520965758
2162     6.6532928000    -0.7546826874    -0.2471505365
2163     7.5096729597    -1.1992689924    -0.2836503745
2164     7.1215177009    -0.9021311872    -0.2744011747
2165     6.9540550772    -0.8586439189    -0.2638317829
2166     7.0017696847    -0.7270105888    -0.2712899562
2167     6.8853415538    -0.7379436674    -0.2622406170
2168     7.6328742648    -1.0866740618    -0.3052425058
2169     7.6176202054    -0.9412896362    -0.3156430082
2170     7.7818929764    -1.0055919995    -0.3270066300
2171     5.7772451855    -1.0142379380    -0.2989153600
2172     5.8849633384    -1.0671884492    -0.2861548701
2173     5.8917898324    -0.9703063974    -0.2651363805
2174     7.6079819145    -0.7897923385    -0.3243477093
2175     5.6849405204    -0.9164193085    -0.2939794289
2176     7.2973626861    -0.8298109880    -0.2922464559
2177     7.2278636252    -0.7011148796    -0.2913309740
2178     7.3316187712    -0.6895786400    -0.3014492670
2179     6.0102355961    -1.0111523310    -0.2573025395
2180     5.9864985576    -1.1134996878    -0.2766113836
2181     6.1135081625    -1.0866474000    -0.2566376726
2182     6.0516071307    -1.1992689924    -0.2822821510
2183     6.1855112479    -1.1992689924    -0.2627624865
2184     6.2534055394    -1.0663687119    -0.2459548834
2185     6.4204716527    -0.7665886629    -0.2367361182
2186     6.5371873326    -0.7610633306    -0.2412875260
2187     7.7584154443    -0.8592289555    -0.3359528731
2188     7.7224575994    -0.7366235799    -0.3397428743
2189     5.8884275692    -0.8751895360    -0.2515510869
2190     5.9452111632    -0.7893611918    -0.2385025370
2191     5.8892156940    -1.1482891417    -0.3105293555
2192     5.9476417616    -1.1992689924    -0.3091571001
2193     6.1846899444    -0.7765949027    -0.2326430817
2194     7.6502778599    -0.6543910829    -0.3359792509
2195     7.1590089432    -0.7909154194    -0.2819667458
2196     7.1189978282    -0.7139124086    -0.2813057754
2197     6.7692932337    -0.7470660671    -0.2541706938
2198     5.9498291923    -1.2629702049    -0.3679663526
2199     8.8384597592    -2.3433619604    -0.3679663526
2200     8.9423680731    -2.5992689924    -0.3679663526
2201     8.7138266300    -2.5992689924    -0.3925534986
2202     7.7572247189    -1.7505891405    -0.4469686005
2203     7.8703193940    -1.9513340374    -0.4431599493
2204     7.6865708498    -2.0608263273    -0.4540747903
2205     7.5294073530    -1.8889168707    -0.4608611123
2206     8.6999977817    -2.0023556214    -0.3679663526
2207     8.3761874616    -1.8061467667    -0.3948034167
2208     8.5261995842    -1.5743226833    -0.3679663526
2209     8.0742923756    -1.7889363613    -0.4229854049
2210     8.2159379198    -1.4889821455    -0.3982531104
2211     6.8940702491    -1.3734609224    -0.4853356238
2212     6.7086676028    -1.4354040669    -0.4819475102
2213     6.5735761992    -1.3398516768    -0.4844426015
2214     6.8532770456    -1.6868657931    -0.4678578795
2215     7.0388551043    -1.6692090953    -0.4744293346
2216     6.9469426341    -1.8206866564    -0.4599599487
2217     8.5525978804    -2.2437897306    -0.3946000129
2218     7.7060570659    -2.3065953870    -0.4494222618
2219     7.5362140896    -2.3644955018    -0.4412391308
2220     7.5289002843    -2.2053556659    -0.4530933280
2221     6.5539623965    -1.5113031444    -0.4656521190
2222     6.4273051974    -1.3714133406    -0.4727182017
2223     8.3123066044    -2.0846128029    -0.4116630065
2224     7.9268724297    -1.4860483602    -0.4259995478
2225     7.3423945181    -2.1474305298    -0.4512333397
2226     7.4122405764    -2.2842836853    -0.4411743966
2227     7.1386020193    -1.4507624959    -0.4777582369
2228     7.3964647153    -1.7250645252    -0.4666795101
2229     7.2249219853    -1.6719818749    -0.4726072311
2230     7.4226871899    -1.5048927997    -0.4643526382
2231     7.4398593515    -2.0338502669    -0.4601706201
2232     7.3018622079    -1.8594756451    -0.4668511015
2233     7.2671681267    -2.2453761800    -0.4302625665
2234     7.3384837292    -2.3440625210    -0.4200958127
2235     7.2389585145    -2.3446781437    -0.3679663526
2236     6.7228282284    -1.7339684424    -0.4496440624
2237     6.6971071353    -1.6042260364    -0.4662225653
2238     6.8939433530    -1.5424703566    -0.4792215059
2239     6.1014914655    -1.3902299624    -0.3679663526
2240     6.0256603289    -1.3266000836    -0.3679663526
2241     6.0720355861    -1.2853970999    -0.4329291395
2242     6.1679387231    -1.3173515703    -0.4469000414
2243     6.8182525335    -1.7969324843    -0.4509893704
2244     7.1035815892    -1.8585740171    -0.4646652795
2245     7.2381449639    -1.9955917993    -0.4592515721
2246     7.0896210633    -2.0138281971    -0.4476248780
2247     7.7218217555    -2.5992689924    -0.4274137796
2248     7.8396958212    -2.4743331919    -0.4428946719
2249     7.8376270549    -2.5992689924    -0.4355768537
2250     7.9149031105    -2.3553171141    -0.4440051090
2251     7.1943657029    -2.1135443491    -0.4438803152
2252     6.2893919673    -1.3192926682    -0.4660268055
2253     7.0776714137    -2.1231904059    -0.4238942262
2254     7.0872962413    -2.2174183862    -0.3679663526
2255     7.0114651047    -2.1537885074    -0.3679663526
2256     7.5423680731    -2.5992689924    -0.3679663526
2257     7.6093518575    -2.4674207317    -0.4348041629
2258     7.6235287627    -2.5992689924    -0.4121328377
2259     6.8598028315    -2.0265287499    -0.3679663526
2260     6.9630800154    -1.9719588514    -0.4387135504
2261     6.9356339681    -2.0901586287    -0.3679663526
2262     7.3147896511    -2.4083080225    -0.3679663526
2263     7.4317645710    -2.4174800990    -0.4201409527
2264     7.3906207877    -2.4719379012    -0.3679663526
2265     6.3289848753    -1.5811195987    -0.3679663526
2266     6.2531537387    -1.5174897199    -0.3679663526
2267     6.3214886589    -1.4564743948    -0.4421899248
2268     7.7088030690    -2.4790750892    -0.4399027916
2269     8.0470963608    -2.0731306877    -0.4332785838
2270     7.8927900555    -2.1946025459    -0.4449448179
2271     6.8546347692    -1.9109351901    -0.4334402835
2272     6.7839716949    -1.9628988712    -0.3679663526
2273     7.1631273779    -2.2810482649    -0.3679663526
2274     6.4806471485    -1.7083793562    -0.3679663526
2275     6.4048160119    -1.6447494774    -0.3679663526
2276     6.4709996033    -1.6052044362    -0.4336874531
2277     7.9719436157    -2.5992689924    -0.4379729873
2278     8.0133281662    -2.4710756596    -0.4397181375
2279     8.1266267791    -2.5992689924    -0.4348171193
2280     8.3022216632    -2.5992689924    -0.4261203981
2281     8.1477912755    -2.3341501528    -0.4316741285
2282     8.3788556878    -2.3891387576    -0.4156997026
2283     8.4994821451    -2.5992689924    -0.4119087003
2284     8.6145319442    -2.4395465215    -0.3961276491
2285     6.6234205796    -1.7320997785    -0.4322105709
2286     6.5564782851    -1.7720092349    -0.3679663526
2287     6.6323094217    -1.8356391137    -0.3679663526
2288     7.0028939084    -2.0700160961    -0.4219216303
2289     6.5592071773    -1.6477836584    -0.4412113045
2290     6.7081405583    -1.8992689924    -0.3679663526
2291     6.6745209021    -1.8162583597    -0.4174170801
2292     6.4161213668    -1.5104389071    -0.4473349684
2293     7.1555101708    -2.1960845950    -0.4207670963
2294     6.2331413633    -1.3944743290    -0.4398059640
2295     7.5597086268    -1.6803627882    -0.4584623794
2296     7.6714191774    -1.4507114057    -0.4462900565
2297     7.3379030272    -1.3470505591    -0.4673564832
2298     7.4664519243    -2.5355677800    -0.3679663526
2299     7.5190717780    -2.4894112063    -0.4192858179
2300     6.1633098260    -1.3945583205    -0.4183852062
2301     6.1773226021    -1.4538598411    -0.3679663526
2302     6.7505940724    -1.8431322167    -0.4294354195
2303     6.7707880904    -1.9099665517    -0.4108851260
2304     6.3961985594    -1.5902096952    -0.4164485079
2305     6.2405049598    -1.4624139487    -0.4162584252
2306     6.5460145500    -1.7244148948    -0.4110888406
2307     8.7138137589    -2.5992689924    -0.3433779364
2308     6.6367671170    -1.3537163896    -0.2505664027
2309     7.4330828929    -1.4591803703    -0.2728106592
2310     7.1508449669    -1.4574114886    -0.2586626934
2311     7.1198368933    -1.8899377273    -0.2730385080
2312     7.1043706073    -1.7090854035    -0.2629690098
2313     6.9794845915    -1.8377281032    -0.2755822487
2314     6.5751991130    -1.5104359772    -0.2682021201
2315     6.4568540136    -1.4128399117    -0.2660106856
2316     8.4999718686    -2.1588257115    -0.3394347928
2317     8.0085773980    -2.1168682598    -0.2989721502
2318     8.2384109522    -2.0280598504    -0.3195476920
2319     8.0564689240    -1.8104204699    -0.3107125431
2320     7.8152642657    -1.9417116760    -0.2893631285
2321     7.2450916287    -2.0887956200    -0.2846738199
2322     7.3252324174    -2.1546487469    -0.2863846238
2323     7.3899001275    -1.9803564088    -0.2736636684
2324     7.3038314456    -1.6579928913    -0.2654583185
2325     6.0676538898    -1.2997199085    -0.3100824834
2326     6.1615543331    -1.3056787100    -0.2873012458
2327     6.9053814091    -1.7287755699    -0.2691734049
2328     6.8154328805    -1.6085361345    -0.2630024615
2329     6.7639509790    -1.7445371317    -0.2828469636
2330     6.6580192021    -1.6381093141    -0.2781081559
2331     6.3105422884    -1.3223225850    -0.2678992591
2332     6.4606688088    -1.3007880372    -0.2531931027
2333     6.7518622473    -1.8567629983    -0.3103896787
2334     7.4541996112    -2.1689714967    -0.2821401701
2335     7.3452866620    -2.2706156252    -0.2995574859
2336     7.4610805747    -2.3249636462    -0.2957466573
2337     6.6679274039    -1.7852072944    -0.3091072283
2338     7.4487101269    -2.4319677549    -0.3160856663
2339     7.5748946723    -2.4411776517    -0.3007589989
2340     7.5895413909    -2.2681323804    -0.2853095035
2341     7.2522110633    -1.8304612395    -0.2677945197
2342     7.4289934583    -1.8172918558    -0.2710123671
2343     7.1886646504    -1.9991979538    -0.2791491629
2344     7.8053095012    -1.5413270321    -0.2977993964
2345     7.6018471222    -2.0771094791    -0.2792620868
2346     7.6229711209    -1.8574269349    -0.2793011470
2347     7.3578106944    -2.3696698780    -0.3186906952
2348     7.8378241306    -2.5992689924    -0.3003476592
2349     7.7370801138    -2.4791211325    -0.2949488493
2350     7.7218980263    -2.5992689924    -0.3085108694
2351     7.7057590519    -2.3540331117    -0.2883677705
2352     7.8891299346    -2.3356238294    -0.2908810889
2353     6.3301693269    -1.4616363538    -0.2932784178
2354     7.5333887341    -1.6672955254    -0.2761035430
2355     7.7775594565    -2.1876814611    -0.2859096133
2356     6.8941562618    -1.9438428570    -0.3029568622
2357     7.1910512205    -2.1880218735    -0.3059400534
2358     6.5088574502    -1.6173211129    -0.2970900815
2359     7.6235288166    -2.5992689924    -0.3237998553
2360     7.5473340780    -2.5460261942    -0.3261605789
2361     8.3941461935    -2.4041604611    -0.3210569280
2362     8.6074007776    -2.4123679309    -0.3401539356
2363     8.4994719746    -2.5992689924    -0.3240231756
2364     8.1266321390    -2.5992689924    -0.3011157785
2365     8.0243099259    -2.4660863681    -0.2965897780
2366     7.9721653192    -2.5992689924    -0.2979603122
2367     7.8841690661    -2.4884409266    -0.2936894994
2368     8.3021049838    -2.5992689924    -0.3098051367
2369     8.2421259287    -2.2456442112    -0.3132182387
2370     8.1967910273    -2.4414799783    -0.3056173293
2371     8.0663245333    -2.3178384122    -0.2993883091
2372     6.7386928685    -1.4857867597    -0.2565268338
2373     7.0515105955    -2.0189525183    -0.2935035746
2374     7.1116061097    -2.1155472243    -0.3034899149
2375     7.2433867289    -2.2570918689    -0.3127180749
2376     6.8448142352    -1.8550493698    -0.2918229722
2377     6.0013873652    -1.2556266241    -0.3147925867
2378     7.0188527775    -2.0962667909    -0.3184318226
2379     6.8255523634    -1.3318949918    -0.2485738554
2380     6.9330618515    -1.4497255219    -0.2531627427
2381     6.4325967725    -1.5255049558    -0.2891197648
2382     6.9872046668    -1.5988072844    -0.2586609853
2383     6.4124753165    -1.5996200776    -0.3176520720
2384     6.2370755528    -1.3926173810    -0.2946614729
2385     6.5460298901    -1.6946394297    -0.3119202819
2386     8.3862681633    -1.8250447449    -0.3413897935
2387     8.1857077826    -1.5078390260    -0.3338209788
2388     6.6038154642    -1.7279565116    -0.3072843833
2389     6.1633839563    -1.3920207402    -0.3162865763
2390     6.2430524685    -1.4629448827    -0.3188891487
2391     6.9394006963    -2.0166308770    -0.3132647969
2392     7.0017054070    -1.9402682731    -0.2866511671
2393     8.0555462838    -2.7279130755    -0.4306317905
2394     8.4626480824    -3.0992689924    -0.3909412928
2395     8.4556863534    -3.0433001520    -0.4019007638
2396     8.5442846439    -3.0992689924    -0.3928811388
2397     7.6207457150    -2.6580265089    -0.3679663526
2398     8.6259133198    -3.0992689924    -0.3901054719
2399     8.5218107288    -2.9609058381    -0.4066151642
2400     8.6457901255    -2.9530852203    -0.3987962522
2401     7.6998143383    -2.7154301470    -0.3679663526
2402     8.4074984994    -2.8780582617    -0.4162160738
2403     8.5669825699    -2.7808595953    -0.4083292834
2404     8.7630393975    -2.9813166914    -0.3877753325
2405     8.7074129595    -3.0992689924    -0.3846888862
2406     8.7320841904    -2.8522556835    -0.3939349400
2407     8.2642700953    -2.8372917511    -0.4227192213
2408     8.4021576684    -2.7330111560    -0.4200419014
2409     7.9257283531    -2.7073002665    -0.4282727988
2410     7.8609692099    -2.8259560821    -0.3679663526
2411     7.8414157740    -2.7204794256    -0.4184691947
2412     7.7798375062    -2.7715094138    -0.3679663526
2413     8.2851214750    -2.9548896065    -0.4118257665
2414     8.2873183735    -3.0631831084    -0.3679663526
2415     8.1985952091    -3.0223165673    -0.3679663526
2416     8.0270431214    -2.9288694185    -0.3679663526
2417     8.1256165281    -2.8547695532    -0.4196408139
2418     8.1120671220    -2.9770111125    -0.3679663526
2419     8.1821730001    -2.7232589874    -0.4299895978
2420     7.9585217142    -2.7962645702    -0.4167000229
2421     7.9433427708    -2.8784753854    -0.3679663526
2422     8.2832924825    -2.7252140745    -0.4264440324
2423     8.9811539461    -2.7766998531    -0.3679663526
2424     8.8637342889    -2.8853513594    -0.3806663678
2425     8.8397743732    -2.7257197372    -0.3829039398
2426     7.7741576315    -2.6794736503    -0.4182350381
2427     8.3812399279    -2.9964779099    -0.4079072848
2428     8.3784590275    -3.0992689924    -0.3679663526
2429     8.9367496490    -3.0172136930    -0.3679663526
2430     8.9747348717    -2.9095627602    -0.3679663526
2431     8.8495473208    -3.0175719600    -0.3775517620
2432     8.7887796163    -3.0992689924    -0.3775355982
2433     8.1919480642    -2.9313897913    -0.4112639943
2434     8.0268281853    -2.8419006976    -0.4146248907
2435     8.7131543148    -2.7389235647    -0.3956315561
2436     8.8784590275    -3.0992689924    -0.3679663526
2437     7.9739891772    -2.7524091154    -0.3106182914
2438     8.7777783458    -2.9861030940    -0.3497320931
2439     8.7887796163    -3.0992689924    -0.3583971069
2440     8.3933583885    -3.0151001688    -0.3303432097
2441     8.4626480824    -3.0992689924    -0.3449914123
2442     8.5023849697    -2.9860955683    -0.3299017275
2443     8.6335438522    -2.9844907527    -0.3376198713
2444     8.7074129595    -3.0992689924    -0.3512438190
2445     8.8544643739    -2.8754433576    -0.3541631328
2446     8.6259133198    -3.0992689924    -0.3458272333
2447     8.5442846439    -3.0992689924    -0.3430515663
2448     8.4204975731    -2.7458120562    -0.3171266377
2449     8.4001943792    -2.8944796073    -0.3202084476
2450     8.2612815730    -2.8390664313    -0.3132744999
2451     8.2306392336    -2.7149263539    -0.3071437931
2452     8.2985569162    -2.9643547446    -0.3250579853
2453     8.2008183744    -2.9364438310    -0.3250057952
2454     8.1136601936    -2.8832647506    -0.3215067790
2455     8.1160169019    -2.7921445016    -0.3097009561
2456     8.5435717784    -2.8647393547    -0.3270053380
2457     8.7014702038    -2.8564009969    -0.3392999210
2458     8.6199125829    -2.7296370831    -0.3320441289
2459     8.0200141361    -2.8432589178    -0.3223440600
2460     7.8633558194    -2.7488124566    -0.3209110698
2461     8.8142073793    -2.7257457771    -0.3503801149
2462     7.7911558495    -2.6830875506    -0.3160957794
2463     7.8970290279    -2.6739395321    -0.3052739964
2464     8.0818116639    -2.6986374975    -0.3033308152
2465     8.5482002338    -3.1111544962    -0.3679663526
2466     8.4679766911    -3.1077256398    -0.3679663526
2467     8.6284634361    -3.1135009408    -0.3679663526
2468     8.7888268916    -3.1076962740    -0.3679663526
2469     8.7087510189    -3.1134427969    -0.3679663526
2470     5.0172277598     0.0615758850     0.8651970273
2471     4.9477687168     0.0000000000     0.8731058144
2472     5.0257384090     0.0000000000     0.9343360955
2473     7.6034826791     0.0287022370     1.4174596499
2474     7.6922217228     0.0000000000     1.1618722295
2475     7.4628424263     0.0262537226     1.1721693242
2476     5.2740854708     0.0954326695     0.9454313905
2477     5.3873950798     0.1062869529     0.9646752933
2478     5.3197424504     0.1166550191     0.8407707597
2479     5.5102368000     0.1186069358     0.9412510704
2480     5.6502977620     0.1251544359     0.9190166915
2481     5.5290104653     0.1273014748     0.8311359575
2482     5.7958448100     0.1237768559     0.9927193580
2483     5.6161211633     0.1162482345     1.0300104361
2484     5.7221357723     0.1121019586     1.1379037766
2485     7.5558238708     0.0000000000     0.9590914321
2486     5.9474043088     0.1236898414     0.8237759117
2487     5.9197199373     0.1245387519     0.9064001041
2488     6.0515244410     0.1195801968     0.8235394986
2489     5.8429360982     0.1267432891     0.8245175895
2490     5.7387006138     0.1285354354     0.8258905636
2491     7.0639574463     0.0865399642     1.6425940180
2492     7.1027491742     0.0900344845     1.8542913596
2493     7.3537128936     0.0718381065     1.7705532486
2494     8.2556382777     0.0366593913     2.5225888183
2495     8.1489131205     0.0304488062     2.2619979150
2496     8.0784457760     0.0505663584     2.4976483455
2497     8.0571279030     0.0600944677     2.6826554631
2498     7.9205441605     0.0658063521     2.6068167573
2499     7.9922948316     0.0663513941     2.8293650794
2500     5.5619748852     0.0965547901     1.1475828785
2501     6.3375084736     0.1067199348     0.9078814545
2502     6.4003314066     0.1058940521     1.0012930290
2503     6.4637449955     0.0952765904     0.8254673954
2504     5.9868802735     0.1224685958     0.9946556606
2505     6.1137260838     0.1188848481     1.1172314312
2506     6.1252662309     0.1181130863     0.9372917140
2507     6.6666856633     0.0796726623     0.8271094946
2508     6.6453366836     0.0864303157     0.9287330692
2509     6.7612575954     0.0768542433     0.9223922722
2510     7.2140172414     0.0698297939     1.5028756117
2511     7.4456595607     0.0535769913     1.5668950634
2512     6.9704900710     0.0584949142     0.9221085947
2513     7.0987979398     0.0454313466     0.9087587360
2514     6.9611447752     0.0507021895     0.7826303510
2515     8.4509032910     0.0000000000     2.2897936093
2516     8.2846757826     0.0000000000     2.0426654748
2517     7.1193700742     0.0269373057     0.6689605028
2518     7.1522232056     0.0313633739     0.7807070060
2519     7.2043444941     0.0180633541     0.6733803473
2520     7.3690385554     0.0000000000     0.6814002906
2521     7.2737003280     0.0105991836     0.6768525366
2522     7.2675051779     0.0244591315     0.8553698054
2523     6.1552393405     0.1145716425     0.8236845985
2524     6.2584498907     0.1087930720     0.8241135292
2525     7.4507897802     0.0000000000     0.8029387042
2526     7.5203788702     0.0437870165     2.8293650794
2527     7.6230636145     0.0592045416     2.8293650794
2528     7.5108748240     0.0601463063     2.7452647168
2529     8.8138389853     0.0000000000     2.8293650794
2530     8.7073297622     0.0000000000     2.6710192926
2531     8.6338992156     0.0196780120     2.8293650794
2532     8.0108088329     0.0251794060     1.9761793687
2533     8.0818313811     0.0000000000     1.7410995124
2534     7.8681220706     0.0000000000     1.4233808404
2535     7.8509507094     0.0491595707     2.1149232698
2536     7.3080694611     0.0824924463     1.9789765706
2537     7.5761539348     0.0667443656     2.0239812115
2538     6.8847613386     0.0974497489     1.7501749908
2539     7.9061093883     0.0584543772     2.3836149324
2540     7.7176053302     0.0398031815     1.7558373442
2541     6.8369209081     0.0970120071     1.5674682725
2542     7.7183787408     0.0738846736     2.5383652098
2543     5.6556409984     0.0900024373     1.2502591176
2544     5.8274720100     0.1042732394     1.2774491390
2545     5.9088790192     0.1189651572     1.1357756824
2546     6.0432078594     0.1145525580     1.2726937731
2547     6.9716808124     0.0000000000     2.4625016812
2548     7.0495185085     0.0000000000     2.5236283046
2549     7.0843762357     0.0582281054     2.4473428860
2550     7.3603984229     0.0836718575     2.1636748267
2551     7.4128968365     0.0822688298     2.3597406616
2552     7.5283532418     0.0775854804     2.2491342582
2553     7.4878591087     0.0779126919     2.5219838670
2554     7.5772038042     0.0779209844     2.4100893284
2555     8.3746481341     0.0189304951     2.4305395152
2556     8.4319644184     0.0254323629     2.6118825683
2557     8.5884146021     0.0000000000     2.4942297710
2558     8.5630858793     0.0168045400     2.6818844642
2559     6.0722201182     0.1038023067     1.4369812558
2560     6.1967725443     0.1113272492     1.3922952915
2561     5.3301169259     0.0753346874     1.0674880431
2562     5.2321020994     0.0642514421     1.0243011628
2563     5.2592514974     0.0000000000     1.1177159658
2564     6.3397661388     0.1007430239     1.6282290615
2565     6.4840889571     0.0983519312     1.7378261699
2566     6.5045493790     0.1064410598     1.5735043040
2567     6.4967597440     0.1046479321     1.1493605538
2568     6.5359540861     0.0963489871     0.9736391036
2569     6.6857280462     0.0896089325     1.0651307988
2570     7.3326323060     0.0493251838     1.3237920023
2571     7.2296213363     0.0435992334     1.0778725653
2572     5.5059762809     0.0661488383     1.2290990590
2573     6.8405090582     0.0803380968     1.1171123553
2574     6.8647756683     0.0715975449     0.9865870851
2575     8.1844743043     0.0508662094     2.6743034584
2576     6.2059262950     0.0796307093     1.7024725176
2577     6.3282903714     0.0860263831     1.7524454679
2578     6.6152704118     0.0957977338     1.8416614822
2579     6.4907954349     0.0825762138     1.8881780454
2580     6.5816088159     0.0792318414     1.9732019057
2581     5.1814138013     0.0000000000     1.0565893423
2582     5.1545643258     0.0703919797     0.9487020453
2583     5.1035761052     0.0000000000     0.9954627189
2584     6.1154661549     0.0000000000     1.7901088235
2585     6.0821406583     0.0661657377     1.6668867260
2586     6.0376284588     0.0000000000     1.7289822000
2587     6.1961171759     0.0997006544     1.5546078374
2588     6.1933038510     0.0000000000     1.8512354469
2589     6.2408623562     0.0576472358     1.8143242774
2590     7.3833838866     0.0208301741     0.9778995819
2591     7.4317204552     0.0653098443     2.6548110117
2592     7.5669811000     0.0736169752     2.6404541834
2593     7.3464413354     0.0678634743     2.5779251008
2594     7.3122924323     0.0770272620     2.4649977866
2595     7.2642448664     0.0841149077     2.3160930735
2596     6.6798919376     0.1023945031     1.6971687615
2597     6.7710707242     0.0970097431     1.8826547422
2598     7.3608692931     0.0000000000     2.7681347983
2599     7.3011882740     0.0478016526     2.6501212511
2600     7.2830315969     0.0000000000     2.7070081749
2601     7.1273562047     0.0000000000     2.5847549280
2602     7.2051939008     0.0000000000     2.6458815515
2603     7.2309400146     0.0558178332     2.5662089788
2604     7.0270434864     0.0631964338     1.0884312824
2605     8.2381426014     0.0536898010     2.8293650794
2606     8.1151397444     0.0611034559     2.8293650794
2607     8.4872769893     0.0338141196     2.8293650794
2608     8.3287268946     0.0407642739     2.7060341928
2609     8.3613461759     0.0445719367     2.8293650794
2610     5.2158167282     0.1057755572     0.8476022373
2611     5.1136195831     0.0888634935     0.8558538818
2612     5.7262776742     0.0000000000     1.4844757063
2613     5.7168195201     0.0732281637     1.3668236662
2614     5.6484399781     0.0000000000     1.4233490829
2615     5.3370891936     0.0000000000     1.1788425892
2616     6.8672073511     0.0618186047     0.8195799270
2617     7.0435924635     0.0390937963     0.7303990100
2618     6.0698925972     0.0875183855     1.5615508815
2619     7.1655126007     0.0588335298     2.5043475456
2620     7.1919881469     0.0754897644     2.4114616359
2621     6.3511060381     0.1098363934     1.4624689378
2622     6.3020933747     0.1138088027     1.2677880724
2623     6.5250392284     0.1072730148     1.3620196288
2624     7.4388389853     0.0000000000     2.8293650794
2625     7.6653216819     0.0714732926     2.7192986635
2626     5.4241955784     0.1234632844     0.8353334323
2627     7.0131663348     0.0773095346     2.2806421352
2628     7.1564346980     0.0870717933     2.2177181474
2629     6.9891576601     0.0877990433     2.1453239856
2630     6.9998375001     0.0932377267     2.0077743583
2631     6.8626621859     0.0909570346     2.0358643539
2632     5.9299511708     0.0978571995     1.3962345538
2633     6.7676948358     0.0711832709     0.8280977962
2634     6.9190814296     0.0960040730     1.9024401980
2635     6.9003918065     0.0821380103     1.2524060837
2636     6.6745225832     0.0967147738     1.2290146912
2637     7.8695102671     0.0687231188     2.8293650794
2638     7.8213079460     0.0711136075     2.7145824756
2639     7.7443888813     0.0670005348     2.8293650794
2640     5.6338337738     0.1288366028     0.8280449712
2641     5.4687446798     0.1003165076     1.0593533101
2642     7.1521407786     0.0899769493     2.0656443349
2643     6.5655089128     0.0877069480     0.8262668047
2644     5.0668148423     0.0600106615     0.9069044992
2645     7.7046228903     0.0686778590     2.2905552284
2646     5.4221191348     0.0727146396     1.1456491328
2647     6.3613375915     0.1023330931     0.8247277058
2648     6.6527715758     0.1039283453     1.5177216590
2649     6.2346439194     0.1143098644     0.9956161187
2650     6.8305550445     0.0759366988     2.1681076587
2651     6.7476576021     0.0834770756     2.0548994724
2652     5.4927645858     0.0000000000     1.3010958361
2653     5.4149268897     0.0000000000     1.2399692126
2654     5.8041153704     0.0000000000     1.5456023298
2655     5.8819530665     0.0000000000     1.6067289532
2656     5.8811713268     0.0662925291     1.5143519693
2657     6.2711415472     0.0000000000     1.9123620703
2658     6.4268169395     0.0000000000     2.0346153172
2659     6.4100339760     0.0562468885     1.9473525514
2660     6.3489792433     0.0000000000     1.9734886938
2661     5.9597907626     0.0000000000     1.6678555766
2662     6.7217337109     0.0589203512     2.1742370552
2663     6.6475561210     0.0663150067     2.0891076873
2664     6.6603300279     0.0000000000     2.2179951875
2665     5.9805895413     0.0660675008     1.5904277362
2666     6.8938431163     0.0000000000     2.4013750578
2667     6.8479675389     0.0526298839     2.2912718700
2668     6.8160054201     0.0000000000     2.3402484343
2669     7.1119960391     0.0776061460     2.3409657109
2670     7.0018650768     0.0555277411     2.3969882439
2671     5.8089100677     0.0781357742     1.4171482308
2672     6.3665778736     0.0736132528     1.8491117853
2673     6.5046546356     0.0000000000     2.0957419406
2674     6.4838686577     0.0553031085     2.0063935969
2675     6.6776537317     0.0887419170     1.9614760860
2676     6.5824923317     0.0000000000     2.1568685640
2677     5.9173896539     0.0425411274     1.5998018632
2678     6.5596781288     0.0541943968     2.0674341391
2679     5.9838374050     0.0875679040     1.4999198673
2680     6.7381677240     0.0000000000     2.2791218109
2681     5.4128413859     0.0434654983     1.2061440728
2682     6.7647715394     0.0963316320     1.3876290712
2683     6.9925552848     0.0831273605     1.4279414330
2684     6.3078491158     0.1130203762     1.1184489431
2685     5.5706022820     0.0000000000     1.3622224595
2686     5.5550700670     0.0533782336     1.2981915197
2687     6.9172685660     0.0746932938     2.2364228270
2688     6.9363482184     0.0578230947     2.3390762908
2689     5.6264169360     0.0565252980     1.3462189252
2690     5.7968653100     0.0468744100     1.4983820820
2691     7.1212824801     0.0650533085     1.2671111390
2692     6.3397335434     0.0432867518     1.9257019926
2693     7.4283251218     0.0442415566     2.7582332188
2694     6.7790617021     0.0545882056     2.2326602411
2695     7.4699250238    -0.0278080918     1.2048567295
2696     7.3730271030    -0.0503038187     1.4011619284
2697     7.2176085764    -0.0547508638     1.2373973232
2698     7.3625080634    -0.0262487053     1.0222486662
2699     5.0173367815    -0.0616188898     0.8651853953
2700     7.1472667137    -0.0844804647     1.7345825881
2701     7.4207709216    -0.0731444877     1.9127387689
2702     7.1853734455    -0.0883027459     1.9711223792
2703     5.1138755522    -0.0889170671     0.8558310643
2704     5.9482324678    -0.1191320355     1.1434215711
2705     5.7988686418    -0.1234226095     1.0024285236
2706     5.9935304502    -0.1223306363     0.9954002584
2707     5.2162884319    -0.1058368014     0.8475679981
2708     5.3203045001    -0.1167013931     0.8407375314
2709     5.2917572877    -0.0957918558     0.9565635327
2710     7.8690622277    -0.0687253142     2.8293650794
2711     7.7440913917    -0.0669900363     2.8293650794
2712     7.8170388559    -0.0712396170     2.6519940768
2713     6.1337104650    -0.1177667450     0.9372023752
2714     6.1274703472    -0.1187221495     1.1004122283
2715     8.1443942156    -0.0324810132     2.2865526674
2716     8.1031147596    -0.0501633349     2.5289467713
2717     7.9765866159    -0.0648075349     2.6845024927
2718     7.9330693085    -0.0604690636     2.4751845558
2719     6.9054931511    -0.0932264943     1.5576758656
2720     6.6431864575    -0.1042668353     1.5221952349
2721     6.7562539236    -0.0954636133     1.3428449335
2722     5.4255311973    -0.1235291623     0.8352729293
2723     5.5304740488    -0.1273374362     0.8310853835
2724     5.4970282403    -0.1146447198     0.9727359323
2725     5.9220390075    -0.1244784833     0.9077702390
2726     6.0541829581    -0.1194627187     0.8235385314
2727     6.4056531497    -0.1057394413     1.0064300614
2728     6.5361756464    -0.0953223152     0.9486285394
2729     6.5102423742    -0.1031799025     1.1235719535
2730     6.3444488231    -0.1063064485     0.9079401655
2731     6.4668290747    -0.0950550659     0.8254910948
2732     7.6839999492    -0.0727668164     2.6945943191
2733     7.6229378707    -0.0591919997     2.8293650794
2734     7.5649428669    -0.0719522891     2.6669072767
2735     6.1234502160    -0.1160926212     1.2542509266
2736     6.8068706639    -0.0532293452     2.2581867352
2737     6.7426490453    -0.0658706605     2.1611820250
2738     6.8587338024    -0.0759713583     2.1872922756
2739     5.6314391692    -0.1120890184     1.0817061346
2740     5.4736987675    -0.0941919224     1.0968607741
2741     7.3031982173    -0.0537909139     2.6284607151
2742     7.2669588655    -0.0728590401     2.4835955216
2743     7.4076002879    -0.0694936745     2.6040657204
2744     8.1598045522    -0.0532337713     2.6858585141
2745     8.1143949428    -0.0611423754     2.8293650794
2746     8.3603042081    -0.0446551899     2.8293650794
2747     8.4883803990    -0.0231133415     2.6618493950
2748     8.4867954399    -0.0338577551     2.8293650794
2749     7.2685409871    -0.0242390556     0.8538493929
2750     6.6699722231    -0.0794035683     0.8271381433
2751     6.6739463030    -0.0832965790     0.9100504111
2752     6.5688389065    -0.0874503724     0.8262930142
2753     7.0870191331    -0.0462599342     0.9037370962
2754     6.9620436515    -0.0505848473     0.7821529437
2755     7.0436438848    -0.0390860125     0.7303612072
2756     7.8687677702    -0.0553997198     2.2595430241
2757     7.9838726641    -0.0303200078     2.0116585641
2758     8.6340044768    -0.0196672616     2.8293650794
2759     8.3170423855    -0.0293412237     2.4985285883
2760     7.6132976457    -0.0295434911     1.4443401782
2761     7.1516220478    -0.0314241754     0.7806783956
2762     7.2736949891    -0.0105997662     0.6768522767
2763     6.2520898404    -0.1136899867     1.0053617321
2764     6.2613851216    -0.1086181414     0.8241290851
2765     7.2043600528    -0.0180617025     0.6733811445
2766     7.7108920110    -0.0736126859     2.4902924814
2767     7.7358716340    -0.0366171234     1.7339487861
2768     7.1591827462    -0.0733891674     1.4870586731
2769     6.9821122528    -0.0791207800     1.3207076805
2770     7.4128828676    -0.0604182408     1.6369923777
2771     7.0457179083    -0.0626992846     1.1085849781
2772     6.8630164787    -0.0797631572     1.1415119520
2773     6.5228986484    -0.1069626014     1.3271751532
2774     6.6765171523    -0.0942319687     1.1631285224
2775     7.6939336002    -0.0576501170     2.0261644573
2776     7.5307353303    -0.0793492298     2.3894269373
2777     7.4918632651    -0.0776595727     2.1739228699
2778     7.6662287272    -0.0708105398     2.2824124480
2779     5.7857831727    -0.1119746351     1.1776328182
2780     7.2920233501    -0.0860224357     2.1486924616
2781     7.1219818814    -0.0886456776     2.1677191385
2782     5.7258328611    -0.0935435822     1.2817105660
2783     6.3285696903    -0.1128727032     1.1798043495
2784     6.6305126920    -0.0966808519     1.8360393028
2785     6.7115501001    -0.1020858862     1.6849805993
2786     6.8712120895    -0.0978692825     1.7987051269
2787     6.5052036834    -0.1025699414     1.6790236037
2788     6.3001415814    -0.0998623088     1.6158793587
2789     6.3470372102    -0.0882063871     1.7502636726
2790     6.2074931788    -0.0791460887     1.7060621742
2791     6.5879719349    -0.0769429844     1.9916605086
2792     6.4712532132    -0.0734360209     1.9264997715
2793     5.2039692384    -0.0704671758     0.9862439024
2794     6.8693331258    -0.0615921063     0.8190440768
2795     6.7934903818    -0.0774470354     0.9846153924
2796     6.7704555288    -0.0709453335     0.8281330976
2797     5.6128522003    -0.0676626481     1.3062070758
2798     5.6695817850    -0.0619033169     1.3658852300
2799     6.3046164296    -0.1127648411     1.3526951334
2800     6.1091279579    -0.1080650684     1.4077869851
2801     6.2656545519    -0.0611386646     1.8224291364
2802     5.4464199762    -0.0590437647     1.2017294133
2803     7.0029522106    -0.0517283259     2.4115207566
2804     6.8625688377    -0.0914742572     2.0273009025
2805     7.0140768641    -0.0939033873     1.9092746696
2806     7.0230755088    -0.0919994177     2.0550399126
2807     6.6224807843    -0.0547635714     2.1134282670
2808     6.7075571658    -0.0796832830     2.0575196949
2809     7.4530627326    -0.0552281889     2.7318818664
2810     7.5203567885    -0.0437821168     2.8293650794
2811     6.9188146471    -0.0614795672     2.3107469302
2812     6.9706126881    -0.0845293184     2.1814156826
2813     7.1639397694    -0.0495291239     2.5405976334
2814     5.3623548001    -0.0636298935     1.1258681962
2815     7.3974470990    -0.0792802086     2.4661748096
2816     7.1185182630    -0.0650056560     2.4385096470
2817     6.9468030353    -0.0627153245     0.9567145545
2818     6.6379530544    -0.0910901715     1.0196045313
2819     5.6344483214    -0.1236839263     0.9394160418
2820     5.1313664076    -0.0697644377     0.9326867473
2821     5.7405486003    -0.1285157954     0.8258606254
2822     5.6355374087    -0.1288453757     0.8280030414
2823     8.2372448175    -0.0537505055     2.8293650794
2824     8.3123611268    -0.0411570110     2.6876777066
2825     6.0394701567    -0.0627703575     1.6456073026
2826     6.7317006318    -0.0929422197     1.9418851291
2827     7.5213896791    -0.0775307557     2.5373213353
2828     7.1915451087    -0.0824071299     2.3259510883
2829     7.3550985174    -0.0835473804     2.3274623716
2830     7.9917053615    -0.0663703486     2.8293650794
2831     6.1579904688    -0.1144273313     0.8236922971
2832     7.1936969071    -0.0438394299     1.0274021584
2833     7.0473106560    -0.0766904628     2.3081780367
2834     6.3643549121    -0.1021337576     0.8247468830
2835     5.9499738134    -0.1236006041     0.8237648475
2836     5.8454043557    -0.1266849072     0.8244927869
2837     7.1193700683    -0.0269373063     0.6689605026
2838     5.3818802203    -0.1107350855     0.9294944278
2839     5.3813749540    -0.0937654849     1.0318706516
2840     6.2549183486    -0.1071270383     1.4937781704
2841     6.1076694959    -0.0918881367     1.5602305026
2842     6.1045893019    -0.0612920205     1.6996597917
2843     5.2792548744    -0.0650092990     1.0585774100
2844     5.9547687531    -0.0884446225     1.4741920773
2845     5.7404635348    -0.0631540686     1.4166514571
2846     6.3606190269    -0.0645527083     1.8823382849
2847     5.5384589532    -0.0610044940     1.2676997071
2848     5.5464316743    -0.0888637428     1.1761114086
2849     5.8492712553    -0.0876061147     1.4029167412
2850     5.9400132793    -0.1087366145     1.3046838610
2851     6.4681457506    -0.0903719375     1.8137776563
2852     6.4391443704    -0.1084769649     1.5038488566
2853     5.8624340077    -0.0615724467     1.5142746562
2854     5.7973002833    -0.0561272008     1.4786583083
2855     5.9693474166    -0.0638723165     1.5889074310
2856     6.1882189891    -0.0475767627     1.7995677149
2857     6.4912345139    -0.0536070371     2.0170048168
2858     7.3654439968    -0.0481975440     2.6970776017
2859     7.2365556474    -0.0523643054     2.5847319990
2860     7.8425603933     0.0415245652     2.9293650794
2861     7.7452764292     0.0403798250     2.9293650794
2862     8.0281283353     0.0340126134     2.9293650794
2863     8.2129058131     0.0194598103     2.9293650794
2864     7.9355835463     0.0389468869     2.9293650794
2865     7.6514034921     0.0327818011     2.9293650794
2866     7.5025082114     0.0000000000     2.8793650794
2867     7.5661774375     0.0000000000     2.9293650794
2868     8.3995107708     0.0000000000     2.9293650794
2869     8.5043726131     0.0000000000     2.9040561966
2870     8.6453959662     0.0000000000     2.8700195686
2871     8.3051405691     0.0104126740     2.9293650794
2872     8.1205682198     0.0273877308     2.9293650794
2873     7.6514060468    -0.0327821508     2.9293650794
2874     7.7452862170    -0.0403802096     2.9293650794
2875     7.8425268644    -0.0415249452     2.9293650794
2876     7.9355529346    -0.0389481748     2.9293650794
2877     8.0281047366    -0.0340141092     2.9293650794
2878     8.1205516187    -0.0273890461     2.9293650794
2879     8.2128961936    -0.0194606964     2.9293650794
2880     8.3051379160    -0.0104129499     2.9293650794
2881     7.9300648944     0.0000000000     2.9660557986
2882     8.0232469327     0.0000000000     2.9544719208
2883     8.1167524411     0.0000000000     2.9460103405
2884     7.6542956075     0.0000000000     2.9652819050
2885     7.8376033283     0.0000000000     2.9823801127
2886     7.7447446823     0.0000000000     2.9901243769
2887     8.2104121458     0.0000000000     2.9394061390
2888     8.3041452072     0.0000000000     2.9340141698
2889     2.5000000000     5.6000000000    -0.4000000000
2890     2.5756654461     5.6000000000    -0.3371899053
2891     2.5756654461     5.6628100947    -0.4000000000
2892     2.6667243348     5.6000000000    -0.2991140927
2893     3.6509025004     5.7666029669    -0.4000000000
2894     3.5519556611     5.7663428701    -0.4000000000
2895     3.6173129399     5.7164991090    -0.2810316574
2896     2.6667243348     5.7008859073    -0.4000000000
2897     3.4744372140     5.7059674412    -0.2723622297
2898     3.5519556611     5.6000000000    -0.2336571299
2899     3.6509025004     5.6000000000    -0.2333970331
2900     3.7500000000     5.6841336289    -0.2561260418
2901     3.7500000000     5.7438739582    -0.3158663711
2902     3.7500000000     5.7666666667    -0.4000000000
2903     3.7500000000     5.6000000000    -0.2333333333
2904     3.3541735611     5.6000000000    -0.2353192215
2905     3.3300662062     5.7153740742    -0.2830435077
2906     3.2553859807     5.6000000000    -0.2371201949
2907     3.2553859807     5.7628798051    -0.4000000000
2908     3.3541735611     5.7646807785    -0.4000000000
2909     3.1563715986     5.7600254166    -0.4000000000
2910     3.2238197124     5.7144429315    -0.2852403448
2911     3.1563715986     5.6000000000    -0.2399745834
2912     3.0577067167     5.7556720154    -0.4000000000
2913     3.0994697899     5.7112809853    -0.2882520561
2914     3.0577067167     5.6000000000    -0.2443279846
2915     2.9589427163     5.7491055067    -0.4000000000
2916     3.0216294384     5.7083562760    -0.2912088228
2917     2.9589427163     5.6000000000    -0.2508944933
2918     3.4530454633     5.6000000000    -0.2342412973
2919     2.9066889274     5.7015767174    -0.2974336451
2920     2.8606026648     5.6000000000    -0.2607404023
2921     2.8606026648     5.7392595977    -0.4000000000
2922     3.1582265511     5.7130524054    -0.2866939446
2923     2.9604639039     5.7052397257    -0.2942410996
2924     2.8066286401     5.6924389120    -0.3060735434
2925     2.7627316199     5.6000000000    -0.2757314520
2926     2.7627316199     5.7242685480    -0.4000000000
2927     3.4530454633     5.7657587027    -0.4000000000
2928     3.5253227749     5.7504411107    -0.3292610039
2929     2.8559541791     5.6976865375    -0.3015963003
2930     2.7079850266     5.6811260500    -0.3222956463
2931     2.7564087544     5.6872554813    -0.3132719954
2932     3.4025473186     5.7503250616    -0.3312432748
2933     3.4043724957     5.6607151938    -0.2462218350
2934     2.5756654461     5.6000000000    -0.4628100947
2935     2.6667243348     5.6000000000    -0.5008859073
2936     3.6173129399     5.7189683426    -0.5164991090
2937     3.4744372140     5.7276377703    -0.5059674412
2938     3.6509025004     5.6000000000    -0.5666029669
2939     3.5519556611     5.6000000000    -0.5663428701
2940     3.7500000000     5.7438739582    -0.4841336289
2941     3.7500000000     5.6841336289    -0.5438739582
2942     3.7500000000     5.6000000000    -0.5666666667
2943     3.3300662062     5.7169564923    -0.5153740742
2944     3.2553859807     5.6000000000    -0.5628798051
2945     3.3541735611     5.6000000000    -0.5646807785
2946     3.1563715986     5.6000000000    -0.5600254166
2947     3.2238197124     5.7147596552    -0.5144429315
2948     3.0577067167     5.6000000000    -0.5556720154
2949     3.0994697899     5.7117479439    -0.5112809853
2950     2.9589427163     5.6000000000    -0.5491055067
2951     3.0216294387     5.7087911772    -0.5083562760
2952     2.9066889532     5.7025663629    -0.5015767130
2953     2.8606026648     5.6000000000    -0.5392595977
2954     3.1582265511     5.7133060554    -0.5130524054
2955     2.9604639073     5.7057589009    -0.5052397255
2956     2.8066296210     5.6939376601    -0.4924277451
2957     2.7627316199     5.6000000000    -0.5242685480
2958     3.4530454633     5.6000000000    -0.5657587027
2959     3.5253227749     5.6707389961    -0.5504411107
2960     2.8559544078     5.6984048663    -0.4976854029
2961     2.7079841404     5.6811322604    -0.4776975529
2962     2.7564096920     5.6876947710    -0.4862840924
2963     3.4025473186     5.6687567252    -0.5503250616
2964     3.4043724957     5.7537781650    -0.4607151938
2965     2.5635297375     5.5443931537    -0.4000000000
2966     2.7286261842     5.4855527161    -0.4254875330
2967     2.8198975335     5.4703860107    -0.4333441015
2968     3.0048371369     5.4523571994    -0.4382572417
2969     3.6544348305     5.4342567742    -0.4170626896
2970     3.5616429893     5.4350724622    -0.4220630273
2971     3.6318188896     5.4894422479    -0.5245509076
2972     3.7500000000     5.5185695124    -0.5454254144
2973     3.7500000000     5.4605404033    -0.4912456828
2974     3.5226348709     5.5046398435    -0.5361148870
2975     3.3760123922     5.4378563170    -0.4305498616
2976     3.4079194985     5.4942885758    -0.5270962817
2977     3.4688377054     5.4362435259    -0.4265891954
2978     3.2833269495     5.4400351754    -0.4338460663
2979     3.3411044905     5.4836950756    -0.5162733637
2980     3.2868515887     5.5118903020    -0.5377781257
2981     3.4632332087     5.4944347067    -0.5278647970
2982     3.1904617413     5.4429744095    -0.4363616829
2983     3.2241375719     5.4997191861    -0.5273425471
2984     3.0976173062     5.4469447106    -0.4379151217
2985     3.1220831419     5.5020979183    -0.5248907137
2986     3.1727872667     5.5000962471    -0.5256993362
2987     3.0655379944     5.4888255510    -0.5095163766
2988     3.5466622111     5.4563615907    -0.4838521177
2989     2.7205548617     5.4930738549    -0.3565842568
2990     2.8123736417     5.4803056510    -0.3426967187
2991     2.9042521090     5.4717991368    -0.3341036019
2992     3.6842886230     5.5147022302    -0.2568450029
2993     3.7500000000     5.5121875575    -0.2583476882
2994     3.6100970247     5.5143548645    -0.2571873190
2995     3.5602279244     5.4529273697    -0.3221951518
2996     3.6540448859     5.4518290347    -0.3237932380
2997     3.5081925237     5.5152647451    -0.2571007281
2998     3.4664043223     5.4540848054    -0.3211222137
2999     3.3725885400     5.4553925877    -0.3206755649
3000     3.4110665913     5.5161652154    -0.2574509695
3001     3.3150725918     5.5171233167    -0.2583992941
3002     3.2789058016     5.4569852764    -0.3209752075
3003     3.2185258129     5.5182372310    -0.2601907929
3004     3.1850799809     5.4590624118    -0.3221876089
3005     3.0912995830     5.4619113824    -0.3245283028
3006     3.1219095746     5.5195996927    -0.2631662306
3007     3.5573212606     5.5143287631    -0.2573921419
3008     3.4597184728     5.5152318349    -0.2574949344
3009     3.0252929725     5.5215120273    -0.2677301389
3010     3.8474032188     5.6000000000    -0.2369536690
3011     3.8679702045     5.7139372745    -0.2852787708
3012     3.9441651121     5.6000000000    -0.2441469711
3013     3.8474032188     5.7630463310    -0.4000000000
3014     3.9441651121     5.7558530289    -0.4000000000
3015     4.3302915623     5.7139668114    -0.4000000000
3016     4.3302915623     5.6000000000    -0.2860331886
3017     4.4265582453     5.6000000000    -0.2985419635
3018     4.5227685639     5.6000000000    -0.3117789233
3019     4.5227685639     5.6882210767    -0.4000000000
3020     4.6187847019     5.6742098921    -0.4000000000
3021     4.6187847019     5.6000000000    -0.3257901079
3022     4.7147532680     5.6000000000    -0.3407531008
3023     4.8104901614     5.6000000000    -0.3569784255
3024     4.8104901614     5.6430215745    -0.4000000000
3025     4.9058977681     5.6000000000    -0.3753141192
3026     4.9058977681     5.6246858808    -0.4000000000
3027     4.4265582453     5.7014580365    -0.4000000000
3028     4.7147532680     5.6592468992    -0.4000000000
3029     5.0000000000     5.6000000000    -0.4000000000
3030     4.1374613150     5.6000000000    -0.2632226637
3031     4.0914129347     5.7005943931    -0.3002013395
3032     4.0408963008     5.6000000000    -0.2531041749
3033     4.0408963008     5.7468958251    -0.4000000000
3034     4.1374613150     5.7367773363    -0.4000000000
3035     4.2339151936     5.6000000000    -0.2742409848
3036     4.1904523313     5.6930445812    -0.3080676680
3037     4.2339151936     5.7257590152    -0.4000000000
3038     3.9744996265     5.6888027238    -0.2751859149
3039     3.9576156236     5.7386290495    -0.3313222514
3040     4.0372787433     5.6997599538    -0.2917246151
3041     4.2852891146     5.6851322492    -0.3160781208
3042     4.1414612436     5.6967546113    -0.3039837566
3043     3.8679702045     5.7147212292    -0.5139372745
3044     3.8474032188     5.6000000000    -0.5630463310
3045     3.9441651121     5.6000000000    -0.5558530289
3046     4.3302915623     5.6000000000    -0.5139668114
3047     4.4265582453     5.6000000000    -0.5014580365
3048     4.7147532680     5.6000000000    -0.4592468992
3049     4.5227685639     5.6000000000    -0.4882210767
3050     4.8104901614     5.6000000000    -0.4430215745
3051     4.6187847019     5.6000000000    -0.4742098921
3052     4.9058977681     5.6000000000    -0.4246858808
3053     4.0914129347     5.6997986605    -0.5005943931
3054     4.0408963008     5.6000000000    -0.5468958251
3055     4.1374613150     5.6000000000    -0.5367773363
3056     4.1904523313     5.6919323320    -0.4930445812
3057     4.2339151936     5.6000000000    -0.5257590152
3058     3.9744996265     5.7248140851    -0.4888027238
3059     3.9576156236     5.6686777486    -0.5386290495
3060     4.0372787433     5.7082753849    -0.4997599538
3061     4.2852891146     5.6839218792    -0.4851322492
3062     4.1414612436     5.6960162434    -0.4967546113
3063     3.8673530042     5.4872553712    -0.5159518741
3064     3.8468786736     5.4370209142    -0.4057397725
3065     4.4264447821     5.4985267937    -0.4000000000
3066     4.5226900021     5.5117678010    -0.4000000000
3067     4.6187334419     5.5257823916    -0.4000000000
3068     4.7147388690     5.5407507703    -0.4000000000
3069     4.8105113823     5.5569822119    -0.4000000000
3070     4.9059557503     5.5753263289    -0.4000000000
3071     4.3301250011     5.4860121720    -0.4000000000
3072     4.0911877733     5.5001754146    -0.5006020057
3073     4.1372219339     5.4631963784    -0.4000000000
3074     4.0406233293     5.4530770670    -0.4000000000
3075     3.9733156887     5.4757958412    -0.4898335767
3076     3.9565293669     5.5324299720    -0.5392792358
3077     4.2337147807     5.4742172496    -0.4000000000
3078     4.1903412974     5.5080479921    -0.4930430390
3079     4.0366940010     5.4918453359    -0.4999758590
3080     4.2851985765     5.5160610600    -0.4851310161
3081     4.1413223160     5.5039639098    -0.4967564785
3082     4.0402383666     5.4531547035    -0.3941167878
3083     4.1374079777     5.4637335699    -0.3880391913
3084     4.2344185670     5.4756106799    -0.3818026580
3085     4.2313168707     5.4866840040    -0.3447248864
3086     4.3271551032     5.4973306705    -0.3495996219
3087     4.1350473616     5.4766988030    -0.3401576605
3088     3.8468853404     5.4533125713    -0.3287083400
3089     4.4864397280     5.5472966385    -0.3230099665
3090     4.5656407978     5.5529065083    -0.3327946409
3091     4.5315561448     5.5324339586    -0.3452562276
3092     3.9431253538     5.4595933952    -0.3321134312
3093     4.5599154387     5.5226280317    -0.3701904324
3094     4.4229103448     5.5086105494    -0.3548037521
3095     4.3312357623     5.4888201984    -0.3754075004
3096     4.4278407264     5.5035843068    -0.3689039806
3097     4.5190277018     5.5205800407    -0.3603713873
3098     3.8968169838     5.5155075498    -0.2645409849
3099     2.5000000000    -5.6000000000    -0.4000000000
3100     2.5756654461    -5.6628100947    -0.4000000000
3101     2.5756654461    -5.6000000000    -0.3371899053
3102     2.6667243348    -5.6000000000    -0.2991140927
3103     3.6509025004    -5.7666029669    -0.4000000000
3104     3.6173129399    -5.7164991090    -0.2810316574
3105     3.5519556611    -5.7663428701    -0.4000000000
3106     2.6667243348    -5.7008859073    -0.4000000000
3107     3.4530454633    -5.6000000000    -0.2342412973
3108     3.4744372140    -5.7059674412    -0.2723622297
3109     3.5519556611    -5.6000000000    -0.2336571299
3110     3.6509025004    -5.6000000000    -0.2333970331
3111     3.7500000000    -5.6841336289    -0.2561260418
3112     3.7500000000    -5.7438739582    -0.3158663711
3113     3.7500000000    -5.7666666667    -0.4000000000
3114     3.7500000000    -5.6000000000    -0.2333333333
3115     3.3541735611    -5.6000000000    -0.2353192215
3116     3.2553859807    -5.6000000000    -0.2371201949
3117     3.3300662062    -5.7153740742    -0.2830435077
3118     3.2553859807    -5.7628798051    -0.4000000000
3119     3.3541735611    -5.7646807785    -0.4000000000
3120     3.1563715986    -5.7600254166    -0.4000000000
3121     3.2238197124    -5.7144429315    -0.2852403448
3122     3.1563715986    -5.6000000000    -0.2399745834
3123     3.0577067167    -5.7556720154    -0.4000000000
3124     3.0994697899    -5.7112809853    -0.2882520561
3125     3.0577067167    -5.6000000000    -0.2443279846
3126     2.9589427163    -5.7491055067    -0.4000000000
3127     3.0216294384    -5.7083562760    -0.2912088228
3128     2.9589427163    -5.6000000000    -0.2508944933
3129     2.8606026648    -5.6000000000    -0.2607404023
3130     2.9066889274    -5.7015767174    -0.2974336451
3131     2.8606026648    -5.7392595977    -0.4000000000
3132     3.1582265511    -5.7130524054    -0.2866939446
3133     2.9604639039    -5.7052397257    -0.2942410996
3134     2.7627316199    -5.6000000000    -0.2757314520
3135     2.8066286401    -5.6924389120    -0.3060735434
3136     2.7627316199    -5.7242685480    -0.4000000000
3137     3.5253227749    -5.7504411107    -0.3292610039
3138     3.4530454633    -5.7657587027    -0.4000000000
3139     2.8559541791    -5.6976865375    -0.3015963003
3140     2.7079850266    -5.6811260500    -0.3222956463
3141     2.7564087544    -5.6872554813    -0.3132719954
3142     3.4025473186    -5.7503250616    -0.3312432748
3143     3.4043724957    -5.6607151938    -0.2462218350
3144     2.5756654461    -5.6000000000    -0.4628100947
3145     2.6667243348    -5.6000000000    -0.5008859073
3146     3.4744372140    -5.7276377703    -0.5059674412
3147     3.6173129399    -5.7189683426    -0.5164991090
3148     3.6509025004    -5.6000000000    -0.5666029669
3149     3.5519556611    -5.6000000000    -0.5663428701
3150     3.7500000000    -5.7438739582    -0.4841336289
3151     3.7500000000    -5.6841336289    -0.5438739582
3152     3.7500000000    -5.6000000000    -0.5666666667
3153     3.3300662062    -5.7169564923    -0.5153740742
3154     3.2553859807    -5.6000000000    -0.5628798051
3155     3.3541735611    -5.6000000000    -0.5646807785
3156     3.1563715986    -5.6000000000    -0.5600254166
3157     3.2238197124    -5.7147596552    -0.5144429315
3158     3.0577067167    -5.6000000000    -0.5556720154
3159     3.0994697899    -5.7117479439    -0.5112809853
3160     2.9589427163    -5.6000000000    -0.5491055067
3161     3.0216294387    -5.7087911772    -0.5083562760
3162     2.9066889532    -5.7025663629    -0.5015767130
3163     2.8606026648    -5.6000000000    -0.5392595977
3164     3.1582265511    -5.7133060554    -0.5130524054
3165     2.9604639073    -5.7057589009    -0.5052397255
3166     2.8066296210    -5.6939376601    -0.4924277451
3167     2.7627316199    -5.6000000000    -0.5242685480
3168     3.5253227749    -5.6707389961    -0.5504411107
3169     3.4530454633    -5.6000000000    -0.5657587027
3170     2.8559544078    -5.6984048663    -0.4976854029
3171     2.7079841404    -5.6811322604    -0.4776975529
3172     2.7564096920    -5.6876947710    -0.4862840924
3173     3.4025473186    -5.6687567252    -0.5503250616
3174     3.4043724957    -5.7537781650    -0.4607151938
3175     2.5635297375    -5.5443931537    -0.4000000000
3176     2.7286261761    -5.4855527179    -0.4254875326
3177     2.8198975229    -5.4703860122    -0.4333441011
3178     3.0048371181    -5.4523572007    -0.4382572416
3179     3.6544348237    -5.4342567743    -0.4170626900
3180     3.6318188774    -5.4894422458    -0.5245509057
3181     3.5616429638    -5.4350724625    -0.4220630287
3182     3.7500000000    -5.5185695124    -0.5454254144
3183     3.7500000000    -5.4605404033    -0.4912456828
3184     3.5226348429    -5.5046398409    -0.5361148851
3185     3.3760123381    -5.4378563180    -0.4305498635
3186     3.4688376137    -5.4362435273    -0.4265891995
3187     3.4079194617    -5.4942885818    -0.5270962862
3188     3.2833268653    -5.4400351777    -0.4338460690
3189     3.3411044500    -5.4836950746    -0.5162733618
3190     3.2868515599    -5.5118903047    -0.5377781268
3191     3.4632331695    -5.4944347088    -0.5278647984
3192     3.1904617127    -5.4429744105    -0.4363616835
3193     3.2241375454    -5.4997191950    -0.5273425532
3194     3.0976172799    -5.4469447118    -0.4379151214
3195     3.1220831282    -5.5020979193    -0.5248907138
3196     3.1727872497    -5.5000962492    -0.5256993371
3197     3.0655379805    -5.4888255523    -0.5095163769
3198     3.5466621688    -5.4563615888    -0.4838521141
3199     2.7205617657    -5.4930726812    -0.3565828679
3200     2.8123764025    -5.4803053421    -0.3426963975
3201     2.9042527566    -5.4717990881    -0.3341035527
3202     3.7500000000    -5.5121875575    -0.2583476882
3203     3.6842886292    -5.5147022313    -0.2568450023
3204     3.6540448940    -5.4518290346    -0.3237932382
3205     3.6100970429    -5.5143548697    -0.2571873158
3206     3.5602279805    -5.4529273690    -0.3221951526
3207     3.5081925639    -5.5152647498    -0.2571007251
3208     3.4664044207    -5.4540848041    -0.3211222146
3209     3.3725886828    -5.4553925855    -0.3206755651
3210     3.4110666523    -5.5161652199    -0.2574509661
3211     3.2789113372    -5.4569851721    -0.3209751617
3212     3.3150740889    -5.5171239509    -0.2583988920
3213     3.1850891074    -5.4590621792    -0.3221874375
3214     3.2185294956    -5.5182375831    -0.2601904708
3215     3.1219128588    -5.5195990178    -0.2631664713
3216     3.0913038173    -5.4619112293    -0.3245281696
3217     3.5573212904    -5.5143287639    -0.2573921412
3218     3.4597185240    -5.5152318354    -0.2574949337
3219     3.0252949929    -5.5215119068    -0.2677300658
3220     3.8474032188    -5.6000000000    -0.2369536690
3221     3.8679702045    -5.7139372745    -0.2852787708
3222     3.9441651121    -5.6000000000    -0.2441469711
3223     3.8474032188    -5.7630463310    -0.4000000000
3224     3.9441651121    -5.7558530289    -0.4000000000
3225     4.3302915623    -5.7139668114    -0.4000000000
3226     4.4265582453    -5.6000000000    -0.2985419635
3227     4.3302915623    -5.6000000000    -0.2860331886
3228     4.4265582453    -5.7014580365    -0.4000000000
3229     4.5227685639    -5.6882210767    -0.4000000000
3230     4.6187847019    -5.6742098921    -0.4000000000
3231     4.7147532680    -5.6000000000    -0.3407531008
3232     4.6187847019    -5.6000000000    -0.3257901079
3233     4.7147532680    -5.6592468992    -0.4000000000
3234     4.8104901614    -5.6430215745    -0.4000000000
3235     4.5227685639    -5.6000000000    -0.3117789233
3236     4.9058977681    -5.6246858808    -0.4000000000
3237     4.8104901614    -5.6000000000    -0.3569784255
3238     4.9058977681    -5.6000000000    -0.3753141192
3239     5.0000000000    -5.6000000000    -0.4000000000
3240     4.1374613150    -5.6000000000    -0.2632226637
3241     4.0408963008    -5.6000000000    -0.2531041749
3242     4.0914129347    -5.7005943931    -0.3002013395
3243     4.0408963008    -5.7468958251    -0.4000000000
3244     4.1374613150    -5.7367773363    -0.4000000000
3245     4.2339151936    -5.6000000000    -0.2742409848
3246     4.1904523313    -5.6930445812    -0.3080676680
3247     4.2339151936    -5.7257590152    -0.4000000000
3248     3.9744996265    -5.6888027238    -0.2751859149
3249     3.9576156236    -5.7386290495    -0.3313222514
3250     4.0372787433    -5.6997599538    -0.2917246151
3251     4.2852891146    -5.6851322492    -0.3160781208
3252     4.1414612436    -5.6967546113    -0.3039837566
3253     3.8679702045    -5.7147212292    -0.5139372745
3254     3.8474032188    -5.6000000000    -0.5630463310
3255     3.9441651121    -5.6000000000    -0.5558530289
3256     4.3302915623    -5.6000000000    -0.5139668114
3257     4.4265582453    -5.6000000000    -0.5014580365
3258     4.6187847019    -5.6000000000    -0.4742098921
3259     4.7147532680    -5.6000000000    -0.4592468992
3260     4.5227685639    -5.6000000000    -0.4882210767
3261     4.8104901614    -5.6000000000    -0.4430215745
3262     4.9058977681    -5.6000000000    -0.4246858808
3263     4.0914129347    -5.6997986605    -0.5005943931
3264     4.0408963008    -5.6000000000    -0.5468958251
3265     4.1374613150    -5.6000000000    -0.5367773363
3266     4.1904523313    -5.6919323320    -0.4930445812
3267     4.2339151936    -5.6000000000    -0.5257590152
3268     3.9744996265    -5.7248140851    -0.4888027238
3269     3.9576156236    -5.6686777486    -0.5386290495
3270     4.0372787433    -5.7082753849    -0.4997599538
3271     4.2852891146    -5.6839218792    -0.4851322492
3272     4.1414612436    -5.6960162434    -0.4967546113
3273     3.8673530042    -5.4872553712    -0.5159518741
3274     3.8468786736    -5.4370209142    -0.4057397725
3275     4.4264447821    -5.4985267937    -0.4000000000
3276     4.5226900021    -5.5117678010    -0.4000000000
3277     4.6187334419    -5.5257823916    -0.4000000000
3278     4.7147388690    -5.5407507703    -0.4000000000
3279     4.8105113823    -5.5569822119    -0.4000000000
3280     4.9059557503    -5.5753263289    -0.4000000000
3281     4.3301250011    -5.4860121720    -0.4000000000
3282     4.0911877733    -5.5001754146    -0.5006020057
3283     4.1372219339    -5.4631963784    -0.4000000000
3284     4.0406233293    -5.4530770670    -0.4000000000
3285     3.9733156887    -5.4757958412    -0.4898335767
3286     3.9565293669    -5.5324299720    -0.5392792358
3287     4.2337147807    -5.4742172496    -0.4000000000
3288     4.1903412974    -5.5080479921    -0.4930430390
3289     4.0366940010    -5.4918453359    -0.4999758590
3290     4.2851985765    -5.5160610600    -0.4851310161
3291     4.1413223160    -5.5039639098    -0.4967564785
3292     4.0402362272    -5.4531544857    -0.3941169206
3293     4.1374054766    -5.4637332809    -0.3880393452
3294     4.2344166060    -5.4756104299    -0.3818027627
3295     4.3271554810    -5.4973307132    -0.3495996428
3296     4.2313172462    -5.4866840441    -0.3447249053
3297     4.1350474261    -5.4766988094    -0.3401576635
3298     3.8468853573    -5.4533125722    -0.3287083405
3299     4.4864399472    -5.5472967162    -0.3230099500
3300     4.5656408396    -5.5529065120    -0.3327946457
3301     4.5315561903    -5.5324339665    -0.3452562281
3302     3.9431253860    -5.4595933976    -0.3321134324
3303     4.5599154453    -5.5226280321    -0.3701904340
3304     4.4229112559    -5.5086106584    -0.3548038059
3305     4.3312305315    -5.4888194548    -0.3754078048
3306     4.4278370088    -5.5035837129    -0.3689042010
3307     4.5190277018    -5.5205800407    -0.3603713873
3308     3.8968169965    -5.5155075488    -0.2645409867
3309    -7.9669427735    -0.0000000000    -0.6069365991
3310    -8.0434782609     0.0000000000    -0.5434782609
3311    -7.9685693072     0.0649630042    -0.5411320960
3312    -5.1220442684     0.1610358836    -0.7516101696
3313    -5.0508109884     0.0792131198    -0.7834413700
3314    -5.1892515894    -0.0000000000    -0.7934782609
3315    -3.5973634459     0.4427706783    -0.1165586275
3316    -3.5590127031     0.4305410055    -0.2572834328
3317    -3.7817025080     0.4342553679    -0.2387444267
3318    -2.3869981276     0.4085599995    -0.3377976986
3319    -2.5825443396     0.3985974559    -0.3776240891
3320    -2.4841947389     0.4370214364    -0.1742410164
3321    -4.2216837659     0.0816076054    -0.7820215375
3322    -4.1171908164     0.0859372678    -0.7806645498
3323    -4.2059212295    -0.0000000000    -0.7934782609
3324    -2.8600190865     0.4389618096    -0.1614010323
3325    -2.8178338146     0.4168583053    -0.3101282523
3326    -3.0702238232     0.4237669767    -0.2821098756
3327    -6.8006370586     0.4172776379    -0.3715619407
3328    -6.7758748911     0.4098413218    -0.4625911469
3329    -6.9160967953     0.4041434777    -0.3906181223
3330    -1.9164290805     0.4350828975    -0.1868101684
3331    -1.9164290805     0.3995368875    -0.3682129444
3332    -2.1087862806     0.4355578719    -0.1833069899
3333    -1.9164290805     0.0000000000    -0.7934782609
3334    -2.0187687932    -0.0000000000    -0.7934782609
3335    -1.9164290805     0.0955337279    -0.7759774608
3336    -1.9164290805     0.1846728913    -0.7253632373
3337    -2.0534591724     0.1500215150    -0.7493775385
3338    -3.2992747230     0.2616155159    -0.6566024149
3339    -3.1269150823     0.2472051323    -0.6713804997
3340    -3.2031731886     0.1759224424    -0.7346703169
3341    -4.2823158013     0.4022954012    -0.4124217460
3342    -4.3952162573     0.3556750696    -0.5330459515
3343    -4.4698425217     0.4032760449    -0.4161085290
3344    -6.4464340901     0.3203470301    -0.6443732930
3345    -6.3632894494     0.2667146548    -0.6949114148
3346    -6.4702047299     0.2020703156    -0.7427287115
3347    -7.4296557612     0.2126247778    -0.6868326507
3348    -7.4558354881     0.1141552589    -0.7494536354
3349    -7.5401103662     0.1824435957    -0.6868017002
3350    -7.5978239918    -0.0000000000    -0.7493929708
3351    -7.5716635217     0.0955885021    -0.7355237297
3352    -7.4955463185    -0.0000000000    -0.7672607349
3353    -3.1305863971     0.3296228662    -0.5558309088
3354    -6.9093175085     0.2928466370    -0.6722522924
3355    -6.9382030609     0.1834015017    -0.7568191257
3356    -7.0254961419     0.2450960671    -0.7118141130
3357    -7.0362804040     0.3242344092    -0.6205063127
3358    -5.2090845873     0.2366973035    -0.7007862930
3359    -5.1225888520     0.2842981993    -0.6535033511
3360    -4.0666546266     0.2586509436    -0.6677033667
3361    -3.9516373224     0.2611739877    -0.6637132849
3362    -4.0372676252     0.1697717912    -0.7419295924
3363    -4.2622697618     0.2467554619    -0.6819688607
3364    -4.1682939093     0.2736810061    -0.6521077306
3365    -4.1636886096     0.1768431528    -0.7379452273
3366    -2.4939063772     0.2578155343    -0.6550867694
3367    -2.5736222691     0.1499027814    -0.7499997401
3368    -2.6398646440     0.2374746645    -0.6787298524
3369    -2.9991743353     0.1928679886    -0.7213196277
3370    -3.0967783554     0.1613088446    -0.7440791484
3371    -3.7048181352     0.4076744472    -0.3735337503
3372    -3.7724818225     0.3652449905    -0.4970377784
3373    -3.9046139557     0.4007422557    -0.4045147355
3374    -3.5231768116     0.3958989408    -0.4085148297
3375    -3.6307957514     0.3511243571    -0.5240108954
3376    -5.4918405984     0.2734702361    -0.6707227791
3377    -5.5782926658     0.1845931626    -0.7409659833
3378    -5.6265441149     0.2612422679    -0.6844792709
3379    -5.4620075903     0.3517040416    -0.5691654031
3380    -5.6282775789     0.3439398699    -0.5863799143
3381    -6.5550238574     0.3514136113    -0.6062903045
3382    -6.4341477451     0.4060523828    -0.5013763709
3383    -2.2267418860     0.3964619827    -0.3802717022
3384    -2.2961723283     0.4362118288    -0.1791814676
3385    -4.5796644853     0.2598821593    -0.6722036842
3386    -4.4871716137     0.1785166352    -0.7383937629
3387    -4.6124027221     0.1502565408    -0.7552781288
3388    -3.8325691134     0.2452463265    -0.6793801773
3389    -3.7938161020     0.1392968810    -0.7585404545
3390    -3.9185921776     0.1674238216    -0.7429339283
3391    -3.4068548903     0.1753164161    -0.7358240415
3392    -3.4662989619     0.2388498223    -0.6827524172
3393    -3.4584642981     0.3293031532    -0.5618101053
3394    -7.0779427637     0.1400713912    -0.7729357327
3395    -7.1339568055     0.2602756974    -0.6886200839
3396    -4.2831648697     0.1420147540    -0.7584624173
3397    -2.0656830494     0.3802904345    -0.4289220283
3398    -2.3457617897     0.1664642506    -0.7390309817
3399    -2.2705431914     0.2564520596    -0.6557327385
3400    -2.2151051436     0.1446434734    -0.7526827753
3401    -4.5397606329     0.3459913319    -0.5548424279
3402    -4.4494136308     0.2763170670    -0.6527264701
3403    -5.4261927834     0.4041107558    -0.4526813894
3404    -5.3400929597     0.4297979956    -0.3463727353
3405    -5.3076260979     0.3732761828    -0.5241666003
3406    -5.9289059578     0.4297704218    -0.3846346249
3407    -6.1160408586     0.4314264259    -0.3910488775
3408    -5.9610719026     0.4431818182    -0.2557698171
3409    -5.8060724880     0.4160700012    -0.4332675239
3410    -5.9220018219     0.3781227943    -0.5366598772
3411    -5.0179210021     0.2598780069    -0.6775348010
3412    -4.9769456162     0.1720959268    -0.7447453463
3413    -7.3868706420     0.0000000000    -0.7808428068
3414    -5.2168959573     0.4198128484    -0.3876807710
3415    -5.2084696844     0.4431818182    -0.1911564654
3416    -2.1948611274     0.3325889163    -0.5397651066
3417    -2.3795567222     0.3463129488    -0.5135919861
3418    -6.2352621571    -0.0000000000    -0.7934782609
3419    -6.2285512925     0.1290806612    -0.7713383453
3420    -6.1128741248    -0.0000000000    -0.7934782609
3421    -7.2590656116     0.3319974499    -0.5445108391
3422    -7.3488456614     0.2894146152    -0.6060559952
3423    -7.3355271272     0.3293613239    -0.4596329665
3424    -6.5614812579     0.2714586333    -0.6961795214
3425    -4.7886108576     0.3808496240    -0.4900735785
3426    -4.8004853192     0.2965363601    -0.6338659960
3427    -4.9105793153     0.3336076889    -0.5843567512
3428    -6.3483304644     0.1639324730    -0.7590265101
3429    -6.2412190985     0.2686920839    -0.6894817112
3430    -2.1337150105     0.0786004415    -0.7817140384
3431    -2.2235315637    -0.0000000000    -0.7934782609
3432    -2.1211039582    -0.0000000000    -0.7934782609
3433    -4.3438705653     0.4325032402    -0.2766943418
3434    -4.5703457090     0.4337602418    -0.2786942090
3435    -4.3677908604     0.4431818182    -0.1335858124
3436    -6.8305958747     0.3695640055    -0.5661182934
3437    -6.7741363528     0.3097200063    -0.6584379205
3438    -7.1872519663     0.0877859249    -0.7848520983
3439    -7.1487941446     0.0000000000    -0.7969143766
3440    -7.0212438131     0.0000000000    -0.8001501468
3441    -6.0360353509     0.2168577300    -0.7251387879
3442    -6.1130120890     0.2919080142    -0.6642140140
3443    -5.9489261526     0.2965496128    -0.6553989886
3444    -6.1843681115     0.3789295291    -0.5468123916
3445    -3.9825514606     0.4317012134    -0.2661054994
3446    -4.1551049606     0.4320662228    -0.2710840797
3447    -4.0285753705     0.4431818182    -0.1137064202
3448    -3.8699488824     0.3311215236    -0.5662689911
3449    -3.7186205441     0.2932313989    -0.6215723203
3450    -7.8866929988     0.1204592606    -0.5349837566
3451    -7.8001835565     0.1682122699    -0.5260735345
3452    -7.8257270306     0.1246090720    -0.6153858728
3453    -7.7295824902     0.1431680532    -0.6525399860
3454    -7.7580130097     0.0753767380    -0.6900409510
3455    -5.5278239645    -0.0000000000    -0.7934782609
3456    -5.5093843365     0.0906026780    -0.7810052464
3457    -5.4142083070    -0.0000000000    -0.7934782609
3458    -5.7578252935    -0.0000000000    -0.7934782609
3459    -5.7217688151     0.0806582501    -0.7839002648
3460    -5.6421842522    -0.0000000000    -0.7934782609
3461    -6.5757856657     0.3980855363    -0.5209245629
3462    -6.5428734251     0.4290150767    -0.4199376129
3463    -6.4222163013     0.4414518846    -0.3118993400
3464    -6.5546269884     0.4361989757    -0.3320569048
3465    -2.9441548437    -0.0000000000    -0.7934782609
3466    -2.9311223032     0.0884884306    -0.7788827400
3467    -2.8407737694    -0.0000000000    -0.7934782609
3468    -3.1517227774    -0.0000000000    -0.7934782609
3469    -3.1239613188     0.0842467212    -0.7803842773
3470    -3.0478087946    -0.0000000000    -0.7934782609
3471    -2.3260609759    -0.0000000000    -0.7934782609
3472    -2.3069589776     0.0812087504    -0.7809480955
3473    -3.9924219660    -0.0000000000    -0.7934782609
3474    -3.9924320810     0.0786601299    -0.7826599971
3475    -3.8862205905    -0.0000000000    -0.7934782609
3476    -3.7803533567    -0.0000000000    -0.7934782609
3477    -3.8726354778     0.0803896553    -0.7820818003
3478    -4.0989922256    -0.0000000000    -0.7934782609
3479    -2.4901200943     0.0809140988    -0.7810981087
3480    -2.5315313864    -0.0000000000    -0.7934782609
3481    -2.4287034686    -0.0000000000    -0.7934782609
3482    -2.7376252740    -0.0000000000    -0.7934782609
3483    -2.6666290829     0.0801598669    -0.7814003781
3484    -2.6345520001    -0.0000000000    -0.7934782609
3485    -7.1845588817     0.1794065863    -0.7476541816
3486    -2.9598720059     0.3283740410    -0.5555510693
3487    -2.9710548814     0.3839525018    -0.4307847516
3488    -3.2934278170     0.3408353402    -0.5376891585
3489    -3.1795470998     0.3903683880    -0.4166195669
3490    -4.3132007996    -0.0000000000    -0.7934782609
3491    -5.5577086160     0.4023178645    -0.4638206958
3492    -5.6938208547     0.3972427298    -0.4837040177
3493    -5.8039529732     0.3443878435    -0.5907692110
3494    -4.7880393707     0.4270713098    -0.3317452147
3495    -4.9539806920     0.4313132551    -0.3155811380
3496    -4.7941673942     0.4431818182    -0.1612520280
3497    -4.6775132383     0.3308281691    -0.5835094444
3498    -4.7076295814     0.2295965016    -0.7019199113
3499    -4.1136196184     0.3358753272    -0.5630176058
3500    -4.2387983603     0.3467712552    -0.5462356794
3501    -4.0997148910     0.3982555372    -0.4190741682
3502    -3.9991828532     0.3449454629    -0.5441706028
3503    -4.9669778640    -0.0000000000    -0.7934782609
3504    -5.0777957064    -0.0000000000    -0.7934782609
3505    -3.6748608103    -0.0000000000    -0.7934782609
3506    -3.6503389562     0.1161820903    -0.7691124498
3507    -3.5696616376    -0.0000000000    -0.7934782609
3508    -6.6804064209     0.4280255945    -0.3520039396
3509    -5.2285976418     0.0857127662    -0.7819382398
3510    -5.3013782185    -0.0000000000    -0.7934782609
3511    -6.3232070595     0.3483390401    -0.6038742611
3512    -5.0394021487     0.3479656729    -0.5639584193
3513    -3.3614082674     0.3852833613    -0.4360158488
3514    -7.6949816664    -0.0000000000    -0.7264002323
3515    -7.6683991347     0.0846937471    -0.7156882682
3516    -4.5815084523     0.4431818182    -0.1470767310
3517    -2.6724368975     0.4379519791    -0.1683575975
3518    -3.3333019993     0.4237467104    -0.2901078518
3519    -3.2337929105     0.4410497052    -0.1432337493
3520    -3.0472010130     0.4400110181    -0.1531385830
3521    -2.7646793024     0.3788580690    -0.4410337734
3522    -4.9337941376     0.3957703611    -0.4565743310
3523    -6.6888448785     0.2327249622    -0.7279468232
3524    -6.8091451742     0.2193536269    -0.7372096161
3525    -3.0108554913     0.2766046369    -0.6354252137
3526    -1.9164290805     0.3426268368    -0.5189957686
3527    -2.0460175485     0.3038718587    -0.5893689963
3528    -6.7566806664     0.0000000000    -0.7998037786
3529    -6.7067134308     0.1178834541    -0.7827289925
3530    -6.6228297042     0.0000000000    -0.7976836487
3531    -4.7115425041     0.1419253519    -0.7597875109
3532    -4.8373253573     0.1858747295    -0.7355179127
3533    -4.7470728387    -0.0000000000    -0.7934782609
3534    -4.8567671174    -0.0000000000    -0.7934782609
3535    -4.7950396114     0.0959977024    -0.7783339910
3536    -7.6191579564     0.2455051400    -0.5027521502
3537    -7.5260893799     0.2770192122    -0.4892253298
3538    -7.5904874574     0.2331592858    -0.5973128780
3539    -7.6385107408     0.1643539210    -0.6710192640
3540    -4.3695877018     0.2055729575    -0.7187362381
3541    -4.3403447273     0.2971355005    -0.6256075110
3542    -6.5947504079     0.1842475867    -0.7549460346
3543    -5.8246499415     0.2360387612    -0.7084940017
3544    -3.4198704842     0.4420122864    -0.1311393670
3545    -3.8975666730     0.4431818182    -0.1065382473
3546    -5.7111753788     0.1788191225    -0.7452225852
3547    -5.7268673743     0.2829453281    -0.6651234363
3548    -5.9250163947     0.1835625745    -0.7442774199
3549    -6.0334221253     0.1100675125    -0.7765711715
3550    -6.0360873262     0.4006575534    -0.4915588270
3551    -6.0501569459     0.3512497449    -0.5883162077
3552    -5.2625005037     0.1752501058    -0.7444279325
3553    -5.3762398747     0.1933908220    -0.7341270250
3554    -5.3394502221     0.2846716297    -0.6565942601
3555    -3.7569715718     0.4431818182    -0.0991699684
3556    -5.2273618997     0.3128088242    -0.6209750464
3557    -5.4747244944     0.1756449576    -0.7454448644
3558    -5.4139096831     0.1024900832    -0.7772958399
3559    -4.6415684091     0.3991583574    -0.4356012868
3560    -6.6928262663     0.3721128604    -0.5708833057
3561    -7.3482445215     0.1861311256    -0.7248712827
3562    -2.3849428135     0.2503127880    -0.6633826520
3563    -2.4601059009     0.1680507738    -0.7381313690
3564    -2.4022262936     0.0833529598    -0.7802989343
3565    -2.6973028340     0.1654548060    -0.7403741709
3566    -2.8023856066     0.1720146927    -0.7361572820
3567    -2.7634507092     0.2567738801    -0.6579467686
3568    -2.8964838751     0.1623903970    -0.7428628313
3569    -2.8896314106     0.2530026635    -0.6631849791
3570    -2.8406421667     0.0918972075    -0.7776586088
3571    -3.0247299743     0.0892288407    -0.7786986466
3572    -3.3089394357     0.1518601975    -0.7504081589
3573    -3.2195170653     0.0832801447    -0.7807486915
3574    -5.9925765424    -0.0000000000    -0.7934782609
3575    -7.0516832671     0.3720668566    -0.5122283543
3576    -6.9459268897     0.3600025555    -0.5705337524
3577    -7.2366434115     0.3513693669    -0.4436365878
3578    -6.3089530471     0.3975956747    -0.5155275236
3579    -7.1461576085     0.3290019095    -0.5920277668
3580    -7.2366779699     0.2931019995    -0.6319537583
3581    -5.7851082454     0.4431818182    -0.2390229261
3582    -5.6187148357     0.0922418438    -0.7807389884
3583    -1.9164290805     0.2688533926    -0.6395843028
3584    -2.0126641584     0.2272863632    -0.6873728526
3585    -3.7219452595     0.2062829155    -0.7141112396
3586    -7.7897549449    -0.0000000000    -0.6963333661
3587    -3.6097672671     0.2132544793    -0.7076026877
3588    -5.4077407822     0.4431818182    -0.2067466654
3589    -5.4954402140     0.4334093434    -0.3341123441
3590    -5.6002204697     0.4431818182    -0.2226958583
3591    -5.6584344485     0.4323059389    -0.3517854336
3592    -6.4462110901     0.0935895895    -0.7841780995
3593    -6.3605732341     0.0000000000    -0.7937484101
3594    -6.4903691375     0.0000000000    -0.7953721640
3595    -3.5728822144     0.2835340217    -0.6325540066
3596    -5.0757044441     0.4089311830    -0.4218347459
3597    -5.1642415595     0.3680540787    -0.5302158439
3598    -7.2710049283     0.0000000000    -0.7906234524
3599    -4.1826809373     0.4431818182    -0.1225037590
3600    -5.3263537949     0.0910411778    -0.7805948293
3601    -2.0383508918     0.0711572245    -0.7838485971
3602    -6.6570607175     0.4163632981    -0.4610397754
3603    -4.4208713669    -0.0000000000    -0.7934782609
3604    -4.5291355582    -0.0000000000    -0.7934782609
3605    -4.4610881887     0.0795915656    -0.7827871740
3606    -4.3768703412     0.1157430702    -0.7705601839
3607    -7.2656982598     0.1315793871    -0.7650142687
3608    -7.2595496403     0.2333713137    -0.6988784820
3609    -7.1339925684     0.3711331470    -0.4267661978
3610    -7.0271530813     0.3887393065    -0.4090559664
3611    -3.2558503674    -0.0000000000    -0.7934782609
3612    -6.6611358348     0.3099231331    -0.6595366941
3613    -3.4161297851     0.0874783120    -0.7795700902
3614    -3.4647478487    -0.0000000000    -0.7934782609
3615    -3.3601544227    -0.0000000000    -0.7934782609
3616    -2.7576458845     0.0832279892    -0.7804912319
3617    -7.4318702771     0.3047087474    -0.4748482819
3618    -6.1410385411     0.1751912656    -0.7508266881
3619    -5.8303545613     0.1101244422    -0.7758611146
3620    -2.8269190337     0.3308318886    -0.5492476865
3621    -2.6725521686     0.3295623682    -0.5496717457
3622    -7.6744745227     0.2066480080    -0.5920410506
3623    -7.7107050757     0.2095216641    -0.5151569652
3624    -6.2810474864     0.4431818182    -0.2917899449
3625    -6.1264309215     0.4431818182    -0.2730910233
3626    -3.3121411049     0.0666145058    -0.7854041596
3627    -7.7530302212     0.1775985389    -0.5851951789
3628    -7.1677142098     0.3572510904    -0.5073291131
3629    -3.5304229122     0.1390161875    -0.7580584462
3630    -2.1331272933     0.2202921930    -0.6944583729
3631    -5.8748730089    -0.0000000000    -0.7934782609
3632    -6.2923176265     0.4292407719    -0.4181547148
3633    -4.9188111970     0.0913955683    -0.7799203647
3634    -6.8457697209     0.1221961165    -0.7827406431
3635    -6.8900874283     0.0000000000    -0.8008849647
3636    -6.9635367197     0.0866036759    -0.7916930733
3637    -7.5064461874     0.2473688186    -0.6168504340
3638    -7.3458599026     0.0878112419    -0.7728482171
3639    -3.7239407713     0.0673736954    -0.7854141479
3640    -7.9072168853     0.0745629652    -0.6105075791
3641    -7.8812311500    -0.0000000000    -0.6572083974
3642    -7.8345774813     0.0571799801    -0.6658513219
3643    -2.5304285228     0.3364306971    -0.5350733041
3644    -4.9071203022     0.2527213869    -0.6831095136
3645    -6.5635081004     0.0974867348    -0.7854922366
3646    -5.0037805694     0.4431818182    -0.1759865766
3647    -5.1108772855     0.4361366632    -0.2900903485
3648    -7.4524910203     0.2870769136    -0.5578912764
3649    -7.4299406773     0.2629042210    -0.6226037076
3650    -2.1586333608     0.2765907026    -0.6297325589
3651    -6.8012118585     0.0599902476    -0.7962258319
3652    -4.6962110944     0.0686296041    -0.7856962072
3653    -4.6378662073    -0.0000000000    -0.7934782609
3654    -5.9362810952     0.0767724774    -0.7851292530
3655    -3.5003647574     0.0567072045    -0.7876985814
3656    -2.5831871453     0.2894163982    -0.6141742027
3657    -4.5494964402     0.0871183730    -0.7807493118
3658    -2.5975050800     0.0563135846    -0.7875404914
3659    -6.9227347221     0.3943858241    -0.4788306154
3660    -6.2980113123     0.0743222084    -0.7864824235
3661    -4.3871775588     0.0475402669    -0.7896549072
3662    -7.9685693120    -0.0649630006    -0.5411320963
3663    -3.6598565526    -0.0752234694    -0.7833704898
3664    -6.8006372073    -0.4172776228    -0.3715619651
3665    -6.7908148385    -0.4111289212    -0.4515448620
3666    -6.6804065884    -0.4280255815    -0.3520039665
3667    -4.9204261978    -0.1506936229    -0.7561580012
3668    -4.9854410510    -0.0769524821    -0.7839460464
3669    -3.7849648260    -0.4341841319    -0.2394466043
3670    -3.5973341045    -0.4427705732    -0.1165613772
3671    -4.1436148024    -0.1519876247    -0.7527850721
3672    -4.2272735719    -0.0767068643    -0.7833682959
3673    -3.8522114713    -0.0895986006    -0.7792756153
3674    -3.9481949419    -0.0729453816    -0.7841552407
3675    -2.5735919052    -0.1299981760    -0.7610593190
3676    -2.5370865426    -0.4107544263    -0.3311630213
3677    -2.2988770708    -0.4140054156    -0.3138590682
3678    -2.4839485882    -0.4370202965    -0.1742480045
3679    -2.9160553740    -0.4117775081    -0.3346764973
3680    -2.7474431494    -0.4011895489    -0.3715845262
3681    -2.8598882787    -0.4389610857    -0.1614063135
3682    -1.9164290805    -0.3426266892    -0.5189960727
3683    -2.0133064908    -0.3536896199    -0.4953649147
3684    -1.9164290805    -0.2688532892    -0.6395844366
3685    -1.9164290805    -0.3995367286    -0.3682135028
3686    -2.0041339299    -0.1196548100    -0.7657843616
3687    -1.9164290805    -0.0955337183    -0.7759774644
3688    -2.8851953233    -0.2634799228    -0.6508261669
3689    -2.7939316826    -0.1744176926    -0.7344481865
3690    -2.7213934243    -0.2510355745    -0.6643114878
3691    -3.9049943162    -0.4003715947    -0.4057539277
3692    -3.7916750435    -0.3474809397    -0.5347498023
3693    -3.7186167757    -0.4057226665    -0.3811682638
3694    -4.2065895132    -0.2578365875    -0.6700931938
3695    -4.3584685174    -0.2744843932    -0.6536210270
3696    -4.2750935339    -0.1737668777    -0.7404213719
3697    -4.0561439416    -0.2568452905    -0.6695212309
3698    -2.5081722373    -0.2492080548    -0.6652073492
3699    -2.6153871238    -0.2183454647    -0.6977285153
3700    -2.6065093665    -0.3016946199    -0.5960647205
3701    -2.6863278918    -0.1604810801    -0.7436178140
3702    -3.4201445681    -0.3734864600    -0.4688477081
3703    -3.5077978642    -0.3213110228    -0.5762567270
3704    -3.3362123795    -0.3144908984    -0.5846577134
3705    -5.4979692644    -0.2794957754    -0.6646964814
3706    -5.6239538589    -0.2652548308    -0.6807220449
3707    -5.5661259037    -0.1865842057    -0.7396972251
3708    -5.4635948603    -0.3679532897    -0.5399779592
3709    -5.6303924151    -0.3491569647    -0.5782253162
3710    -5.4404737725    -0.1647152460    -0.7512107598
3711    -7.2278312899    -0.2438371598    -0.6933390647
3712    -7.3280913125    -0.2877571311    -0.6160624483
3713    -7.3524529591    -0.2341268723    -0.6818117637
3714    -2.3441013849    -0.1734142741    -0.7341689938
3715    -2.2165404107    -0.1623688742    -0.7416289909
3716    -2.2564988153    -0.2621660096    -0.6487248932
3717    -5.0051771726    -0.2458909292    -0.6905626559
3718    -4.8770690130    -0.2521731326    -0.6832856605
3719    -6.7792594481    -0.3113440266    -0.6564254377
3720    -6.7046617657    -0.3904989482    -0.5323227143
3721    -6.8478787817    -0.3790989175    -0.5435258877
3722    -4.6639692340    -0.3876015980    -0.4689887676
3723    -4.8495905371    -0.3951210714    -0.4552243468
3724    -4.8172286326    -0.3422931837    -0.5680212270
3725    -6.4580317597    -0.1416500946    -0.7701887206
3726    -4.4726181991    -0.2469681070    -0.6838885979
3727    -4.5195810303    -0.1485741294    -0.7558378322
3728    -4.3944015838    -0.1746896014    -0.7403801045
3729    -7.2106470925    -0.1257418279    -0.7715991953
3730    -3.2089039345    -0.2512207460    -0.6676228527
3731    -3.2877379158    -0.1666020449    -0.7412376785
3732    -3.1801820250    -0.1406917256    -0.7564000815
3733    -4.2790166463    -0.4035871602    -0.4080005006
3734    -4.4771386401    -0.3996967800    -0.4278461704
3735    -4.3784826979    -0.3573412315    -0.5293093695
3736    -7.4958031390    -0.0915518437    -0.7517210126
3737    -2.1239585508    -0.3933000533    -0.3899420181
3738    -7.0973587991    -0.2037737046    -0.7385411131
3739    -7.2251596433    -0.3214609052    -0.5849807415
3740    -3.7385520668    -0.2592201266    -0.6636288091
3741    -3.6553378276    -0.3473971839    -0.5319904632
3742    -6.9437074202    -0.0855671443    -0.7920768810
3743    -6.8483839084    -0.0924269705    -0.7906781470
3744    -6.9378730057    -0.1857206148    -0.7555899695
3745    -5.0859973596    -0.1673131018    -0.7480145532
3746    -5.4077412879    -0.4431818182    -0.2067467061
3747    -5.2821608562    -0.4384102931    -0.2805726318
3748    -5.2084702414    -0.4431818182    -0.1911565078
3749    -6.2576080033    -0.3883831164    -0.5320980240
3750    -6.3264163129    -0.4288433298    -0.4231096300
3751    -6.4085623738    -0.3895584217    -0.5378968301
3752    -6.4543790800    -0.4275188656    -0.4329521648
3753    -6.4222165213    -0.4414518787    -0.3118993726
3754    -6.0253841409    -0.1054954669    -0.7779340970
3755    -6.1280488403    -0.1265101567    -0.7715645954
3756    -3.0538236499    -0.2671124005    -0.6477995762
3757    -2.9925670834    -0.1795175019    -0.7313971693
3758    -3.0013944609    -0.3459486150    -0.5225089660
3759    -3.1659388307    -0.3350134948    -0.5465261586
3760    -3.2337233343    -0.4410493260    -0.1432378245
3761    -3.4198185981    -0.4420120349    -0.1311431589
3762    -3.3809524042    -0.4218153254    -0.3017138479
3763    -4.7941680690    -0.4431818182    -0.1612520742
3764    -5.0037811790    -0.4431818182    -0.1759866206
3765    -4.9465759436    -0.4295433440    -0.3259436090
3766    -5.1328895172    -0.3996047427    -0.4534491230
3767    -4.9676743743    -0.3795488112    -0.4990805390
3768    -6.1028845035    -0.3719511088    -0.5559634561
3769    -6.2154853697    -0.3204889624    -0.6357216880
3770    -4.6652297489    -0.3188663522    -0.6013712203
3771    -6.6399681152    -0.3225898695    -0.6448554050
3772    -7.6163199560    -0.1927818893    -0.6484199881
3773    -7.6184291063    -0.1032876151    -0.7208427164
3774    -7.5199077110    -0.1832945223    -0.6917425634
3775    -7.7379063233    -0.0798195487    -0.6953913318
3776    -7.7008021091    -0.1440083908    -0.6651326650
3777    -4.1826814745    -0.4431818182    -0.1225037903
3778    -4.1535139357    -0.4326072424    -0.2671807016
3779    -4.0285756546    -0.4431818182    -0.1137064360
3780    -2.1070235936    -0.0863040392    -0.7792560490
3781    -2.2029262254    -0.0727349607    -0.7834321081
3782    -2.0913081866    -0.1655665496    -0.7393673677
3783    -7.4231519338    -0.1833045664    -0.7140952800
3784    -7.4521706000    -0.2672803313    -0.6055796573
3785    -2.8497962273    -0.0782755437    -0.7820491364
3786    -3.3344761518    -0.0831181278    -0.7808770725
3787    -3.4405380540    -0.0821675554    -0.7812401146
3788    -3.0782184481    -0.1052172876    -0.7728851530
3789    -4.4505908612    -0.0826034416    -0.7819478459
3790    -3.5498284861    -0.0849765104    -0.7804653270
3791    -2.2993313511    -0.0850696780    -0.7797096617
3792    -2.4886722093    -0.0785702876    -0.7818124521
3793    -2.6702240902    -0.0774662888    -0.7822083894
3794    -6.9160969254    -0.4041434613    -0.3906181439
3795    -5.5531606822    -0.4090565235    -0.4433603894
3796    -5.7117352397    -0.4022894816    -0.4710149427
3797    -5.8497835356    -0.4021171771    -0.4781536688
3798    -5.8139815819    -0.3464441629    -0.5879433980
3799    -3.7414284795    -0.1366138612    -0.7597805016
3800    -4.0375784831    -0.0878756154    -0.7799972516
3801    -7.5260894304    -0.2770191963    -0.4892253373
3802    -7.4318703375    -0.3047087309    -0.4748482913
3803    -4.0897544696    -0.4011488571    -0.4094066879
3804    -4.0064140924    -0.3432172274    -0.5475511571
3805    -4.1489294582    -0.3440109890    -0.5492674457
3806    -6.1024494041    -0.2898806797    -0.6660020394
3807    -5.9617206415    -0.3065625770    -0.6446179847
3808    -5.9204563276    -0.1882486044    -0.7415876821
3809    -6.0483008357    -0.2117474566    -0.7286692169
3810    -3.8958207095    -0.2668474036    -0.6567243706
3811    -3.8982328878    -0.3421670201    -0.5471515020
3812    -7.7900661695    -0.1404376300    -0.6201062236
3813    -7.8866930120    -0.1204592525    -0.5349837578
3814    -7.8794068887    -0.1068301276    -0.5942379198
3815    -7.8001835790    -0.1682122587    -0.5260735371
3816    -6.6873024314    -0.2536166918    -0.7125455285
3817    -6.5580480414    -0.2385370610    -0.7218280818
3818    -6.7814351891    -0.1737305339    -0.7625402902
3819    -7.2366434949    -0.3513693496    -0.4436366014
3820    -7.2995323383    -0.3285398212    -0.5306368365
3821    -7.3355271986    -0.3293613068    -0.4596329779
3822    -7.3813430203    -0.3083675996    -0.5424427882
3823    -3.0821319019    -0.4002487651    -0.3823137108
3824    -3.2689827845    -0.3841981545    -0.4368012050
3825    -6.5736441306    -0.1112798502    -0.7821950688
3826    -6.6608549785    -0.1736485854    -0.7612176914
3827    -4.6551152281    -0.1217194122    -0.7686968193
3828    -5.1692710310    -0.3353918925    -0.5876637671
3829    -5.0553313016    -0.3347310251    -0.5859712911
3830    -5.1250081734    -0.2627558220    -0.6760873813
3831    -6.2848051820    -0.2582631516    -0.6994858568
3832    -6.3538050554    -0.3233589099    -0.6376838025
3833    -6.3435087203    -0.1766533666    -0.7530386963
3834    -6.5007743431    -0.3384306994    -0.6234074314
3835    -4.7879756530    -0.1143504568    -0.7719052082
3836    -6.5546271804    -0.4361989656    -0.3320569347
3837    -6.6249984589    -0.4239943618    -0.4325328322
3838    -2.6722312130    -0.4379509114    -0.1683645760
3839    -3.0470979243    -0.4400104363    -0.1531435671
3840    -4.2687454313    -0.3361650092    -0.5658369206
3841    -6.9102864460    -0.3195441670    -0.6400533570
3842    -2.3976551284    -0.3841967829    -0.4204776067
3843    -2.4773664770    -0.3427041695    -0.5220178638
3844    -3.1071167038    -0.1956336006    -0.7195671811
3845    -2.2794244236    -0.3497223180    -0.5054804077
3846    -3.9835279156    -0.4319188517    -0.2646298473
3847    -3.8975666936    -0.4431818182    -0.1065382484
3848    -5.9599223884    -0.3838255327    -0.5266237238
3849    -5.8274773787    -0.2555547598    -0.6925904322
3850    -5.7262321918    -0.2889035815    -0.6589067029
3851    -5.6970910382    -0.1923107415    -0.7372487790
3852    -3.5512645564    -0.3945445508    -0.4135898004
3853    -3.6172777337    -0.2702930028    -0.6495765042
3854    -2.1418379778    -0.2357619678    -0.6787499518
3855    -2.1163339335    -0.3142619816    -0.5724690626
3856    -5.3551805307    -0.2511729906    -0.6899088167
3857    -5.2206447322    -0.1075928271    -0.7752223409
3858    -6.1999789676    -0.2075961980    -0.7335145372
3859    -5.2265551996    -0.2082136561    -0.7229946397
3860    -5.3222903892    -0.1472932444    -0.7593675781
3861    -6.5512615762    -0.4077147183    -0.4971048894
3862    -3.5729619938    -0.4304991345    -0.2580753648
3863    -4.6987710503    -0.2167736424    -0.7123874919
3864    -4.8063983539    -0.2006129892    -0.7253147737
3865    -2.7446297597    -0.3288378457    -0.5518640871
3866    -3.9477146899    -0.1688641772    -0.7421436030
3867    -4.0459464948    -0.1664128364    -0.7440504681
3868    -7.1339926660    -0.3711331296    -0.4267662139
3869    -7.0446259656    -0.3738142816    -0.5089643861
3870    -7.0271531940    -0.3887392894    -0.4090559852
3871    -4.3498735549    -0.0867190630    -0.7806586373
3872    -4.5150124488    -0.3357578000    -0.5719371063
3873    -2.3978941229    -0.0841969081    -0.7800257261
3874    -2.4576759870    -0.1695886043    -0.7370641095
3875    -2.3834837763    -0.2699554026    -0.6394223278
3876    -3.8320157219    -0.1825676661    -0.7325763125
3877    -2.7534206337    -0.0884899189    -0.7787723635
3878    -2.8943072129    -0.1570850735    -0.7462285284
3879    -3.5075589271    -0.1636691424    -0.7438250076
3880    -3.6291332424    -0.1756963940    -0.7364228110
3881    -3.5327513992    -0.2388188862    -0.6833087168
3882    -4.9403641082    -0.3122738342    -0.6159988790
3883    -3.3989765823    -0.1607125485    -0.7453273066
3884    -6.1838994038    -0.4282522846    -0.4120357105
3885    -7.0315000970    -0.3315573110    -0.6095257051
3886    -6.9543468031    -0.3626348593    -0.5636294723
3887    -2.0219522906    -0.2281441525    -0.6865093876
3888    -7.0037934409    -0.2680902980    -0.6922447177
3889    -7.1257534917    -0.2946118008    -0.6499745829
3890    -5.2512198531    -0.2904843228    -0.6486517607
3891    -3.3304289874    -0.2351192189    -0.6854721255
3892    -3.4338196615    -0.2442056565    -0.6769964299
3893    -6.1264312126    -0.4431818182    -0.2730910556
3894    -6.2810477351    -0.4431818182    -0.2917899783
3895    -4.7685581295    -0.2762139898    -0.6572150262
3896    -5.3482984574    -0.4186988211    -0.3988978722
3897    -5.2929983025    -0.3643603329    -0.5414614377
3898    -6.8747272458    -0.2522047610    -0.7122097781
3899    -5.8255555025    -0.4325002852    -0.3623298296
3900    -5.9614921889    -0.4276942135    -0.3969989278
3901    -4.5859513576    -0.2438513964    -0.6880097298
3902    -5.9610722504    -0.4431818182    -0.2557698517
3903    -5.7851086467    -0.4431818182    -0.2390229629
3904    -1.9164290805    -0.1846728364    -0.7253632800
3905    -7.7201294877    -0.1859312801    -0.5977928395
3906    -3.1904605797    -0.4232925343    -0.2881311538
3907    -7.1249816600    -0.3497696746    -0.5519231954
3908    -5.3910708085    -0.3195397987    -0.6155245598
3909    -5.5037635309    -0.4349132350    -0.3244104686
3910    -5.6002209228    -0.4431818182    -0.2226958970
3911    -5.1399625082    -0.4329746102    -0.3152000689
3912    -5.6148700019    -0.0953569668    -0.7798507468
3913    -6.2417748876    -0.0917974548    -0.7824710199
3914    -7.6595994289    -0.2208003984    -0.5695591227
3915    -4.5760704913    -0.4290938569    -0.3098631700
3916    -7.3864950439    -0.1068839243    -0.7621235591
3917    -7.1052742343    -0.0927458230    -0.7872127489
3918    -7.0211077320    -0.1266759356    -0.7796299236
3919    -7.7107051070    -0.2095216508    -0.5151569692
3920    -7.6191579973    -0.2455051251    -0.5027521560
3921    -4.5815091899    -0.4431818182    -0.1470767788
3922    -4.4304130788    -0.4327855124    -0.2788350811
3923    -4.3677915843    -0.4431818182    -0.1335858568
3924    -4.7382191206    -0.4374638242    -0.2566958540
3925    -4.7978601362    -0.4183180955    -0.3739272311
3926    -4.6943809268    -0.4216099736    -0.3546057132
3927    -5.8421475088    -0.0910954853    -0.7814873841
3928    -7.5721829904    -0.2491168168    -0.5724259763
3929    -5.3715323959    -0.0790562781    -0.7838285326
3930    -7.3098724684    -0.0771968966    -0.7789590169
3931    -7.3096402888    -0.1695488912    -0.7411226882
3932    -7.8322372924    -0.0839206129    -0.6514862711
3933    -6.4381257139    -0.2583724161    -0.7039742108
3934    -7.8126386785    -0.0424098329    -0.6812050796
3935    -6.0642422040    -0.4376276112    -0.3479887681
3936    -6.0633136753    -0.4146674787    -0.4533986592
3937    -6.5997753569    -0.3701059440    -0.5767236765
3938    -2.8665991220    -0.3526728432    -0.5062126291
3939    -7.5351360931    -0.2318091388    -0.6294309967
3940    -7.1833042253    -0.3557795379    -0.5025226737
3941    -2.6232135625    -0.3667130574    -0.4701846367
3942    -5.1409726825    -0.0707753154    -0.7855467862
3943    -7.9317836662    -0.0512785267    -0.6116799922
3944    -5.7348514662    -0.1013919624    -0.7783309856
3945    -5.8031864241    -0.1705484691    -0.7503329471
3946    -4.2932203509    -0.4356396050    -0.2500414650
3947    -6.6845564251    -0.0823717995    -0.7909520894
3948    -5.6687622760    -0.4344160102    -0.3391532564
3949    -5.9363938883    -0.0758117729    -0.7853381265
3950    -6.9540550715    -0.3910354842    -0.4797948647
3951    -5.0728798206    -0.0829884268    -0.7824821283
3952    -5.5074540850    -0.0927864169    -0.7803897501
3953    -3.2391681224    -0.0824911568    -0.7810041095
3954    -2.9704311543    -0.0836393217    -0.7804791701
3955    -5.6866713072    -0.0476541239    -0.7901253540
3956    -4.5833296252    -0.0680233298    -0.7857589722
3957    -7.9691720428    -0.0000000000    -0.4778239030
3958    -6.7569362056    -0.3907011116    -0.2163717149
3959    -6.9759587945    -0.3544109354    -0.2394354582
3960    -7.0492305393    -0.3729834743    -0.3297021045
3961    -4.2907333851    -0.4285693878     0.0647509462
3962    -2.3579807068    -0.4324025814     0.1177884068
3963    -2.1374157588    -0.4320754578     0.1229736797
3964    -2.2501369518    -0.3896925842     0.3111294655
3965    -5.1020462106    -0.0000000000     0.4460125591
3966    -5.0701410360    -0.0882010271     0.4380783622
3967    -4.9970898537    -0.0000000000     0.4610714701
3968    -4.1967268215    -0.3741241064     0.2594459270
3969    -4.1454783182    -0.4170994755     0.1311732251
3970    -4.0400422233    -0.3834186404     0.2486199184
3971    -3.9313128048    -0.4428744486    -0.0686481789
3972    -4.1251916735    -0.4381541876     0.0019550554
3973    -3.8598920932    -0.4431718039    -0.0837838175
3974    -4.0190637355    -0.4253672326     0.0996281886
3975    -3.8844182918    -0.4175343311     0.1455178419
3976    -3.8783616437    -0.3894965790     0.2433982350
3977    -3.7143724870    -0.3927966408     0.2442184554
3978    -3.6285233884    -0.4354320033     0.0529114200
3979    -3.5473518077    -0.3933405449     0.2522889648
3980    -3.7842886496    -0.4366359062     0.0347488735
3981    -3.4419322609    -0.4344934550     0.0689999744
3982    -3.9117424993    -0.4382253454     0.0125316776
3983    -4.4154704765    -0.4015119336     0.1684109739
3984    -4.3471752443    -0.3609426968     0.2753002207
3985    -3.2300640305    -0.4337948196     0.0830833835
3986    -3.3782601994    -0.3890485717     0.2741752745
3987    -3.2109147749    -0.3802780799     0.3071500347
3988    -1.9164290805    -0.4316377049     0.1271784075
3989    -2.0719268059    -0.3860507556     0.3242914013
3990    -1.9164290805    -0.1757598601     0.6451367934
3991    -2.0350146328    -0.1997258968     0.6255429773
3992    -1.9164290805    -0.2621424144     0.5611442013
3993    -7.1689570463     0.0000000000    -0.0891457041
3994    -7.2474999859    -0.0892170498    -0.1278710699
3995    -7.1361218024    -0.1579806041    -0.1094681837
3996    -7.0345165825     0.0000000000    -0.0419273428
3997    -6.9431912184    -0.1339184474    -0.0310639070
3998    -6.8959476879     0.0000000000     0.0050050729
3999    -6.8959573136    -0.2847899859    -0.1094980683
4000    -7.0395589487    -0.2765001227    -0.1573542290
4001    -5.3937752524    -0.2136586826     0.3277603304
4002    -5.4445553070    -0.3254959242     0.2086938798
4003    -5.3299387022    -0.2936231411     0.2646215386
4004    -5.5433921731    -0.3826152203     0.0976988216
4005    -5.6568932692    -0.3363307303     0.1615038273
4006    -5.7096389292    -0.3961318724     0.0424463130
4007    -7.4120121125    -0.2128742315    -0.2648396591
4008    -7.5173718085    -0.1946814510    -0.3042070351
4009    -7.4445847279    -0.2642975413    -0.3496282695
4010    -7.6578316790    -0.0852472696    -0.3062828912
4011    -7.5515312129    -0.0926406580    -0.2563039932
4012    -7.6244529636    -0.0000000000    -0.2737615144
4013    -5.6790738824    -0.4349138952    -0.0994324299
4014    -7.2966357697     0.0000000000    -0.1362247941
4015    -7.4156187675     0.0000000000    -0.1827895581
4016    -7.3678992703    -0.1136506237    -0.1828421445
4017    -6.3900879222    -0.3227270047     0.0198403164
4018    -6.4520388881    -0.2047660408     0.0991746457
4019    -6.5273848959    -0.2976447709     0.0043485571
4020    -7.8044423956    -0.0000000000    -0.3675196485
4021    -7.8887715164    -0.0000000000    -0.4197578241
4022    -7.8452123851    -0.0996283348    -0.4343457686
4023    -5.0184932587    -0.3048244117     0.2928366756
4024    -5.1068017701    -0.3559226751     0.2061875049
4025    -4.9422898931    -0.3839806480     0.1675122168
4026    -5.1461396580    -0.2537895206     0.3310240866
4027    -5.3296060096    -0.3606229705     0.1698279315
4028    -5.2254991009    -0.3245162127     0.2403134949
4029    -5.2673411854    -0.2106912530     0.3489309207
4030    -5.2328928113    -0.4008286326     0.0920569450
4031    -7.0112189612    -0.2064041095    -0.0889897251
4032    -7.0653686762    -0.0982441430    -0.0634796858
4033    -7.2425981727    -0.3346432644    -0.3567550529
4034    -5.0535438109    -0.1896243848     0.3937260984
4035    -4.9245132278    -0.1757026075     0.4198774087
4036    -4.9771446525    -0.0940373232     0.4494641597
4037    -6.2556498305    -0.1012097862     0.2058478180
4038    -6.1433901082    -0.1143041364     0.2337822342
4039    -6.2335911429    -0.0000000000     0.2262192175
4040    -1.9164290805    -0.3351160669     0.4471100437
4041    -1.9164290805    -0.3927721693     0.3040257507
4042    -4.7484500272    -0.2826206491     0.3518646174
4043    -4.7829297190    -0.3524569643     0.2490464980
4044    -4.6301865631    -0.3165252132     0.3223029399
4045    -5.5755673485    -0.3004029800     0.2201938941
4046    -5.5852065240    -0.1918125618     0.3114508148
4047    -5.7001071999    -0.2276243579     0.2672292905
4048    -4.7931076874    -0.4072344396     0.1175842505
4049    -6.4230659086    -0.4269140766    -0.1955784943
4050    -6.3302122373    -0.4138980298    -0.1242655067
4051    -6.4383153838    -0.3735564367    -0.0673882049
4052    -5.1689311210    -0.1274482769     0.4100310879
4053    -5.2116880631    -0.0000000000     0.4297010560
4054    -5.5438971027    -0.0000000000     0.3760406216
4055    -5.4887360321    -0.1079707386     0.3673777303
4056    -5.4325152489    -0.0000000000     0.3948218420
4057    -7.3242118025    -0.2184575635    -0.2267168998
4058    -5.8881342128    -0.3859140488     0.0375794576
4059    -5.8402543555    -0.3372571750     0.1296199078
4060    -5.9623552740    -0.3032122000     0.1493846355
4061    -2.8655191023    -0.3999275226     0.2617929023
4062    -2.6415736777    -0.3924548765     0.2936858912
4063    -2.7203585930    -0.3275923991     0.4442764358
4064    -6.8661944115    -0.3578947834    -0.1955218010
4065    -6.7473107564    -0.3231497962    -0.0979053547
4066    -6.4324148446    -0.0940523324     0.1481338423
4067    -6.5447720569    -0.0994847904     0.1099035144
4068    -6.6621301667    -0.2495740611     0.0026798722
4069    -6.5686905714    -0.1964472248     0.0664540172
4070    -6.7775604432    -0.2513808674    -0.0373835344
4071    -6.8714258476    -0.3953054968    -0.2881757654
4072    -5.1581343609    -0.4354007232    -0.0476057491
4073    -2.1593507404    -0.2251771403     0.6002803528
4074    -2.1132251765    -0.3110800413     0.4892551580
4075    -6.6635432757    -0.1158206376     0.0671729188
4076    -6.6174556207     0.0000000000     0.0968656014
4077    -6.7558494832     0.0000000000     0.0513932137
4078    -7.5251899832     0.0000000000    -0.2287474809
4079    -6.6434786391    -0.4159667673    -0.2406584358
4080    -4.9358738926    -0.4334079903    -0.0137330235
4081    -5.0765999844    -0.4098066273     0.0814339659
4082    -2.5778918672    -0.4326818491     0.1114575316
4083    -2.7967283721    -0.4329672561     0.1037831366
4084    -5.3462210324    -0.4356145570    -0.0673363612
4085    -6.6303802860    -0.3606027641    -0.1090581346
4086    -6.5199628255    -0.3835670082    -0.1116920598
4087    -6.3327613502    -0.1620920056     0.1589310555
4088    -6.2474370219    -0.2678293928     0.1183952984
4089    -6.1900188051    -0.2099072613     0.1769037801
4090    -6.1674885648    -0.3521832777     0.0425423975
4091    -6.0961128774    -0.2932035567     0.1320450822
4092    -2.2890719314    -0.2513414509     0.5693321865
4093    -6.7588261325    -0.1492454483     0.0255272737
4094    -6.8471570266    -0.1947979076    -0.0243019127
4095    -5.7535244927    -0.3158766213     0.1727428828
4096    -5.8381127868    -0.2444645718     0.2290710834
4097    -2.4455764222    -0.3834692027     0.3259874000
4098    -4.6247648286    -0.4244453983     0.0630491130
4099    -4.6654270881    -0.3813065852     0.2016102126
4100    -2.8784240783    -0.3490303179     0.3961471190
4101    -6.0332083374    -0.3715841097     0.0392063350
4102    -2.5694017364    -0.3034876050     0.4904265373
4103    -2.4257850172    -0.2777602657     0.5324942568
4104    -6.0548940769    -0.2104155781     0.2093710715
4105    -7.7166058728    -0.0000000000    -0.3193815113
4106    -5.3962019247    -0.4033364546     0.0655141269
4107    -4.8468539087    -0.2375105086     0.3848324894
4108    -4.8870429779    -0.3045423462     0.3092481246
4109    -4.4926672831    -0.3424078480     0.2962356563
4110    -5.5263330995    -0.4293247844    -0.0480039833
4111    -7.6564463520    -0.1595714022    -0.3543190276
4112    -7.7351328254    -0.1359769388    -0.3849131167
4113    -4.4704474400    -0.4335205813     0.0206663987
4114    -4.7441527080    -0.4367137638    -0.0240737272
4115    -5.9976764339    -0.0000000000     0.2873594998
4116    -6.1146114750    -0.0000000000     0.2593074339
4117    -6.0347209478    -0.1044736713     0.2633134607
4118    -7.6624917413    -0.2083555289    -0.4257579579
4119    -6.1040681314    -0.4200890979    -0.0932647700
4120    -6.2824578551    -0.3737520058    -0.0217215212
4121    -6.2163155509    -0.4077445670    -0.0784961865
4122    -7.1008700652    -0.3200306261    -0.2404376423
4123    -7.1525091711    -0.3460367142    -0.3213811776
4124    -7.2250601244    -0.2824947228    -0.2481483284
4125    -7.1534178388    -0.2456646420    -0.1747549819
4126    -7.2478657956    -0.1821600096    -0.1662437989
4127    -5.3218274445    -0.0000000000     0.4126661671
4128    -5.3613098577    -0.1072002490     0.3883196384
4129    -6.5394490582    -0.4223644955    -0.2199128389
4130    -6.3549889689     0.0000000000     0.1849432851
4131    -6.3489502955    -0.2551444358     0.0979276634
4132    -6.2826806930    -0.3227499279     0.0522321957
4133    -6.4833034512     0.0000000000     0.1413162923
4134    -7.3337529779    -0.2889867348    -0.3187596840
4135    -4.5401006434    -0.3921746530     0.1853653794
4136    -4.9691899450    -0.2455658290     0.3621135614
4137    -5.8289351860    -0.4274129282    -0.0778350411
4138    -5.9715335303    -0.4155556545    -0.0541894505
4139    -5.9703471070    -0.4383801220    -0.1643146377
4140    -6.8423430075    -0.0880900890     0.0147702197
4141    -5.7689463961    -0.0000000000     0.3350094025
4142    -5.6510801539    -0.0999707965     0.3418943508
4143    -5.6560623024    -0.0000000000     0.3561652699
4144    -7.5333845407    -0.2469467456    -0.3853244897
4145    -5.8045261977    -0.1285161121     0.3034432701
4146    -5.8831244292    -0.0000000000     0.3121659306
4147    -7.7338623137    -0.1873509341    -0.4592080099
4148    -7.7363447795    -0.0592700602    -0.3391908049
4149    -5.9330775270    -0.0835068627     0.2915074247
4150    -5.9372208545    -0.1889024772     0.2478695086
4151    -3.0142659087    -0.4333154052     0.0944728201
4152    -3.0438912443    -0.3669320427     0.3488448316
4153    -3.0835354696    -0.4109695557     0.2124423335
4154    -2.3048561089    -0.3305364296     0.4515515606
4155    -6.2146853010    -0.4355897791    -0.1846196309
4156    -5.4884305201    -0.1873489852     0.3302048087
4157    -5.5014496052    -0.2514970333     0.2808925350
4158    -7.3892552151    -0.3046302765    -0.3975881497
4159    -7.4861940420    -0.2796272254    -0.4215844863
4160    -7.5948953005    -0.1466719307    -0.3068627722
4161    -7.5940351227    -0.2051106427    -0.3642102605
4162    -7.7843924742    -0.1540846194    -0.4489428347
4163    -7.9199239602    -0.0683708297    -0.4707530112
4164    -7.5889769387    -0.2459339885    -0.4379149529
4165    -7.4673343591    -0.0673605402    -0.2112356980
4166    -7.4665801861    -0.1456644788    -0.2410374409
4167    -7.7867125711    -0.0762373084    -0.3759787022
4168    -5.2664887899    -0.0915927854     0.4080063997
4169    -2.3343920605     0.3469458688     0.4182253361
4170    -2.5555195378     0.3707949582     0.3574617543
4171    -2.4246574429     0.2775491171     0.5328128312
4172    -1.9164290805     0.3927721693     0.3040257507
4173    -2.1378527061     0.4320761877     0.1229644638
4174    -2.1165043633     0.3742478075     0.3571340767
4175    -6.6978652594     0.4175825492    -0.2753158007
4176    -4.9766379733     0.0952290503     0.4491655072
4177    -5.0700536325     0.0887100470     0.4379450135
4178    -4.2894921060     0.4325887282     0.0391627830
4179    -4.1245475637     0.4383047837     0.0003947002
4180    -4.1966093788     0.3741330799     0.2594345202
4181    -4.1570576281     0.4168869020     0.1313135929
4182    -4.3681072715     0.4018223241     0.1711738474
4183    -4.0199799326     0.4253546207     0.0996415268
4184    -3.9127651548     0.4382424352     0.0122962633
4185    -4.0014346447     0.4411759765    -0.0308500295
4186    -3.8785978196     0.3894899441     0.2434013266
4187    -3.8851714847     0.4175281598     0.1455009940
4188    -4.0400479319     0.3834188395     0.2486189855
4189    -3.9313134805     0.4428744438    -0.0686480112
4190    -3.7863809736     0.4366562339     0.0344567529
4191    -3.7146775101     0.3927907927     0.2442174113
4192    -3.5473485336     0.3933398574     0.2522912393
4193    -3.6316113903     0.4354513181     0.0526031697
4194    -3.3782712455     0.3890490147     0.2741734070
4195    -3.4451756060     0.4345067160     0.0687546628
4196    -3.2109211681     0.3802786308     0.3071482432
4197    -3.2330336698     0.4338027960     0.0829081349
4198    -3.8598912835     0.4431718054    -0.0837839669
4199    -3.0438912443     0.3669320427     0.3488448316
4200    -3.0167491225     0.4333200396     0.0943548918
4201    -2.5792260832     0.4326835108     0.1114151713
4202    -2.4316839754     0.4010320974     0.2701626463
4203    -2.3588620540     0.4324037542     0.1177654953
4204    -1.9164290805     0.1757598601     0.6451367934
4205    -1.9164290805     0.2621424144     0.5611442013
4206    -2.0346721245     0.1996555911     0.6256063625
4207    -4.8461142942     0.2379499249     0.3845422901
4208    -4.8855352005     0.3057996406     0.3078264447
4209    -4.9236956406     0.1765942122     0.4194500589
4210    -1.9164290805     0.4316377049     0.1271784075
4211    -1.9164290805     0.3351160669     0.4471100437
4212    -7.0784442714     0.1044513915    -0.0696406658
4213    -6.9426526902     0.1314693509    -0.0300798743
4214    -7.1771467511     0.1375343744    -0.1163234468
4215    -7.1677938135     0.2325141653    -0.1692716741
4216    -7.2714728939     0.1653003869    -0.1662685794
4217    -6.8107109305     0.1412454272     0.0111870524
4218    -5.5533626003     0.3857636665     0.0893827959
4219    -5.7198264368     0.3909727667     0.0533331219
4220    -5.6583407475     0.3388425483     0.1576560576
4221    -6.7438518578     0.3051563011    -0.0756637438
4222    -6.6474411078     0.3923680812    -0.1752069545
4223    -6.7810315899     0.3812910435    -0.2050305324
4224    -7.4205115229     0.2086011514    -0.2651773134
4225    -7.4735192041     0.2637181460    -0.3699704125
4226    -7.5298819972     0.1852523118    -0.3023082123
4227    -5.6268891598     0.4328171480    -0.0796449923
4228    -7.4738410841     0.1065646185    -0.2258315324
4229    -7.7413030986     0.1647133983    -0.4240344701
4230    -5.4566425598     0.3158892294     0.2195747040
4231    -5.4710999293     0.2170744792     0.3131946410
4232    -5.3377297124     0.2829911401     0.2751627621
4233    -7.7912580217     0.0894515654    -0.3864933012
4234    -7.8880704851     0.0695053989    -0.4436495308
4235    -7.7129831889     0.0538832679    -0.3247889633
4236    -5.1437556589     0.2516268958     0.3333349684
4237    -5.0528087437     0.1899423206     0.3936219700
4238    -5.0151840525     0.3053691918     0.2925666993
4239    -6.0911395117     0.2020974731     0.2062693164
4240    -5.9765947862     0.2855957382     0.1651096413
4241    -6.1113076202     0.3111230339     0.1092014035
4242    -5.6555933491     0.1107955475     0.3376014251
4243    -5.2357908121     0.4295719208    -0.0177687681
4244    -5.0882387350     0.4371410686    -0.0554672272
4245    -6.5867074185     0.3363067692    -0.0592047761
4246    -6.9914426320     0.3232805809    -0.1944498450
4247    -7.0194333828     0.2081589023    -0.0931281658
4248    -6.9431164812     0.2528694485    -0.0975925430
4249    -4.6398395860     0.3747739517     0.2190609940
4250    -4.7786421195     0.3506285947     0.2527552165
4251    -4.6299355605     0.3165835267     0.3222477402
4252    -5.4134149917     0.4370882724    -0.0858051712
4253    -5.6891720755     0.2441149888     0.2561795976
4254    -5.5772155739     0.3094262830     0.2093299291
4255    -5.5727919025     0.2191086207     0.2952188035
4256    -5.1706828362     0.1264656047     0.4101784475
4257    -6.6383577548     0.2465502182     0.0127015756
4258    -6.5215046490     0.2500517515     0.0476445705
4259    -6.5764984900     0.1294688363     0.0915370709
4260    -4.9323298656     0.3883818770     0.1578657753
4261    -5.1037284456     0.3513061680     0.2145907369
4262    -6.9647277708     0.3816232649    -0.3002886134
4263    -6.8619492046     0.3989184368    -0.2957243128
4264    -5.8785759426     0.3979500778     0.0114339987
4265    -5.8611284116     0.3389915549     0.1234721988
4266    -6.0045030249     0.3620959852     0.0613160534
4267    -6.4707743198     0.3805650099    -0.0901087669
4268    -6.5292434757     0.4103938947    -0.1767650619
4269    -6.8561102076     0.2347821606    -0.0522220449
4270    -6.8675048845     0.3172918576    -0.1354381751
4271    -5.2578677063     0.2177510850     0.3451625035
4272    -6.7242399313     0.2167905148     0.0044416650
4273    -6.6973526842     0.1369432112     0.0499107509
4274    -5.2295794503     0.3880168865     0.1257537650
4275    -5.2257533228     0.3165235406     0.2510648353
4276    -5.3328989852     0.3505809281     0.1866817364
4277    -6.2263954842     0.2497523643     0.1391273830
4278    -6.2355815971     0.3277818414     0.0591361923
4279    -6.3729696987     0.2711349009     0.0772897804
4280    -6.0923562091     0.4337515111    -0.1514727919
4281    -5.0828146193     0.4085603878     0.0849157343
4282    -4.9381540753     0.4343215813    -0.0203643056
4283    -2.1581084948     0.2249242139     0.6005544428
4284    -2.0446171452     0.2956355200     0.5145158541
4285    -2.7984618149     0.4329697097     0.1037159765
4286    -2.7323419210     0.3983715754     0.2715334373
4287    -5.7581594895     0.3166640141     0.1709813444
4288    -5.8399112819     0.2400392862     0.2322682069
4289    -5.3853223175     0.3994128275     0.0778465927
4290    -2.7198930331     0.3275201632     0.4444253475
4291    -2.8782217082     0.3490056735     0.3962072146
4292    -4.6361611194     0.4173133890     0.0941660157
4293    -4.7729155917     0.3984109986     0.1467341322
4294    -7.6606277517     0.2103658266    -0.4280592874
4295    -4.7476792946     0.2828969583     0.3516413045
4296    -6.4401712884     0.3290610240    -0.0032033502
4297    -6.1486944389     0.3916273542    -0.0244072675
4298    -6.0071352734     0.4117756058    -0.0484138817
4299    -7.2038028440     0.3335428933    -0.3248920320
4300    -4.3468902434     0.3609725543     0.2752650499
4301    -4.4926672831     0.3424078480     0.2962356563
4302    -4.4793224367     0.4338411250     0.0177215589
4303    -4.6639367057     0.4385367856    -0.0356980537
4304    -2.2878814221     0.2511050243     0.5696355596
4305    -2.1839414654     0.3091680874     0.4914033272
4306    -2.2660006341     0.4038893548     0.2627575235
4307    -6.3635826802     0.3967929532    -0.0904030339
4308    -6.3879502957     0.4289928435    -0.1932085510
4309    -2.5687131720     0.3033643000     0.4906433263
4310    -6.2964085821     0.3723526203    -0.0232060353
4311    -5.5068059907     0.1221164345     0.3592842976
4312    -5.3781247458     0.1934760460     0.3438612610
4313    -4.7982467552     0.4298866274     0.0199715005
4314    -2.9036212102     0.4022150543     0.2524241445
4315    -6.0168260955     0.1138873827     0.2644452537
4316    -6.0863488392     0.0857966516     0.2561137117
4317    -7.2125120229     0.2730512392    -0.2300946400
4318    -7.3010883938     0.2616934396    -0.2605467157
4319    -6.2357933728     0.4302820289    -0.1605139221
4320    -7.1039543145     0.2015317295    -0.1208595676
4321    -6.3420994864     0.1837968330     0.1456592937
4322    -6.2305586538     0.1630873967     0.1910136221
4323    -6.8939282627     0.3643946811    -0.2201535425
4324    -7.1122568731     0.3081138479    -0.2279934485
4325    -7.0701389566     0.3587704148    -0.3008425893
4326    -5.3787799602     0.0924231863     0.3901900782
4327    -7.0615953106     0.2680491520    -0.1577650248
4328    -5.2808181807     0.1264284976     0.3936877425
4329    -7.2362026598     0.0758214566    -0.1206943059
4330    -7.3849805130     0.1270965050    -0.1953361442
4331    -7.3418834181     0.1948359123    -0.2156167816
4332    -4.5120759479     0.3997335134     0.1660000012
4333    -4.9680453599     0.2461642098     0.3617234501
4334    -7.6403573330     0.1692439114    -0.3534880377
4335    -5.8802065162     0.4343028436    -0.1219678380
4336    -5.7688014520     0.4268758598    -0.0668767418
4337    -7.6277318048     0.1027266712    -0.2982564896
4338    -6.4598254741     0.1574381866     0.1194187838
4339    -6.3919516672     0.0860163091     0.1634156232
4340    -7.3208686036     0.3091079626    -0.3504498880
4341    -6.2973912499     0.0874123843     0.1954198143
4342    -7.5664294615     0.2314368895    -0.3836623618
4343    -5.8270349441     0.1137098798     0.3044287610
4344    -5.9812175000     0.4359845276    -0.1477252175
4345    -5.7507787361     0.1747292680     0.2921483316
4346    -7.3432253512     0.0749700933    -0.1617755027
4347    -5.4996585580     0.4191212993     0.0006194177
4348    -7.1139321188     0.3681036998    -0.3658773198
4349    -5.9474985398     0.1852796274     0.2478109790
4350    -6.1767387749     0.0923860653     0.2311918647
4351    -7.5613921324     0.0592369159    -0.2511317414
4352    -5.4634995616     0.0539303700     0.3851715220
4353    -7.7099120901     0.1180366738    -0.3535487037
4354    -7.8268837411     0.1311122760    -0.4561046950
4355    -7.5950880751     0.2464657743    -0.4478845406
4356    -7.5502192449     0.1166224607    -0.2658199779
4357    -7.3957621838     0.3031254441    -0.3993990935
4358    -7.3854741979     0.2699828914    -0.3198110109
4359    -5.9364099636     0.0788620504     0.2918921351
4360    -6.6656957159     0.0659203980     0.0765291838
4361    -7.2764037824     0.3359486462    -0.3938037090
4362    -5.2841138851     0.0564396576     0.4135377942
4363    -6.4774052515     0.4345127783    -0.2542544379
4364    -1.2095860222     0.0000000000    -0.7934782609
4365    -1.3111544084     0.0000000000    -0.7934782609
4366    -1.2507981387     0.1103014439    -0.7708322417
4367    -1.7332893097     0.0742140797    -0.7830232114
4368    -1.6633136375     0.1411180383    -0.7548305579
4369    -1.6146568278     0.0000000000    -0.7934782609
4370    -0.8364268548     0.1097644498    -0.7720194378
4371    -0.9435334930     0.1217534955    -0.7666283916
4372    -0.8610063980     0.2168673513    -0.7049510657
4373    -0.0588854437     0.0921397941    -0.7799058815
4374    -0.1591806375     0.0000000000    -0.7934782609
4375    -0.1528023456     0.0998332867    -0.7772963816
4376    -1.0568582454     0.1312822249    -0.7617508776
4377    -1.1675992066     0.1867732823    -0.7267456870
4378    -1.0910208808     0.2345477443    -0.6857928073
4379    -1.1564825264     0.0915742474    -0.7781079245
4380    -1.0188381768     0.3642710761    -0.4945180675
4381    -1.1221932718     0.3962576823    -0.4085576519
4382    -0.9453552344     0.4187390886    -0.3469991751
4383    -0.5586923930     0.3317701657    -0.5728568723
4384    -0.4378391915     0.3129846642    -0.6048858967
4385    -0.5168311135     0.2632390161    -0.6646155184
4386    -0.3220047705     0.1268740105    -0.7664782893
4387    -0.2674402760     0.0000000000    -0.7934782609
4388    -0.3747818160     0.0000000000    -0.7934782609
4389    -1.5614899777     0.1999254651    -0.7138473194
4390    -1.5647360798     0.1007155605    -0.7742085244
4391    -1.7597878143     0.3732928935    -0.4488473648
4392    -1.7008904064     0.3079791269    -0.5836886470
4393    -1.8193313521     0.3144242956    -0.5720746019
4394    -1.7206986947     0.4355424644    -0.1897167988
4395    -1.6292052431     0.4107280447    -0.3318677706
4396    -1.7981638836     0.4161317573    -0.3032121636
4397    -0.4011013684     0.2267439861    -0.7018686938
4398    -1.5669024206     0.2923743857    -0.6092754335
4399    -1.6483697546     0.2380378820    -0.6769255319
4400    -1.8429545333     0.0891289212    -0.7782867257
4401    -0.6255025116     0.1456580397    -0.7561459399
4402    -0.6431517416     0.2561351203    -0.6700076986
4403    -0.5227595572     0.1893502049    -0.7299233253
4404    -1.8147637330     0.2458123665    -0.6676248915
4405    -0.1103676087     0.2539199168    -0.6813237389
4406    -0.1026165257     0.1704263508    -0.7453805230
4407    -0.2053265534     0.1804514358    -0.7384982194
4408    -1.7901999251     0.1592141442    -0.7436295170
4409    -1.4653158917     0.2609735347    -0.6523046336
4410    -0.6036974616     0.3922773436    -0.4507894763
4411    -0.4554901200     0.3889505728    -0.4676215414
4412    -0.9905548108     0.4472851689    -0.1956767559
4413    -1.1435539234     0.4272072167    -0.2939443089
4414    -1.1474509454     0.4437814237    -0.1949813997
4415    -0.9228831114     0.3036349407    -0.6051813496
4416    -0.7869946685     0.2915758543    -0.6250969449
4417    -0.1940674166     0.4070708198    -0.4408107381
4418    -0.0307220187     0.3810958538    -0.5078334792
4419    -0.1373601689     0.3403322957    -0.5741984995
4420    -1.8152327048     0.0000000000    -0.7934782609
4421    -1.3600695018     0.2261923067    -0.6912566052
4422    -1.3550424984     0.1214955314    -0.7656340553
4423    -1.4659700111     0.1546405299    -0.7473152151
4424    -1.0044530507     0.0000000000    -0.7934782609
4425    -1.4128006311     0.0000000000    -0.7934782609
4426    -1.2685835410     0.2000022199    -0.7155929759
4427    -1.7150895456     0.0000000000    -0.7934782609
4428    -1.5139066670     0.0000000000    -0.7934782609
4429    -0.8643937973     0.3665472268    -0.4963363333
4430    -0.9009026101     0.0000000000    -0.7934782609
4431    -0.7441913870     0.1957392050    -0.7233141599
4432    -0.7343752020     0.0960325308    -0.7773282597
4433    -1.7292900500     0.2209027482    -0.6940438412
4434    -0.4812471759     0.0000000000    -0.7934782609
4435    -0.4299827017     0.1205443474    -0.7688029283
4436    -0.5873302205     0.0000000000    -0.7934782609
4437    -0.5287411389     0.0935489426    -0.7785578627
4438    -0.7972015272     0.0000000000    -0.7934782609
4439    -0.6926967709     0.0000000000    -0.7934782609
4440    -1.1073572193     0.0000000000    -0.7934782609
4441    -0.2111717267     0.2790297940    -0.6532669081
4442     0.0609822011     0.0916335173    -0.7802820984
4443    -0.0502538585     0.0000000000    -0.7934782609
4444     1.3254488820     0.0000000000    -0.7934782609
4445     1.3831742024     0.1228300622    -0.7736621802
4446     1.4478846232     0.0000000000    -0.7934782609
4447    -0.9776849821     0.2268643717    -0.6945703464
4448     4.6008648893     0.5977546544    -0.1023274004
4449     4.6575816397     0.5974430061    -0.1082517843
4450     4.5083357379     0.5978087895    -0.1050147767
4451     4.6933348127     0.5972684020    -0.0996797808
4452     4.8052522322     0.5961093191    -0.1097386032
4453    -1.3636549201     0.2949739319    -0.6084746645
4454    -0.7001217225     0.3435875924    -0.5478779437
4455    -1.0660420990     0.3030003858    -0.6027012801
4456    -1.2191841927     0.2798615928    -0.6318869845
4457    -0.8493514578     0.4507764752    -0.1960558316
4458    -1.1803146611     0.3507282947    -0.5169114665
4459    -1.2944744747     0.3978624501    -0.3939945172
4460    -0.6626707216     0.4330349014    -0.3189757325
4461    -0.7628084844     0.4018723323    -0.4151539908
4462    -0.7928621726     0.4363700611    -0.2895615625
4463    -1.4453474270     0.3499803799    -0.5104156268
4464    -1.5891891329     0.3630998414    -0.4775501655
4465    -1.4538305299     0.4094579275    -0.3453082407
4466    -1.3090638342     0.3405732914    -0.5330783017
4467    -0.7059013526     0.4546091513    -0.1962158940
4468    -0.5533334499     0.4589625256    -0.1961510074
4469    -0.3915384085     0.4638527797    -0.1958229613
4470    -0.5114048805     0.4351720151    -0.3269740417
4471    -0.3588134775     0.3512789471    -0.5476928751
4472    -0.0743729841     0.4304933311    -0.3862286645
4473    -0.1682769580     0.4511561587    -0.3032456928
4474    -0.2897916603     0.2229750426    -0.7064932709
4475    -0.3205888570     0.2939761434    -0.6331269106
4476    -0.3418731242     0.4380380225    -0.3345678736
4477    -0.3205467299     0.3955742314    -0.4603353804
4478    -0.2482161391     0.3507319427    -0.5530993942
4479    -0.0338594455     0.2976537663    -0.6357160565
4480    -0.2258498058     0.4691144748    -0.1952214633
4481    -0.0621761580     0.4745296400    -0.1943772469
4482    -0.0152913894     0.4601743080    -0.2848784216
4483     0.0042120857     0.1966460983    -0.7296172532
4484    -0.2305389810     0.0827487856    -0.7822972314
4485    -1.3265234270     0.4403458807    -0.1938172838
4486    -1.5253504315     0.4373784904    -0.1920280423
4487     0.2598375821     0.4856969068    -0.1920419235
4488     0.2072439957     0.4479200968    -0.3587760255
4489     0.0995323668     0.4800622136    -0.1933076107
4490     0.0658456914     0.4382889602    -0.3753883788
4491     0.1723853353     0.1013916264    -0.7775309897
4492     0.2776100930     0.0680689264    -0.7864620365
4493     0.1701147816     0.0000000000    -0.7934782609
4494     1.2056995191     0.0000000000    -0.7934782609
4495     1.1989369362     0.0802392218    -0.7849021076
4496     0.1262019905     0.2032083332    -0.7262705989
4497     0.3091527349     0.2348449720    -0.7045764373
4498     0.2410313829     0.1735056376    -0.7459935248
4499     0.2047883083     0.2951084700    -0.6444956238
4500     0.1289768765     0.3834094909    -0.5116222769
4501     0.0697320851     0.3029291685    -0.6319678790
4502     0.7332448691     0.5029837151    -0.1871578259
4503     0.7167310169     0.4790611068    -0.3077697442
4504     0.5773012460     0.4972040228    -0.1889508806
4505     1.0379859609     0.5144249709    -0.1831504787
4506     1.0346911752     0.4717226787    -0.3685609080
4507     0.8864959610     0.5087190661    -0.1852267838
4508     0.5475583189     0.4624216219    -0.3472300458
4509     0.4190099966     0.4914162634    -0.1905854203
4510     1.0574415624     0.2254002732    -0.7206970808
4511     0.9866930051     0.3221716812    -0.6331960484
4512     1.1476413454     0.2955489265    -0.6646406999
4513     1.0853235412     0.3831179555    -0.5563108412
4514     1.2715393604     0.3505463453    -0.6074667021
4515     0.8556576227     0.4602962022    -0.3847231736
4516     0.8312621880     0.3774582477    -0.5545969329
4517     0.8691668581     0.2971127570    -0.6573747721
4518     0.7212764592     0.3058406115    -0.6448265632
4519     0.3787623167     0.4470481424    -0.3785531816
4520     0.5404247449     0.4055708045    -0.4908719351
4521     1.3087634429     0.5145809751    -0.2412989661
4522     1.3491592816     0.4768829720    -0.3831351259
4523     1.2291356004     0.4717131659    -0.3866849657
4524     1.4749109545     0.4037898483    -0.5404962993
4525     1.3451427308     0.4180578553    -0.5108647178
4526     1.4580885676     0.4606776023    -0.4323308082
4527     0.7362324507     0.0000000000    -0.7934782609
4528     0.6212012981     0.0000000000    -0.7934782609
4529     0.6136895249     0.1061591753    -0.7770512770
4530     1.4511458552     0.1152830178    -0.7762213190
4531     1.4601603676     0.2230434094    -0.7263091624
4532     1.2887089654     0.1475394685    -0.7642832855
4533     1.3631198032     0.2526731316    -0.7047246404
4534     1.4713248301     0.3231838882    -0.6437308974
4535     1.1802692063     0.4247746794    -0.4898639176
4536     0.9317064743     0.2195623695    -0.7233321655
4537     0.8752258247     0.1183112864    -0.7737579380
4538     0.7984766247     0.2261694186    -0.7172907099
4539     0.7523000326     0.1183669396    -0.7733867100
4540     0.8522066230     0.0000000000    -0.7934782609
4541     1.0869190625     0.0000000000    -0.7934782609
4542     0.9937060753     0.1173740825    -0.7744004947
4543     0.9690707065     0.0000000000    -0.7934782609
4544     0.0594681034     0.0000000000    -0.7934782609
4545     0.5070721876     0.0000000000    -0.7934782609
4546     0.5398371676     0.2158378599    -0.7217358359
4547     0.6621399179     0.2204246245    -0.7198401246
4548     0.5719109979     0.3205112824    -0.6241034213
4549     0.6998378962     0.4291907000    -0.4508076590
4550     0.3592355124     0.1367127467    -0.7649265168
4551     0.4171926755     0.2289010067    -0.7106851259
4552     0.4760863764     0.1179848966    -0.7727039086
4553     0.3938675946     0.0000000000    -0.7934782609
4554     0.2755957897     0.3869788476    -0.5124258841
4555     0.6710831449     0.3702468873    -0.5592141269
4556     0.2816267122     0.0000000000    -0.7934782609
4557     1.0964769653     0.1216753016    -0.7732471616
4558     1.1775460605     0.1909134210    -0.7429906517
4559     0.4230430220     0.3705068839    -0.5483662025
4560     1.1554996667     0.5009659906    -0.2799937161
4561     1.1839901642     0.5199394971    -0.1810093685
4562     0.3361456544     0.3132984225    -0.6264087585
4563     0.4670522963     0.2950693027    -0.6506394736
4564     0.9549615483     0.4149905707    -0.4959724181
4565     1.2590755051     0.2550965563    -0.7015059625
4566    -0.6556237781     0.0660872104    -0.7859698464
4567     1.4054337356     0.4968150739    -0.3280106132
4568    -1.4388979571     0.0737474601    -0.7833203441
4569    -1.2873488984    -0.3623098416     0.5000000000
4570    -1.3353982303    -0.3477036007     0.4736857929
4571    -1.2956221721    -0.3460195328     0.4357951647
4572    -1.3896926518    -0.3302810315     0.4634018711
4573    -1.3839483523    -0.3369516835     0.5000000000
4574    -1.4794558688    -0.3077839761     0.5000000000
4575    -1.2174826594    -0.3723238673     0.4577847900
4576    -1.1022220033    -0.3679598805     0.3958293132
4577    -1.1274107372    -0.3874362193     0.4484006167
4578    -1.1995323983    -0.3581324733     0.4138032796
4579    -1.0914916522    -0.4012385274     0.5000000000
4580    -1.1898462985    -0.3837941863     0.5000000000
4581    -1.0501929025    -0.3978155672     0.4412052730
4582    -0.9924745660    -0.4143010402     0.5000000000
4583    -0.8924919179    -0.4224927853     0.5000000000
4584    -0.9409981088    -0.4154100607     0.4598113004
4585    -0.7874850133    -0.4249792726     0.5000000000
4586    -0.8421866225    -0.4218121153     0.4624119680
4587    -0.8115300170    -0.4122137688     0.4155425745
4588    -0.7162082854    -0.4170168970     0.4266707432
4589    -0.8869372334    -0.4124653599     0.4302323760
4590    -0.9919114296    -0.4042894466     0.4368832790
4591    -0.1893648849    -0.4119634120     0.5000000000
4592    -0.3640972171    -0.4169662658     0.5000000000
4593    -0.2558621717    -0.4110782449     0.4325160822
4594     0.1197779412    -0.3968346312     0.3972846301
4595     0.0620583226    -0.4028193443     0.4447107542
4596    -0.0335118610    -0.3991863052     0.3829691594
4597     0.2819432744    -0.3936999446     0.4128746470
4598     0.1845645650    -0.4006057848     0.5000000000
4599     0.3791193433    -0.3948197543     0.5000000000
4600    -0.0057712166    -0.4064144274     0.5000000000
4601     0.4516560228    -0.3900600435     0.4287034086
4602     0.5738065763    -0.3893698707     0.5000000000
4603     0.6237410612    -0.3862959896     0.4435131330
4604     0.7628169123    -0.3845813989     0.5000000000
4605     0.7943208809    -0.3827824100     0.4574194145
4606     0.9449362287    -0.3806160756     0.5000000000
4607     0.9626618945    -0.3796838005     0.4695235145
4608     1.1197589067    -0.3776051457     0.5000000000
4609     1.1278052894    -0.3772092089     0.4798283943
4610     1.2870212086    -0.3756821490     0.5000000000
4611     1.2890750556    -0.3755602144     0.4881431242
4612     1.4467213115    -0.3750000000     0.5000000000
4613     1.4467213115    -0.3749749723     0.4944607339
4614    -1.0016767003    -0.3763866232     0.3806932556
4615    -0.9440495304    -0.3990222846     0.4081699337
4616    -0.8971189084    -0.3837551749     0.3680681722
4617    -0.7898959907    -0.3899741363     0.3584479622
4618    -0.6792069502    -0.3946277260     0.3532312520
4619    -0.6022664494    -0.4168409209     0.4262788890
4620    -0.6673191664    -0.4238113198     0.5000000000
4621    -0.5630614552    -0.3978908680     0.3522323876
4622    -0.4765453807    -0.4151732296     0.4255589851
4623    -0.5259120077    -0.4210588708     0.5000000000
4624    -0.4411719957    -0.3999318985     0.3550206138
4625    -0.3625383155    -0.4118624865     0.4167002164
4626    -0.3132853404    -0.4008074150     0.3612851166
4627    -0.1775205920    -0.4005442320     0.3707541645
4628    -0.1980069920    -0.1602808839     0.9340427057
4629    -0.1345698852    -0.0743927180     0.9696292835
4630    -0.2574089248    -0.0000000000     0.9664199710
4631     0.1818995961    -0.0000000000     0.9969069064
4632     0.1583075086    -0.0893450671     0.9830814072
4633     0.2890613701    -0.0000000000     1.0004361034
4634    -1.2868983592     0.0000000000     0.7278888043
4635    -1.2199481692    -0.1110804032     0.7339402799
4636    -1.1774522380     0.0000000000     0.7463310324
4637    -1.3480017330    -0.0569564555     0.7175224817
4638     1.4467213115    -0.3595338473     0.6353351341
4639     1.2543271315    -0.3457727083     0.6943303931
4640     0.4391128721    -0.1659302975     0.9566848339
4641     0.5260871091    -0.0927217690     0.9895021421
4642     0.3955170057    -0.0000000000     1.0027609818
4643     0.7706526790    -0.1236097174     0.9760419364
4644     0.8812486128    -0.1410619443     0.9653283055
4645     0.8156222222    -0.0000000000     1.0020669729
4646     1.3155933175    -0.1459381542     0.9452419607
4647     1.3793544909    -0.2024381442     0.9036771461
4648     1.4467213115    -0.0988719781     0.9582876706
4649     1.0723331788    -0.1309420347     0.9641620246
4650     1.1457025239    -0.0708030615     0.9829738330
4651     1.0241635976    -0.0000000000     0.9965156501
4652     1.3394797737    -0.0000000000     0.9818289272
4653     1.4467213115     0.0000000000     0.9750000000
4654     1.4467213115    -0.3203930800     0.7468189570
4655     1.3648480599    -0.3188427384     0.7542167868
4656     0.4901444097    -0.3728818077     0.6737198892
4657     0.8534591796    -0.3671335073     0.6521298527
4658     0.3652734338    -0.3689072193     0.7017292663
4659     1.0860897167    -0.3577056716     0.6667584211
4660     0.9825840487    -0.3709520684     0.6149246174
4661     0.7210779470    -0.3551311163     0.7110005903
4662     0.6363006577    -0.3808679438     0.6080058469
4663     1.0894880421    -0.3113780778     0.7854701860
4664     1.1890202957    -0.2809047735     0.8288311223
4665    -0.7295253485    -0.0000000000     0.8776866083
4666    -0.7170283715    -0.0964011194     0.8709995996
4667    -0.6051033701    -0.0000000000     0.9115525475
4668    -0.3111197341    -0.4075046337     0.6056645055
4669    -0.4551021939    -0.4128602613     0.5879280974
4670    -0.9541134602    -0.2784750155     0.7272303551
4671    -1.0801085162    -0.1943775832     0.7413719526
4672    -1.0660941464    -0.2917075232     0.6941690969
4673    -1.0212523781    -0.3540211762     0.6453634196
4674    -0.0810030411    -0.2553386852     0.8793249574
4675     0.0793812314    -0.2078363464     0.9229475885
4676    -0.0480993870    -0.1460863961     0.9516417026
4677     0.0500366808    -0.0983648309     0.9754458553
4678    -0.0353632888    -0.0000000000     0.9855112177
4679    -0.1538074836    -0.4014459642     0.6215599881
4680    -0.9153803508    -0.3775013042     0.6379219940
4681    -0.6053276303    -0.4133653531     0.5921292552
4682     1.3045230507    -0.2696310748     0.8378104580
4683     0.9530451767    -0.2616704001     0.8658966427
4684     0.8196533183    -0.2378477133     0.8967189351
4685     0.7111495624    -0.0000000000     1.0035963720
4686     0.6064250526    -0.0000000000     1.0042580027
4687     0.6499835793    -0.1352486363     0.9723463183
4688     0.3348356965    -0.2416587760     0.9012682053
4689     0.4413361693    -0.2978324709     0.8389475337
4690     0.2765100071    -0.3918096679     0.6054712411
4691    -1.0337982379     0.0000000000     0.7759957556
4692    -0.9467767212    -0.1337676753     0.7866405749
4693    -0.8690223511     0.0000000000     0.8240543239
4694     0.2371399594    -0.1543730873     0.9598766537
4695     0.2079393967    -0.2480627874     0.8945040595
4696    -0.5792109086    -0.1309822476     0.8950182570
4697    -0.4861270130    -0.0000000000     0.9351452007
4698    -1.0939024146    -0.0877828057     0.7593243018
4699    -0.8578054359    -0.2410327483     0.7724006141
4700    -0.3561708815    -0.2156061661     0.8877217001
4701    -0.2245363650    -0.2530078840     0.8725701185
4702    -1.3294700564    -0.1714107752     0.7028791968
4703     0.6049106407    -0.3588925224     0.7105492336
4704     0.5780627325    -0.3129609521     0.8119940673
4705    -1.3387036256    -0.3236441726     0.5846789259
4706    -0.5104580683    -0.2555640985     0.8405854846
4707    -0.4016424329    -0.3205580389     0.7924810174
4708    -1.0400746288    -0.3959795526     0.5684285423
4709    -0.9632994152    -0.4040955198     0.5736006985
4710    -0.2997600102    -0.3032046112     0.8200657089
4711    -0.1830908128    -0.3201542797     0.8071114131
4712    -0.0762970039    -0.3550434374     0.7563093703
4713    -0.2825179828    -0.3707834847     0.7231146691
4714    -0.4109754065    -0.3844067110     0.6891863672
4715    -0.5155620152    -0.3437312397     0.7524526384
4716     0.2757772250    -0.3172135181     0.8153768348
4717     0.1360920819    -0.2950704963     0.8453697858
4718     0.0277668885    -0.3085831574     0.8277095770
4719    -1.4352720163    -0.1848139836     0.6765498565
4720    -1.4277582032    -0.0843057425     0.7032496239
4721    -1.3805987851    -0.2527551650     0.6485486254
4722     0.0781459572    -0.3962223563     0.6161723936
4723     1.2337551908    -0.0000000000     0.9876193158
4724     1.1288049596    -0.0000000000     0.9924936902
4725    -0.7316440547    -0.4063432449     0.6111540936
4726    -0.7224750823    -0.3540052753     0.7097761458
4727    -0.8307915367    -0.3447363588     0.6983410948
4728     1.1835884874    -0.1580681516     0.9449194751
4729     1.2519177005    -0.0797987804     0.9755790968
4730     0.9199416560    -0.0000000000     0.9997010751
4731     0.9771353159    -0.0862561028     0.9849416198
4732     0.5012363564    -0.0000000000     1.0040029123
4733     0.5555844061    -0.2155068479     0.9224738584
4734     0.3444995417    -0.0891825729     0.9885645617
4735     0.0738205703    -0.0000000000     0.9920067530
4736    -0.6269914567    -0.3775186732     0.6875555762
4737    -0.1456908666    -0.0000000000     0.9771254253
4738    -0.3707667077    -0.0000000000     0.9527622586
4739    -0.3029750809    -0.1019195705     0.9462105427
4740     0.6885695000    -0.2734922545     0.8624354125
4741    -1.5153467002    -0.1066737801     0.6849249006
4742    -1.5694474835    -0.1684884715     0.6509664541
4743    -1.5054368645    -0.2070448868     0.6459646656
4744    -0.1741548144    -0.3691254595     0.7279143394
4745    -1.2268523531    -0.3432146290     0.6002101520
4746     1.4467213115    -0.2605711189     0.8414667853
4747    -1.2265566452    -0.2823007571     0.6653430269
4748    -1.2984127059    -0.2709693860     0.6563480519
4749    -0.5242475238    -0.3930261343     0.6628732353
4750    -0.6267645083    -0.3120308052     0.7739661265
4751    -1.4424594446    -0.2865990481     0.5920916989
4752    -0.3962205217    -0.1005062634     0.9349875007
4753     0.0299126195    -0.3678607213     0.7270468583
4754    -0.0324855595    -0.3955356643     0.6377165037
4755    -0.6544471518    -0.2203610698     0.8385907200
4756    -0.7985628605    -0.1607960583     0.8257707037
4757    -0.7512280145    -0.2799907009     0.7769025325
4758     0.1766704789    -0.3900726203     0.6364980686
4759     0.1382951170    -0.3559236371     0.7504348960
4760     0.2476530173    -0.3674320362     0.7160673874
4761     0.9870418191    -0.1750044992     0.9421958135
4762     1.0896033992    -0.2309671495     0.8926962042
4763    -1.2199468043    -0.2095908109     0.7094235929
4764     0.3410301689    -0.1640881580     0.9567718760
4765    -1.5462891860    -0.2760965305     0.5452825114
4766     1.4467213115    -0.1848223101     0.9133150923
4767     1.2303804016    -0.2179549954     0.8981935807
4768     0.9611009933    -0.3347878878     0.7453791141
4769    -1.1548233660    -0.2683542390     0.6914695397
4770     1.1870270320    -0.3701259289     0.5946906493
4771     0.8300345733    -0.3147751849     0.7954968827
4772    -1.1247932024    -0.3736040763     0.5864731294
4773    -0.8336461008    -0.4078361308     0.5941822881
4774    -1.1352764132    -0.3272509279     0.6472641771
4775    -0.4712128450    -0.1510503161     0.9064426690
4776    -1.5792901264    -0.2289397894     0.5998817449
4777    -1.5151052634    -0.2558283768     0.5983487952
4778     0.7295487651    -0.2024648304     0.9298489634
4779    -1.2263249188     0.1120371662     0.7327505245
4780    -1.3478874163     0.0569071019     0.7175421021
4781     0.5224646917     0.0812304748     0.9928925913
4782     0.2388833424     0.1555305609     0.9593282094
4783     0.1569922101     0.0894401830     0.9830022249
4784     1.1420967613     0.0739269025     0.9823304630
4785     1.4467213115     0.0988719781     0.9582876706
4786     1.3172549488     0.1448245977     0.9457529339
4787     1.4467213115     0.1848223101     0.9133150923
4788     1.3798905592     0.2021621531     0.9038725320
4789     1.4467213115     0.3750000000     0.5000000000
4790     1.2870090942     0.3756822477     0.5000000000
4791     1.4467213115     0.3595338473     0.6353351341
4792     1.2755102060     0.3458602185     0.6927001012
4793     1.3691698890     0.3182486613     0.7551965930
4794    -0.7326556000     0.0899577443     0.8675554372
4795     1.1323131674     0.3252454375     0.7548993194
4796     1.1926214994     0.2758583167     0.8356544273
4797     1.1780238145     0.3663678980     0.6188310365
4798    -0.5756626158     0.1392138860     0.8928281670
4799    -0.9492723720     0.2670154398     0.7355083673
4800    -1.0126955204     0.3525098747     0.6492113428
4801    -1.0808152325     0.2973392304     0.6867401239
4802    -1.0894476018     0.1942321089     0.7396020624
4803    -0.0628535270     0.2465866703     0.8876032782
4804    -0.0699393417     0.1374359208     0.9540326438
4805     0.0764024683     0.2054573299     0.9244646264
4806     0.0433380450     0.0986278350     0.9750116407
4807    -0.9101201749     0.3765666819     0.6404794809
4808    -0.5258493078     0.4210574407     0.5000000000
4809    -0.6672737466     0.4238106245     0.5000000000
4810    -0.6156970802     0.4135548329     0.5912531659
4811    -0.5305665713     0.3903011002     0.6693268445
4812     1.3077440177     0.2692291918     0.8381589230
4813     1.1197351510     0.3776054915     0.5000000000
4814     1.0531323766     0.3585099159     0.6667101844
4815     0.9449101946     0.3806165874     0.5000000000
4816     0.9351648238     0.3746477937     0.5970414394
4817     0.9683968849     0.2354579221     0.8935389602
4818     0.9355822100     0.1412572373     0.9637037047
4819     1.0587330115     0.1493582080     0.9551795237
4820     0.3792597892     0.3948156782     0.5000000000
4821     0.1847024128     0.4006016084     0.5000000000
4822     0.2749428476     0.3921258959     0.6033005448
4823     0.3685797207     0.3776973777     0.6689745907
4824    -0.8592691778     0.1478977827     0.8086759596
4825    -0.9805908432     0.1236951832     0.7799562776
4826     0.4524446912     0.1559502671     0.9622969005
4827     0.5147909828     0.2518674492     0.8904487391
4828     0.3517951913     0.2484711966     0.8950636124
4829     0.6042068778     0.1764627009     0.9499595875
4830     0.2056848737     0.2464384958     0.8959220000
4831     0.7291257385     0.1069419165     0.9834678506
4832     0.6306387513     0.0822675345     0.9925193018
4833     0.7378978376     0.2102294693     0.9235572135
4834    -0.5312828549     0.2591416041     0.8348446150
4835    -0.6335272386     0.2406276407     0.8304193687
4836    -1.1064836117     0.0853894530     0.7570134608
4837     0.4721331256     0.3857746611     0.6068486640
4838     0.5739074244     0.3893671676     0.5000000000
4839    -1.3474449982     0.1723300630     0.6992526249
4840     0.5971754750     0.3328953075     0.7751847806
4841     0.4616049717     0.3064632459     0.8263566698
4842    -0.9610184643     0.4040159746     0.5745368252
4843     0.6420925247     0.2665494134     0.8720187262
4844     0.7628327961     0.3845810225     0.5000000000
4845     0.6847833590     0.3730063861     0.6467899796
4846     0.8160080073     0.3608933579     0.6820771850
4847    -1.1898344408     0.3837965477     0.5000000000
4848    -1.1238501034     0.3664948410     0.5995621947
4849    -1.0914756705     0.4012410081     0.5000000000
4850     0.2389994225     0.3129211545     0.8221648621
4851     0.1196980440     0.3587343664     0.7449626520
4852     0.1236655783     0.2943225277     0.8461433705
4853     0.0142899372     0.3126206332     0.8223794904
4854    -0.0232890919     0.3750566619     0.7106698109
4855     0.0635713567     0.3970002437     0.6136886472
4856    -0.0056516886     0.4064107743     0.5000000000
4857    -0.0965416230     0.4034677974     0.5987370157
4858     0.7475871062     0.3114125330     0.8060798683
4859    -0.2378921658     0.3639667704     0.7377175694
4860    -0.1348656604     0.3218950524     0.8067319334
4861    -0.1471717763     0.3826338858     0.6941054718
4862     1.1896360039     0.1611265086     0.9427980997
4863     1.2521024533     0.0794842725     0.9756580469
4864     0.9883733249     0.0758221776     0.9875824731
4865    -1.4645110343     0.2134582951     0.6534315013
4866    -1.3656495026     0.2836582724     0.6253526326
4867     0.3469622776     0.0891460758     0.9886233796
4868    -0.7874526409     0.4249791892     0.5000000000
4869    -0.7287034830     0.4099496975     0.6002693555
4870    -0.7265360782     0.3583161424     0.7032859902
4871    -0.6404827068     0.3823923612     0.6768663727
4872    -0.8278836324     0.2493047810     0.7761331602
4873    -0.7291391631     0.1917324026     0.8352866814
4874    -0.3640136015     0.4169639843     0.5000000000
4875    -0.2634159431     0.4046879221     0.6165208199
4876    -0.1892624110     0.4119603719     0.5000000000
4877    -0.3397374035     0.3675832471     0.7276423132
4878     1.4467213115     0.3203930800     0.7468189570
4879     1.4467213115     0.2605711189     0.8414667853
4880    -0.2996971698     0.2984262220     0.8251158647
4881    -0.3218997174     0.2042263138     0.8984682023
4882    -0.1947861562     0.2201097130     0.8994982016
4883    -0.8329507618     0.3323351699     0.7110166580
4884    -0.7281910973     0.2883681651     0.7757435201
4885    -0.2983631012     0.1116794490     0.9437112950
4886    -1.4272914343     0.0841750361     0.7033376876
4887    -0.4064166872     0.3974749739     0.6531615755
4888    -0.4523691854     0.3312859642     0.7749091279
4889    -0.6045829054     0.3260305737     0.7626937799
4890    -0.4299362715     0.2302631654     0.8694270844
4891    -0.4335510940     0.1292405110     0.9205100032
4892    -0.8127518561     0.3882829104     0.6407242323
4893     0.4738882124     0.3562411640     0.7296787372
4894     0.5692734440     0.3758690279     0.6495522639
4895     0.8830140738     0.3033576092     0.8118846494
4896     0.8502181196     0.2257157592     0.9071376898
4897     0.1741743139     0.3899102589     0.6377954036
4898     0.2540612738     0.3646221214     0.7234296465
4899     0.3566937568     0.3308476019     0.7910773007
4900    -0.4629709852     0.4140736796     0.5807322023
4901     0.3465246491     0.1649310085     0.9563785369
4902    -1.5461123157     0.2762262736     0.5451124889
4903    -1.5792862938     0.2289661191     0.5998542939
4904    -1.2265830340     0.2118393296     0.7072174388
4905     1.2478999075     0.2157454641     0.8992962131
4906     0.9363911936     0.3467642033     0.7162036178
4907    -1.2199997743     0.3097642982     0.6427365791
4908    -1.1548412645     0.2573543718     0.6983394925
4909    -1.5694183558     0.1684190992     0.6510124806
4910     0.8264130850     0.1298587407     0.9721185328
4911     1.0734814923     0.2588206909     0.8635426508
4912     1.0077200920     0.3097080122     0.7936355741
4913    -0.9924543995     0.4143032169     0.5000000000
4914    -1.0374322631     0.3955316125     0.5706580484
4915    -1.5153476471     0.1066738366     0.6849247105
4916     1.1282288374     0.2132804496     0.9072581961
4917    -0.3972479776     0.0612585087     0.9437686974
4918    -0.1811258689     0.1188143035     0.9528206553
4919    -0.8356741548     0.4150645706     0.5711659309
4920    -0.8924666434     0.4224941695     0.5000000000
4921    -1.4492270523     0.2944866654     0.5767421291
4922    -1.4794558688     0.3077839761     0.5000000000
4923     0.8770108473     0.0679950556     0.9926662103
4924    -1.2963241492     0.2516337006     0.6710142918
4925    -1.3115864130     0.3373247796     0.5736260499
4926    -1.2873410927     0.3623117264     0.5000000000
4927    -1.3839445704     0.3369527565     0.5000000000
4928    -0.2212450241     0.0580345532     0.9651168526
4929    -1.2259356580     0.3602884166     0.5700730292
4930     1.4467213115     0.3749749723     0.4944607339
4931     1.5919060288     0.3744155516     0.5000000000
4932     4.8225164798     0.3297862382     0.5000000000
4933     4.9383118926     0.3279786123     0.5000000000
4934     4.9134780753     0.3273824174     0.4716083771
4935     5.1688222207     0.3243713753     0.5000000000
4936     5.1441611935     0.3232002350     0.4644971082
4937     5.0537442146     0.3261734825     0.5000000000
4938     5.2661961478     0.3219632978     0.4733484805
4939     5.2836658384     0.3225711060     0.5000000000
4940     5.0213868677     0.3242658943     0.4556944516
4941     4.8109248561     0.3297243529     0.4858591962
4942     4.7021387346     0.3316613589     0.5000000000
4943     5.3878965603     0.3205418303     0.4822143173
4944     5.5128316594     0.3189762897     0.5000000000
4945     5.6308024292     0.3171263204     0.5000000000
4946     5.5092960302     0.3189321386     0.4910801023
4947     5.3984328339     0.3207709442     0.5000000000
4948     1.5919060288    -0.3744155516     0.5000000000
4949     4.9134890851    -0.3273820988     0.4716062723
4950     5.0213854330    -0.3242659050     0.4556943428
4951     4.9383118926    -0.3279786123     0.5000000000
4952     4.8225164798    -0.3297862382     0.5000000000
4953     4.8109235514    -0.3297243607     0.4858588293
4954     4.7021387346    -0.3316613589     0.5000000000
4955     5.0537442146    -0.3261734825     0.5000000000
4956     5.1441629514    -0.3232002139     0.4644971834
4957     5.2661592219    -0.3219636991     0.4733457768
4958     5.1688222207    -0.3243713753     0.5000000000
4959     5.2836658384    -0.3225711060     0.5000000000
4960     5.3878504658    -0.3205424039     0.4822109323
4961     5.5092767389    -0.3189324050     0.4910784776
4962     5.3984328339    -0.3207709442     0.5000000000
4963     5.5128316594    -0.3189762897     0.5000000000
4964     5.6308024292    -0.3171263204     0.5000000000
4965     1.5906104146    -0.3675257349     0.5886538465
4966     5.0233916967    -0.1738887592     0.8146745353
4967     5.1455164330    -0.1922753632     0.7971943130
4968     6.6205823482    -0.2641736605     0.6645150570
4969     6.7123307501    -0.2923814455     0.5795340961
4970     6.7163409552    -0.2504413193     0.6871875358
4971     5.5724857661    -0.3078676672     0.5893029087
4972     3.1450135418    -0.0941253173     0.9015977014
4973     3.2033830779     0.0000000000     0.9143927574
4974     3.0927833741     0.0000000000     0.9173088248
4975     2.0308451492    -0.3698057834     0.5185522823
4976     1.9375569241    -0.3548251238     0.6307755164
4977     1.8868643010    -0.3715997436     0.5124647960
4978     5.3471154204    -0.2950883753     0.6433337469
4979     5.4665124152    -0.3012227133     0.6199871735
4980     6.8242951727    -0.1574772543     0.7848366534
4981     6.8693323511    -0.0615834997     0.8190446530
4982     6.7704552555    -0.0709405709     0.8281333625
4983     5.2318320428    -0.3106482799     0.6005840132
4984     5.2250824528    -0.2648162236     0.7094109201
4985     5.1248653543    -0.3063874227     0.6216896607
4986     3.4245555345     0.0000000000     0.9086993086
4987     3.3138163948     0.0000000000     0.9115281469
4988     3.3658020937    -0.1365250231     0.8787378751
4989     1.5781859911    -0.3363418525     0.7044670970
4990     1.5507986542    -0.2873244667     0.8000847827
4991     2.0868630326    -0.3546395570     0.6231652258
4992     2.1731077513    -0.3678476481     0.5244380689
4993     1.7410068852    -0.3731715206     0.5062453711
4994     1.7069098639    -0.3493905142     0.6615318431
4995     2.2478369637    -0.3449019904     0.6497731674
4996     2.3138502972    -0.3657608567     0.5300902922
4997     2.4196811867    -0.3412657824     0.6527141819
4998     3.0011759381    -0.3541250662     0.5542285017
4999     3.1361912459    -0.3516696955     0.5581239731
5000     3.0516134568    -0.3381566125     0.6298154012
5001     2.8654375891    -0.3565580713     0.5499971972
5002     2.9213290426    -0.3317263075     0.6566646080
5003     2.7788319850    -0.3444756000     0.6225156151
5004     2.7288642130    -0.3589545998     0.5454487868
5005     2.3271577514    -0.3064196519     0.7381817054
5006     2.3089052697    -0.2417083997     0.8297600120
5007     2.2146491170    -0.2894369305     0.7710823509
5008     3.2683922119    -0.2392797742     0.8026374755
5009     3.3813510192    -0.2401414219     0.7983216110
5010     2.4746292170    -0.1161002991     0.9126284070
5011     2.4287960858     0.0000000000     0.9361012459
5012     2.3639183874    -0.0909962500     0.9247720763
5013     5.9006591870    -0.1940840302     0.7769784944
5014     5.8015801966    -0.2148480030     0.7590091647
5015     5.8973795577    -0.2561389089     0.7021451297
5016     4.7567475884    -0.3011740461     0.6539444130
5017     4.7613945007    -0.3247540661     0.5700995427
5018     4.8726440837    -0.3173081655     0.5973858612
5019     6.0974649249    -0.2489700697     0.7073365320
5020     6.0759794372    -0.2924344444     0.6159616912
5021     6.1755248668    -0.2811415693     0.6429148112
5022     1.8132493638    -0.2416750285     0.8470728526
5023     1.9176428670    -0.2709047911     0.8084557446
5024     1.9242110664    -0.1900533342     0.8890763014
5025     3.3509924063    -0.3101781976     0.6914512333
5026     3.4814943850    -0.2786645453     0.7443847491
5027     5.9499772261    -0.1235994928     0.8237648324
5028     6.0013710263    -0.2141085041     0.7546858471
5029     5.6788899402    -0.2976468741     0.6201262482
5030     5.5759500532    -0.2702904567     0.6882765832
5031     3.4784422613    -0.0976719478     0.8917545321
5032     3.4755394925    -0.1933411023     0.8398659317
5033     3.5890596112    -0.1316963761     0.8752626044
5034     4.4483137554    -0.3346217824     0.5286450226
5035     4.5754814762    -0.3333567141     0.5150768876
5036     4.5258992201    -0.3099206393     0.6413344969
5037     4.4521767529    -0.2599086468     0.7412579290
5038     4.3897248758    -0.3084435943     0.6516895568
5039     4.1918003833    -0.3365325332     0.5506880746
5040     4.3204499938    -0.3356252694     0.5405733736
5041     4.2675856492    -0.3093243890     0.6549139567
5042     4.5577719667    -0.2522337383     0.7486856388
5043     3.1570249188    -0.2732143688     0.7632126828
5044     3.2376872653    -0.3198262007     0.6738342970
5045     5.9090494543    -0.2973216836     0.6088045227
5046     5.9966329583    -0.3104810351     0.5269604430
5047     5.9954464412    -0.2793260292     0.6545153694
5048     5.4640902374    -0.2360239719     0.7434826756
5049     2.8693852918    -0.2909219304     0.7455744598
5050     2.9676270216    -0.2861950855     0.7498538842
5051     1.5417780043    -0.1398131575     0.9355799151
5052     1.6173859892    -0.0813657595     0.9545529035
5053     1.5533204289     0.0000000000     0.9687053870
5054     2.7195609352    -0.0983889801     0.9119197145
5055     2.6013474080    -0.1234785787     0.9058263448
5056     2.6946517166    -0.1976708608     0.8586236367
5057     3.0356035986    -0.1373964137     0.8871731005
5058     3.1528356705    -0.1912428849     0.8504263415
5059     3.0423158213    -0.2350768485     0.8139394000
5060     2.9078076667    -0.2369514463     0.8160054702
5061     4.7927549954    -0.1049784273     0.8574635187
5062     4.7354747476     0.0000000000     0.8777606734
5063     4.6823088820    -0.1001321584     0.8617852987
5064     2.8220882887    -0.1646956344     0.8780502200
5065     2.9431102542    -0.1751136173     0.8679058840
5066     2.9204621255    -0.0907367153     0.9087171696
5067     2.6493960578     0.0000000000     0.9295676351
5068     6.2061438507    -0.2115285941     0.7523128818
5069     6.2828086493    -0.2717644124     0.6603377890
5070     2.1238636903    -0.3243262898     0.7099091459
5071     3.2515072529    -0.1217341338     0.8885451710
5072     2.5390259982     0.0000000000     0.9327928969
5073     6.1047067324    -0.1862537241     0.7790083484
5074     6.1579905598    -0.1144252790     0.8236923723
5075     6.0541828647    -0.1194595965     0.8235385673
5076     1.8793369383     0.0000000000     0.9545231906
5077     1.7705007235     0.0000000000     0.9587970921
5078     1.8215492354    -0.1268991518     0.9297564014
5079     1.5005286522    -0.0610913219     0.9653986734
5080     1.7141326464    -0.0959823814     0.9459155004
5081     1.6390412347    -0.1575269795     0.9214713589
5082     2.1549350394    -0.1073027941     0.9259785916
5083     2.1605350296    -0.2139539255     0.8617167579
5084     2.2653025590    -0.1606097594     0.8971788824
5085     2.3178169469     0.0000000000     0.9395333358
5086     6.3643552903    -0.1021315230     0.8247469751
5087     6.2613844287    -0.1086044406     0.8241295220
5088     6.3218239262    -0.1952761004     0.7658435779
5089     2.0452902449    -0.1615889826     0.9037992024
5090     2.0975427514     0.0000000000     0.9467196903
5091     2.2073656376     0.0000000000     0.9430670310
5092     5.2162891462    -0.1058320958     0.8475674770
5093     6.9303091318    -0.2531114642     0.6097772209
5094     6.9203018279    -0.1765521001     0.7361158738
5095     6.8269456717    -0.2394121563     0.6994002395
5096     2.7869783129    -0.2498177206     0.8053582632
5097     2.7689541804    -0.3148354401     0.7045656860
5098     3.4661721697    -0.3249910158     0.6497292296
5099     3.5851655733    -0.3193687702     0.6595845404
5100     3.7835773290    -0.1422811101     0.8650062055
5101     3.6962502105    -0.2240861564     0.8062771276
5102     3.8201383451    -0.2150870470     0.8116043195
5103     3.6157870130    -0.2786676903     0.7399185700
5104     3.7235574067    -0.3090174544     0.6789555174
5105     3.5347220545     0.0000000000     0.9059255058
5106     4.6363937831    -0.1993071219     0.8041132441
5107     4.7340985049    -0.1799450695     0.8173415125
5108     4.5749514118    -0.1059970540     0.8621120383
5109     2.0240743878    -0.2427315454     0.8382978799
5110     4.6276057855     0.0000000000     0.8801594594
5111     4.5194401492     0.0000000000     0.8825882227
5112     4.4181370111    -0.1863591833     0.8204247582
5113     4.3275555816    -0.2354525121     0.7762116073
5114     4.3550457356    -0.1124593435     0.8647628903
5115     4.4647750240    -0.0990275853     0.8672247865
5116     3.9320448715    -0.3386740175     0.5647042761
5117     3.8703015569    -0.3094340401     0.6718870708
5118     3.8010327768    -0.3401710596     0.5681740164
5119     4.1356441473    -0.3099541794     0.6591825026
5120     4.1147052473    -0.2489272403     0.7661923088
5121     4.0081062247    -0.2988285486     0.6897897208
5122     4.1933475346     0.0000000000     0.8900589242
5123     4.2478339567    -0.1217576785     0.8634091114
5124     4.3022996696     0.0000000000     0.8875372266
5125     1.5180835926    -0.2241760837     0.8769579343
5126     3.2704960136    -0.3492086076     0.5616535020
5127     4.2184669237    -0.2122048481     0.8034461213
5128     4.1299667898    -0.1644715961     0.8432872194
5129     3.9746882833     0.0000000000     0.8952024793
5130     4.0300188048    -0.1049069937     0.8754873322
5131     4.0840936452     0.0000000000     0.8926147367
5132     5.5794331236    -0.2063429608     0.7734091006
5133     3.6450405379     0.0000000000     0.9031856451
5134     3.6940808861    -0.1135082041     0.8805111136
5135     3.7551759063     0.0000000000     0.9004857563
5136     4.0187866774    -0.2087446142     0.8120574940
5137     3.9082850319    -0.1512419932     0.8569296188
5138     3.6693552188    -0.3420616946     0.5690747569
5139     5.4255334633    -0.1235181194     0.8352723659
5140     5.3488747270    -0.2213344460     0.7638701247
5141     4.0623223354    -0.3374990309     0.5588160374
5142     1.6616855805     0.0000000000     0.9634587066
5143     2.9817962882     0.0000000000     0.9202866651
5144     2.8712805584     0.0000000000     0.9233080247
5145     3.1426219300    -0.3239271841     0.6676532483
5146     4.9060913166    -0.1180703971     0.8495193490
5147     4.9989065085    -0.3062795838     0.6285753517
5148     5.8752339852    -0.3128900071     0.5179933365
5149     5.7939522258    -0.2871263517     0.6440997560
5150     5.7534518673    -0.3151023947     0.5090152867
5151     4.9879749406    -0.2541638128     0.7330598768
5152     5.0914485912    -0.2576304140     0.7248417868
5153     5.7405486005    -0.1285100576     0.8258605616
5154     5.6903791558    -0.2317946741     0.7424739971
5155     2.6084517932    -0.3422447502     0.6399121008
5156     6.4775026759    -0.2989579756     0.5624469127
5157     6.4073215641    -0.2793068345     0.6379330897
5158     6.3579768292    -0.3021082497     0.5536530079
5159     6.2377039131    -0.3050928929     0.5447762892
5160     6.8231840733    -0.2879803348     0.5880457142
5161     6.7689070327    -0.2735914144     0.6389156968
5162     7.0177626255    -0.1915557763     0.6364125896
5163     7.0059445105    -0.1263946038     0.7194224820
5164     7.0822357366    -0.1162434749     0.6575720533
5165     7.0436433664    -0.0390780063     0.7303621664
5166     3.5717684484    -0.2260626471     0.8078140841
5167     6.5688391264    -0.0874478028     0.8262931325
5168     6.5392033841    -0.1968463386     0.7593859530
5169     6.6419503507    -0.1549698772     0.7912934461
5170     1.9898674324    -0.3174251766     0.7299885951
5171     7.1193705150    -0.0269303802     0.6689624460
5172     5.2516777653    -0.1929694419     0.7939450271
5173     5.3203049368    -0.1166985022     0.8407373583
5174     4.6497640009    -0.3204814885     0.5992349867
5175     2.5754152921    -0.2430732765     0.8196793447
5176     2.5283064518    -0.1854408836     0.8728371834
5177     4.9209202373    -0.2127206957     0.7841938569
5178     4.8268433234    -0.2050469355     0.7940048187
5179     4.8737839152    -0.2768787173     0.7005100841
5180     3.4041159506    -0.3467615219     0.5647644404
5181     3.5370597899    -0.3443497958     0.5673987409
5182     4.8430232689     0.0000000000     0.8753916841
5183     6.9620435565    -0.0505766595     0.7821548730
5184     6.6466707200    -0.2159663939     0.7367924152
5185     3.9172182821    -0.2493033689     0.7715950880
5186     1.6903694178    -0.2901099023     0.7898913743
5187     1.7194967912    -0.1995041506     0.8895263430
5188     1.6103050267    -0.2284066164     0.8686901029
5189     2.6723603218    -0.2849673377     0.7619188228
5190     6.7136569489    -0.1233962387     0.8086378472
5191     6.7403440936    -0.1860627724     0.7653072998
5192     4.5169363334    -0.1877891296     0.8167736077
5193     4.4110096319     0.0000000000     0.8850470591
5194     2.3734087170    -0.1747426812     0.8849536878
5195     6.1175832572    -0.3078779884     0.5358998463
5196     2.4529147371    -0.3635763921     0.5354712682
5197     2.1000055973    -0.2806045388     0.7884327778
5198     1.8285328603    -0.3187663024     0.7337637496
5199     2.4462016785    -0.2214519390     0.8457135462
5200     4.7427045286    -0.2522641405     0.7431027330
5201     4.6427855577    -0.2808998996     0.7012855585
5202     6.5964734464    -0.2956643917     0.5711520689
5203     3.0538783608    -0.3037074282     0.7161265830
5204     4.2165581741    -0.2708496599     0.7324270211
5205     3.8008336067    -0.2711800515     0.7453471273
5206     1.8156864207    -0.3609401216     0.6113302661
5207     2.5914137870    -0.3612988454     0.5406027833
5208     2.4381333367    -0.2848971505     0.7701420327
5209     6.6699716250    -0.0793942806     0.8271386265
5210     2.5476523529    -0.3078415534     0.7271999077
5211     2.7604022598     0.0000000000     0.9264014002
5212     6.4668297219    -0.0950439943     0.8254915588
5213     6.5174117544    -0.2698835686     0.6559599668
5214     6.4379298231    -0.2318090316     0.7222615584
5215     6.4258572033    -0.1689169564     0.7857311909
5216     1.9405522348    -0.0954953779     0.9373622632
5217     1.9882646141     0.0000000000     0.9505223404
5218     2.2619509960    -0.0766239000     0.9319340567
5219     2.0463373738    -0.0771052633     0.9389271144
5220     3.9416507000    -0.0698543985     0.8880838698
5221     3.8649756977     0.0000000000     0.8978273465
5222     4.1390689370    -0.0797296684     0.8808728642
5223     2.8197542941    -0.0725505334     0.9163934962
5224     3.8301327402    -0.0770858410     0.8890231605
5225     6.3588958241    -0.2487130529     0.7000249096
5226     3.0617404553    -0.0639845700     0.9116722002
5227     2.4923708246     0.1284537931     0.9068647078
5228     2.1441283181     0.1234818031     0.9199242910
5229     2.0442525846     0.0979452826     0.9329304154
5230     2.4738307959     0.2567541592     0.8071331419
5231     2.4011181089     0.1972614512     0.8678617700
5232     2.2293508550     0.3528356915     0.6222074172
5233     2.3133184856     0.3657689387     0.5300701629
5234     2.1725693486     0.3678553388     0.5244165905
5235     6.0378434930     0.2938015056     0.6135622006
5236     6.0125558279     0.2543455481     0.7014703564
5237     6.1420704565     0.2779155553     0.6519870615
5238     3.1525967140     0.1125503605     0.8949165142
5239     3.0941738562     0.1889638943     0.8538024060
5240     3.0386928942     0.1016390934     0.9019716285
5241     5.0231379795     0.1824905486     0.8082069980
5242     2.7062997440     0.1060019889     0.9096740572
5243     3.4733385771     0.1242661133     0.8816409434
5244     3.3695279493     0.0903830589     0.8968699591
5245     5.4574034956     0.3093613462     0.5908855259
5246     5.3418141879     0.3030000261     0.6209409576
5247     3.0035336932     0.1910789095     0.8547675329
5248     6.8672066867     0.0618104026     0.8195808045
5249     6.8197636847     0.1573881621     0.7855068411
5250     6.7676943002     0.0711769780     0.8280981489
5251     2.2218270053     0.3119335487     0.7317672517
5252     2.0798144213     0.2883544809     0.7776526781
5253     2.1965150560     0.2340764187     0.8414730918
5254     1.5159808846     0.0678100922     0.9630688655
5255     1.5324790102     0.1503012732     0.9305078564
5256     1.5220786480     0.2253724064     0.8756301243
5257     1.6219132815     0.2070305740     0.8874431297
5258     1.5619658949     0.2903103117     0.7950413093
5259     2.7048893811     0.2120690152     0.8462847604
5260     2.8148066658     0.1713513186     0.8740457356
5261     2.8192427953     0.2533338281     0.8001733414
5262     2.9257875963     0.2286316215     0.8240791803
5263     1.6091396791     0.0965067481     0.9503552456
5264     6.1167326388     0.3078970079     0.5358369138
5265     6.2368488085     0.3051134109     0.5447131817
5266     1.9437645069     0.3578607090     0.6178584299
5267     2.0302645222     0.3698133946     0.5185287813
5268     1.8862636616     0.3716067182     0.5124414301
5269     1.8274896155     0.0925992176     0.9424705983
5270     1.8342890305     0.1880314887     0.8938239623
5271     1.9413765694     0.1341907247     0.9220098020
5272     6.4086549142     0.2774171644     0.6426094289
5273     6.3565209844     0.3021454955     0.5535458551
5274     6.2776329564     0.2716381901     0.6607963372
5275     2.0548831414     0.2052649688     0.8726629940
5276     1.9400283435     0.2554687981     0.8269279515
5277     1.7163742800     0.1214986767     0.9362546952
5278     3.2663379397     0.1324204680     0.8833486646
5279     2.3510456931     0.2827419286     0.7764187533
5280     4.9857107926     0.3084398506     0.6225622337
5281     4.7544789526     0.3120425710     0.6234050155
5282     4.8567114585     0.2789183117     0.6974100872
5283     4.8730087636     0.3183333840     0.5930482855
5284     3.6991080456     0.0945178067     0.8872121595
5285     3.8134875474     0.1151448486     0.8768616256
5286     3.7329246721     0.1805023288     0.8426270768
5287     4.2268899953     0.2206714297     0.7949362453
5288     4.1403600917     0.1597882859     0.8459832067
5289     4.2523008678     0.1505762647     0.8486924256
5290     5.7532827601     0.3151053253     0.5090028524
5291     5.6916445899     0.3045458015     0.5951135706
5292     4.5727644398     0.1030356378     0.8632691229
5293     4.7922060195     0.0989626233     0.8596815810
5294     5.6826615828     0.2027860811     0.7742524711
5295     5.6870193295     0.2665340418     0.6913019713
5296     5.5748563046     0.2315193400     0.7459859373
5297     4.5193518673     0.1880592353     0.8164976789
5298     4.4651844951     0.0987920438     0.8672973913
5299     4.4216110216     0.1841389080     0.8220508541
5300     4.4581484144     0.2596255952     0.7414775530
5301     4.1918616542     0.3365320340     0.5506842845
5302     4.2588120381     0.3202251429     0.6236520061
5303     4.3204640507     0.3356249635     0.5405742859
5304     2.8656137843     0.3565549385     0.5500029239
5305     2.9232055550     0.3376060552     0.6386190778
5306     3.0013385824     0.3541221019     0.5542335984
5307     4.6790069256     0.0929177736     0.8643325175
5308     3.6102446489     0.3121587516     0.6763930570
5309     3.5371794595     0.3443476469     0.5674008527
5310     3.4750356132     0.3123416508     0.6815886519
5311     2.3294443525     0.1271194703     0.9124248402
5312     2.2444322677     0.1183945932     0.9188084765
5313     5.2275968284     0.3126950020     0.5925588955
5314     4.2517986799     0.2819059924     0.7130760715
5315     4.1322291828     0.3087400080     0.6623664290
5316     4.1191683225     0.2425378057     0.7739099893
5317     3.9321428929     0.3386730416     0.5647006481
5318     3.8011389940     0.3401696788     0.5681723427
5319     3.8839242946     0.3150086081     0.6574591016
5320     4.0045321005     0.3216394913     0.6327276903
5321     4.0623912036     0.3374984705     0.5588123355
5322     3.8005443488     0.2293357931     0.7979043618
5323     3.9063705406     0.1838747268     0.8355839772
5324     3.8888309512     0.2660904416     0.7499964033
5325     5.3484999336     0.2498543964     0.7283507679
5326     5.4626031774     0.2727753987     0.6875991547
5327     4.9056314069     0.1195815123     0.8488635588
5328     3.7532963564     0.3044998536     0.6877546832
5329     3.6694614841     0.3420600157     0.5690750304
5330     3.4042444735     0.3467591806     0.5647671861
5331     2.0941808458     0.3466568993     0.6517628921
5332     2.4897754327     0.3305617650     0.6795562046
5333     2.4528506404     0.3635774113     0.5354690147
5334     2.3502709117     0.3437783532     0.6482339497
5335     1.9771606495     0.3225059008     0.7198909945
5336     1.7923029717     0.3589968100     0.6214959082
5337     1.8659933679     0.3241173040     0.7209585409
5338     2.7224869779     0.2892976349     0.7533560090
5339     2.6433655832     0.3340969135     0.6630991238
5340     2.5963253488     0.2726275834     0.7825173781
5341     3.3344094794     0.3134554692     0.6848340182
5342     3.3034159483     0.2491295949     0.7902510706
5343     3.4410327916     0.2475457728     0.7879832714
5344     6.6666849906     0.0796642480     0.8271099355
5345     6.7264350517     0.1762128970     0.7739385019
5346     1.5497314997     0.3432057954     0.6872410094
5347     1.5366188170     0.3685047248     0.5850667548
5348     5.5740222938     0.2988571461     0.6217852820
5349     1.7325358177     0.2167620693     0.8744985130
5350     2.3968497290     0.0932966493     0.9230562149
5351     3.1987772977     0.3324903670     0.6406207904
5352     3.2706333362     0.3492061151     0.5616567181
5353     5.1161160136     0.3094237735     0.6120702763
5354     6.8221038274     0.2881223895     0.5879149375
5355     6.8233193388     0.2386592280     0.7012759733
5356     6.9291712474     0.2537011358     0.6094697639
5357     1.6544903193     0.3643313382     0.6036004596
5358     5.2514467402     0.1989951587     0.7886385841
5359     5.2211573415     0.2730645549     0.6954056274
5360     5.1392647580     0.2262636595     0.7640524226
5361     3.9965263145     0.2287862435     0.7929349346
5362     4.0094281086     0.2860798789     0.7141490785
5363     3.1363417249     0.3516669436     0.5581281406
5364     2.9223151443     0.1185008706     0.8987994287
5365     3.1917962232     0.2209406987     0.8237940217
5366     3.0671856113     0.2656057042     0.7767088409
5367     4.3822439756     0.3073010420     0.6549825538
5368     4.3395114928     0.2300322184     0.7819515023
5369     4.6422160529     0.2929102252     0.6777047366
5370     4.6406395148     0.3224847629     0.5913245171
5371     4.5231948526     0.3101871912     0.6407140152
5372     4.9062993334     0.2142508140     0.7830569914
5373     6.1552402677     0.1145684053     0.8236847234
5374     6.0945216531     0.2094873773     0.7572497936
5375     6.0515242711     0.1195761431     0.8235396113
5376     5.4613534186     0.2069938291     0.7757812993
5377     2.5956790215     0.0812206259     0.9206068984
5378     3.9199007390     0.0913160782     0.8827800196
5379     4.0216922173     0.1477581699     0.8560320431
5380     3.5890030758     0.0974323489     0.8890235299
5381     1.8137332616     0.2700235087     0.8135260974
5382     1.7600819414     0.3193180794     0.7354396464
5383     4.4483193158     0.3346215747     0.5286468007
5384     4.5754807950     0.3333566897     0.5150778543
5385     5.7850509541     0.2174213659     0.7566514742
5386     5.7387008149     0.1285308860     0.8258905262
5387     5.8429376687     0.1267422317     0.8245175632
5388     5.9979062807     0.1915865128     0.7768774298
5389     3.6808114066     0.2561814655     0.7699815919
5390     3.5629286269     0.2585761756     0.7704774962
5391     5.0739379849     0.2687127515     0.7078994336
5392     4.9690508224     0.2583958168     0.7274863748
5393     5.8967930125     0.2240645130     0.7462010984
5394     5.4241964125     0.1234533767     0.8353328730
5395     5.8093201869     0.2875460305     0.6423712865
5396     2.6089314508     0.1698719109     0.8809935184
5397     1.7404604845     0.3731768174     0.5062243693
5398     6.5655089080     0.0877017116     0.8262670628
5399     6.5208757520     0.2335448270     0.7177781185
5400     6.4637444652     0.0952661050     0.8254678607
5401     6.2584492950     0.1087800831     0.8241139500
5402     6.3613373075     0.1023277393     0.8247279234
5403     6.3099335581     0.1959990208     0.7654409866
5404     6.9185252557     0.1769947254     0.7366860259
5405     7.0051574701     0.1268317252     0.7197237419
5406     7.0435918741     0.0390858418     0.7303998454
5407     7.0817369709     0.1170096072     0.6574117771
5408     6.9611441680     0.0506939987     0.7826315179
5409     5.8748243470     0.3128977889     0.5179631415
5410     5.9275225806     0.2899580911     0.6306108465
5411     5.9960163179     0.3104937845     0.5269149095
5412     6.1943127200     0.2221259954     0.7406914936
5413     2.7808293555     0.3388683165     0.6419742923
5414     2.8398348731     0.3096343619     0.7125650161
5415     5.3197429737     0.1166516875     0.8407705104
5416     5.2158182337     0.1057705104     0.8476020016
5417     3.5423930548     0.1878563931     0.8422868488
5418     7.0169939848     0.1922572282     0.6361615177
5419     6.6313586229     0.2677347400     0.6567248689
5420     6.7158742632     0.2491956250     0.6892867673
5421     6.7115521413     0.2924032757     0.5794783659
5422     6.7677082493     0.2735090492     0.6391487804
5423     4.6338075492     0.1860949209     0.8151363318
5424     7.1193705094     0.0269303906     0.6689624491
5425     4.3527122454     0.1094380224     0.8660171285
5426     1.6846196339     0.2777502290     0.8081941395
5427     4.5790990322     0.2519318981     0.7484529348
5428     2.9440147520     0.2936406086     0.7383747935
5429     4.7209552215     0.2533660160     0.7422429814
5430     2.7288469110     0.3589548921     0.5454482708
5431     2.5913401766     0.3613000564     0.5406004008
5432     4.8129974008     0.2025952936     0.7966093270
5433     6.4758200902     0.2990035085     0.5623234196
5434     3.0581741880     0.3259086786     0.6662741084
5435     6.5945803325     0.2957177650     0.5710141584
5436     6.6385317762     0.2211939448     0.7307810511
5437     3.6395250438     0.1836653744     0.8428060180
5438     3.1895590779     0.2944307097     0.7282890640
5439     4.7280683635     0.1703807297     0.8244079050
5440     1.6631319712     0.3327291614     0.7097645678
5441     2.3021387032     0.2063788354     0.8636059589
5442     3.3743548531     0.1783091055     0.8537845172
5443     6.3878407079     0.2386766854     0.7141963484
5444     6.4179085069     0.1772198386     0.7794182089
5445     2.8152382835     0.0820698346     0.9141124277
5446     6.6192937022     0.1635469295     0.7857113490
5447     5.1451318354     0.1655603659     0.8175951448
5448     5.3611347525     0.1855210455     0.7974718026
5449     4.1595844868     0.0786738770     0.8806687596
5450     4.0671847445     0.0783585943     0.8829549213
5451     6.2268149504     0.1663121520     0.7920076219
5452     2.5403431722     0.2106189841     0.8525479668
5453     4.2532990045     0.0700907417     0.8806131489
5454     3.1272422746     0.8215924748    -0.6720816629
5455     3.0170080624     0.8054528338    -0.7126031998
5456     2.9761839545     0.8208258933    -0.5052631579
5457     1.3395635544    -0.0000000000    -0.8727122106
5458     1.4511500694     0.1152838107    -0.7762246213
5459     1.3086203758     0.4195733476    -1.2002927630
5460     1.4301064787     0.2568622883    -1.2652900249
5461     1.2365665299     0.2585787182    -1.2932026070
5462     2.5487808484     0.0000000000    -1.1893900080
5463     2.6799005327     0.1793719699    -1.1648919977
5464     2.8222447486     0.0000000000    -1.1579058914
5465     1.8133895401     0.6028657481    -0.9514316415
5466     1.7349761871     0.6973191609    -0.7905266078
5467     1.9054240942     0.6898597323    -0.8042421880
5468     2.0767712717     0.7357410327    -0.6970721100
5469     2.0171419509     0.7564422679    -0.5052631579
5470     2.1838409686     0.7659801278    -0.5052631579
5471     1.1828119652     0.7500000000    -0.5964805595
5472     1.1376472223     0.7247520746    -0.7960378699
5473     1.0157301561     0.7500000000    -0.6176627339
5474     3.1272422746     0.8313450835    -0.5052631579
5475     2.8866464756     0.8043956060    -0.6585670518
5476     2.8233950314     0.8100316499    -0.5052631579
5477     1.3320622151     0.7258396708    -0.7646490978
5478     1.2879243038     0.5367916719    -0.3728942778
5479     1.4580908707     0.4606805066    -0.4323319430
5480     2.3119485452     0.0000000000    -1.2158667353
5481     2.4548005378     0.1793802138    -1.1879746511
5482     1.9581174217     0.5470037442    -1.0218812085
5483     1.8082370449     0.4565689836    -1.1005953255
5484     1.3492334458     0.7500000000    -0.5727086424
5485     0.7178648579     0.2451645935    -1.3529922846
5486     0.7421648726     0.2642537797    -1.2311601321
5487     0.7190024708     0.3921855672    -1.2832576575
5488     0.9566096465     0.4964501813    -1.1862730182
5489     0.9885919328     0.3193793954    -1.2994598177
5490     0.8263261874     0.4372489592    -1.2459696867
5491     0.9448091827    -0.0000000000    -1.1464370089
5492     0.8457822838     0.1306049832    -1.2001913824
5493     0.8003404838    -0.0000000000    -1.2437119866
5494     0.7080239316     0.4010065303    -1.1821194058
5495     0.7231374655     0.5339292960    -1.1702648952
5496     0.9755516518     0.6219804629    -1.0412206380
5497     0.8281597932     0.5781128271    -1.1141601392
5498     0.8298979302     0.6666835678    -0.9800935388
5499     0.7093161145     0.6390948646    -1.0369461740
5500     2.7545398116     0.3612140194    -1.1242801731
5501     2.7125409580     0.5549705746    -1.0419773588
5502     2.8406176970     0.5025396174    -1.0691552641
5503     0.8942742065     0.0000000000    -1.3806403316
5504     0.7334343177     0.0000000000    -1.3932019565
5505     0.8016878219     0.1380663392    -1.3759498499
5506     0.9872909404     0.1210203943    -1.1057849307
5507     0.8706870809     0.2495752370    -1.1471102496
5508     0.7310627771     0.1258342388    -1.2793493252
5509     2.5322012487     0.7731778473    -0.6772064035
5510     2.3758970872     0.7676095175    -0.6430932322
5511     2.5094715762     0.7878040066    -0.5052631579
5512     1.1018688401     0.4402655543    -1.2142266899
5513     1.1479287837     0.5422293506    -1.1191087985
5514     2.6677652097     0.7989769898    -0.5052631579
5515     0.6325506812     0.7347947614    -0.6254061927
5516     0.7967826581     0.6675442739    -0.7202886306
5517     0.7681292906     0.6950716754    -0.5704023583
5518     2.2536828151     0.6697512513    -0.8873562758
5519     2.2390138634     0.5524536599    -1.0302333665
5520     2.1156892665     0.6058861199    -0.9646477213
5521     1.1495060463     0.3449250134    -1.2669900514
5522     1.1239365430     0.1497134793    -1.3393371662
5523     2.2026602932     0.3820369488    -1.1455969548
5524     2.3550613686     0.4506541497    -1.1064541004
5525     2.7890207592     0.7320008524    -0.8585367650
5526     2.7958750211     0.7774357520    -0.7488189305
5527     2.9236976631     0.7651026885    -0.8154690254
5528     2.3738396465     0.6458187966    -0.9371544186
5529     0.6746592514    -0.0000000000    -1.3296990318
5530     1.9973487129     0.6508450364    -0.8890390083
5531     0.9565043425     0.7161966813    -0.8474143308
5532     1.5341717871     0.7221609486    -0.7474113454
5533     1.4768748718     0.6456199861    -0.9349881472
5534     1.0379445501     0.6158089401    -0.4675170066
5535     1.1618382163     0.5603196773    -0.5584388447
5536     1.1656370302     0.5763236696    -0.4192616762
5537     0.6977200946     0.1109289866    -1.3868501429
5538     0.8763724446     0.7419368132    -0.7425930777
5539     0.8477359806     0.7500000000    -0.6349042882
5540     0.7929757449     0.7187184969    -0.8541650037
5541     0.7312680626     0.7427364983    -0.7480213271
5542     3.1272422746     0.4833413027    -1.0637062768
5543     3.0536922984     0.4635550393    -1.0743127912
5544     3.1272422746     0.6219567738    -1.0010685370
5545     1.7477889582     0.0000000000    -1.2623257442
5546     1.8097092855     0.1484369203    -1.2409018150
5547     1.9202910207     0.0000000000    -1.2517600589
5548     2.6187667388     0.4638215434    -1.0940565222
5549     1.5771009425     0.0000000000    -1.2877533989
5550     1.6375151048     0.1620420193    -1.2608400890
5551     2.4841995674     0.5111723867    -1.0692180642
5552     2.5347562231     0.3493788896    -1.1429977479
5553     0.8641498286     0.5841439818    -0.8540375020
5554     0.7264081398     0.6574132553    -0.8463996394
5555     0.7357666801     0.6048393670    -0.9428489593
5556     0.7921474707     0.3629031736    -1.1447273720
5557     0.8414596378     0.4406961511    -1.0501561716
5558     0.7492517381     0.4732466288    -1.0929126087
5559     0.9118229084     0.3507275112    -1.0649781027
5560     0.9589314821     0.5949279042    -0.7298589447
5561     1.6018786516     0.3083009116    -1.2177204626
5562     1.7487823683     0.3004513604    -1.1994971491
5563     2.9243015924     0.1887633169    -1.1380145995
5564     0.6069618753     0.0000000000    -1.3973511914
5565     1.4895414836     0.3888927541    -1.1926402332
5566     1.4958070303     0.5107766916    -1.0993755411
5567     1.6472757016     0.4338974456    -1.1385877992
5568     0.7178611928     0.5500381716    -1.0371430688
5569     0.8216671640     0.5262243029    -0.9778485777
5570     2.2708847912     0.2103521022    -1.1995159425
5571     2.0919343432     0.2167036187    -1.2116446755
5572     1.8944234761     0.7355867912    -0.6589406087
5573     1.8485341868     0.7502264037    -0.5052631579
5574     0.9043746965     0.6459044840    -0.6296365127
5575     0.9053450630     0.6552981301    -0.5177379897
5576     1.9102988939     0.2945085155    -1.1938991641
5577     2.0531690582     0.3607262173    -1.1599158317
5578     1.6995223358     0.7398926092    -0.6424189889
5579     1.6810519174     0.7500000000    -0.5218356921
5580     2.8238711349     0.6271132496    -0.9909360983
5581     2.9278986192     0.6705541309    -0.9564710849
5582     2.9637046358     0.5567853574    -1.0395117555
5583     1.3527884291     0.5511587024    -1.0806185612
5584     2.2367271066     0.7613871373    -0.6199656571
5585     2.3479701739     0.7766753825    -0.5052631579
5586     1.9623814024     0.1342079888    -1.2378604831
5587     2.3605597155     0.3244315968    -1.1620748740
5588     0.9440228152     0.1634047912    -1.3577371281
5589     1.0651815520     0.0000000000    -1.3617417194
5590     1.6567916137     0.6344640743    -0.9253810091
5591     1.6506736915     0.5524270000    -1.0334755908
5592     0.6871148810     0.7500000000    -0.6454636485
5593     0.6710880232     0.7198171094    -0.8572126736
5594     1.4835296304     0.1154613523    -1.2934343690
5595     1.3153334791     0.1285977785    -1.3167137898
5596     1.4065923607     0.0000000000    -1.3140836269
5597     1.2359527938     0.0000000000    -1.3391289134
5598     1.0933119233     0.3902375069    -0.8978419329
5599     1.0244522480     0.5076634730    -0.8251382477
5600     0.9522353656     0.4564326565    -0.9480624313
5601     1.9553833163     0.4325022438    -1.1184721884
5602     2.0950094490     0.4930843174    -1.0758449920
5603     1.4318640205     0.7428636514    -0.6640171086
5604     1.5151814116     0.7500000000    -0.5473785119
5605     2.5109310941     0.7133485875    -0.8472876606
5606     2.6582839451     0.7502315714    -0.7936453944
5607     2.7195658698     0.6760104453    -0.9335174150
5608     2.6152428858     0.6646326785    -0.9374504845
5609     2.5878286681     0.5703217264    -1.0288182503
5610     2.4943175494     0.6255178772    -0.9727264832
5611     2.3737962682     0.5575186115    -1.0317552598
5612     2.3800865185     0.7271362157    -0.7920687882
5613     1.2189777386     0.4958609386    -0.6538472256
5614     1.1742273851     0.4388681950    -0.7813932229
5615     1.3021364373     0.4234416713    -0.6850202298
5616     0.6405633668     0.6628699773    -0.9328967537
5617     1.1000555133     0.5381543019    -0.6988416118
5618     1.0329347174     0.6034220232    -0.5982643005
5619     3.1272422746     0.0000000000    -1.1231608852
5620     3.1272422746     0.2830886918    -1.1067881814
5621     3.1272422746     0.7179430192    -0.9205043581
5622     3.0278333524     0.6528391547    -0.9773096888
5623     1.2776602726     0.6788662180    -0.9022023619
5624     1.2474462647     0.6097035868    -1.0241379660
5625     1.1351602281     0.6463726805    -0.9832476899
5626     1.0116225970     0.2299792467    -1.0563113110
5627     2.1051148328     0.0000000000    -1.2370080543
5628     2.1944506699     0.1051643088    -1.2228862897
5629     1.3521922372     0.6275123272    -0.9829588781
5630     0.7146708722     0.6907829997    -0.9365885892
5631     1.0483916318     0.6838227199    -0.9220598749
5632     1.5948942110     0.6810867877    -0.8492471735
5633     2.8631312847     0.7072000192    -0.9080011169
5634     2.9422751561     0.3805254061    -1.1051969114
5635     1.3133723905     0.4988599867    -0.5336313793
5636     1.3966523288     0.4232513211    -0.5923449384
5637     1.4749117488     0.4037886653    -0.5404953861
5638     1.1482928929     0.1222895251    -0.9942042078
5639     1.0841114641    -0.0000000000    -1.0517939854
5640     1.2173436735    -0.0000000000    -0.9595230276
5641     1.3028075732     0.1072272709    -0.8876782642
5642     0.8170998833     0.2951746679    -1.3270466789
5643     1.2885361673     0.3286676493    -0.7932431162
5644     1.2481261209     0.2141639345    -0.8928599584
5645     1.1985996430     0.3272811236    -0.8654124567
5646     1.1301568159     0.2530034401    -0.9612318971
5647     0.6621690611     0.0632705451    -1.3358109780
5648     2.7149234263     0.7932485407    -0.6427616766
5649     3.0017946202     0.7168989180    -0.9101280182
5650     1.3603480291     0.2128354353    -0.8093663624
5651     1.4601646306     0.2230402575    -0.7263045808
5652     1.3853374963     0.3271806542    -0.7146231653
5653     2.2405013289     0.7324268424    -0.7470077880
5654     1.4713292666     0.3231840839    -0.6437314206
5655     3.0399168836     0.7617906482    -0.8448230721
5656     3.1272422746     0.7831724847    -0.8162738136
5657     1.2365693951     0.5475540127    -0.4726524507
5658     2.1340958121     0.6849683756    -0.8433042253
5659     1.0238750121     0.3355659631    -0.9921985361
5660     2.4427084672    -0.1874047455    -1.1879789122
5661     2.6785099802    -0.1890957352    -1.1639079538
5662     1.4511451817    -0.1152176392    -0.7762455434
5663     2.9761839545    -0.8208258933    -0.5052631579
5664     2.8233950314    -0.8100316499    -0.5052631579
5665     2.8836962855    -0.8015921664    -0.6749049213
5666     3.1272422746    -0.8215924616    -0.6720817570
5667     3.1272422746    -0.8313450835    -0.5052631579
5668     3.0177967431    -0.8072586060    -0.7040858312
5669     1.4054337356    -0.4968150739    -0.3280106132
5670     1.4580883134    -0.4606836407    -0.4323252773
5671     1.2879243038    -0.5367916719    -0.3728942778
5672     1.0730092852    -0.5019346173    -1.1678682699
5673     0.9900430031    -0.6279954897    -1.0305576948
5674     0.9062566315    -0.5225835515    -1.1672335765
5675     0.7122204304    -0.2387714847    -1.3554585330
5676     0.7156395753    -0.3970058528    -1.2804397641
5677     0.7380079495    -0.2631614478    -1.2345452681
5678     2.6863583987    -0.5997847991    -1.0084330139
5679     2.6089262830    -0.5297307039    -1.0577674245
5680     2.7257264065    -0.4742847655    -1.0857979866
5681     3.1272422746    -0.4833412600    -1.0637062906
5682     3.0016210648    -0.4321226354    -1.0871346443
5683     3.1272422746    -0.2830886585    -1.1067881857
5684     0.7006156685    -0.4059962540    -1.1842922506
5685     0.7179201230    -0.5412067641    -1.1630562982
5686     0.8443196003    -0.1308833436    -1.2011292528
5687     0.8341376682    -0.5976036785    -1.0890807013
5688     0.7783356964    -0.4986156685    -1.2004245569
5689     1.2234048982    -0.2638021479    -1.2931041530
5690     1.4065484187    -0.2841436415    -1.2583100728
5691     1.2775162163    -0.4218679009    -1.2032468417
5692     0.7646042765    -0.6402477822    -1.0318844418
5693     1.1439814595    -0.6758807051    -0.9269550406
5694     1.0281642390    -0.7180082357    -0.8334255433
5695     0.7298695308    -0.1239678327    -1.2805080168
5696     1.5902653903    -0.3394592204    -1.2045576989
5697     1.5147402363    -0.1582264417    -1.2806959867
5698     0.8080319779    -0.1437674309    -1.3743776291
5699     2.3878412764    -0.5530954898    -1.0360746611
5700     2.5451199535    -0.6172494414    -0.9850949437
5701     2.4371138547    -0.6560154229    -0.9301405388
5702     0.8500352125    -0.6036154066    -0.8310771953
5703     0.8381931582    -0.6616242695    -0.6757609059
5704     0.9770775370    -0.5821995475    -0.7394243913
5705     0.9053450630    -0.6552981301    -0.5177379897
5706     1.0042713917    -0.6153381340    -0.5939799396
5707     0.7681292906    -0.6950716754    -0.5704023583
5708     1.0157301561    -0.7500000000    -0.6176627339
5709     0.8938207978    -0.7374487160    -0.7679242382
5710     0.8012459725    -0.7119358991    -0.8750445181
5711     0.8834883697    -0.6824265887    -0.9430097270
5712     0.8477359806    -0.7500000000    -0.6349042882
5713     2.0637827918    -0.1397356864    -1.2297714698
5714     2.2340671275    -0.1779947148    -1.2089580084
5715     1.3492334458    -0.7500000000    -0.5727086424
5716     1.4254151065    -0.7251494207    -0.7532415916
5717     1.5151814116    -0.7500000000    -0.5473785119
5718     0.6325506812    -0.7347947614    -0.6254061927
5719     2.1995387034    -0.3545671380    -1.1583886809
5720     2.0692572920    -0.3022451030    -1.1853408104
5721     1.9180743412    -0.1891665802    -1.2286679603
5722     1.7765868854    -0.1444729253    -1.2447906245
5723     2.7950819989    -0.7495227173    -0.8244594106
5724     2.7204497640    -0.7913812618    -0.6580372415
5725     2.1838409686    -0.7659801278    -0.5052631579
5726     2.0171419509    -0.7564422679    -0.5052631579
5727     2.1178887327    -0.7329877696    -0.7169153223
5728     2.2940888307    -0.7570958257    -0.6680948883
5729     2.3479701739    -0.7766753825    -0.5052631579
5730     0.7706079250    -0.7446369692    -0.7309551271
5731     0.6871148810    -0.7500000000    -0.6454636485
5732     2.9534094301    -0.7669119545    -0.8175096126
5733     2.9038928884    -0.6871216919    -0.9370757426
5734     1.3292386157    -0.4154008590    -0.6701339575
5735     1.3987133806    -0.4373733470    -0.5662911614
5736     1.4712893520    -0.3228540485    -0.6440802837
5737     1.0379445501    -0.6158089401    -0.4675170066
5738     1.1656370301    -0.5763236696    -0.4192616762
5739     1.1414724522    -0.5674244566    -0.5641902373
5740     1.2125685494    -0.4890627248    -0.6730502978
5741     1.0935480034    -0.5503435289    -0.6795420745
5742     1.4486905994    -0.4158918506    -1.1817222001
5743     1.5448031930    -0.5096378058    -1.0928245120
5744     1.3759480981    -0.5412853795    -1.0876464219
5745     0.8634592350    -0.2531466974    -1.1506866786
5746     3.0242058400    -0.6171740308    -1.0035156830
5747     1.1381576038    -0.1668599140    -0.9895709318
5748     0.6978885935    -0.1084272114    -1.3872098796
5749     2.9327195439    -0.2075561641    -1.1352750154
5750     1.4831325443    -0.6402171460    -0.9429909395
5751     1.6477085891    -0.6027960565    -0.9729643368
5752     1.7044103350    -0.4410105661    -1.1249321229
5753     2.0342362713    -0.5630546791    -1.0086923909
5754     1.8308762545    -0.5501217359    -1.0148610770
5755     1.9738630502    -0.4536952525    -1.1036562770
5756     0.7311343843    -0.4958229022    -1.0858192291
5757     0.7787438987    -0.3685512939    -1.1509804917
5758     0.8147313699    -0.4494355824    -1.0631875549
5759     0.8955961601    -0.3577262878    -1.0723374038
5760     1.2478990656    -0.2435995919    -0.8791238934
5761     1.1386001107    -0.3462016008    -0.8979800960
5762     1.2293521024    -0.3855442294    -0.7917860151
5763     1.0271941963    -0.4661534038    -0.8757721489
5764     1.1174345850    -0.4747917277    -0.7863915614
5765     1.7275001319    -0.7063514929    -0.7676378690
5766     1.8692148917    -0.6923295493    -0.7956869144
5767     1.8103363023    -0.7355267373    -0.6528147247
5768     0.7740468530    -0.3021614584    -1.3272047077
5769     0.8304364313    -0.4105699772    -1.2639628908
5770     0.9231457337    -0.5354522530    -0.8770066285
5771     0.8097904179    -0.5375048975    -0.9738913963
5772     0.9152914570    -0.4566605972    -0.9774785618
5773     2.6401210522    -0.7521958918    -0.7842455641
5774     2.5411759867    -0.7008087350    -0.8751467046
5775     2.6780758146    -0.6871712158    -0.9144019378
5776     1.2501190080    -0.6200379836    -1.0089903706
5777     1.2063777205    -0.5407934951    -1.1126971085
5778     1.9170214457    -0.3333235300    -1.1762481801
5779     2.1226280537    -0.4627432955    -1.0989171022
5780     2.5044684677    -0.7766778092    -0.6459551312
5781     2.5094715762    -0.7878040066    -0.5052631579
5782     2.3951709597    -0.7240719856    -0.8026678056
5783     1.1223675180    -0.3757529320    -1.2536074782
5784     1.0336528496    -0.2749512293    -1.3134737549
5785     0.9660831885    -0.4103246793    -1.2510108530
5786     2.2145936823    -0.5612321984    -1.0206748310
5787     2.3105807015    -0.6418827451    -0.9358727841
5788     2.1480516974    -0.6487135995    -0.9083450829
5789     2.2523080619    -0.7048005488    -0.8204480870
5790     1.9823998499    -0.6517422840    -0.8861159583
5791     2.7988878117    -0.6594154037    -0.9591433636
5792     2.9054342409    -0.5699373559    -1.0328384361
5793     2.7923204830    -0.5568265435    -1.0410351522
5794     1.0086371597    -0.3674829364    -0.9814317094
5795     0.9938140150    -0.2478416121    -1.0613624733
5796     1.8485341868    -0.7502264037    -0.5052631579
5797     1.6810519174    -0.7500000000    -0.5218356921
5798     0.9643434312    -0.1451762202    -1.3593819287
5799     1.1381481003    -0.1355941146    -1.3402039609
5800     1.3276284674    -0.1371017757    -1.3133831752
5801     0.7697611149    -0.6021313457    -0.9145988653
5802     2.6677652097    -0.7989769898    -0.5052631579
5803     2.5166838754    -0.7443684365    -0.7766436916
5804     0.9859281278    -0.1277609377    -1.1053342736
5805     1.3194914244    -0.6818808859    -0.8896386993
5806     1.2210446139    -0.7187545401    -0.8059547558
5807     2.2806754719    -0.4589356542    -1.1021079130
5808     2.3175117705    -0.3133114784    -1.1684005357
5809     2.4094956361    -0.3965247702    -1.1319539918
5810     2.8667940822    -0.4280263938    -1.0968950391
5811     2.7733504855    -0.3312022437    -1.1303537004
5812     2.6310029347    -0.3966419893    -1.1212912533
5813     1.6059162242    -0.6803527220    -0.8491228997
5814     1.7896180579    -0.6412137101    -0.8963086948
5815     1.1207290979    -0.6082096955    -1.0434302632
5816     3.1272422746    -0.7179429872    -0.9205043948
5817     3.1272422746    -0.6219567349    -1.0010685612
5818     1.6778521539    -0.5283276235    -1.0544309946
5819     2.5316032552    -0.3289263891    -1.1494341128
5820     2.5051794846    -0.4876487728    -1.0836707277
5821     1.8380862566    -0.4308740311    -1.1190751376
5822     1.7716160218    -0.3064538103    -1.1939444772
5823     1.3625987513    -0.6270384611    -0.9821268573
5824     1.9697811346    -0.7265577092    -0.7089619709
5825     0.8858711633    -0.2815613358    -1.3267160483
5826     1.6633976141    -0.7421988976    -0.6329543118
5827     1.5795704976    -0.7288849274    -0.7146632193
5828     1.2974715978    -0.5064602436    -0.5340086122
5829     1.3144722423    -0.3146329355    -0.7832146276
5830     1.2204572624    -0.5531225257    -0.4767868331
5831     1.4749278332    -0.4034514701    -0.5410307082
5832     3.1272422746    -0.7831724603    -0.8162738702
5833     3.0533966011    -0.7315747823    -0.8960734118
5834     0.6616463449    -0.0620107490    -1.3362933732
5835     1.6578506073    -0.2227527733    -1.2416350530
5836     1.6506084281    -0.0982061584    -1.2700396430
5837     2.9851697520    -0.7103883206    -0.9167294481
5838     1.3926442807    -0.3069054308    -0.7253351011
5839     1.4601378049    -0.2228461529    -0.7264325026
5840     1.3614490621    -0.1837417269    -0.8212322541
5841     1.2772144159    -0.7428401895    -0.6872097351
5842     1.1828119652    -0.7500000000    -0.5964805595
5843     1.1296384460    -0.7422276755    -0.7118376052
5844     1.0766912215    -0.2835672330    -0.9844173311
5845     1.2690812152    -0.1155657209    -0.9101186871
5846     0.7917941179    -0.6536806609    -0.7757301996
5847     1.9158916447    -0.7469703827    -0.5928920856
5848     3.2766082730     0.8415172566    -0.5052631579
5849     3.3916526061     0.3317900806    -1.0756249850
5850     3.3168524133     0.1579356602    -1.0984159700
5851     7.4022318177     0.3226668278    -0.6723402697
5852     7.4631787808     0.1495692059    -0.6692885370
5853     7.2288521728     0.1765536419    -0.7264684253
5854     3.3248775095     0.8386992423    -0.6591593682
5855     3.2822889641     0.4558225192    -1.0616877328
5856     3.4425013286     0.0000000000    -1.0888724441
5857     3.5802918238     0.1940323889    -1.0698645999
5858     6.7224713234     0.0000000000    -0.8350334983
5859     6.7556416599     0.2058376233    -0.8245336790
5860     6.9587782498     0.1735805665    -0.7863841152
5861     7.2337743660     0.6989679963    -0.2644683210
5862     7.3459870720     0.6842362474    -0.2478704684
5863     6.4158870243     0.0000000000    -0.8846501571
5864     6.5681085548     0.1611843170    -0.8587834260
5865     7.4558793421     0.6697483488    -0.2315473553
5866     7.5631899460     0.6556142856    -0.2156228986
5867     7.6673803120     0.6451620882    -0.2567057347
5868     7.7837238961     0.6343870220    -0.2919306567
5869     3.4227859389     0.8511813048    -0.5052631579
5870     7.8931062885     0.6220634022    -0.3209377538
5871     7.4182489990     0.0000000000    -0.6836552788
5872     7.2396443753     0.0000000000    -0.7276669145
5873     3.8637185939     0.2504547360    -1.0407119250
5874     3.7640456420     0.0000000000    -1.0567550341
5875     7.0059137227     0.0000000000    -0.7799257289
5876     6.8839125895     0.3508186812    -0.7888981985
5877     7.0887816078     0.3370450817    -0.7466231351
5878     6.3982664965     0.2703766376    -0.8798611143
5879     6.1799436807     0.1825863829    -0.9131126171
5880     6.6373121893     0.3462327065    -0.8357774245
5881     5.7343354452     0.2326298185    -0.9554470005
5882     5.9781734159     0.3339017092    -0.9278704175
5883     5.9449055611     0.1432884921    -0.9399418750
5884     5.7959041031     0.4330024509    -0.9365032270
5885     5.2408648577     0.4340972024    -0.9693565096
5886     5.3686755400     0.3411971855    -0.9718070596
5887     5.1384548855     0.2575201797    -0.9836484544
5888     6.2034331160     0.3720136460    -0.8987685471
5889     5.4376727581     0.0000000000    -0.9782282625
5890     5.1006746987     0.0000000000    -0.9892927934
5891     5.4403376093     0.1650411507    -0.9761479275
5892     4.8996145093     0.1766110930    -0.9889102018
5893     6.0972858872     0.0000000000    -0.9256328602
5894     3.6275036983     0.4036193634    -1.0454396401
5895     7.5609762843     0.2680367171    -0.6358537587
5896     5.7701130254     0.0000000000    -0.9569936206
5897     4.0918999813     0.0000000000    -1.0283184625
5898     4.1838244760     0.2070955782    -1.0176152231
5899     4.7617657633     0.0000000000    -0.9925192987
5900     4.6278482811     0.2411153918    -0.9919872475
5901     4.4246290670     0.0000000000    -1.0057835638
5902     3.9743457709     0.6514811187    -0.9681671365
5903     4.0778579227     0.7252222706    -0.9361371105
5904     4.0893109174     0.5528600704    -0.9884857205
5905     7.8032745712     0.6205206952    -0.4198616881
5906     6.1034669552     0.7224812227    -0.8351635380
5907     6.2238400719     0.7026422632    -0.8251786432
5908     6.1947863760     0.5623035503    -0.8727574229
5909     7.5256320402     0.4277864307    -0.6228392113
5910     7.6788861856     0.3637551420    -0.5918131748
5911     6.5031805037     0.8005564155    -0.4681536746
5912     6.5577967277     0.8051664160    -0.5748226111
5913     6.6417527069     0.7943497822    -0.5852824307
5914     4.1795958236     0.6988457457    -0.9448920921
5915     4.2563513860     0.6286961871    -0.9636786231
5916     5.3934933189     0.4990979490    -0.9561967991
5917     5.2469094999     0.5899401265    -0.9488791843
5918     7.1568415257     0.7248653174    -0.5104922299
5919     7.2467562193     0.6760092741    -0.5833027093
5920     7.1085701830     0.7001810432    -0.6046822859
5921     6.4487886201     0.8177595556    -0.5798978963
5922     6.3567032425     0.8154049450    -0.4733761550
5923     7.4169364821     0.6885113069    -0.3904244919
5924     7.3447125910     0.6943201591    -0.4948290869
5925     7.3587562195     0.6224009638    -0.5951473259
5926     7.3736425256     0.4832115681    -0.6511786340
5927     7.2530965550     0.3898353110    -0.7010248554
5928     3.9423411506     0.7592594064    -0.9179155404
5929     3.8239239941     0.7762379335    -0.9026372751
5930     3.9165718171     0.8407119483    -0.8327980186
5931     3.8255745681     0.6575346754    -0.9710421333
5932     5.0840091105     0.4811078694    -0.9684727249
5933     6.2728878060     0.8295868254    -0.6819286596
5934     6.1943856898     0.7946130248    -0.7686029225
5935     6.1558670394     0.8463213779    -0.6738011372
5936     7.5474204999     0.5482543709    -0.5791790548
5937     7.4484886878     0.5489115066    -0.6083567721
5938     6.9196661588     0.7533625421    -0.4404317097
5939     6.8216796087     0.7721545987    -0.5424511305
5940     6.7853455742     0.7693494444    -0.4510923109
5941     4.2152813714     0.8728282751    -0.8096339834
5942     4.2847265421     0.7835957059    -0.9039017600
5943     4.1855835759     0.8019861184    -0.8909712375
5944     6.3443131686     0.8294093964    -0.5903997384
5945     6.7687072878     0.7594722670    -0.6424428729
5946     6.8682217414     0.7387773213    -0.6398297055
5947     4.9194581051     0.8407534991    -0.8687006679
5948     4.8402927379     0.7494599708    -0.9151919120
5949     4.7967894245     0.8277370271    -0.8775049030
5950     4.8825826429     0.3823031008    -0.9791162068
5951     5.5190644908     0.5827917255    -0.9365855104
5952     5.4210463885     0.7339881354    -0.9039137272
5953     5.5467707715     0.7099248645    -0.9034475238
5954     7.8971622835     0.4896442964    -0.4998933694
5955     7.9426594420     0.5803136618    -0.4283498595
5956     7.9903492779     0.5195983365    -0.4641148858
5957     4.5395631069     0.8883262228    -0.8105148150
5958     4.5769945368     0.7978527455    -0.8951953985
5959     4.4776001854     0.8100100754    -0.8880560520
5960     4.5382619315     0.6826690708    -0.9404216913
5961     5.7403954299     0.6988038694    -0.8901471381
5962     5.6343573034     0.6584401722    -0.9117274543
5963     5.6393406877     0.7751151421    -0.8682045750
5964     3.5357580768     0.5686453829    -1.0144213932
5965     3.6597641191     0.6163679889    -0.9924657571
5966     3.5123557867     0.6947968140    -0.9566929286
5967     3.6112509261     0.7376068628    -0.9277906973
5968     3.7170666894     0.7354558385    -0.9315728823
5969     3.7691412445     0.4988390793    -1.0186115966
5970     6.4311718994     0.5778171337    -0.8331930440
5971     6.3851613317     0.6958741585    -0.7998798265
5972     6.4908371991     0.6870678498    -0.7836643448
5973     6.4341685933     0.7789909849    -0.7263786632
5974     3.3015494120     0.6860759214    -0.9594137281
5975     3.2239758291     0.7554858673    -0.8820620356
5976     3.3278316313     0.7742840769    -0.8667110134
5977     3.5663174380     0.8603246549    -0.5052631579
5978     3.4910387050     0.8498520534    -0.6751885124
5979     3.6369329883     0.8639325758    -0.6216272347
5980     7.6328182250     0.6434952857    -0.4606893164
5981     7.5623196364     0.6642625376    -0.4409764561
5982     7.6450173324     0.6563821716    -0.3627171200
5983     3.6237233033     0.8508289426    -0.7395819879
5984     4.6228271167     0.9142256521    -0.6030750091
5985     4.5097874920     0.9119415344    -0.6198517118
5986     4.5094207318     0.9063352340    -0.5052631579
5987     5.6903593982     0.5509717461    -0.9296788788
5988     5.8391919195     0.6156949603    -0.9034880823
5989     5.5801648705     0.8900504370    -0.5700156617
5990     5.4638609026     0.9002829277    -0.6011719661
5991     5.5305893198     0.8857556006    -0.4749167296
5992     5.4020613153     0.8945400829    -0.4848139620
5993     5.3349495814     0.9049167754    -0.5824183988
5994     3.5321651457     0.8091538379    -0.8362190502
5995     3.4420079501     0.7739016938    -0.8803445191
5996     3.3984544616     0.8201238771    -0.7827873901
5997     3.6418569831     0.8079882650    -0.8531986556
5998     4.9996274558     0.9225575291    -0.6926753653
5999     4.9065055888     0.9179848031    -0.7508449871
6000     4.9295847856     0.9188360348    -0.6123848362
6001     5.0187871817     0.9114204676    -0.5038326229
6002     5.0821719880     0.9164145635    -0.6089916555
6003     4.8920810404     0.9126871830    -0.5052631579
6004     4.9866103720     0.9028831268    -0.7956591700
6005     5.0848816646     0.9177397412    -0.7388774197
6006     6.5119147829     0.4564981996    -0.8436369679
6007     6.6688498539     0.5201376103    -0.8043246104
6008     4.7650302109     0.9118312669    -0.5052631579
6009     4.7717081869     0.9164424656    -0.5937402728
6010     4.6376025964     0.9096443342    -0.5052631579
6011     4.5757013152     0.9165618218    -0.7030996245
6012     4.7067579311     0.9207721469    -0.6943767552
6013     4.3918121069     0.7255945643    -0.9298698748
6014     5.3783916145     0.9100312448    -0.6756438487
6015     5.4546897876     0.9031572569    -0.7255913303
6016     7.0274578500     0.4914555054    -0.7355609140
6017     7.1584628417     0.5024389694    -0.7016836982
6018     4.0593519362     0.8889289424    -0.7016334069
6019     4.0263420771     0.8884516412    -0.6037293495
6020     4.1779434934     0.8977006901    -0.6413688907
6021     5.9516997501     0.5346327936    -0.9077481460
6022     5.9537865160     0.7031414453    -0.8644371856
6023     5.8394864365     0.7460357839    -0.8603668941
6024     3.7583689674     0.8723250048    -0.5853641677
6025     3.7714104417     0.8692515215    -0.6937041245
6026     5.3222692546     0.8278116619    -0.8633173247
6027     5.2139726798     0.8340934597    -0.8653133561
6028     5.2619379622     0.8981943879    -0.7852365575
6029     4.3799886394     0.9020450556    -0.5052631579
6030     4.3975588958     0.9058950147    -0.5904832029
6031     4.2491813627     0.8968849158    -0.5052631579
6032     5.2627894779     0.7333785971    -0.9126832749
6033     5.1092092835     0.7628536081    -0.9071563965
6034     4.6379983651     0.9051405091    -0.7811326770
6035     6.5773731600     0.6049436083    -0.7993937022
6036     6.3442319924     0.4611989516    -0.8691435260
6037     6.3053046365     0.6231288694    -0.8412376520
6038     4.5421715403     0.4873463992    -0.9767452556
6039     4.3916033323     0.5728750805    -0.9700300980
6040     6.0353208237     0.8608693498    -0.6602284133
6041     6.0934368069     0.8516405532    -0.5703004014
6042     6.2311410108     0.8396757906    -0.5751480628
6043     6.2073829515     0.8295500967    -0.4753297186
6044     7.9904341271     0.6091745169    -0.3383746196
6045     5.3810745420     0.8877246649    -0.7917209555
6046     6.0753037051     0.8262481213    -0.7569058550
6047     4.7143289174     0.8600643392    -0.8520309058
6048     4.7979876142     0.9066030807    -0.7869349141
6049     4.8270585072     0.9228385977    -0.6877806810
6050     4.3041007728     0.8805142923    -0.8043497133
6051     4.3780742167     0.8368307536    -0.8666054686
6052     7.0101046838     0.7461674332    -0.5280498427
6053     6.9874667065     0.7159974965    -0.6287769705
6054     5.5721565180     0.3865149013    -0.9576486061
6055     5.4999544701     0.8688594195    -0.8064143996
6056     4.4500357838     0.9112150887    -0.7052687654
6057     4.4482235827     0.8826165962    -0.8140512275
6058     7.7132143996     0.6311803062    -0.4444708576
6059     3.2420663182     0.5809899065    -1.0212600375
6060     3.3926983413     0.6059574545    -1.0057452051
6061     7.2461718926     0.7128508660    -0.4873359459
6062     6.7859719723     0.5823867222    -0.7644264921
6063     6.7845752906     0.4573834742    -0.7940609065
6064     3.9262477914     0.8801965900    -0.6967199699
6065     4.0064076446     0.8710390488    -0.7787734616
6066     4.0258551161     0.8237147188    -0.8655600640
6067     6.7014499367     0.6623355093    -0.7510596159
6068     6.6848000186     0.7575143401    -0.6777945305
6069     6.7967398955     0.6939288319    -0.7090795756
6070     6.8689657962     0.6346222836    -0.7254384573
6071     7.4680496811     0.6761012686    -0.4702367978
6072     7.7152187342     0.4896148262    -0.5521490094
6073     7.7955492658     0.4380080916    -0.5440761329
6074     7.0834519939     0.7357641399    -0.5182664821
6075     5.1460545403     0.9076757567    -0.4996135610
6076     5.2124817134     0.9107462566    -0.5896541459
6077     5.1765538168     0.9185206609    -0.6923148720
6078     7.8474890155     0.5634067196    -0.4750928067
6079     5.9213439449     0.8540430416    -0.4655229127
6080     6.0614011034     0.8424317753    -0.4730165305
6081     5.9424348864     0.8640573167    -0.5691503160
6082     6.7200140108     0.7852140772    -0.5560697758
6083     7.4750993957     0.6213215988    -0.5568085060
6084     7.4132011625     0.6640235681    -0.5311255896
6085     7.5599838098     0.6284807851    -0.5181404714
6086     5.0229713747     0.8309345862    -0.8742687344
6087     5.5522735726     0.8993967392    -0.6997283846
6088     6.9208341741     0.7572616256    -0.5535074681
6089     7.2683650193     0.5562926168    -0.6562717470
6090     6.6023033950     0.7157516127    -0.7423250310
6091     7.6531631342     0.5780576628    -0.5291683785
6092     5.1709167596     0.8993748499    -0.7921697594
6093     5.1173671625     0.8600247487    -0.8487119507
6094     4.1119292278     0.8647574208    -0.8128873619
6095     3.9169650199     0.4961905122    -1.0093883581
6096     5.8260876675     0.8779978741    -0.6163428900
6097     5.8265898279     0.8716013206    -0.7288137140
6098     5.6960926936     0.8890016739    -0.6968732248
6099     5.7124043039     0.8812396218    -0.5694393038
6100     5.6284712546     0.8938257954    -0.6395303600
6101     4.2234616614     0.4432319928    -0.9976246611
6102     6.0581768401     0.6212437466    -0.8770666460
6103     5.1444017759     0.6521692848    -0.9396362911
6104     5.0196109171     0.6505677041    -0.9424621530
6105     4.9584325283     0.7415998266    -0.9176847613
6106     5.8987623344     0.8159562680    -0.8055108645
6107     5.7969363351     0.8253780214    -0.8131623812
6108     5.7299283586     0.7897648291    -0.8498323857
6109     4.8319674423     0.6105759349    -0.9516294466
6110     3.2501779146     0.8106095370    -0.7716359087
6111     5.5429510816     0.7980338522    -0.8647457847
6112     5.6050282771     0.8653063250    -0.7958345455
6113     5.6940723108     0.8503398615    -0.8019846253
6114     4.3776571325     0.8975493979    -0.7696167283
6115     5.2737736906     0.9019374145    -0.4931483301
6116     3.7329364174     0.8074235380    -0.8636241257
6117     3.8036412791     0.8399322759    -0.8185659324
6118     6.0825342858     0.4772947440    -0.9016681089
6119     3.7135784142     0.8452888690    -0.7878136234
6120     3.3950274872     0.7162157873    -0.9381831556
6121     4.6320782886     0.8488964061    -0.8609244639
6122     5.0535262486     0.8880266262    -0.8190809273
6123     4.7151941179     0.9071977578    -0.7813520888
6124     4.6625173751     0.6116990312    -0.9539934785
6125     3.4447865223     0.4791908466    -1.0448163383
6126     3.7073396708     0.8689101192    -0.5052631579
6127     3.8555653973     0.8643912606    -0.7618466681
6128     6.3125710824     0.7652387661    -0.7702555826
6129     4.7085338260     0.4598254577    -0.9746978239
6130     5.2750986014     0.9147101299    -0.6743314637
6131     5.3718745778     0.6378503919    -0.9340340400
6132     6.3741830825     0.8165435663    -0.6760523921
6133     6.5302930438     0.7690995581    -0.7111773615
6134     6.4972231939     0.8045009287    -0.6522779607
6135     5.6592485368     0.8757900933    -0.4636888692
6136     6.9002703891     0.5142496854    -0.7586555325
6137     8.0171969965     0.5862155869    -0.4002107156
6138     4.1166249886     0.8909298739    -0.5052631579
6139     6.6023209564     0.7816374767    -0.6657690773
6140     4.3143366274     0.9052597511    -0.6624409832
6141     3.8459515599     0.8768985919    -0.5052631579
6142     3.8809970172     0.8798669048    -0.5959148857
6143     3.9823584693     0.8842546182    -0.5052631579
6144     5.9406609442     0.8643143796    -0.7087871501
6145     4.0456856707     0.3719418305    -1.0169061260
6146     4.6996602728     0.7414131733    -0.9191040706
6147     4.3922685602     0.3659156906    -0.9954722675
6148     3.2051001186     0.6758794863    -0.9646286145
6149     7.7526324830     0.5713740057    -0.5005679176
6150     7.8043946974     0.5080741317    -0.5189060865
6151     5.9975200839     0.7968779304    -0.8055494696
6152     7.1086851739     0.6027532037    -0.6795895623
6153     7.1848855326     0.6264464961    -0.6458894634
6154     6.9619882989     0.6136812899    -0.7122805049
6155     7.0411093100     0.6381468106    -0.6795224077
6156     7.6251026120     0.4840646898    -0.5803312602
6157     5.4106770685     0.8328112871    -0.8529173603
6158     4.9539186007     0.5438144861    -0.9620938641
6159     4.1075176661     0.8109834145    -0.8818183364
6160     5.4715460518     0.8072248453    -0.8655069781
6161     5.3251695808     0.9089212769    -0.7365331521
6162     6.9203246596     0.6871180555    -0.6802380051
6163     4.8612147366     0.8810100922    -0.8312024940
6164     4.1467384591     0.8898512771    -0.7414862957
6165     7.8739714944     0.6062264834    -0.4153690129
6166     8.0751256878     0.5353578137    -0.4365549636
6167     8.0745474524     0.5899452275    -0.3596582277
6168     5.7539260756     0.8677510204    -0.7615180129
6169     4.2513185569     0.8982828996    -0.7297372422
6170     4.4053950716     0.1970920838    -1.0038340571
6171     4.0697878171    -0.2178780553    -1.0256192133
6172     3.8636348817    -0.1807058574    -1.0442118759
6173     3.2766082730    -0.8415172566    -0.5052631579
6174     4.9561430210    -0.1629759183    -0.9891081448
6175     5.6907109115    -0.2017687380    -0.9598694946
6176     3.2807674562    -0.5152553666    -1.0448724275
6177     6.2401240828    -0.1926875726    -0.9052495271
6178     6.5025437935    -0.1750752084    -0.8687284397
6179     7.3008433222    -0.1726440633    -0.7093352767
6180     7.4633925374    -0.1499265105    -0.6692185576
6181     6.6900588166    -0.1809555699    -0.8374218854
6182     7.3990639694    -0.3175091738    -0.6737436678
6183     7.8259420512    -0.6294824630    -0.3638556212
6184     7.7830985661    -0.6344487111    -0.2917533492
6185     3.6066942685    -0.2034739120    -1.0667996622
6186     3.3482366756    -0.2994824761    -1.0836291097
6187     7.3459870720    -0.6842362474    -0.2478704684
6188     7.3316257693    -0.6895784797    -0.3014489860
6189     7.2337743660    -0.6989679963    -0.2644683210
6190     7.4558793421    -0.6697483488    -0.2315473553
6191     7.6669200798    -0.6452040240    -0.2565528454
6192     7.5631899460    -0.6556142856    -0.2156228986
6193     4.1710655749    -0.3935235741    -1.0062192278
6194     4.2850892547    -0.1951523149    -1.0111731917
6195     7.5613794865    -0.2684196536    -0.6357101843
6196     6.0823667722    -0.3613625266    -0.9143771384
6197     5.8529566953    -0.3631562346    -0.9378195254
6198     5.9610843298    -0.1813947746    -0.9372971624
6199     6.4200576221    -0.3611885060    -0.8696327301
6200     6.2507913897    -0.4076646876    -0.8889832382
6201     6.8720637805    -0.1949699912    -0.8029052752
6202     5.2297707199    -0.2057221112    -0.9832337892
6203     5.6130011261    -0.4285236194    -0.9511864760
6204     4.9938113275    -0.3435259982    -0.9813385824
6205     5.4773001139    -0.2412657364    -0.9717909374
6206     3.9570697434    -0.3649762761    -1.0241332665
6207     4.5418766534    -0.1889689689    -0.9972254791
6208     6.9996475591    -0.7474313905    -0.5318290409
6209     4.4836455329    -0.9130886063    -0.6638758124
6210     4.3893190990    -0.9078723834    -0.6321434679
6211     4.4274881850    -0.9036720420    -0.7555014562
6212     3.8952781286    -0.7903111943    -0.8928283198
6213     4.0232785012    -0.8095986217    -0.8800286977
6214     3.9542457533    -0.8506776748    -0.8194770622
6215     6.5031990308    -0.8005544780    -0.4681528413
6216     6.5475436596    -0.8062196252    -0.5667892638
6217     6.6462133470    -0.7851526288    -0.4605116729
6218     6.6424301423    -0.7919269938    -0.6073542422
6219     7.3290992543    -0.4756959398    -0.6649391108
6220     7.1832147864    -0.4977416476    -0.6967540241
6221     7.2428740852    -0.3464214558    -0.7094795833
6222     3.4639191614    -0.6735481566    -0.9697885286
6223     3.5484768794    -0.7781255559    -0.8847968821
6224     3.4415283019    -0.7898603921    -0.8568192941
6225     7.2286581152    -0.7061134148    -0.5358417536
6226     7.2734238467    -0.6435735176    -0.6065834484
6227     7.3397751049    -0.6703221634    -0.5534915272
6228     7.3358739360    -0.6990948992    -0.4770180247
6229     7.4169008105    -0.6885162457    -0.3904286236
6230     7.1756139324    -0.7210345766    -0.4165699784
6231     7.1168840257    -0.7260105738    -0.5430994976
6232     7.4482176465    -0.4519385645    -0.6387451390
6233     7.2397049481    -0.5744751009    -0.6567615621
6234     7.3439297752    -0.5905122346    -0.6194681227
6235     7.1226111081    -0.6344585197    -0.6589861935
6236     4.1120115820    -0.7219615017    -0.9370305356
6237     4.1546957628    -0.5833947259    -0.9787595203
6238     4.2624119408    -0.6810019379    -0.9486504312
6239     4.3815520145    -0.7471586913    -0.9213809433
6240     4.3627850858    -0.8525598228    -0.8504514309
6241     4.2939634363    -0.7921140978    -0.8987365931
6242     6.7942924458    -0.7756519933    -0.5490979551
6243     6.8879542400    -0.7635226211    -0.5271365746
6244     6.7851996087    -0.7693663493    -0.4511024641
6245     6.0618745186    -0.7441682726    -0.8305308405
6246     5.9665231243    -0.7690096726    -0.8306810543
6247     6.0056678004    -0.6411413312    -0.8782880597
6248     6.9228918929    -0.7367883353    -0.6209504097
6249     7.0301976729    -0.7096599692    -0.6215290822
6250     5.4207346447    -0.7565098148    -0.8951326648
6251     5.3515560864    -0.8496397905    -0.8437242844
6252     5.2913311533    -0.7769307832    -0.8939087421
6253     4.4907793383    -0.7323782329    -0.9254338171
6254     4.4575178433    -0.8415253610    -0.8642896125
6255     5.7870161372    -0.5149389771    -0.9270774630
6256     5.4552099531    -0.8726344011    -0.8069670959
6257     5.3719142615    -0.8966945735    -0.7728794875
6258     5.2670363969    -0.9052666611    -0.7651504034
6259     5.4673342258    -0.9027878260    -0.7224179233
6260     5.3462973557    -0.9115220254    -0.6971028365
6261     3.4325402553    -0.5123438371    -1.0370448685
6262     3.3115074746    -0.6447658036    -0.9871729251
6263     5.3054888793    -0.6656678704    -0.9306886479
6264     3.5663174380    -0.8603246549    -0.5052631579
6265     3.6329285372    -0.8629474003    -0.6399950165
6266     3.7073396708    -0.8689101192    -0.5052631579
6267     7.8982010726    -0.4900867668    -0.4994455157
6268     7.9911344512    -0.5197394761    -0.4638943421
6269     7.9338963740    -0.5837009606    -0.4270538856
6270     3.9482468990    -0.8802146638    -0.7122887519
6271     3.8562680510    -0.8545665059    -0.7938053083
6272     3.8455688819    -0.8766588535    -0.6644283143
6273     3.7426527587    -0.8619202448    -0.7315860779
6274     3.7659742253    -0.8179816784    -0.8519526056
6275     5.8550845992    -0.7830206756    -0.8379291123
6276     5.7982806483    -0.8616875671    -0.7635050852
6277     5.7615513942    -0.7577377213    -0.8638982430
6278     5.6834831753    -0.6277842446    -0.9151937073
6279     5.8419310701    -0.6388647306    -0.8975426106
6280     5.9706822859    -0.5072648792    -0.9100591855
6281     3.2817819925    -0.8311820651    -0.6916529598
6282     5.2943580716    -0.9084040862    -0.5992064656
6283     5.4081412289    -0.8980854513    -0.5501759015
6284     5.2737736906    -0.9019374145    -0.4931483301
6285     3.2049015807    -0.7601434447    -0.8727331303
6286     3.2186309008    -0.6997940999    -0.9449576177
6287     3.3048397551    -0.7718532591    -0.8675299333
6288     5.1460545403    -0.9076757567    -0.4996135610
6289     5.1455810008    -0.9136717309    -0.5971739139
6290     3.6422290961    -0.8382684551    -0.7909876401
6291     3.6562787541    -0.7777783185    -0.8930992863
6292     4.3128226430    -0.9048980886    -0.6911098502
6293     4.2938587790    -0.9017808765    -0.5953764599
6294     4.1841596517    -0.8981612743    -0.6495365734
6295     4.1166249886    -0.8909298739    -0.5052631579
6296     4.2491813627    -0.8968849158    -0.5052631579
6297     6.3567105558    -0.8154042511    -0.4733761469
6298     6.2073863247    -0.8295497912    -0.4753297420
6299     6.3288420809    -0.8293575711    -0.5651662870
6300     4.6599267885    -0.9195860793    -0.6905111045
6301     4.5885523884    -0.9134510040    -0.6052891186
6302     4.5530468262    -0.9140928067    -0.7257892281
6303     5.3708148976    -0.3921867949    -0.9680309865
6304     5.4231795949    -0.5425275946    -0.9487767717
6305     3.5578644498    -0.5757043946    -1.0110390721
6306     3.6094425689    -0.4278688352    -1.0430448741
6307     5.5305893198    -0.8857556006    -0.4749167296
6308     5.6254535674    -0.8905449626    -0.6003538036
6309     5.6592485368    -0.8757900933    -0.4636888692
6310     4.4113143925    -0.3948703415    -0.9920894521
6311     4.5750328906    -0.5120704805    -0.9724474962
6312     4.4188582523    -0.6032449439    -0.9630801539
6313     5.5652175577    -0.7164838836    -0.8997770297
6314     5.5196989208    -0.8096549542    -0.8596504915
6315     5.5501429171    -0.5936277557    -0.9325254774
6316     6.4557619413    -0.5365194746    -0.8386387058
6317     6.5392333309    -0.6247186056    -0.8000908135
6318     6.4207873320    -0.6695631974    -0.8051441021
6319     5.9143717434    -0.8474786128    -0.7621007837
6320     4.7636921875    -0.8175038449    -0.8838145561
6321     4.6781198888    -0.8193810200    -0.8826208646
6322     4.7287705206    -0.7074966168    -0.9298540264
6323     4.6101318040    -0.7529628038    -0.9157689719
6324     4.5769882859    -0.6442787875    -0.9491866727
6325     5.2366823827    -0.9161037848    -0.6706314724
6326     4.5885363826    -0.8652073012    -0.8444219744
6327     4.7086540656    -0.8946193557    -0.8083649145
6328     7.8922159353    -0.6221781455    -0.3207325647
6329     7.9893520371    -0.6092981325    -0.3382717477
6330     4.8252301859    -0.8753439109    -0.8376204882
6331     4.8516003205    -0.9225134574    -0.7117199468
6332     4.9083759837    -0.8972134183    -0.8077197711
6333     5.7495033741    -0.8777687139    -0.5621895998
6334     5.7422773694    -0.8865856703    -0.6587367676
6335     5.0556692046    -0.9216353497    -0.6952195665
6336     5.1013182752    -0.8968144785    -0.8023955426
6337     5.1577858645    -0.9178684007    -0.7203763046
6338     5.1910731000    -0.8855547891    -0.8149814535
6339     4.2898713823    -0.5310234977    -0.9818666916
6340     4.8920810404    -0.9126871830    -0.5052631579
6341     4.9992582162    -0.9168812494    -0.5968199230
6342     5.0187871817    -0.9114204676    -0.5038326229
6343     5.8887989276    -0.8677700309    -0.5650547154
6344     7.6877250022    -0.6358776321    -0.4477246828
6345     7.7855199300    -0.6193280661    -0.4320235786
6346     4.7205284150    -0.5918135558    -0.9564766393
6347     4.7999440431    -0.4636497076    -0.9726258293
6348     4.1844607456    -0.8726888181    -0.8060160503
6349     4.2482036657    -0.8943838121    -0.7518213182
6350     7.1126766890    -0.1979082456    -0.7521747362
6351     3.8049527220    -0.7318523178    -0.9346817313
6352     5.1615552638    -0.4222220269    -0.9726853769
6353     5.1570960113    -0.5988868522    -0.9500852704
6354     4.9991088241    -0.5341882359    -0.9630911431
6355     6.7489733080    -0.7627508973    -0.6440934829
6356     6.7379785953    -0.6844952907    -0.7302493604
6357     6.8315646290    -0.7005258615    -0.6945942351
6358     4.9822606539    -0.8354771123    -0.8718840203
6359     4.9859658023    -0.9116011057    -0.7735677493
6360     6.1579193235    -0.5513389118    -0.8799562048
6361     6.3310081569    -0.5470376945    -0.8562392580
6362     4.9444263040    -0.9227432032    -0.6721650332
6363     4.0365729917    -0.8716660079    -0.7835542668
6364     4.0602239878    -0.8908891565    -0.6576089496
6365     7.6804226671    -0.3648391164    -0.5912117705
6366     7.7967265401    -0.4386823077    -0.5435732439
6367     7.6942498342    -0.4948754596    -0.5565292637
6368     7.6657365552    -0.5868151228    -0.5185947864
6369     7.5916489155    -0.5654785406    -0.5568242248
6370     7.5634453067    -0.4849125702    -0.5978807828
6371     7.4488901770    -0.6767191178    -0.4826171007
6372     7.8466001081    -0.5643105688    -0.4746942305
6373     4.1131586413    -0.8298551745    -0.8635826272
6374     4.1161819509    -0.8848586853    -0.7562150037
6375     5.1613991552    -0.8092520540    -0.8834166937
6376     5.0610167784    -0.8422795506    -0.8653981234
6377     5.0520430346    -0.7097469518    -0.9267548115
6378     6.1742483350    -0.8451471276    -0.6671015759
6379     6.0787774711    -0.8534048986    -0.6853486714
6380     6.1370363175    -0.7967236773    -0.7788793748
6381     6.2272437170    -0.8025284097    -0.7516560131
6382     6.7156205417    -0.7856892218    -0.5444203683
6383     6.0107308940    -0.8602831517    -0.5851661479
6384     5.9213285411    -0.8540439430    -0.4655171199
6385     4.8828397147    -0.6431447468    -0.9448743157
6386     3.5322697068    -0.8393013630    -0.7566236244
6387     3.4237025493    -0.8387039544    -0.7166809831
6388     5.9645296219    -0.8665958376    -0.6779244963
6389     6.0311437722    -0.8244959695    -0.7699011879
6390     6.2806630653    -0.6720168766    -0.8286188493
6391     7.5008318870    -0.6050896149    -0.5609942713
6392     7.5661324267    -0.6429397107    -0.4956045094
6393     5.6379349958    -0.8589298315    -0.7997165904
6394     5.6848882181    -0.8868153097    -0.7208285428
6395     5.5792106422    -0.8964454612    -0.7118185544
6396     6.5940937289    -0.7332664218    -0.7307943333
6397     6.6759966331    -0.7387709894    -0.7035357359
6398     6.6536102085    -0.6204973921    -0.7790805788
6399     3.3727964211    -0.8460494920    -0.6071083112
6400     3.4227859389    -0.8511813048    -0.5052631579
6401     5.9122097302    -0.7098736257    -0.8670420478
6402     4.7381189923    -0.9170829364    -0.6077107824
6403     4.5094207318    -0.9063352340    -0.5052631579
6404     4.6376025964    -0.9096443342    -0.5052631579
6405     6.3948227359    -0.8132006849    -0.6765783299
6406     6.4531794415    -0.8163153609    -0.6192554079
6407     6.4348664549    -0.8158916787    -0.5353007142
6408     6.4855640961    -0.7761248191    -0.7152878922
6409     7.1914675613    -0.6643660434    -0.6155956980
6410     6.8705697434    -0.6304852000    -0.7269765735
6411     6.9220394378    -0.5515948645    -0.7439743924
6412     6.9515049165    -0.6573281224    -0.6923410516
6413     4.2010977368    -0.7932241145    -0.8974351407
6414     3.7641343504    -0.3635940493    -1.0395146997
6415     6.1400532421    -0.6802422148    -0.8474708284
6416     4.6263572252    -0.9083440255    -0.7701354997
6417     3.6948386061    -0.5511848949    -1.0111639738
6418     3.5974618108    -0.6857521802    -0.9622378085
6419     5.5984811708    -0.8067846312    -0.8536972002
6420     5.5477524786    -0.8709047627    -0.7963593047
6421     5.2566458358    -0.8489294365    -0.8512565741
6422     5.1877740354    -0.7165465149    -0.9211699089
6423     3.7022537392    -0.6866943287    -0.9607258019
6424     7.4357426932    -0.5498197732    -0.6116934998
6425     5.2779036884    -0.5270259534    -0.9575081261
6426     6.7165953140    -0.4928180196    -0.8008296025
6427     6.7925131728    -0.5847776397    -0.7622553708
6428     6.5739970735    -0.4791477896    -0.8294550080
6429     3.7527688362    -0.8719459509    -0.6009171930
6430     3.5009340175    -0.8546238995    -0.6180909351
6431     4.8631640292    -0.9176439709    -0.5984767772
6432     4.7650302109    -0.9118312669    -0.5052631579
6433     3.3627590511    -0.8151574735    -0.7881845946
6434     6.5128936365    -0.7108441836    -0.7659165766
6435     3.3800405083    -0.7271403215    -0.9277804711
6436     4.2671902462    -0.8585928700    -0.8378539211
6437     4.3302840656    -0.8927569876    -0.7769116371
6438     7.0540124236    -0.5530735147    -0.7126078500
6439     6.9913738434    -0.4615042451    -0.7499721547
6440     7.1063802762    -0.3980424293    -0.7347617301
6441     3.9615573051    -0.8844980017    -0.5902167738
6442     4.7483048659    -0.9212305752    -0.7094497426
6443     6.3820057540    -0.7566945278    -0.7620246766
6444     6.3132073561    -0.8106064716    -0.7146241328
6445     3.7315596276    -0.7594888745    -0.9136996431
6446     7.4158949896    -0.6338593818    -0.5664489268
6447     3.9898175076    -0.7406425120    -0.9292656038
6448     3.7975537633    -0.6248376432    -0.9840264468
6449     3.9157516168    -0.5971885478    -0.9871777155
6450     3.9009567134    -0.6921601662    -0.9545635689
6451     3.8529008695    -0.4959531451    -1.0136240128
6452     4.3799886394    -0.9020450556    -0.5052631579
6453     6.8366715048    -0.7579370085    -0.6137477685
6454     7.2540462109    -0.7130556006    -0.4622912629
6455     6.5481768455    -0.7958525893    -0.6539127409
6456     6.9920910226    -0.3276542239    -0.7688275091
6457     5.6677956798    -0.7637273558    -0.8710856825
6458     5.7172043204    -0.8414471770    -0.8088975671
6459     3.8459515599    -0.8768985919    -0.5052631579
6460     3.9823584693    -0.8842546182    -0.5052631579
6461     5.8454925431    -0.8783023758    -0.6627290606
6462     6.1096379537    -0.8515164854    -0.5827895096
6463     6.0613817774    -0.8424334897    -0.4730165342
6464     6.1916901937    -0.8405275873    -0.5492152156
6465     6.6571758304    -0.3315815754    -0.8336691647
6466     6.8491021487    -0.4136479090    -0.7880520909
6467     4.8424836719    -0.7659656433    -0.9088272556
6468     4.6213140721    -0.3611450218    -0.9857065690
6469     5.5065514746    -0.8996772449    -0.6191659381
6470     5.4020613153    -0.8945400829    -0.4848139620
6471     7.7534250576    -0.5728519451    -0.4992199140
6472     7.8015472413    -0.5087904649    -0.5194502284
6473     7.5330345257    -0.3774513981    -0.6300780025
6474     3.2129464256    -0.8046438064    -0.7799777440
6475     4.0241561409    -0.5158964486    -0.9991808732
6476     7.6060669629    -0.6584934056    -0.4281430673
6477     4.7870605950    -0.9115544719    -0.7726432462
6478     5.4475721554    -0.6628285536    -0.9238980645
6479     4.7756831294    -0.2523713847    -0.9875567523
6480     4.5081371360    -0.8909844634    -0.8031520617
6481     3.2579850732    -0.1436106690    -1.1053591079
6482     6.2570304109    -0.8390870087    -0.6236098252
6483     5.4033491238    -0.9067628030    -0.6367098351
6484     7.8658832507    -0.6091405279    -0.4132285334
6485     4.4706689006    -0.9076483651    -0.5749171313
6486     6.2122425825    -0.7419006649    -0.8066663755
6487     6.2929545091    -0.7605115785    -0.7782886249
6488     7.0368673905    -0.6467242491    -0.6756030359
6489     4.0204633367    -0.6469679270    -0.9679212206
6490     5.4403442408    -0.8261746675    -0.8553762303
6491     4.5377112241    -0.8066839027    -0.8902126375
6492     3.4940966407    -0.3667044473    -1.0618532268
6493     4.9409023375    -0.7563953005    -0.9123934221
6494     4.8996142158    -0.8376908491    -0.8709133225
6495     8.0741655988    -0.5904047231    -0.3589693253
6496     8.0126810412    -0.5788875514    -0.4117463849
6497     8.0754865345    -0.5358377464    -0.4359192126
6498     6.3252828224    -0.8296416641    -0.6457392581
6499     6.2456020225    -0.8306780199    -0.6915373933
6500     6.9303087128    -0.2531104787     0.6097768867
6501     7.0750320756    -0.3439803869     0.5718245719
6502     9.2791656940    -0.1854004512     0.4445204689
6503     9.2402133252    -0.2844386362     0.3696539301
6504     9.1888398416    -0.1886641322     0.4073035693
6505     8.5736478658    -0.0000000000     0.2421484809
6506     8.5354874319    -0.0808812236     0.2107816351
6507     8.4816656396    -0.0000000000     0.2042684979
6508     8.8749231168    -0.0000000000     0.3480309653
6509     8.8316144646    -0.1230432716     0.3091717796
6510     8.7681200467    -0.0000000000     0.3124770752
6511     6.2431124520    -0.5491839686     0.2977074839
6512     6.1084676195    -0.5665355486     0.2459976000
6513     6.2091743190    -0.6069669291     0.1403377559
6514     6.8160213198    -0.6306459203     0.1749967368
6515     6.6728707929    -0.6076886467     0.2225313453
6516     6.6771072470    -0.6387127903     0.1053034824
6517     5.8752334561    -0.3128912878     0.5179954336
6518     5.9480469639    -0.4323217542     0.4288187017
6519     5.8175971311    -0.3972316507     0.4523217184
6520     6.6525013525    -0.3830007533     0.5201084268
6521     9.2877841065    -0.3623116344     0.3220307275
6522     9.2642630011    -0.4263520350     0.2109572823
6523     9.2043329918    -0.3662051530     0.2679605169
6524     8.8935459669    -0.2295869735     0.2669912341
6525     9.0154506285    -0.2605491226     0.2923495530
6526     8.9684781490    -0.3195122674     0.1997055779
6527     8.9600124947    -0.1345545765     0.3497405454
6528     9.0767524765    -0.1958002607     0.3623249664
6529     8.7260027188    -0.1014937625     0.2791145722
6530     8.6683256402    -0.0000000000     0.2775830689
6531     7.8856665938    -0.6141129223     0.3359671869
6532     7.8036720454    -0.5738490265     0.3986693342
6533     7.7276521463    -0.6243718220     0.3086891439
6534     4.9897059680    -0.4136380244     0.3738413761
6535     5.1190719023    -0.4439695740     0.3486973957
6536     5.0213849793    -0.3242702643     0.4557008583
6537     6.9752441592    -0.5666285167     0.3430076756
6538     7.0810786801    -0.6124511828     0.2659701977
6539     7.1055572646    -0.5423122937     0.3913054944
6540     6.2761109207    -0.6263921889     0.0000000000
6541     6.4323538608    -0.6345750386     0.0000000000
6542     6.3585484014    -0.6236926154     0.0943611804
6543     6.9187595093    -0.3729027345     0.5439362102
6544     6.7665924709    -0.4102541898     0.5064042274
6545     6.8755500585    -0.4578646166     0.4715052963
6546     6.5889160385    -0.6427068639     0.0000000000
6547     6.5133927930    -0.6219080683     0.1464041047
6548     9.2271477684    -0.2297745133     0.4731325914
6549     9.2589162707    -0.1130747556     0.5128927542
6550     9.1417008222    -0.1394559588     0.5127100984
6551     9.0516443096    -0.3867529967     0.1181011390
6552     9.1168226378    -0.4257766604    -0.0000000000
6553     8.9966744481    -0.3872843872    -0.0000000000
6554     5.8325343328    -0.4777482726     0.3676095682
6555     5.9630992609    -0.5350641069     0.2926541558
6556     5.7538150436    -0.5866047983     0.1201690682
6557     5.6720347835    -0.5557008227     0.2110323625
6558     5.5998113550    -0.5829435717     0.0943232855
6559     5.5077994134    -0.5855175724     0.0000000000
6560     5.6595309464    -0.5936488598     0.0000000000
6561     8.7416734024    -0.2809312299     0.1116328432
6562     8.7631712856    -0.2083678775     0.2275404915
6563     8.8492783083    -0.2906562703     0.1724864717
6564     5.8951609214    -0.5993485001     0.0915484150
6565     5.8123214834    -0.6018137774     0.0000000000
6566     5.9660898377    -0.6100017019     0.0000000000
6567     6.8143880381    -0.6498879374     0.0760203338
6568     6.7444748924    -0.6507037608     0.0000000000
6569     5.8118670796    -0.5438782898     0.2577332158
6570     6.5570607784    -0.5665358039     0.3000695503
6571     6.6298391686    -0.4802438887     0.4301212149
6572     6.4873433360    -0.4935222562     0.4032814178
6573     8.0277587006    -0.1237962989     0.6835267419
6574     7.8316325846     0.0000000000     0.6994588344
6575     7.9002278133    -0.2315674683     0.6605681457
6576     6.0398583474    -0.5980619780     0.1391071606
6577     5.8961158753    -0.5762440381     0.1888395729
6578     5.5904354549    -0.5073069103     0.3011285430
6579     5.6876810321    -0.4284569486     0.4129118844
6580     5.5347988946    -0.4315904719     0.3976530113
6581     5.5092705448    -0.3189384659     0.4910875297
6582     6.0759739812    -0.5029042493     0.3553353950
6583     6.0689663885    -0.4077018254     0.4609039306
6584     5.7534510266    -0.3151039597     0.5090178547
6585     6.1607121232    -0.4713823812     0.4030542456
6586     6.1865757623    -0.3907143775     0.4834307473
6587     6.4238351385    -0.4025234429     0.4898642557
6588     6.5414295831    -0.3971751815     0.5020453815
6589     6.2534424046    -0.4663436921     0.4162390794
6590     7.1996164998    -0.5998048501     0.3062018323
6591     7.6638370051    -0.6941061870     0.0000000000
6592     7.7290484966    -0.6817025716     0.1433504973
6593     7.5880547763    -0.6826402782     0.1081477059
6594     7.4152693956    -0.2947655116     0.6167753293
6595     7.3319959810    -0.1553836090     0.6618046428
6596     7.2380631850    -0.2754175066     0.6166123617
6597     7.4665972323    -0.1404439768     0.6714117744
6598     7.5080404037     0.0000000000     0.6876586182
6599     7.8277137069    -0.6993770419     0.0000000000
6600     7.8603134570    -0.6704571961     0.2013869760
6601     8.5661740259    -0.2679451395     0.5598043553
6602     8.6821096701    -0.2418718418     0.5489517068
6603     8.5712733813    -0.1293785430     0.6061024169
6604     8.7140767865    -0.1129933655     0.5833185273
6605     8.6373130913     0.0000000000     0.6078385736
6606     8.8538538564    -0.5625316518     0.0911078406
6607     8.9305745022    -0.5252037021     0.1872085236
6608     8.7865221184    -0.5505243910     0.1869142723
6609     8.7819689732    -0.5820720415     0.0000000000
6610     8.6949851984    -0.5898902695     0.0954330242
6611     9.0759100606    -0.5377903707     0.0000000000
6612     9.0002021735    -0.5394537763     0.0928277381
6613     8.9301722235    -0.5575297279     0.0000000000
6614     9.1242735757    -0.3953842630     0.3569742248
6615     9.2306758597    -0.3389886607     0.4018183071
6616     9.1326057500    -0.2889667488     0.4466830661
6617     9.1441845728    -0.5182894033     0.1160246355
6618     9.0465268553    -0.5065423284     0.1910113181
6619     9.0032398795    -0.1090187517     0.5360059226
6620     9.0838244730     0.0000000000     0.5369080678
6621     8.9377556815     0.0000000000     0.5563690722
6622     8.8730784317    -0.4988717149     0.2687180280
6623     9.2717180513    -0.4680737338     0.1013582074
6624     9.2629024331    -0.5158416823     0.0984378977
6625     9.3303067738    -0.5193118607    -0.0000000000
6626     9.2413482317    -0.4676672403    -0.0000000000
6627     9.1747968366    -0.4240651344     0.1330665964
6628     8.9360096960    -0.3540307719     0.0979860735
6629     9.0936438033    -0.3482376698     0.2295418563
6630     5.7179929863    -0.5062589958     0.3159480796
6631     8.8829735468    -0.3506581124    -0.0000000000
6632     8.5223379953    -0.1539535888     0.1558543916
6633     8.6308801900    -0.1304744063     0.2272436343
6634     8.5951835574    -0.2118199496     0.1298780062
6635     8.3152188239    -0.1144854702    -0.0000000000
6636     8.3658154178    -0.1031121174     0.1017675037
6637     8.3996000174    -0.1654813537    -0.0000000000
6638     8.2593126797    -0.0000000000     0.0292978985
6639     8.2585868100    -0.0370860177    -0.0000000000
6640     8.2704199662    -0.0004434791     0.0063420548
6641     7.8957122291    -0.5141737358     0.4746576827
6642     7.7222207634    -0.5138577066     0.4696215684
6643     7.9580608845    -0.6879234082     0.1206707709
6644     9.2946218725    -0.4513323627     0.2675626905
6645     9.2327961305    -0.4858774809     0.2009971854
6646     9.3034790121    -0.4887979235     0.1896885630
6647     6.7739455069    -0.5085838201     0.4081519097
6648     7.5980494580    -0.1136279131     0.6821733622
6649     8.3089721182    -0.0000000000     0.1097309930
6650     6.8944090936    -0.5249655342     0.3970866190
6651     7.0102762577    -0.4658452091     0.4731412136
6652     7.0822336105    -0.1162417804     0.6575700774
6653     7.1272478190    -0.2279006154     0.6300510168
6654     6.3579800931    -0.4889493983     0.3982080987
6655     6.3062859957    -0.3936850140     0.4891282127
6656     9.2241831746     0.0000000000     0.5260348428
6657     7.1193694411    -0.0269301913     0.6689611329
6658     7.2066218044    -0.1393523445     0.6592735999
6659     9.3344886210    -0.0000000000     0.5146381905
6660     9.0346537591    -0.2317939091     0.4908310090
6661     8.1612219470     0.0000000000     0.6823624067
6662     7.9966658742     0.0000000000     0.6964808296
6663     7.9921788156    -0.6967279405     0.0000000000
6664     5.3878491255    -0.3205483211     0.4822200906
6665     5.3928006258    -0.4161143303     0.4029340589
6666     9.1015868226    -0.0967477988     0.4093359511
6667     9.1085050403    -0.0000000000     0.4230888876
6668     9.2316326554    -0.0991606042     0.4533856384
6669     8.7759313093    -0.3151301154    -0.0000000000
6670     8.6757609163    -0.2802567096    -0.0000000000
6671     8.9883308380    -0.0000000000     0.3846170256
6672     8.8547171970    -0.1033187371     0.5602826058
6673     8.7891077802     0.0000000000     0.5808288638
6674     7.2736954572    -0.0105938485     0.6768528566
6675     7.7410298775    -0.1511042117     0.6804492903
6676     7.6662071431     0.0000000000     0.6941972609
6677     8.5202636928    -0.6182910896     0.1141635143
6678     8.6305968440    -0.6090446431     0.0000000000
6679     7.2043610037    -0.0180555458     0.6733820033
6680     7.7394699153    -0.3021752675     0.6280075699
6681     7.8409523620    -0.4041937112     0.5709859857
6682     9.0046859404    -0.4571721961     0.2997274474
6683     9.2158355322    -0.5263786467     0.0000000000
6684     6.1206876107    -0.6181974530     0.0000000000
6685     9.1347187096    -0.4694834254     0.2499444985
6686     5.5443890898    -0.5569507423     0.1872736264
6687     6.6869799366    -0.5543667859     0.3350522391
6688     6.4166749945    -0.5646396336     0.2879094456
6689     7.4551815151    -0.6682651972     0.1524849109
6690     7.5006297932    -0.6873345003     0.0000000000
6691     8.9236083064    -0.1897302645     0.5254411522
6692     9.2279121447    -0.4254139483     0.3090783010
6693     6.8975248950    -0.6584710524     0.0000000000
6694     6.9404263106    -0.6528214531     0.1017699050
6695     6.9532662622    -0.6234368112     0.2208346580
6696     6.8228675622    -0.5846683120     0.2947218576
6697     6.3492314552    -0.5989081465     0.1966006159
6698     7.2570050966    -0.3828778239     0.5572230265
6699     7.4196262103    -0.4108869879     0.5463742664
6700     7.3329018217    -0.4790922234     0.4819863123
6701     7.5899452318    -0.2513624128     0.6439443042
6702     8.9209256308    -0.2826677631     0.4822236130
6703     9.0103615192    -0.3585043097     0.4115896935
6704     8.8068782420    -0.2130151094     0.5371552444
6705     7.0729072332    -0.6553170257     0.1259696579
6706     7.1629232877    -0.4612678713     0.4879816933
6707     9.2945675636    -0.2722230926     0.4047262352
6708     9.3006356966    -0.0855602886     0.4834179201
6709     7.5853536319    -0.4061664181     0.5588792912
6710     8.7962724713    -0.3155835046     0.4860996628
6711     8.7482140827    -0.5016679920     0.3067002501
6712     8.8892627021    -0.4367676638     0.3566615890
6713     8.8848696262    -0.3645068559     0.4311639787
6714     8.4820086151     0.0000000000     0.6352757645
6715     8.3232177836     0.0000000000     0.6609475962
6716     8.3422947150    -0.1798767080     0.6331344623
6717     8.4360034039    -0.1087690202     0.6338785558
6718     7.2007193835    -0.6506147144     0.1743610440
6719     7.1949456793    -0.6731659530     0.0000000000
6720     7.3453373026    -0.6803012404     0.0000000000
6721     7.2678869441    -0.6724257961     0.0760356314
6722     7.2644693419    -0.5472716064     0.3975438938
6723     8.7743999036    -0.4177274709     0.4070874099
6724     8.6359330748    -0.4531200116     0.4053578343
6725     8.6113819699    -0.5343910090     0.2993239639
6726     7.0474147805    -0.6659549445     0.0000000000
6727     8.3924986866    -0.0000000000     0.1617757604
6728     7.9927420890    -0.5768335381     0.3906141910
6729     8.0193132508    -0.6428229559     0.2647803689
6730     7.6012604491    -0.6487786288     0.2399762451
6731     5.4548319600    -0.5727501320     0.1075537190
6732     9.2338126804    -0.0000000000     0.4649738445
6733     8.3423062943    -0.6395408483     0.1555311801
6734     8.4757783110    -0.6363423672     0.0000000000
6735     8.2081043347    -0.5172288560     0.4363305461
6736     8.3189706568    -0.5345790003     0.3896382736
6737     8.3565526496    -0.4710171673     0.4562168984
6738     8.2020383333    -0.1543410965     0.6598682588
6739     8.4926344531    -0.4012797265     0.4900031365
6740     8.6106034677    -0.3522132937     0.5011917140
6741     8.4696280696    -0.2378089556     0.5914791745
6742     8.6395469184    -0.5731618499     0.2015044922
6743     8.4703022237    -0.5886119426     0.2445063379
6744     7.4163811741    -0.5614368348     0.3898418024
6745     7.4847923000    -0.4910395958     0.4797573304
6746     7.3303180127    -0.6638657226     0.1459367452
6747     8.3175430555    -0.6617932253     0.0000000000
6748     8.2182216451    -0.6672265931     0.1061305308
6749     8.0504627303    -0.5048862322     0.4743611395
6750     7.4838954560    -0.6199603120     0.2952415492
6751     7.9760634155    -0.3986852705     0.5723074985
6752     8.0816129916    -0.2851776096     0.6287822473
6753     8.2566691259    -0.2828390997     0.6079746280
6754     8.1181562557    -0.4270569004     0.5379089202
6755     8.2044580264    -0.3663612941     0.5695756848
6756     8.3407744220    -0.3875832496     0.5320107318
6757     8.3881082079    -0.3063066369     0.5743481063
6758     8.7006658602    -0.3611962253     0.4745715126
6759     8.1561119378    -0.6829319397     0.0000000000
6760     8.0875095174    -0.6777037895     0.1292798259
6761     8.2980281587    -0.5917657009     0.3027320060
6762     8.1784960570    -0.6381471529     0.2363395957
6763     8.2476695027    -0.4421761566     0.5054467608
6764     8.4252496074    -0.5259260951     0.3730146576
6765     8.1288979246    -0.5816154899     0.3634131215
6766     8.5290137914    -0.5088094872     0.3664818066
6767     5.0224377260    -0.5331338778     0.1697943057
6768     5.1269524708    -0.5232446234     0.2135112778
6769     4.9822317563    -0.4850656829     0.2743132538
6770     5.2559866960    -0.5169201261     0.2450165876
6771     5.2315371442    -0.5609082892     0.1055621690
6772     5.2450854034    -0.4241242964     0.3827456732
6773     5.1441571679    -0.3232235268     0.4645304762
6774     9.1416987481    -0.2804138099     0.3294082390
6775     8.4501673052    -0.0774064302     0.1720633022
6776     8.4517365349    -0.1731598736     0.0767855364
6777     8.4887064016    -0.2073338555    -0.0000000000
6778     5.3562852503    -0.5773801723     0.0000000000
6779     5.2145078140    -0.5697253337     0.0057447733
6780     5.1045555197    -0.5579272426     0.0818319563
6781     5.3436400848    -0.5590779215     0.1419151489
6782     8.5296051542    -0.2106307138     0.0747161037
6783     8.5808964775    -0.2449670349    -0.0000000000
6784     5.4371931540    -0.5178221927     0.2651754168
6785     9.2882102875    -0.2079296774     0.4820135694
6786     8.6481754132    -0.2576481247     0.0788985362
6787     8.6758941808    -0.2217560169     0.1677722420
6788     8.8336458518    -0.3241549027     0.0804218235
6789     7.7215249609    -0.4140938026     0.5596025353
6790     8.4406928388    -0.1299531732     0.1292363485
6791     5.2661574789    -0.3219774076     0.4733660067
6792     7.5860949899    -0.5591965205     0.4057828623
6793     7.3364085906    -0.6238464565     0.2705377590
6794     5.3319172366    -0.4787563223     0.3203201125
6795     8.2972054150    -0.0746625477     0.0638338242
6796     8.8347390942     0.3083875303     0.1275826925
6797     8.7759314653     0.3151301683     0.0000000000
6798     8.8829737476     0.3506581778     0.0000000000
6799     9.2158351603     0.5263786630     0.0000000000
6800     9.2492060619     0.5164328476     0.0964669154
6801     9.3303064066     0.5193120449     0.0000000000
6802     7.3144845165     0.2517372281     0.6305792873
6803     7.2145537498     0.1366903895     0.6602183070
6804     7.3427194102     0.1284483375     0.6680461437
6805     8.7261926815     0.1106473194     0.2755193891
6806     8.7460817293     0.2195215577     0.2083290560
6807     8.8383112525     0.1680192262     0.2890995592
6808     5.8748241566     0.3128990568     0.5179652361
6809     5.9518541783     0.4171690324     0.4438543930
6810     6.4265964526     0.4093876541     0.4843235096
6811     6.5461626397     0.4196063054     0.4837535142
6812     9.0427507659     0.1158169015     0.3844768704
6813     6.2381396107     0.5167358593     0.3504217248
6814     6.1136162118     0.5285096077     0.3199601921
6815     6.1225307729     0.4617422791     0.4110261139
6816     9.1604714131     0.4237701084     0.1174974851
6817     9.1168229557     0.4257767633     0.0000000000
6818     9.2413485974     0.4676673719     0.0000000000
6819     5.1441581046     0.3232233845     0.4645306370
6820     5.1127675422     0.4378292758     0.3558270394
6821     5.0213856363     0.3242702281     0.4557009276
6822     6.0757731339     0.3848742752     0.4806160923
6823     9.1687082974     0.1260929024     0.4241054930
6824     9.2724994973     0.0871239846     0.4712623103
6825     7.1192221333     0.6621501489     0.0993610250
6826     7.0641252451     0.6301598969     0.2183178698
6827     7.1758171174     0.6455580773     0.1879894473
6828     8.5411788993     0.2120074666     0.0839489537
6829     8.4887064609     0.2073338812     0.0000000000
6830     8.5808965656     0.2449670691     0.0000000000
6831     6.2131931861     0.3843222676     0.4903212990
6832     9.2734078585     0.1980339189     0.4364694229
6833     9.1871845600     0.2450930541     0.3750008976
6834     9.2481179007     0.3235431813     0.3398684199
6835     9.0140866476     0.2861827873     0.2666425557
6836     8.9596086770     0.1965882899     0.3180960218
6837     8.8836447205     0.2579855130     0.2348278780
6838     6.7444696700     0.6507034939     0.0000000000
6839     6.8173087591     0.6462397627     0.1036269106
6840     6.8975194611     0.6584707787     0.0000000000
6841     5.9668544615     0.5104066678     0.3340599236
6842     5.8189952904     0.5366423453     0.2732765079
6843     5.8266123949     0.4685620098     0.3787281226
6844     5.6932729892     0.4993838508     0.3242619156
6845     6.6711589416     0.4628983092     0.4517753062
6846     6.6874036414     0.5307600517     0.3712653853
6847     6.5692981805     0.5178969463     0.3787600032
6848     6.9080862775     0.3626474024     0.5502005902
6849     6.9291707382     0.2536999964     0.6094694103
6850     5.9143107727     0.5736971117     0.1994024320
6851     6.2761096173     0.6263921204     0.0000000000
6852     6.3529529150     0.6235587725     0.0932737500
6853     6.4323512939     0.6345749047     0.0000000000
6854     6.7805847353     0.4006829558     0.5149275490
6855     6.6597344680     0.3792725626     0.5232990831
6856     7.1193694326     0.0269301884     0.6689611326
6857     7.2043439797     0.0180571438     0.6733811411
6858     7.2736999917     0.0105932396     0.6768530810
6859     8.9272157289     0.0968790552     0.3513918896
6860     7.5764410093     0.1267320938     0.6789607783
6861     7.7287905840     0.1493264595     0.6804135635
6862     7.4535944815     0.2211225571     0.6487306504
6863     7.0817349319     0.1170079076     0.6574099645
6864     8.8867770835     0.5572383473     0.0899603713
6865     8.7819683349     0.5820721528     0.0000000000
6866     8.8009886386     0.5563700206     0.1598682369
6867     5.5748139963     0.3941055533     0.4377260738
6868     5.6957838114     0.4190543754     0.4230603019
6869     5.5895867578     0.4642464838     0.3638149053
6870     8.3166324288     0.1648986318     0.6411886645
6871     8.4310354763     0.2134189720     0.6076118566
6872     8.2990421373     0.3357791722     0.5734363003
6873     7.8419525320     0.2327414284     0.6599476858
6874     7.8988391451     0.1228817969     0.6890942437
6875     7.1500308463     0.4621770517     0.4862563103
6876     7.1195346112     0.5422842182     0.3925108434
6877     7.0039220085     0.5075948380     0.4275817537
6878     7.1537693246     0.2491307766     0.6233406522
6879     7.0169933616     0.1922564707     0.6361611701
6880     8.6945727415     0.1318014500     0.5829490157
6881     8.7944423812     0.2276862196     0.5334276193
6882     8.6737197718     0.2845172075     0.5297619814
6883     8.9150175437     0.1976406776     0.5239453226
6884     9.0008413824     0.1112338511     0.5358872705
6885     9.0275910878     0.2345282353     0.4905313156
6886     9.0759095509     0.5377904283     0.0000000000
6887     9.1378126978     0.5188347747     0.1160813197
6888     5.8113323840     0.3918964321     0.4565163176
6889     9.1413829753     0.1486810544     0.5101411466
6890     9.2436391259     0.1417925599     0.5060275985
6891     9.2380200067     0.2551555747     0.4594956298
6892     9.0062524874     0.5384471089     0.0938094732
6893     9.0418967117     0.5064165449     0.1929606616
6894     9.1366313614     0.3016891268     0.4377363985
6895     9.3001042839     0.3504696002     0.3899888514
6896     9.2374937269     0.3541528128     0.3882129589
6897     6.4484278659     0.5018059790     0.3896515770
6898     6.3110914168     0.4516933639     0.4364532155
6899     5.6129110496     0.5782606134     0.1232591769
6900     5.7667723851     0.5852613791     0.1298160725
6901     5.6595310285     0.5936488642     0.0000000000
6902     5.4708760734     0.4525039090     0.3683030702
6903     5.3774949556     0.3895874201     0.4275294706
6904     5.5092938156     0.3189379176     0.4910893766
6905     8.6147761387     0.1400418058     0.2140579134
6906     5.8123216108     0.6018137842     0.0000000000
6907     5.8938203343     0.5997621428     0.0882870680
6908     5.9660898668     0.6100017035     0.0000000000
6909     5.7532823696     0.3151068628     0.5090054483
6910     5.6925770410     0.5508125322     0.2263598228
6911     6.0334442892     0.6035123699     0.1111734368
6912     6.0623740887     0.5714999927     0.2277593468
6913     6.2221009639     0.5714887300     0.2496476629
6914     6.7877142666     0.5029838897     0.4161233353
6915     6.5050522745     0.6258009842     0.1265183959
6916     6.1952457063     0.6084923945     0.1300696178
6917     6.3578650739     0.5992692464     0.1969504968
6918     7.0306021774     0.5770851792     0.3307217648
6919     6.8947893585     0.5565522454     0.3515988557
6920     6.5889118660     0.6427066482     0.0000000000
6921     6.9669626598     0.6509173171     0.1209126942
6922     7.0474099878     0.6659547075     0.0000000000
6923     9.0412220993     0.3884986273     0.1000187248
6924     8.9322034312     0.3566641730     0.0832134150
6925     8.9966747013     0.3872844681     0.0000000000
6926     6.6333886776     0.5744927401     0.2933427073
6927     6.7719277989     0.5726038921     0.3120956118
6928     9.0829384322     0.2214676903     0.3493773100
6929     8.6418511924     0.2371306045     0.1211887770
6930     8.7322339997     0.2817928089     0.1005389680
6931     8.6757610344     0.2802567520     0.0000000000
6932     8.3602099897     0.1046698909     0.0954566070
6933     8.3909463631     0.0003708261     0.1609554332
6934     8.2966678259     0.0028693798     0.0995144710
6935     8.2704199662     0.0004434791     0.0063420548
6936     8.2585868100     0.0370860177     0.0000000000
6937     9.1177643690     0.4699910766     0.2523095187
6938     8.7719170520     0.4437589690     0.3792320005
6939     8.6628856722     0.4868176002     0.3561328795
6940     8.6549161587     0.4093789493     0.4448634557
6941     8.7753344812     0.3480864946     0.4678809202
6942     8.8966735674     0.3006592898     0.4757248780
6943     7.9921777649     0.6967279974     0.0000000000
6944     8.0386698215     0.6842587729     0.1151018553
6945     8.1561109649     0.6829320474     0.0000000000
6946     9.2495131176     0.4520101974     0.1304876011
6947     9.2798067249     0.4873947823     0.1953218997
6948     9.2918388503     0.4814246456     0.0741445049
6949     7.6638358193     0.6941061414     0.0000000000
6950     7.7560822447     0.6836114105     0.1385556162
6951     7.8277126947     0.6993770202     0.0000000000
6952     9.2137316335     0.4830805810     0.2094875608
6953     8.9592599393     0.3308076445     0.1745877738
6954     9.0879058013     0.3626969333     0.2025299114
6955     7.8991313589     0.6927610347     0.0999866517
6956     7.5006284359     0.6873344408     0.0000000000
6957     7.3453351572     0.6803011406     0.0000000000
6958     7.4279563752     0.6611698765     0.1761252391
6959     7.9104168272     0.6040401779     0.3531569230
6960     7.9045922781     0.6647063375     0.2192311681
6961     7.7274314507     0.6378812426     0.2797701680
6962     8.9301716559     0.5575298152     0.0000000000
6963     9.1409607713     0.3156970216     0.2953639024
6964     6.6711558809     0.6375662186     0.1102831676
6965     7.5782029582     0.2712305709     0.6352824763
6966     6.6012498731     0.6105943647     0.2030415105
6967     6.4901276609     0.5781742573     0.2689304289
6968     6.8881062292     0.4642382158     0.4661248606
6969     6.8471620469     0.6188236492     0.2178523875
6970     6.7230755271     0.6130896156     0.2151089341
6971     6.9545456396     0.6121868071     0.2504579506
6972     7.0071709086     0.4232155823     0.5114555013
6973     7.1137874889     0.3671518751     0.5594692503
6974     7.2429610902     0.5377309789     0.4086419287
6975     7.1749156700     0.6014659095     0.3002786094
6976     7.0259893211     0.3091831786     0.5886811991
6977     8.8481160537     0.1085633474     0.5604171730
6978     8.6758150064     0.5706349631     0.1887410795
6979     8.7413476978     0.5208177429     0.2756245869
6980     8.9321844278     0.5225979595     0.1936441548
6981     8.9893230583     0.4551573517     0.3065779934
6982     9.2662051072     0.4293019690     0.3021846949
6983     9.2140952263     0.3939319081     0.2323175347
6984     6.1206871699     0.6181974297     0.0000000000
6985     7.3409185012     0.6033069960     0.3140271510
6986     7.4162720871     0.3623676433     0.5795894038
6987     9.0045991630     0.3487021191     0.4209490397
6988     9.0891485910     0.4000707342     0.3570508439
6989     8.8895589261     0.4044286134     0.3928534874
6990     8.8589398440     0.4917255097     0.2861992388
6991     7.3817159917     0.5413265715     0.4146621465
6992     7.3107317293     0.4552146218     0.5032078685
6993     7.4800174872     0.4835882108     0.4869694113
6994     8.5361409700     0.6108278970     0.1368778213
6995     8.6053829248     0.5505660104     0.2709441644
6996     8.5490336708     0.1102185981     0.6138674262
6997     9.1853214314     0.4131973131     0.3285943663
6998     6.3554416456     0.5474469715     0.3129160498
6999     8.5448340077     0.3779707729     0.4968225501
7000     9.2974141684     0.2690259908     0.4083717546
7001     7.5342912045     0.5978020106     0.3421856024
7002     8.5304811812     0.4926536008     0.3874719476
7003     8.5629668219     0.2382069989     0.5737404227
7004     7.5895633117     0.3956469788     0.5666049774
7005     7.2762517439     0.6682151898     0.1095894388
7006     7.2814243552     0.6406027331     0.2203143149
7007     7.5913567362     0.6702399349     0.1694777035
7008     8.6305961245     0.6090447723     0.0000000000
7009     8.6870534047     0.5916294559     0.0935478452
7010     7.7212158295     0.3009806209     0.6278853854
7011     7.7533408118     0.4185204861     0.5576404160
7012     7.1949422882     0.6731657894     0.0000000000
7013     8.4433171940     0.3303761777     0.5502705876
7014     8.3996000509     0.1654813710     0.0000000000
7015     8.3152188304     0.1144854751     0.0000000000
7016     8.1959122303     0.1092362371     0.6695398921
7017     5.5513919983     0.5312433173     0.2518541410
7018     8.4728755736     0.5811370893     0.2606687486
7019     8.2128638278     0.2443888999     0.6306264996
7020     8.4186670933     0.0911519019     0.6395312412
7021     7.9800277661     0.2673803104     0.6441762691
7022     8.0437041277     0.1204387084     0.6829700990
7023     8.1073438299     0.2230081069     0.6509714248
7024     8.4757775105     0.6363425040     0.0000000000
7025     7.9322983188     0.4160208651     0.5618661123
7026     7.8293621564     0.5108470365     0.4775193521
7027     7.7283525953     0.5745679381     0.3935342124
7028     7.9931323239     0.5117784443     0.4724997009
7029     7.8566679129     0.3356664154     0.6141591885
7030     8.1051187198     0.3746085734     0.5772609554
7031     8.2336542286     0.4501700481     0.5008341265
7032     8.4008603770     0.5388744116     0.3613026470
7033     8.3913170790     0.4499437868     0.4694344407
7034     8.3587159640     0.6387467548     0.1478954203
7035     8.3321758312     0.5953255317     0.2841715235
7036     8.2497545011     0.5452360474     0.3916710711
7037     8.1238310517     0.5067410549     0.4627288581
7038     8.2090283129     0.6245666351     0.2607033991
7039     8.3175421671     0.6617933572     0.0000000000
7040     8.1929699632     0.6664903749     0.1285067018
7041     5.5077994360     0.5855175736     0.0000000000
7042     4.9897110416     0.4136168572     0.3738651849
7043     4.9822400621     0.4850779128     0.2742925964
7044     5.4611646566     0.5709908532     0.1182633656
7045     5.4045677744     0.5285446380     0.2389505953
7046     8.4970139252     0.0751612896     0.1957928342
7047     8.5093679098     0.1505676217     0.1516005393
7048     8.4298591215     0.1072933807     0.1424090679
7049     8.4507932472     0.1714547540     0.0793167932
7050     5.1046599491     0.5579449252     0.0817495361
7051     5.2255258982     0.5634442282     0.0889129592
7052     5.2145224221     0.5697260904     0.0057477533
7053     5.3562852503     0.5773801723     0.0000000000
7054     5.3059144896     0.5544106289     0.1516708480
7055     5.2530064983     0.4998029212     0.2778560708
7056     5.1440244961     0.5241057134     0.2138348046
7057     5.0224865551     0.5331562541     0.1697327323
7058     5.3514027050     0.4664003022     0.3397971265
7059     5.2549733848     0.4245905437     0.3830230793
7060     5.2661947424     0.3219769816     0.4733687235
7061     5.3878957894     0.3205477082     0.4822235122
7062     8.0856801929     0.5896149784     0.3583551040
7063     7.2445884019     0.3575523099     0.5731465662
7064     8.0603782485     0.6488515606     0.2412463928
7065     7.6408940338     0.5050782412     0.4746079542
7066     8.6401575547     0.0680708177     0.2578544227
7067     7.4505112942     0.0973576135     0.6782339604
7068     8.8237615638     0.0790001928     0.3211299454
7069     8.2940642583     0.0742052218     0.0601084982
7070     5.1905144545     0.3793475772     0.4232319653
7071     8.5752552367     0.1870958455     0.1509495305
7072    -4.3436121480     0.3624414385     0.3142067105
7073    -4.3468906443     0.3609756561     0.2752634370
7074    -4.1966092842     0.3741373590     0.2594340423
7075    -4.1814354052     0.3785623128     0.3317562202
7076    -4.0400475162     0.3834117502     0.2486165104
7077    -4.0053417730     0.3904566188     0.3475455334
7078    -3.8785962661     0.3894827175     0.2433985271
7079    -3.8168964884     0.3976888630     0.3593425941
7080    -3.6205910718     0.3999951609     0.3639321864
7081    -3.7146771152     0.3927907349     0.2442105281
7082    -3.5473494201     0.3932862086     0.2522730306
7083    -3.4214703196     0.3946936420     0.3614896882
7084    -3.3782715591     0.3890422923     0.2741705890
7085    -3.2276011201     0.3825925776     0.3559524195
7086    -3.2109212209     0.3802740669     0.3071445708
7087    -4.3471756627    -0.3609457400     0.2752994421
7088    -4.3436121468    -0.3624414387     0.3142067106
7089    -4.1967272430    -0.3741288358     0.2594441742
7090    -4.1814354016    -0.3785623131     0.3317562206
7091    -4.0400417226    -0.3834119193     0.2486152200
7092    -3.8783613332    -0.3894893031     0.2433946507
7093    -4.0053417664    -0.3904566191     0.3475455339
7094    -3.8168964784    -0.3976888632     0.3593425945
7095    -3.7143721474    -0.3927944797     0.2442172841
7096    -3.6205910584    -0.3999951609     0.3639321864
7097    -3.5473548616    -0.3932860792     0.2522707795
7098    -3.4214703031    -0.3946936412     0.3614896878
7099    -3.3782613346    -0.3890419138     0.2741725358
7100    -3.2276011539    -0.3825925802     0.3559524206
7101    -3.2109168485    -0.3802738824     0.3071479461
7102    -3.8310881616    -0.1515371536     0.9298171199
7103    -3.7726635114    -0.0728475030     0.9791454687
7104    -3.8958767564    -0.0000000000     0.9529714317
7105    -4.9771450701    -0.0940372230     0.4494630542
7106    -4.9108484191    -0.0000000000     0.5097833604
7107    -3.7204861316    -0.3771136075     0.5759384333
7108    -2.8784241220    -0.3490308501     0.3961455950
7109    -2.7203572023    -0.3276019005     0.4442760586
7110    -2.8612464988    -0.3176455243     0.6011610602
7111    -1.6262295082     0.0000000000     0.7819672131
7112    -1.7240817420    -0.0000000000     0.7965318677
7113    -1.6262295082    -0.0727752171     0.7477821899
7114    -2.0350142695    -0.1997246525     0.6255414925
7115    -2.0232689423    -0.1485587511     0.7361714200
7116    -2.0174472661    -0.0000000000     0.8441647425
7117    -1.9943922285    -0.0805319916     0.8100595318
7118    -1.9196154418    -0.0000000000     0.8281709689
7119    -3.9418753060    -0.3577863894     0.6051423270
7120    -3.8415297773    -0.3187647964     0.7307675990
7121    -3.7107819952    -0.2557006363     0.8577490570
7122    -3.8578829913    -0.2370484294     0.8512507881
7123    -3.6893747809    -0.1548212637     0.9582930308
7124    -3.5655967124    -0.2200585825     0.9060225479
7125    -1.8002002315    -0.0965261065     0.7555132152
7126    -1.9102618378    -0.1167965613     0.7549198481
7127    -1.8148793424    -0.1557906471     0.6588484101
7128    -4.5582483057    -0.3121943257     0.4275151513
7129    -4.6301867538    -0.3165239179     0.3223008728
7130    -2.4785295540    -0.2012427590     0.7697948111
7131    -2.3696153997    -0.1380681865     0.8308358518
7132    -2.4779470453    -0.1113648513     0.8748377773
7133    -3.2615568778    -0.2318661539     0.8718731860
7134    -3.2154507271    -0.1297631977     0.9598184372
7135    -3.3414928109    -0.1557307897     0.9523992277
7136    -3.4138553023    -0.2428244127     0.8720928094
7137    -3.5311962284    -0.3238228819     0.7424368194
7138    -3.3189213327    -0.3103587085     0.7489795277
7139    -2.7691985214    -0.2391885178     0.7761903181
7140    -2.8537059471    -0.1577227424     0.8969532952
7141    -2.9179308411    -0.2112712616     0.8489214489
7142    -2.6868927212    -0.2912673836     0.6208974232
7143    -2.3942450827    -0.2370832029     0.6669223101
7144    -2.3326483932    -0.1852194906     0.7585807734
7145    -2.5403581927    -0.2635895185     0.6488265698
7146    -2.5694004464    -0.3034930483     0.4904255086
7147    -4.7583073096    -0.0835593304     0.5765408770
7148    -4.6321684228    -0.0855763979     0.6394491557
7149    -4.7300054310    -0.0000000000     0.6046849160
7150    -2.1521416549    -0.1550411198     0.7598801773
7151    -2.0969308688    -0.0929020574     0.8197949676
7152    -2.1152357447    -0.0000000000     0.8599626482
7153    -3.0433173686    -0.2076080383     0.8732762226
7154    -2.9873690940    -0.2767704432     0.7552877294
7155    -3.0424361358    -0.3248188602     0.6464154297
7156    -3.1467729976    -0.2867996327     0.7684603538
7157    -3.5552516629    -0.1096262268     0.9885414056
7158    -3.5257770473    -0.3838036155     0.5392348523
7159    -3.3615282957    -0.3687979753     0.5784286926
7160    -1.7207566303    -0.1380480644     0.6694999851
7161    -1.8219395104    -0.0000000000     0.8122008050
7162    -2.6263637011    -0.2276620194     0.7614166153
7163    -2.6694701508    -0.1616661222     0.8631044551
7164    -2.9699620948    -0.1279709191     0.9355169768
7165    -2.9060433740    -0.0759810405     0.9549619002
7166    -2.9981827362    -0.0000000000     0.9788587574
7167    -3.1984821385    -0.3533534520     0.5942961895
7168    -2.5067144339    -0.0000000000     0.9192030568
7169    -2.5843357848    -0.0851174658     0.9082954403
7170    -2.6048335502    -0.0000000000     0.9326604516
7171    -3.1954555912    -0.0000000000     0.9961407890
7172    -3.2942135903    -0.0000000000     1.0029244589
7173    -3.3047872515    -0.0685371294     0.9935759322
7174    -3.0481466525    -0.3574941254     0.4973585354
7175    -2.8013043391    -0.0000000000     0.9574413387
7176    -2.7488963284    -0.0658457938     0.9394999846
7177    -2.7030636541    -0.0000000000     0.9454355132
7178    -3.7921194366    -0.0000000000     0.9837919448
7179    -3.6903686591    -0.0000000000     1.0071725307
7180    -3.6470868837    -0.0701984418     1.0030645627
7181    -3.4920640706    -0.0000000000     1.0119687529
7182    -3.4261989919    -0.0812757429     0.9959736082
7183    -3.3930851981    -0.0000000000     1.0082657084
7184    -2.3772137816    -0.0709753893     0.8833302368
7185    -2.4087172436    -0.0000000000     0.9051361872
7186    -4.0048654055    -0.3035426898     0.7160760651
7187    -4.8486854101    -0.1796109642     0.4661429162
7188    -4.8696543881    -0.0927347175     0.5129794790
7189    -4.9245139580    -0.1757037762     0.4198774042
7190    -4.0018513476    -0.0000000000     0.9172399200
7191    -3.9339279368    -0.0841879715     0.9284414609
7192    -4.0745807830    -0.1235464356     0.8651518279
7193    -4.0180908142    -0.0805369546     0.9007000669
7194    -4.1086606123    -0.0000000000     0.8780900727
7195    -3.7020723125    -0.3250535443     0.7390231283
7196    -3.5910637174    -0.0000000000     1.0137925602
7197    -2.2459209496    -0.2064040227     0.6900686870
7198    -2.2350618704    -0.1257742447     0.8163597236
7199    -2.1593506180    -0.2251759992     0.6002790447
7200    -2.1186165439    -0.1883761329     0.6876609921
7201    -3.0967610192    -0.0000000000     0.9880722398
7202    -3.0763322982    -0.1105990173     0.9576344262
7203    -4.1093554330    -0.2758440018     0.7242359890
7204    -4.1351269940    -0.1904800459     0.8035625044
7205    -4.2017449660    -0.2620279516     0.7072705592
7206    -4.0660099716    -0.3763234720     0.4779124047
7207    -4.2048662861    -0.3559274441     0.5048980935
7208    -3.9004809810    -0.3870089728     0.4802820091
7209    -1.7086875643    -0.0907139275     0.7433255387
7210    -1.6262295082    -0.1221100980     0.6778698250
7211    -2.5677303858    -0.1618272519     0.8440626310
7212    -4.4275228818    -0.3414767512     0.4160029708
7213    -4.4182931400    -0.2719638527     0.5970090209
7214    -4.4886747818    -0.2957949018     0.5172906959
7215    -4.3516344536    -0.3286336978     0.5159675519
7216    -4.2908073533    -0.3612966323     0.4196956400
7217    -4.3631498128    -0.1675785859     0.7259194449
7218    -4.3990259289    -0.0886826757     0.7464518877
7219    -4.4548382763    -0.1806363750     0.6757309742
7220    -4.1163808883    -0.3340095694     0.6130996084
7221    -2.7587183249    -0.1467996444     0.8921142341
7222    -2.6759487182    -0.0791830927     0.9243446859
7223    -2.2920863673    -0.0643274975     0.8727055342
7224    -4.5289381864    -0.2300668087     0.5953550905
7225    -4.0409945999    -0.2207865458     0.8121711324
7226    -4.2237162293    -0.1500076292     0.7948394953
7227    -4.8227292950    -0.0000000000     0.5571129926
7228    -3.9460774741    -0.2591553935     0.8006663367
7229    -4.2768824877    -0.3025186104     0.6130840295
7230    -4.2890511408    -0.2183986142     0.7186733563
7231    -4.8468546943    -0.2375122649     0.3848323039
7232    -4.4282110496    -0.0000000000     0.7466819976
7233    -4.3226864232    -0.0000000000     0.7922306740
7234    -4.7776411760    -0.2383392992     0.4372773017
7235    -4.7850031178    -0.1617706298     0.5199945856
7236    -3.1478448697    -0.1981866551     0.8974677492
7237    -2.8236113369    -0.0780634443     0.9442614429
7238    -2.8996894868    -0.0000000000     0.9686139174
7239    -4.2992367407    -0.1014923557     0.7851389437
7240    -4.6971446491    -0.1638287184     0.5670120723
7241    -3.9618238843    -0.1710276505     0.8783691108
7242    -3.4627524344    -0.1615224899     0.9550038633
7243    -4.5319158586    -0.0000000000     0.6999087102
7244    -4.6326278367    -0.0000000000     0.6525092522
7245    -4.7132461845    -0.2263932512     0.4971203035
7246    -4.7484501973    -0.2826201813     0.3518622708
7247    -4.6701822010    -0.2831888532     0.4241121255
7248    -4.5498732158    -0.1572100207     0.6463034118
7249    -4.6177931556    -0.1772204226     0.5986873416
7250    -4.5101789362    -0.0952265736     0.6942850000
7251    -3.1434884605    -0.0626218583     0.9832783425
7252    -4.6130584172    -0.2499832730     0.5245738966
7253    -4.2158068804    -0.0000000000     0.8362431277
7254    -4.1564530588    -0.0830696239     0.8485096658
7255    -1.8645989197    -0.0594808052     0.8007883932
7256    -4.3666227542    -0.2387492831     0.6641122927
7257    -2.3108316807    -0.0000000000     0.8905286183
7258    -2.1637881387    -0.0588592561     0.8538663515
7259    -2.2130280827    -0.0000000000     0.8754481431
7260    -4.4670372372    -0.0456368887     0.7259612841
7261    -2.8778086272    -0.2638990025     0.7554329556
7262    -4.9766385701     0.0952292770     0.4491645693
7263    -3.7715934808     0.0722723932     0.9795706833
7264    -4.0954234699     0.3657711212     0.5183102000
7265    -2.5722693774     0.1264390537     0.8789724528
7266    -3.6759888972     0.3839625671     0.5450876401
7267    -1.6262295082     0.0727751216     0.7477822833
7268    -3.2933796344     0.3634244144     0.5824608024
7269    -3.4830502879     0.3536062240     0.6589356888
7270    -3.3204946618     0.3016946008     0.7674802690
7271    -2.6631612094     0.2901638883     0.6140243924
7272    -2.5220654680     0.2581926353     0.6575273106
7273    -2.5687111971     0.3033742674     0.4906424170
7274    -4.3190843997     0.2590389195     0.6614213674
7275    -4.3904403945     0.1622224333     0.7172166571
7276    -4.2530420082     0.1879992951     0.7587896759
7277    -3.0248310493     0.3214662055     0.6514496282
7278    -2.9362559109     0.2719388546     0.7532265843
7279    -2.8387012182     0.3142639805     0.6041776629
7280    -3.3622188666     0.2069819484     0.9094620527
7281    -3.4689478886     0.2842939263     0.8151644305
7282    -3.7207305606     0.2426579521     0.8729662107
7283    -3.8718707695     0.2378142381     0.8467622674
7284    -3.8319832588     0.1485649137     0.9313424255
7285    -1.9132226004     0.1162594181     0.7563210276
7286    -1.8268745839     0.1287098623     0.7164734728
7287    -3.6936912340     0.1522864915     0.9593407124
7288    -3.5699928633     0.2008404321     0.9255413241
7289    -2.6390041719     0.2204343597     0.7775365003
7290    -2.6843132176     0.1322367541     0.8925712748
7291    -4.1867667835     0.2924647253     0.6692036501
7292    -4.0576423878     0.3104909086     0.6857793140
7293    -3.9530435082     0.3535879199     0.6153206158
7294    -3.1708617592     0.2394561112     0.8507137531
7295    -3.1789558195     0.1382927657     0.9511843904
7296    -3.0612374527     0.1615900629     0.9214431864
7297    -3.4601474663     0.2026652972     0.9199734845
7298    -3.6406443765     0.3276629399     0.7365138262
7299    -3.1297416299     0.3607650833     0.5269438936
7300    -3.1757314138     0.3163351754     0.7078228207
7301    -3.0552798280     0.2582522329     0.8037251235
7302    -2.9646529598     0.2004801911     0.8698216471
7303    -2.0507702842     0.0799919827     0.8211148803
7304    -2.5122847920     0.1976710948     0.7841061496
7305    -3.5720024499     0.1012679010     0.9925174683
7306    -2.3528502654     0.1175961350     0.8474422353
7307    -4.3454253849     0.0896874051     0.7693851862
7308    -2.9884586175     0.0733562214     0.9650363287
7309    -2.8328155884     0.2546714263     0.7626666564
7310    -2.8674273426     0.1915152432     0.8645568812
7311    -2.4662638755     0.1073491965     0.8758246628
7312    -3.6588234026     0.0673183047     1.0027679499
7313    -4.1260565726     0.2269448385     0.7757024818
7314    -4.0085934035     0.2364370660     0.8074306293
7315    -3.9170865825     0.3060518351     0.7372889227
7316    -3.1251660043     0.0774079843     0.9769623045
7317    -4.4616360656     0.2397874380     0.6180730501
7318    -2.6385414148     0.0697653683     0.9231829172
7319    -2.3776656162     0.2199939809     0.7035713289
7320    -3.9433519215     0.0864969093     0.9246450981
7321    -4.0531597395     0.1261125741     0.8718091085
7322    -2.8456397820     0.0961398116     0.9387130051
7323    -4.1619764289     0.1122199660     0.8367425112
7324    -3.4506581644     0.3880746526     0.4920277157
7325    -3.3464105901     0.0961424902     0.9862793724
7326    -4.3518852402     0.3429410179     0.4678197501
7327    -4.2481646079     0.3300870655     0.5658582479
7328    -4.2395902309     0.3645584653     0.4402829579
7329    -4.7476795901     0.2828957856     0.3516389103
7330    -4.8461149917     0.2379507732     0.3845417247
7331    -4.7502036310     0.2470591930     0.4417348671
7332    -1.6262295082     0.1221100980     0.6778698250
7333    -1.7207943210     0.1380548915     0.6694961906
7334    -4.5066064776     0.1436989901     0.6747901723
7335    -4.5907087450     0.1687143511     0.6186205674
7336    -4.6110807303     0.2253768454     0.5572126775
7337    -2.1518888606     0.0834551391     0.8373361295
7338    -4.3772390380     0.3025334429     0.5645973701
7339    -4.4982620567     0.2991767403     0.5042205492
7340    -2.7198911144     0.3275322039     0.4444248532
7341    -2.8782211814     0.3490060448     0.3962054686
7342    -2.7417279054     0.2626078705     0.7214545492
7343    -2.7577503729     0.1980115302     0.8369193914
7344    -2.9757163888     0.3486755347     0.5079084326
7345    -3.4604168215     0.1216873366     0.9798578302
7346    -2.0346720402     0.1996545936     0.6256049397
7347    -2.1581084136     0.2249226969     0.6005527949
7348    -2.1174266809     0.1844784138     0.6959501113
7349    -2.2441028777     0.2101705121     0.6803724569
7350    -2.7780095265     0.1342904077     0.9052792126
7351    -3.2604469623     0.2113079150     0.8958624635
7352    -4.2619014328     0.0842075651     0.8060219194
7353    -3.8963416036     0.3849383263     0.4964805822
7354    -3.2739036905     0.1380376807     0.9594476888
7355    -3.8013787396     0.3541270430     0.6498834466
7356    -3.0585318688     0.0675758184     0.9740632311
7357    -2.4241200799     0.1673218787     0.8076104430
7358    -4.7042253399     0.1272178066     0.5859279430
7359    -4.6170572357     0.0799805782     0.6485016557
7360    -1.7448967001     0.0896665850     0.7518521475
7361    -1.9727993564     0.0772828217     0.8084482764
7362    -2.0107237446     0.1497924207     0.7306674082
7363    -2.1853763455     0.1559919857     0.7668903714
7364    -2.0992624019     0.1322932633     0.7789700255
7365    -1.8316748021     0.0673122088     0.7893947896
7366    -2.9345654908     0.1199752936     0.9363230862
7367    -4.7323605413     0.1989968505     0.5172030909
7368    -4.6352176413     0.2708262412     0.4764379956
7369    -3.9479661306     0.1696786945     0.8837307294
7370    -2.2397253154     0.1035191043     0.8382451471
7371    -3.4201970373     0.0544690171     1.0033367941
7372    -1.8148479611     0.1557845648     0.6588523159
7373    -4.4660671029     0.0807136784     0.7188963090
7374    -2.2787285820     0.0604331674     0.8723062573
7375    -4.8919289801     0.1223947904     0.4849500618
7376    -4.9236958035     0.1765939236     0.4194490011
7377    -2.7592342378     0.0669688710     0.9404248261
7378    -3.7876643914     0.3005238728     0.7766014002
7379    -2.2800312572     0.1640681191     0.7784710126
7380    -3.2530865036     0.0659544269     0.9908819303
7381    -4.5516781531     0.3203153960     0.4020248758
7382    -4.6706561406     0.2916068680     0.3994460580
7383    -4.6299357976     0.3165818284     0.3222455657
7384    -4.8312796170     0.1956092320     0.4601960160
7385    -4.8069143384     0.1276967356     0.5305271125
7386    -4.8622284235     0.0662135273     0.5265880862
7387    -4.4363627515     0.3434064870     0.3963183005
7388    -4.7727046889     0.0662358785     0.5742968698
7389    -3.5976333006     0.2683791242     0.8455583082
7390    -1.5708303546    -0.1141857724     0.6816206891
7391    -1.5389585160     0.0000000000     0.7693549935
7392    -1.4563437676     0.0000000000     0.7564649766
7393    -1.3738482029     0.0000000000     0.7428662187
7394    -1.3480025526    -0.0569562288     0.7175314642
7395    -1.5708317278     0.1141861413     0.6816202779
7396    -1.3478883332     0.0569055278     0.7175512622
$EndNodes
$Elements
13659
1 2 0 1 2 3 
2 2 0 4 5 3 
3 2 0 6 7 8 
4 2 0 9 10 11 
5 2 0 12 13 7 
6 2 0 11 14 12 
7 2 0 1 15 13 
8 2 0 16 17 9 
9 2 0 17 18 19 
10 2 0 20 21 22 
11 2 0 23 24 25 
12 2 0 26 25 24 
13 2 0 26 27 28 
14 2 0 29 30 31 
15 2 0 32 33 34 
16 2 0 35 36 37 
17 2 0 38 36 39 
18 2 0 29 26 24 
19 2 0 29 27 26 
20 2 0 27 29 31 
21 2 0 40 41 42 
22 2 0 11 43 14 
23 2 0 13 8 7 
24 2 0 9 11 12 
25 2 0 44 8 13 
26 2 0 45 13 12 
27 2 0 14 45 12 
28 2 0 1 13 45 
29 2 0 21 46 47 
30 2 0 37 47 46 
31 2 0 48 46 20 
32 2 0 21 20 46 
33 2 0 36 38 47 
34 2 0 49 23 25 
35 2 0 33 14 43 
36 2 0 35 39 36 
37 2 0 47 37 36 
38 2 0 49 25 28 
39 2 0 26 28 25 
40 2 0 24 23 50 
41 2 0 43 34 33 
42 2 0 32 2 33 
43 2 0 34 43 40 
44 2 0 43 41 40 
45 2 0 51 42 52 
46 2 0 43 11 41 
47 2 0 53 23 49 
48 2 0 54 51 52 
49 2 0 41 11 10 
50 2 0 9 12 7 
51 2 0 53 55 23 
52 2 0 56 57 58 
53 2 0 19 10 17 
54 2 0 9 6 16 
55 2 0 18 17 16 
56 2 0 7 6 9 
57 2 0 59 19 18 
58 2 0 60 55 61 
59 2 0 50 23 55 
60 2 0 61 55 53 
61 2 0 55 62 50 
62 2 0 61 63 60 
63 2 0 56 54 52 
64 2 0 56 64 54 
65 2 0 64 56 58 
66 2 0 52 10 56 
67 2 0 65 62 55 
68 2 0 63 58 60 
69 2 0 60 65 55 
70 2 0 62 65 59 
71 2 0 66 15 67 
72 2 0 1 67 15 
73 2 0 66 44 15 
74 2 0 44 13 15 
75 2 0 14 33 2 
76 2 0 45 14 2 
77 2 0 32 3 2 
78 2 0 45 2 1 
79 2 0 52 42 41 
80 2 0 60 58 57 
81 2 0 59 57 19 
82 2 0 60 57 65 
83 2 0 59 65 57 
84 2 0 35 37 48 
85 2 0 46 48 37 
86 2 0 10 57 56 
87 2 0 19 57 10 
88 2 0 52 41 10 
89 2 0 9 17 10 
90 2 0 1 5 67 
91 2 0 68 67 5 
92 2 0 1 3 5 
93 2 0 68 5 4 
94 2 0 69 70 71 
95 2 0 21 72 22 
96 2 0 73 74 75 
97 2 0 75 74 76 
98 2 0 69 73 70 
99 2 0 22 72 77 
100 2 0 75 78 79 
101 2 0 80 81 82 
102 2 0 79 83 84 
103 2 0 84 75 79 
104 2 0 21 47 85 
105 2 0 77 72 86 
106 2 0 72 85 87 
107 2 0 88 85 38 
108 2 0 47 38 85 
109 2 0 89 90 91 
110 2 0 81 92 82 
111 2 0 93 94 95 
112 2 0 92 81 95 
113 2 0 93 96 97 
114 2 0 98 86 87 
115 2 0 99 100 101 
116 2 0 72 21 85 
117 2 0 97 102 93 
118 2 0 71 83 93 
119 2 0 80 103 81 
120 2 0 80 82 104 
121 2 0 100 103 105 
122 2 0 106 107 96 
123 2 0 95 81 99 
124 2 0 95 94 108 
125 2 0 71 84 83 
126 2 0 88 87 85 
127 2 0 79 78 96 
128 2 0 92 95 108 
129 2 0 99 81 103 
130 2 0 102 94 93 
131 2 0 83 96 93 
132 2 0 75 84 70 
133 2 0 71 93 95 
134 2 0 70 73 75 
135 2 0 78 106 96 
136 2 0 109 78 110 
137 2 0 78 109 106 
138 2 0 107 97 96 
139 2 0 78 75 76 
140 2 0 74 111 76 
141 2 0 76 112 110 
142 2 0 76 111 112 
143 2 0 100 99 103 
144 2 0 76 110 78 
145 2 0 113 67 68 
146 2 0 113 114 67 
147 2 0 112 111 115 
148 2 0 115 114 112 
149 2 0 66 114 115 
150 2 0 114 66 67 
151 2 0 103 116 105 
152 2 0 71 95 99 
153 2 0 101 69 71 
154 2 0 71 99 101 
155 2 0 79 96 83 
156 2 0 80 90 89 
157 2 0 117 98 116 
158 2 0 90 80 104 
159 2 0 98 118 119 
160 2 0 70 84 71 
161 2 0 117 86 98 
162 2 0 87 118 98 
163 2 0 118 87 88 
164 2 0 72 87 86 
165 2 0 77 86 120 
166 2 0 117 120 86 
167 2 0 119 116 98 
168 2 0 120 117 91 
169 2 0 89 91 117 
170 2 0 80 116 103 
171 2 0 119 105 116 
172 2 0 80 89 116 
173 2 0 89 117 116 
174 2 0 44 66 121 
175 2 0 122 123 124 
176 2 0 125 126 127 
177 2 0 128 125 129 
178 2 0 130 131 132 
179 2 0 133 134 135 
180 2 0 136 137 123 
181 2 0 138 139 140 
182 2 0 141 142 143 
183 2 0 127 129 125 
184 2 0 144 145 146 
185 2 0 147 148 149 
186 2 0 149 148 150 
187 2 0 151 152 153 
188 2 0 154 155 156 
189 2 0 157 158 159 
190 2 0 125 160 126 
191 2 0 161 160 159 
192 2 0 162 30 163 
193 2 0 38 39 164 
194 2 0 128 129 165 
195 2 0 166 167 168 
196 2 0 169 133 135 
197 2 0 170 171 165 
198 2 0 172 173 123 
199 2 0 123 174 124 
200 2 0 136 123 173 
201 2 0 124 175 156 
202 2 0 134 155 176 
203 2 0 175 124 174 
204 2 0 177 178 179 
205 2 0 178 177 180 
206 2 0 123 137 174 
207 2 0 181 134 176 
208 2 0 182 183 184 
209 2 0 185 149 150 
210 2 0 186 168 187 
211 2 0 152 188 189 
212 2 0 166 168 190 
213 2 0 187 168 191 
214 2 0 24 50 192 
215 2 0 50 193 192 
216 2 0 194 146 153 
217 2 0 168 186 190 
218 2 0 152 195 153 
219 2 0 153 146 145 
220 2 0 194 153 195 
221 2 0 187 196 186 
222 2 0 151 197 186 
223 2 0 196 187 188 
224 2 0 153 145 151 
225 2 0 192 193 198 
226 2 0 186 196 151 
227 2 0 152 151 196 
228 2 0 199 200 201 
229 2 0 196 188 152 
230 2 0 202 203 204 
231 2 0 205 206 207 
232 2 0 208 209 210 
233 2 0 211 203 202 
234 2 0 212 204 203 
235 2 0 213 214 215 
236 2 0 207 206 216 
237 2 0 207 216 217 
238 2 0 172 218 219 
239 2 0 217 216 220 
240 2 0 216 221 220 
241 2 0 222 210 223 
242 2 0 217 220 224 
243 2 0 225 226 224 
244 2 0 227 228 229 
245 2 0 230 231 232 
246 2 0 233 234 231 
247 2 0 235 236 218 
248 2 0 199 237 238 
249 2 0 239 240 238 
250 2 0 241 226 242 
251 2 0 223 210 6 
252 2 0 16 6 210 
253 2 0 243 244 242 
254 2 0 241 242 244 
255 2 0 245 246 247 
256 2 0 213 248 214 
257 2 0 194 195 249 
258 2 0 250 212 251 
259 2 0 252 253 163 
260 2 0 254 255 256 
261 2 0 257 258 259 
262 2 0 260 261 169 
263 2 0 133 169 261 
264 2 0 260 262 261 
265 2 0 262 263 261 
266 2 0 264 265 266 
267 2 0 243 267 268 
268 2 0 269 270 202 
269 2 0 264 202 270 
270 2 0 157 271 245 
271 2 0 199 201 272 
272 2 0 205 273 274 
273 2 0 275 274 251 
274 2 0 205 274 206 
275 2 0 276 201 218 
276 2 0 200 277 201 
277 2 0 232 231 234 
278 2 0 189 232 234 
279 2 0 233 195 234 
280 2 0 252 231 253 
281 2 0 230 253 231 
282 2 0 241 244 239 
283 2 0 200 199 278 
284 2 0 279 280 131 
285 2 0 211 281 280 
286 2 0 279 203 280 
287 2 0 211 280 203 
288 2 0 259 258 282 
289 2 0 259 282 283 
290 2 0 142 284 285 
291 2 0 142 141 284 
292 2 0 286 287 224 
293 2 0 125 288 289 
294 2 0 265 290 266 
295 2 0 265 291 290 
296 2 0 292 290 291 
297 2 0 293 294 295 
298 2 0 293 296 294 
299 2 0 297 294 296 
300 2 0 298 299 300 
301 2 0 268 299 301 
302 2 0 302 303 130 
303 2 0 131 130 303 
304 2 0 304 305 140 
305 2 0 138 140 305 
306 2 0 138 305 287 
307 2 0 306 307 255 
308 2 0 256 255 307 
309 2 0 306 308 307 
310 2 0 267 309 310 
311 2 0 311 267 310 
312 2 0 311 310 312 
313 2 0 313 314 297 
314 2 0 297 296 313 
315 2 0 212 250 204 
316 2 0 250 315 204 
317 2 0 316 275 317 
318 2 0 317 313 296 
319 2 0 122 262 235 
320 2 0 318 319 320 
321 2 0 257 321 258 
322 2 0 265 322 321 
323 2 0 257 323 321 
324 2 0 293 324 325 
325 2 0 317 296 325 
326 2 0 293 325 296 
327 2 0 326 184 183 
328 2 0 298 326 183 
329 2 0 182 301 183 
330 2 0 217 327 144 
331 2 0 311 328 267 
332 2 0 268 267 328 
333 2 0 311 329 328 
334 2 0 184 330 182 
335 2 0 184 331 330 
336 2 0 147 247 332 
337 2 0 131 280 281 
338 2 0 333 132 281 
339 2 0 131 281 132 
340 2 0 182 334 301 
341 2 0 192 335 336 
342 2 0 192 336 24 
343 2 0 228 209 229 
344 2 0 18 228 59 
345 2 0 227 59 228 
346 2 0 227 337 59 
347 2 0 163 338 252 
348 2 0 339 249 338 
349 2 0 252 338 249 
350 2 0 233 249 195 
351 2 0 327 145 144 
352 2 0 247 149 158 
353 2 0 245 247 158 
354 2 0 245 158 157 
355 2 0 340 341 342 
356 2 0 8 44 340 
357 2 0 254 343 229 
358 2 0 264 322 265 
359 2 0 344 322 270 
360 2 0 345 346 309 
361 2 0 243 242 309 
362 2 0 345 309 242 
363 2 0 211 347 281 
364 2 0 333 281 347 
365 2 0 333 347 348 
366 2 0 204 269 202 
367 2 0 349 350 204 
368 2 0 252 249 233 
369 2 0 252 233 231 
370 2 0 351 352 353 
371 2 0 215 214 240 
372 2 0 219 277 128 
373 2 0 125 128 288 
374 2 0 354 355 121 
375 2 0 44 121 355 
376 2 0 354 340 355 
377 2 0 44 355 340 
378 2 0 356 357 278 
379 2 0 289 288 357 
380 2 0 356 278 199 
381 2 0 356 199 238 
382 2 0 264 211 202 
383 2 0 358 359 360 
384 2 0 24 336 29 
385 2 0 339 338 336 
386 2 0 361 350 193 
387 2 0 241 362 327 
388 2 0 200 278 288 
389 2 0 278 357 288 
390 2 0 346 310 309 
391 2 0 243 309 267 
392 2 0 362 272 363 
393 2 0 254 222 255 
394 2 0 352 255 222 
395 2 0 124 155 263 
396 2 0 122 124 263 
397 2 0 133 261 263 
398 2 0 122 263 262 
399 2 0 258 321 322 
400 2 0 344 258 322 
401 2 0 164 162 253 
402 2 0 163 253 162 
403 2 0 251 274 273 
404 2 0 250 251 273 
405 2 0 250 273 364 
406 2 0 194 249 335 
407 2 0 339 335 249 
408 2 0 147 149 247 
409 2 0 185 158 149 
410 2 0 227 365 337 
411 2 0 269 337 365 
412 2 0 229 366 227 
413 2 0 124 156 155 
414 2 0 133 263 155 
415 2 0 154 176 155 
416 2 0 133 155 134 
417 2 0 272 190 363 
418 2 0 272 166 190 
419 2 0 122 235 123 
420 2 0 364 273 205 
421 2 0 264 266 211 
422 2 0 347 211 266 
423 2 0 339 336 335 
424 2 0 157 159 160 
425 2 0 289 157 160 
426 2 0 161 126 160 
427 2 0 289 160 125 
428 2 0 128 165 171 
429 2 0 219 128 171 
430 2 0 219 171 172 
431 2 0 50 62 193 
432 2 0 361 193 62 
433 2 0 185 367 158 
434 2 0 367 159 158 
435 2 0 254 229 208 
436 2 0 288 128 277 
437 2 0 200 288 277 
438 2 0 219 218 277 
439 2 0 218 201 277 
440 2 0 164 368 38 
441 2 0 230 38 368 
442 2 0 164 253 368 
443 2 0 230 368 253 
444 2 0 179 178 369 
445 2 0 134 181 369 
446 2 0 179 369 181 
447 2 0 264 270 322 
448 2 0 223 342 359 
449 2 0 8 340 342 
450 2 0 223 6 342 
451 2 0 8 342 6 
452 2 0 206 274 370 
453 2 0 316 370 274 
454 2 0 371 221 370 
455 2 0 372 221 371 
456 2 0 370 316 371 
457 2 0 356 238 214 
458 2 0 240 214 238 
459 2 0 373 136 173 
460 2 0 170 373 173 
461 2 0 172 171 173 
462 2 0 170 173 171 
463 2 0 220 286 224 
464 2 0 345 224 287 
465 2 0 372 371 141 
466 2 0 316 141 371 
467 2 0 134 369 135 
468 2 0 178 135 369 
469 2 0 316 274 275 
470 2 0 313 317 275 
471 2 0 275 314 313 
472 2 0 279 297 314 
473 2 0 275 251 314 
474 2 0 251 212 314 
475 2 0 29 374 30 
476 2 0 163 30 374 
477 2 0 163 374 338 
478 2 0 269 365 270 
479 2 0 289 357 157 
480 2 0 287 286 138 
481 2 0 375 138 286 
482 2 0 375 221 372 
483 2 0 206 370 221 
484 2 0 206 221 216 
485 2 0 317 376 316 
486 2 0 141 316 376 
487 2 0 317 284 376 
488 2 0 141 376 284 
489 2 0 240 239 334 
490 2 0 215 240 334 
491 2 0 377 301 334 
492 2 0 215 334 182 
493 2 0 282 307 283 
494 2 0 218 172 235 
495 2 0 123 235 172 
496 2 0 377 244 243 
497 2 0 279 314 212 
498 2 0 279 212 203 
499 2 0 378 146 379 
500 2 0 378 379 198 
501 2 0 335 379 194 
502 2 0 359 358 380 
503 2 0 359 380 223 
504 2 0 358 353 380 
505 2 0 352 380 353 
506 2 0 381 382 383 
507 2 0 384 385 304 
508 2 0 306 386 351 
509 2 0 352 351 386 
510 2 0 306 255 386 
511 2 0 352 386 255 
512 2 0 343 366 229 
513 2 0 365 227 366 
514 2 0 365 366 270 
515 2 0 247 246 387 
516 2 0 319 318 387 
517 2 0 352 222 380 
518 2 0 223 380 222 
519 2 0 327 226 241 
520 2 0 225 242 226 
521 2 0 327 217 226 
522 2 0 217 224 226 
523 2 0 318 332 387 
524 2 0 247 387 332 
525 2 0 357 356 271 
526 2 0 246 245 271 
527 2 0 357 271 157 
528 2 0 327 363 145 
529 2 0 304 385 305 
530 2 0 287 305 385 
531 2 0 349 315 198 
532 2 0 337 361 59 
533 2 0 62 59 361 
534 2 0 379 335 198 
535 2 0 192 198 335 
536 2 0 337 350 361 
537 2 0 337 269 350 
538 2 0 269 204 350 
539 2 0 29 336 338 
540 2 0 374 29 338 
541 2 0 344 343 388 
542 2 0 344 388 258 
543 2 0 272 201 166 
544 2 0 246 271 214 
545 2 0 356 214 271 
546 2 0 262 236 235 
547 2 0 276 218 236 
548 2 0 262 389 236 
549 2 0 276 236 390 
550 2 0 268 301 377 
551 2 0 268 377 243 
552 2 0 222 208 210 
553 2 0 222 254 208 
554 2 0 354 341 340 
555 2 0 359 342 341 
556 2 0 354 360 341 
557 2 0 359 341 360 
558 2 0 347 391 348 
559 2 0 292 348 391 
560 2 0 347 266 391 
561 2 0 256 307 282 
562 2 0 308 283 307 
563 2 0 378 198 315 
564 2 0 364 378 315 
565 2 0 349 204 315 
566 2 0 364 315 250 
567 2 0 377 334 239 
568 2 0 377 239 244 
569 2 0 285 284 324 
570 2 0 390 389 392 
571 2 0 260 392 389 
572 2 0 390 236 389 
573 2 0 260 389 262 
574 2 0 327 362 363 
575 2 0 331 320 330 
576 2 0 390 167 166 
577 2 0 191 168 167 
578 2 0 390 392 167 
579 2 0 191 167 392 
580 2 0 385 345 287 
581 2 0 385 346 345 
582 2 0 270 366 344 
583 2 0 343 344 366 
584 2 0 329 300 328 
585 2 0 300 299 328 
586 2 0 268 328 299 
587 2 0 294 393 295 
588 2 0 320 319 330 
589 2 0 213 330 319 
590 2 0 239 238 237 
591 2 0 199 272 237 
592 2 0 362 237 272 
593 2 0 343 254 388 
594 2 0 256 388 254 
595 2 0 324 284 325 
596 2 0 317 325 284 
597 2 0 303 279 131 
598 2 0 303 297 279 
599 2 0 239 237 362 
600 2 0 239 362 241 
601 2 0 258 388 282 
602 2 0 256 282 388 
603 2 0 302 393 303 
604 2 0 297 303 393 
605 2 0 302 295 393 
606 2 0 297 393 294 
607 2 0 217 144 207 
608 2 0 276 166 201 
609 2 0 276 390 166 
610 2 0 382 138 375 
611 2 0 382 375 372 
612 2 0 246 248 387 
613 2 0 319 387 248 
614 2 0 246 214 248 
615 2 0 319 248 213 
616 2 0 146 194 379 
617 2 0 330 213 182 
618 2 0 215 182 213 
619 2 0 292 391 290 
620 2 0 266 290 391 
621 2 0 378 207 146 
622 2 0 205 378 364 
623 2 0 383 382 394 
624 2 0 141 143 394 
625 2 0 383 394 143 
626 2 0 141 394 372 
627 2 0 382 372 394 
628 2 0 139 395 381 
629 2 0 382 381 395 
630 2 0 139 138 395 
631 2 0 382 395 138 
632 2 0 16 210 209 
633 2 0 18 16 209 
634 2 0 208 229 209 
635 2 0 18 209 228 
636 2 0 234 152 189 
637 2 0 234 195 152 
638 2 0 205 207 378 
639 2 0 144 146 207 
640 2 0 345 242 225 
641 2 0 345 225 224 
642 2 0 310 396 312 
643 2 0 397 312 396 
644 2 0 310 346 396 
645 2 0 397 396 346 
646 2 0 385 398 346 
647 2 0 397 346 398 
648 2 0 385 384 398 
649 2 0 397 398 384 
650 2 0 349 198 193 
651 2 0 349 193 350 
652 2 0 190 186 197 
653 2 0 363 190 197 
654 2 0 151 145 197 
655 2 0 363 197 145 
656 2 0 375 286 220 
657 2 0 375 220 221 
658 2 0 321 399 265 
659 2 0 291 265 399 
660 2 0 321 323 399 
661 2 0 291 399 323 
662 2 0 298 400 299 
663 2 0 301 299 400 
664 2 0 298 183 400 
665 2 0 301 400 183 
666 2 0 401 402 403 
667 2 0 404 118 405 
668 2 0 88 38 405 
669 2 0 118 404 406 
670 2 0 38 230 405 
671 2 0 232 405 230 
672 2 0 130 132 407 
673 2 0 408 383 143 
674 2 0 409 410 411 
675 2 0 406 404 412 
676 2 0 413 414 415 
677 2 0 416 417 418 
678 2 0 419 420 401 
679 2 0 421 413 415 
680 2 0 422 413 421 
681 2 0 423 422 403 
682 2 0 424 425 426 
683 2 0 427 428 429 
684 2 0 430 431 432 
685 2 0 178 180 433 
686 2 0 433 434 178 
687 2 0 435 436 437 
688 2 0 414 438 439 
689 2 0 440 414 413 
690 2 0 412 441 442 
691 2 0 432 426 430 
692 2 0 439 415 414 
693 2 0 443 101 100 
694 2 0 444 445 446 
695 2 0 348 447 333 
696 2 0 422 423 413 
697 2 0 142 285 448 
698 2 0 409 189 410 
699 2 0 404 411 412 
700 2 0 449 392 260 
701 2 0 66 115 121 
702 2 0 423 403 402 
703 2 0 450 451 452 
704 2 0 453 420 452 
705 2 0 414 425 438 
706 2 0 454 455 456 
707 2 0 406 119 118 
708 2 0 118 88 405 
709 2 0 405 409 404 
710 2 0 457 441 458 
711 2 0 459 191 392 
712 2 0 441 412 411 
713 2 0 119 406 460 
714 2 0 189 188 410 
715 2 0 460 406 412 
716 2 0 105 119 460 
717 2 0 410 458 411 
718 2 0 458 441 411 
719 2 0 409 232 189 
720 2 0 412 442 460 
721 2 0 457 461 462 
722 2 0 459 418 463 
723 2 0 405 232 409 
724 2 0 411 404 409 
725 2 0 435 459 436 
726 2 0 449 459 392 
727 2 0 458 410 188 
728 2 0 191 463 187 
729 2 0 459 463 191 
730 2 0 418 459 435 
731 2 0 417 464 418 
732 2 0 435 416 418 
733 2 0 443 465 101 
734 2 0 101 465 69 
735 2 0 466 467 468 
736 2 0 469 470 471 
737 2 0 472 473 474 
738 2 0 475 476 477 
739 2 0 478 473 479 
740 2 0 449 260 480 
741 2 0 481 482 480 
742 2 0 449 480 483 
743 2 0 484 485 486 
744 2 0 487 488 489 
745 2 0 490 489 488 
746 2 0 260 169 491 
747 2 0 481 480 491 
748 2 0 260 491 480 
749 2 0 487 489 492 
750 2 0 492 493 456 
751 2 0 494 495 496 
752 2 0 293 295 497 
753 2 0 329 498 300 
754 2 0 499 500 501 
755 2 0 470 469 502 
756 2 0 332 318 502 
757 2 0 292 291 503 
758 2 0 324 293 504 
759 2 0 293 497 504 
760 2 0 304 140 505 
761 2 0 506 507 508 
762 2 0 437 436 509 
763 2 0 510 462 511 
764 2 0 506 512 507 
765 2 0 470 507 512 
766 2 0 470 512 471 
767 2 0 453 513 514 
768 2 0 486 515 471 
769 2 0 484 416 485 
770 2 0 466 443 516 
771 2 0 517 518 408 
772 2 0 519 520 478 
773 2 0 308 306 521 
774 2 0 495 522 521 
775 2 0 523 524 525 
776 2 0 526 525 407 
777 2 0 487 475 461 
778 2 0 487 461 488 
779 2 0 527 446 445 
780 2 0 257 259 444 
781 2 0 291 323 528 
782 2 0 446 529 528 
783 2 0 291 528 503 
784 2 0 408 518 530 
785 2 0 381 383 530 
786 2 0 408 530 383 
787 2 0 147 332 531 
788 2 0 486 485 515 
789 2 0 407 532 130 
790 2 0 302 130 532 
791 2 0 407 525 532 
792 2 0 495 533 496 
793 2 0 353 496 533 
794 2 0 353 533 351 
795 2 0 329 311 534 
796 2 0 454 535 534 
797 2 0 308 536 283 
798 2 0 445 536 522 
799 2 0 312 455 454 
800 2 0 537 456 455 
801 2 0 312 397 455 
802 2 0 507 470 538 
803 2 0 320 331 538 
804 2 0 469 531 502 
805 2 0 332 502 531 
806 2 0 142 539 143 
807 2 0 408 143 539 
808 2 0 142 448 539 
809 2 0 503 540 541 
810 2 0 292 503 541 
811 2 0 447 348 541 
812 2 0 292 541 348 
813 2 0 324 542 285 
814 2 0 448 285 542 
815 2 0 324 504 542 
816 2 0 504 543 542 
817 2 0 326 544 184 
818 2 0 326 508 544 
819 2 0 507 544 508 
820 2 0 333 447 545 
821 2 0 407 132 545 
822 2 0 333 545 132 
823 2 0 304 546 384 
824 2 0 537 384 546 
825 2 0 304 505 546 
826 2 0 505 547 546 
827 2 0 443 100 516 
828 2 0 519 478 548 
829 2 0 430 426 425 
830 2 0 424 438 425 
831 2 0 437 549 515 
832 2 0 514 515 549 
833 2 0 469 451 531 
834 2 0 550 551 451 
835 2 0 550 451 450 
836 2 0 490 484 552 
837 2 0 553 490 552 
838 2 0 553 552 501 
839 2 0 423 402 549 
840 2 0 437 509 549 
841 2 0 423 549 509 
842 2 0 436 554 509 
843 2 0 440 509 554 
844 2 0 483 555 554 
845 2 0 111 556 115 
846 2 0 111 557 556 
847 2 0 456 537 547 
848 2 0 558 559 547 
849 2 0 456 547 492 
850 2 0 517 448 543 
851 2 0 560 561 540 
852 2 0 526 447 540 
853 2 0 527 529 446 
854 2 0 298 300 499 
855 2 0 487 492 559 
856 2 0 492 547 559 
857 2 0 139 381 562 
858 2 0 517 477 518 
859 2 0 476 518 477 
860 2 0 381 530 562 
861 2 0 302 524 295 
862 2 0 473 525 479 
863 2 0 526 479 525 
864 2 0 453 452 451 
865 2 0 469 453 451 
866 2 0 497 295 524 
867 2 0 523 497 524 
868 2 0 302 532 524 
869 2 0 532 525 524 
870 2 0 354 121 556 
871 2 0 115 556 121 
872 2 0 320 563 318 
873 2 0 449 436 459 
874 2 0 457 458 417 
875 2 0 481 564 431 
876 2 0 565 432 431 
877 2 0 481 431 430 
878 2 0 566 468 467 
879 2 0 466 516 467 
880 2 0 470 563 538 
881 2 0 320 538 563 
882 2 0 470 502 563 
883 2 0 502 318 563 
884 2 0 358 360 567 
885 2 0 568 569 494 
886 2 0 488 570 490 
887 2 0 461 571 488 
888 2 0 560 503 529 
889 2 0 503 528 529 
890 2 0 429 428 572 
891 2 0 434 429 572 
892 2 0 434 572 178 
893 2 0 560 566 561 
894 2 0 478 573 473 
895 2 0 474 473 573 
896 2 0 454 574 535 
897 2 0 553 535 574 
898 2 0 454 456 574 
899 2 0 456 493 574 
900 2 0 472 543 504 
901 2 0 448 542 543 
902 2 0 560 540 503 
903 2 0 447 541 540 
904 2 0 475 477 511 
905 2 0 558 547 505 
906 2 0 537 546 547 
907 2 0 514 549 402 
908 2 0 491 575 481 
909 2 0 558 505 562 
910 2 0 423 509 413 
911 2 0 440 413 509 
912 2 0 497 576 504 
913 2 0 472 504 576 
914 2 0 497 523 576 
915 2 0 523 473 576 
916 2 0 436 449 554 
917 2 0 483 554 449 
918 2 0 569 568 577 
919 2 0 527 445 577 
920 2 0 485 416 435 
921 2 0 564 428 431 
922 2 0 565 431 428 
923 2 0 564 572 428 
924 2 0 565 428 427 
925 2 0 531 451 551 
926 2 0 147 531 551 
927 2 0 550 148 551 
928 2 0 147 551 148 
929 2 0 499 501 508 
930 2 0 506 508 501 
931 2 0 564 575 135 
932 2 0 169 135 575 
933 2 0 564 481 575 
934 2 0 169 575 491 
935 2 0 578 557 74 
936 2 0 111 74 557 
937 2 0 578 567 557 
938 2 0 558 579 476 
939 2 0 73 69 580 
940 2 0 329 534 498 
941 2 0 535 498 534 
942 2 0 437 515 485 
943 2 0 523 525 473 
944 2 0 472 576 473 
945 2 0 485 435 437 
946 2 0 566 527 468 
947 2 0 568 494 580 
948 2 0 500 300 498 
949 2 0 499 300 500 
950 2 0 498 535 500 
951 2 0 535 501 500 
952 2 0 560 529 566 
953 2 0 564 135 572 
954 2 0 178 572 135 
955 2 0 430 482 481 
956 2 0 483 480 482 
957 2 0 430 425 482 
958 2 0 425 555 482 
959 2 0 440 554 555 
960 2 0 414 440 555 
961 2 0 483 482 555 
962 2 0 414 555 425 
963 2 0 494 496 578 
964 2 0 553 501 535 
965 2 0 527 566 529 
966 2 0 510 520 462 
967 2 0 358 567 581 
968 2 0 496 353 581 
969 2 0 358 581 353 
970 2 0 457 462 442 
971 2 0 457 442 441 
972 2 0 460 442 582 
973 2 0 496 581 578 
974 2 0 567 578 581 
975 2 0 140 139 562 
976 2 0 140 562 505 
977 2 0 543 472 474 
978 2 0 467 519 548 
979 2 0 467 516 519 
980 2 0 402 420 514 
981 2 0 402 401 420 
982 2 0 583 420 419 
983 2 0 514 420 453 
984 2 0 583 452 420 
985 2 0 462 520 442 
986 2 0 567 584 557 
987 2 0 556 557 584 
988 2 0 556 584 354 
989 2 0 474 573 510 
990 2 0 326 585 508 
991 2 0 499 508 585 
992 2 0 326 298 585 
993 2 0 499 585 298 
994 2 0 559 476 475 
995 2 0 559 475 487 
996 2 0 553 493 490 
997 2 0 489 490 493 
998 2 0 553 574 493 
999 2 0 489 493 492 
1000 2 0 354 584 360 
1001 2 0 567 360 584 
1002 2 0 465 586 568 
1003 2 0 577 568 586 
1004 2 0 465 468 586 
1005 2 0 306 351 521 
1006 2 0 474 510 511 
1007 2 0 474 511 477 
1008 2 0 580 465 568 
1009 2 0 580 69 465 
1010 2 0 495 521 533 
1011 2 0 351 533 521 
1012 2 0 259 283 444 
1013 2 0 516 100 587 
1014 2 0 105 587 100 
1015 2 0 512 486 471 
1016 2 0 501 552 506 
1017 2 0 552 484 486 
1018 2 0 476 559 558 
1019 2 0 495 494 569 
1020 2 0 495 569 522 
1021 2 0 539 448 517 
1022 2 0 539 517 408 
1023 2 0 445 444 536 
1024 2 0 283 536 444 
1025 2 0 184 544 331 
1026 2 0 507 538 544 
1027 2 0 331 544 538 
1028 2 0 471 513 469 
1029 2 0 453 469 513 
1030 2 0 471 515 513 
1031 2 0 515 514 513 
1032 2 0 573 478 520 
1033 2 0 510 573 520 
1034 2 0 519 582 520 
1035 2 0 582 442 520 
1036 2 0 479 561 548 
1037 2 0 479 548 478 
1038 2 0 105 460 587 
1039 2 0 582 587 460 
1040 2 0 545 526 407 
1041 2 0 545 447 526 
1042 2 0 457 417 571 
1043 2 0 570 488 571 
1044 2 0 457 571 461 
1045 2 0 188 187 464 
1046 2 0 417 458 464 
1047 2 0 188 464 458 
1048 2 0 518 579 530 
1049 2 0 562 530 579 
1050 2 0 518 476 579 
1051 2 0 562 579 558 
1052 2 0 474 588 543 
1053 2 0 517 543 588 
1054 2 0 474 477 588 
1055 2 0 517 588 477 
1056 2 0 443 466 465 
1057 2 0 468 465 466 
1058 2 0 475 589 461 
1059 2 0 462 461 589 
1060 2 0 475 511 589 
1061 2 0 462 589 511 
1062 2 0 522 577 445 
1063 2 0 522 569 577 
1064 2 0 384 590 397 
1065 2 0 455 397 590 
1066 2 0 384 537 590 
1067 2 0 455 590 537 
1068 2 0 494 578 591 
1069 2 0 73 580 591 
1070 2 0 494 591 580 
1071 2 0 570 571 417 
1072 2 0 570 417 416 
1073 2 0 463 418 464 
1074 2 0 187 463 464 
1075 2 0 516 587 582 
1076 2 0 516 582 519 
1077 2 0 561 467 548 
1078 2 0 561 566 467 
1079 2 0 506 552 512 
1080 2 0 486 512 552 
1081 2 0 484 570 416 
1082 2 0 484 490 570 
1083 2 0 526 540 561 
1084 2 0 526 561 479 
1085 2 0 73 591 74 
1086 2 0 578 74 591 
1087 2 0 577 586 527 
1088 2 0 468 527 586 
1089 2 0 308 592 536 
1090 2 0 522 536 592 
1091 2 0 308 521 592 
1092 2 0 522 592 521 
1093 2 0 312 593 311 
1094 2 0 534 311 593 
1095 2 0 312 454 593 
1096 2 0 534 593 454 
1097 2 0 528 594 446 
1098 2 0 528 323 594 
1099 2 0 257 594 323 
1100 2 0 257 444 594 
1101 2 0 446 594 444 
1102 2 0 180 595 596 
1103 2 0 597 598 599 
1104 2 0 600 601 602 
1105 2 0 599 598 603 
1106 2 0 604 599 605 
1107 2 0 603 606 607 
1108 2 0 608 609 610 
1109 2 0 611 612 613 
1110 2 0 614 615 616 
1111 2 0 617 600 602 
1112 2 0 618 619 620 
1113 2 0 621 622 623 
1114 2 0 624 625 626 
1115 2 0 627 628 629 
1116 2 0 625 620 601 
1117 2 0 630 628 625 
1118 2 0 600 631 601 
1119 2 0 630 625 624 
1120 2 0 631 632 601 
1121 2 0 620 625 627 
1122 2 0 618 620 627 
1123 2 0 625 628 627 
1124 2 0 633 634 629 
1125 2 0 627 629 634 
1126 2 0 620 602 601 
1127 2 0 617 602 619 
1128 2 0 618 634 635 
1129 2 0 627 634 618 
1130 2 0 633 635 634 
1131 2 0 602 620 619 
1132 2 0 616 612 611 
1133 2 0 611 636 614 
1134 2 0 633 637 635 
1135 2 0 635 637 638 
1136 2 0 618 638 619 
1137 2 0 611 614 616 
1138 2 0 618 635 638 
1139 2 0 639 638 637 
1140 2 0 639 623 638 
1141 2 0 638 623 622 
1142 2 0 640 638 641 
1143 2 0 621 642 622 
1144 2 0 622 641 638 
1145 2 0 643 644 641 
1146 2 0 619 640 617 
1147 2 0 643 622 642 
1148 2 0 640 619 638 
1149 2 0 645 617 640 
1150 2 0 644 645 641 
1151 2 0 640 641 645 
1152 2 0 597 599 604 
1153 2 0 603 598 606 
1154 2 0 606 608 607 
1155 2 0 599 603 605 
1156 2 0 608 610 607 
1157 2 0 605 607 610 
1158 2 0 603 607 605 
1159 2 0 642 646 643 
1160 2 0 622 643 641 
1161 2 0 647 644 643 
1162 2 0 648 643 646 
1163 2 0 649 648 646 
1164 2 0 650 615 614 
1165 2 0 651 652 649 
1166 2 0 651 653 654 
1167 2 0 650 655 653 
1168 2 0 656 647 648 
1169 2 0 643 648 647 
1170 2 0 650 614 655 
1171 2 0 657 654 655 
1172 2 0 654 653 655 
1173 2 0 614 636 655 
1174 2 0 657 655 636 
1175 2 0 656 658 657 
1176 2 0 654 657 658 
1177 2 0 656 648 658 
1178 2 0 648 652 658 
1179 2 0 654 658 652 
1180 2 0 648 649 652 
1181 2 0 654 652 651 
1182 2 0 626 632 659 
1183 2 0 631 659 632 
1184 2 0 626 625 632 
1185 2 0 625 601 632 
1186 2 0 660 661 662 
1187 2 0 662 663 660 
1188 2 0 664 624 626 
1189 2 0 665 666 667 
1190 2 0 668 669 670 
1191 2 0 665 663 666 
1192 2 0 671 626 659 
1193 2 0 671 659 672 
1194 2 0 673 674 675 
1195 2 0 671 672 675 
1196 2 0 673 675 672 
1197 2 0 671 664 626 
1198 2 0 675 674 667 
1199 2 0 676 677 678 
1200 2 0 669 668 679 
1201 2 0 680 681 682 
1202 2 0 683 682 681 
1203 2 0 674 673 684 
1204 2 0 685 686 683 
1205 2 0 687 688 685 
1206 2 0 665 667 674 
1207 2 0 678 674 684 
1208 2 0 689 604 690 
1209 2 0 691 692 693 
1210 2 0 663 665 660 
1211 2 0 605 690 604 
1212 2 0 691 690 605 
1213 2 0 690 691 689 
1214 2 0 605 610 691 
1215 2 0 610 692 691 
1216 2 0 694 689 691 
1217 2 0 678 695 674 
1218 2 0 670 662 661 
1219 2 0 696 660 665 
1220 2 0 697 698 677 
1221 2 0 665 695 696 
1222 2 0 676 678 684 
1223 2 0 689 694 699 
1224 2 0 688 687 700 
1225 2 0 670 661 668 
1226 2 0 661 701 668 
1227 2 0 702 679 668 
1228 2 0 695 665 674 
1229 2 0 696 695 677 
1230 2 0 702 681 680 
1231 2 0 695 678 677 
1232 2 0 697 677 676 
1233 2 0 698 696 677 
1234 2 0 680 679 702 
1235 2 0 698 697 703 
1236 2 0 704 705 694 
1237 2 0 706 707 703 
1238 2 0 707 708 702 
1239 2 0 681 685 683 
1240 2 0 688 686 685 
1241 2 0 704 700 687 
1242 2 0 709 700 704 
1243 2 0 685 710 687 
1244 2 0 711 687 712 
1245 2 0 693 694 691 
1246 2 0 610 609 692 
1247 2 0 609 693 692 
1248 2 0 693 709 694 
1249 2 0 704 694 709 
1250 2 0 701 661 696 
1251 2 0 696 698 701 
1252 2 0 698 707 701 
1253 2 0 698 703 707 
1254 2 0 702 701 707 
1255 2 0 660 696 661 
1256 2 0 702 668 701 
1257 2 0 681 702 708 
1258 2 0 685 681 708 
1259 2 0 706 710 707 
1260 2 0 687 705 704 
1261 2 0 699 694 705 
1262 2 0 687 711 705 
1263 2 0 699 705 711 
1264 2 0 712 687 710 
1265 2 0 706 712 710 
1266 2 0 685 708 710 
1267 2 0 708 707 710 
1268 2 0 713 597 604 
1269 2 0 714 715 716 
1270 2 0 613 717 718 
1271 2 0 647 719 644 
1272 2 0 720 721 722 
1273 2 0 723 724 725 
1274 2 0 659 631 726 
1275 2 0 727 715 714 
1276 2 0 728 729 730 
1277 2 0 731 732 733 
1278 2 0 731 733 734 
1279 2 0 732 735 733 
1280 2 0 733 736 737 
1281 2 0 714 738 739 
1282 2 0 740 741 742 
1283 2 0 743 744 745 
1284 2 0 743 745 746 
1285 2 0 736 733 735 
1286 2 0 732 747 735 
1287 2 0 748 749 750 
1288 2 0 748 750 751 
1289 2 0 752 753 754 
1290 2 0 755 756 737 
1291 2 0 757 758 759 
1292 2 0 760 738 761 
1293 2 0 762 763 724 
1294 2 0 764 751 750 
1295 2 0 739 727 714 
1296 2 0 765 766 715 
1297 2 0 647 656 767 
1298 2 0 724 763 725 
1299 2 0 768 720 725 
1300 2 0 769 770 771 
1301 2 0 772 773 774 
1302 2 0 775 771 776 
1303 2 0 770 723 776 
1304 2 0 777 778 774 
1305 2 0 771 779 769 
1306 2 0 720 775 776 
1307 2 0 768 725 763 
1308 2 0 720 776 725 
1309 2 0 780 720 768 
1310 2 0 770 776 771 
1311 2 0 771 775 781 
1312 2 0 723 725 776 
1313 2 0 782 769 779 
1314 2 0 771 781 779 
1315 2 0 779 781 783 
1316 2 0 784 785 786 
1317 2 0 784 787 785 
1318 2 0 788 789 790 
1319 2 0 719 791 644 
1320 2 0 792 793 785 
1321 2 0 794 795 796 
1322 2 0 797 796 798 
1323 2 0 799 800 801 
1324 2 0 802 799 801 
1325 2 0 803 791 795 
1326 2 0 786 804 805 
1327 2 0 786 805 784 
1328 2 0 806 807 808 
1329 2 0 806 808 809 
1330 2 0 762 810 811 
1331 2 0 812 783 813 
1332 2 0 814 718 815 
1333 2 0 816 817 818 
1334 2 0 819 817 820 
1335 2 0 821 822 823 
1336 2 0 824 825 823 
1337 2 0 826 827 828 
1338 2 0 829 830 831 
1339 2 0 793 832 833 
1340 2 0 834 835 836 
1341 2 0 824 837 838 
1342 2 0 644 839 645 
1343 2 0 803 645 839 
1344 2 0 644 791 839 
1345 2 0 803 839 791 
1346 2 0 809 778 806 
1347 2 0 804 806 778 
1348 2 0 840 841 842 
1349 2 0 829 843 842 
1350 2 0 840 842 728 
1351 2 0 782 800 799 
1352 2 0 812 801 800 
1353 2 0 782 779 800 
1354 2 0 812 800 783 
1355 2 0 825 824 844 
1356 2 0 845 846 844 
1357 2 0 825 844 847 
1358 2 0 848 849 850 
1359 2 0 851 848 850 
1360 2 0 830 829 852 
1361 2 0 853 854 855 
1362 2 0 734 756 854 
1363 2 0 753 856 857 
1364 2 0 858 753 857 
1365 2 0 859 860 861 
1366 2 0 862 861 860 
1367 2 0 859 863 860 
1368 2 0 827 864 865 
1369 2 0 866 867 865 
1370 2 0 827 865 828 
1371 2 0 847 844 846 
1372 2 0 716 847 846 
1373 2 0 845 868 846 
1374 2 0 868 869 846 
1375 2 0 728 843 729 
1376 2 0 870 729 843 
1377 2 0 728 842 843 
1378 2 0 871 872 873 
1379 2 0 798 874 862 
1380 2 0 862 875 861 
1381 2 0 876 877 878 
1382 2 0 834 879 880 
1383 2 0 881 838 880 
1384 2 0 882 883 884 
1385 2 0 833 832 884 
1386 2 0 882 884 832 
1387 2 0 885 886 887 
1388 2 0 830 850 849 
1389 2 0 888 849 889 
1390 2 0 890 848 891 
1391 2 0 866 892 891 
1392 2 0 890 891 892 
1393 2 0 893 894 895 
1394 2 0 731 734 763 
1395 2 0 731 763 811 
1396 2 0 896 856 752 
1397 2 0 753 752 856 
1398 2 0 792 857 856 
1399 2 0 754 753 897 
1400 2 0 754 897 898 
1401 2 0 899 900 861 
1402 2 0 749 821 901 
1403 2 0 728 730 902 
1404 2 0 903 902 730 
1405 2 0 875 904 899 
1406 2 0 899 861 875 
1407 2 0 905 906 833 
1408 2 0 907 905 908 
1409 2 0 804 778 805 
1410 2 0 821 823 901 
1411 2 0 825 901 823 
1412 2 0 909 910 911 
1413 2 0 768 912 913 
1414 2 0 768 763 912 
1415 2 0 814 813 914 
1416 2 0 851 808 807 
1417 2 0 808 915 916 
1418 2 0 731 811 732 
1419 2 0 811 917 732 
1420 2 0 733 737 756 
1421 2 0 855 854 756 
1422 2 0 733 756 734 
1423 2 0 785 787 857 
1424 2 0 787 918 857 
1425 2 0 825 919 901 
1426 2 0 764 750 919 
1427 2 0 764 919 920 
1428 2 0 600 921 631 
1429 2 0 600 922 921 
1430 2 0 851 867 866 
1431 2 0 851 807 867 
1432 2 0 923 867 807 
1433 2 0 896 924 856 
1434 2 0 792 856 924 
1435 2 0 896 925 924 
1436 2 0 888 926 849 
1437 2 0 830 849 926 
1438 2 0 888 927 926 
1439 2 0 814 812 813 
1440 2 0 814 801 812 
1441 2 0 830 926 831 
1442 2 0 907 928 929 
1443 2 0 631 921 726 
1444 2 0 930 726 921 
1445 2 0 719 647 767 
1446 2 0 719 767 931 
1447 2 0 847 758 825 
1448 2 0 803 932 645 
1449 2 0 617 645 932 
1450 2 0 617 932 818 
1451 2 0 784 805 933 
1452 2 0 836 837 822 
1453 2 0 934 870 831 
1454 2 0 919 825 758 
1455 2 0 920 919 758 
1456 2 0 847 766 758 
1457 2 0 920 758 757 
1458 2 0 795 935 936 
1459 2 0 803 795 936 
1460 2 0 872 816 936 
1461 2 0 816 932 936 
1462 2 0 937 938 933 
1463 2 0 820 939 819 
1464 2 0 824 823 837 
1465 2 0 823 822 837 
1466 2 0 829 831 843 
1467 2 0 870 843 831 
1468 2 0 916 940 772 
1469 2 0 913 869 868 
1470 2 0 716 846 869 
1471 2 0 818 932 816 
1472 2 0 803 936 932 
1473 2 0 808 916 809 
1474 2 0 772 809 916 
1475 2 0 941 786 793 
1476 2 0 785 793 786 
1477 2 0 923 828 867 
1478 2 0 828 865 867 
1479 2 0 881 942 838 
1480 2 0 881 858 942 
1481 2 0 943 944 813 
1482 2 0 923 807 790 
1483 2 0 806 790 807 
1484 2 0 945 946 931 
1485 2 0 901 919 750 
1486 2 0 749 901 750 
1487 2 0 716 869 714 
1488 2 0 853 714 869 
1489 2 0 929 789 788 
1490 2 0 923 790 789 
1491 2 0 929 947 789 
1492 2 0 923 789 828 
1493 2 0 792 785 857 
1494 2 0 778 809 774 
1495 2 0 772 774 809 
1496 2 0 924 832 792 
1497 2 0 793 792 832 
1498 2 0 829 842 841 
1499 2 0 829 841 852 
1500 2 0 853 738 714 
1501 2 0 948 739 738 
1502 2 0 853 855 738 
1503 2 0 942 949 838 
1504 2 0 742 950 744 
1505 2 0 745 744 950 
1506 2 0 741 950 742 
1507 2 0 818 922 617 
1508 2 0 600 617 922 
1509 2 0 818 819 922 
1510 2 0 788 790 941 
1511 2 0 734 854 912 
1512 2 0 854 951 912 
1513 2 0 755 761 756 
1514 2 0 855 756 761 
1515 2 0 755 952 761 
1516 2 0 952 760 761 
1517 2 0 872 817 816 
1518 2 0 819 818 817 
1519 2 0 872 871 817 
1520 2 0 871 820 817 
1521 2 0 734 912 763 
1522 2 0 837 836 835 
1523 2 0 838 837 835 
1524 2 0 834 880 835 
1525 2 0 838 835 880 
1526 2 0 716 766 847 
1527 2 0 759 758 766 
1528 2 0 716 715 766 
1529 2 0 759 766 765 
1530 2 0 810 917 811 
1531 2 0 741 732 917 
1532 2 0 810 953 917 
1533 2 0 741 917 953 
1534 2 0 855 761 738 
1535 2 0 948 738 760 
1536 2 0 745 950 953 
1537 2 0 741 953 950 
1538 2 0 794 877 935 
1539 2 0 872 936 935 
1540 2 0 794 935 795 
1541 2 0 954 874 945 
1542 2 0 798 945 874 
1543 2 0 954 875 874 
1544 2 0 875 862 874 
1545 2 0 931 767 955 
1546 2 0 841 911 910 
1547 2 0 852 841 910 
1548 2 0 611 613 956 
1549 2 0 718 956 613 
1550 2 0 720 722 775 
1551 2 0 797 957 958 
1552 2 0 794 796 958 
1553 2 0 797 958 796 
1554 2 0 954 904 875 
1555 2 0 840 899 904 
1556 2 0 954 911 904 
1557 2 0 959 960 909 
1558 2 0 862 961 798 
1559 2 0 797 798 961 
1560 2 0 862 894 961 
1561 2 0 848 866 891 
1562 2 0 848 851 866 
1563 2 0 913 780 768 
1564 2 0 962 918 938 
1565 2 0 937 962 938 
1566 2 0 787 784 938 
1567 2 0 784 933 938 
1568 2 0 933 722 721 
1569 2 0 937 933 721 
1570 2 0 720 780 721 
1571 2 0 791 719 946 
1572 2 0 931 946 719 
1573 2 0 721 780 937 
1574 2 0 924 963 832 
1575 2 0 882 832 963 
1576 2 0 924 925 963 
1577 2 0 882 963 925 
1578 2 0 868 937 780 
1579 2 0 868 780 913 
1580 2 0 833 788 941 
1581 2 0 833 941 793 
1582 2 0 790 804 941 
1583 2 0 956 914 611 
1584 2 0 946 964 791 
1585 2 0 795 791 964 
1586 2 0 946 796 964 
1587 2 0 795 964 796 
1588 2 0 805 722 933 
1589 2 0 798 796 946 
1590 2 0 798 946 945 
1591 2 0 962 868 845 
1592 2 0 962 937 868 
1593 2 0 897 858 881 
1594 2 0 897 753 858 
1595 2 0 790 806 804 
1596 2 0 786 941 804 
1597 2 0 811 763 762 
1598 2 0 819 965 922 
1599 2 0 921 922 965 
1600 2 0 921 965 930 
1601 2 0 828 789 947 
1602 2 0 826 828 947 
1603 2 0 929 928 947 
1604 2 0 826 947 928 
1605 2 0 740 747 741 
1606 2 0 732 741 747 
1607 2 0 740 966 747 
1608 2 0 966 735 747 
1609 2 0 940 960 772 
1610 2 0 773 772 960 
1611 2 0 800 779 783 
1612 2 0 913 951 869 
1613 2 0 853 869 951 
1614 2 0 913 912 951 
1615 2 0 853 951 854 
1616 2 0 883 908 884 
1617 2 0 903 967 900 
1618 2 0 899 902 900 
1619 2 0 903 900 902 
1620 2 0 863 895 860 
1621 2 0 885 878 877 
1622 2 0 958 886 794 
1623 2 0 927 968 926 
1624 2 0 831 926 968 
1625 2 0 927 934 968 
1626 2 0 831 968 934 
1627 2 0 862 860 894 
1628 2 0 895 894 860 
1629 2 0 893 887 957 
1630 2 0 961 969 797 
1631 2 0 959 909 970 
1632 2 0 959 970 955 
1633 2 0 930 965 939 
1634 2 0 819 939 965 
1635 2 0 902 899 840 
1636 2 0 902 840 728 
1637 2 0 908 905 884 
1638 2 0 833 884 905 
1639 2 0 877 971 935 
1640 2 0 872 935 971 
1641 2 0 877 876 971 
1642 2 0 774 773 972 
1643 2 0 783 781 972 
1644 2 0 955 970 931 
1645 2 0 955 767 656 
1646 2 0 851 915 808 
1647 2 0 852 916 915 
1648 2 0 851 850 915 
1649 2 0 852 915 850 
1650 2 0 942 918 962 
1651 2 0 787 938 918 
1652 2 0 942 858 918 
1653 2 0 858 857 918 
1654 2 0 845 844 949 
1655 2 0 942 962 949 
1656 2 0 845 949 962 
1657 2 0 774 973 777 
1658 2 0 781 722 973 
1659 2 0 774 972 973 
1660 2 0 781 973 972 
1661 2 0 844 824 949 
1662 2 0 824 838 949 
1663 2 0 872 971 873 
1664 2 0 876 873 971 
1665 2 0 773 960 974 
1666 2 0 805 778 777 
1667 2 0 805 777 722 
1668 2 0 914 813 944 
1669 2 0 775 722 781 
1670 2 0 777 973 722 
1671 2 0 830 852 850 
1672 2 0 975 943 974 
1673 2 0 955 974 959 
1674 2 0 718 914 956 
1675 2 0 718 814 914 
1676 2 0 945 970 954 
1677 2 0 945 931 970 
1678 2 0 840 911 841 
1679 2 0 840 904 911 
1680 2 0 929 906 907 
1681 2 0 905 907 906 
1682 2 0 929 788 906 
1683 2 0 788 833 906 
1684 2 0 852 910 940 
1685 2 0 852 940 916 
1686 2 0 866 865 892 
1687 2 0 864 892 865 
1688 2 0 957 886 958 
1689 2 0 877 794 886 
1690 2 0 957 887 886 
1691 2 0 877 886 885 
1692 2 0 955 976 974 
1693 2 0 657 975 976 
1694 2 0 955 656 976 
1695 2 0 657 976 656 
1696 2 0 894 969 961 
1697 2 0 957 797 969 
1698 2 0 894 893 969 
1699 2 0 957 969 893 
1700 2 0 954 909 911 
1701 2 0 954 970 909 
1702 2 0 611 914 944 
1703 2 0 611 944 636 
1704 2 0 972 773 943 
1705 2 0 813 783 943 
1706 2 0 972 943 783 
1707 2 0 910 909 960 
1708 2 0 910 960 940 
1709 2 0 900 977 861 
1710 2 0 859 861 977 
1711 2 0 900 967 977 
1712 2 0 859 977 967 
1713 2 0 974 976 975 
1714 2 0 944 943 975 
1715 2 0 773 974 943 
1716 2 0 944 978 636 
1717 2 0 657 636 978 
1718 2 0 944 975 978 
1719 2 0 657 978 975 
1720 2 0 959 974 960 
1721 2 0 881 880 897 
1722 2 0 898 897 880 
1723 2 0 898 880 879 
1724 2 0 802 979 604 
1725 2 0 713 604 979 
1726 2 0 802 980 979 
1727 2 0 713 979 815 
1728 2 0 889 981 890 
1729 2 0 848 890 981 
1730 2 0 889 849 981 
1731 2 0 848 981 849 
1732 2 0 717 815 718 
1733 2 0 717 713 815 
1734 2 0 801 980 802 
1735 2 0 815 979 980 
1736 2 0 801 814 980 
1737 2 0 815 980 814 
1738 2 0 703 982 706 
1739 2 0 983 934 927 
1740 2 0 984 985 986 
1741 2 0 987 988 989 
1742 2 0 882 990 883 
1743 2 0 991 992 993 
1744 2 0 659 726 672 
1745 2 0 994 995 996 
1746 2 0 992 997 699 
1747 2 0 689 997 604 
1748 2 0 998 992 699 
1749 2 0 999 1000 1001 
1750 2 0 604 997 802 
1751 2 0 987 1002 1003 
1752 2 0 799 802 997 
1753 2 0 986 985 1004 
1754 2 0 1005 1002 1006 
1755 2 0 999 985 1007 
1756 2 0 1004 985 999 
1757 2 0 985 1008 1009 
1758 2 0 1009 1007 985 
1759 2 0 1007 1010 999 
1760 2 0 1011 1012 1013 
1761 2 0 1012 1001 1014 
1762 2 0 1006 1011 1013 
1763 2 0 988 987 1015 
1764 2 0 1003 1015 987 
1765 2 0 1016 1017 1018 
1766 2 0 1019 1018 988 
1767 2 0 1020 1021 1011 
1768 2 0 1019 988 1015 
1769 2 0 1022 1023 1024 
1770 2 0 953 1025 1023 
1771 2 0 987 989 1020 
1772 2 0 953 810 1025 
1773 2 0 746 745 1026 
1774 2 0 1026 745 1027 
1775 2 0 1000 999 1010 
1776 2 0 998 699 711 
1777 2 0 998 993 992 
1778 2 0 991 1028 1029 
1779 2 0 1030 724 723 
1780 2 0 699 997 689 
1781 2 0 997 992 1031 
1782 2 0 1032 711 712 
1783 2 0 1033 1034 1035 
1784 2 0 706 1036 712 
1785 2 0 770 1037 723 
1786 2 0 1030 723 1038 
1787 2 0 1039 991 993 
1788 2 0 1032 993 998 
1789 2 0 1032 998 711 
1790 2 0 993 1033 1039 
1791 2 0 1040 1028 1039 
1792 2 0 1031 782 799 
1793 2 0 1029 1037 769 
1794 2 0 1041 1042 1036 
1795 2 0 993 1032 1033 
1796 2 0 997 1031 799 
1797 2 0 991 1031 992 
1798 2 0 782 1043 769 
1799 2 0 1044 1036 1042 
1800 2 0 1032 1044 1033 
1801 2 0 1045 1028 1046 
1802 2 0 1040 1046 1028 
1803 2 0 991 1039 1028 
1804 2 0 1047 1029 1028 
1805 2 0 697 1048 703 
1806 2 0 1046 1049 1045 
1807 2 0 703 1048 982 
1808 2 0 1050 982 1048 
1809 2 0 1051 1052 1053 
1810 2 0 697 676 1053 
1811 2 0 697 1053 1048 
1812 2 0 1054 1055 1056 
1813 2 0 1057 1056 1055 
1814 2 0 1057 1058 1059 
1815 2 0 1060 1061 1062 
1816 2 0 1063 1064 1065 
1817 2 0 1066 1064 1067 
1818 2 0 1045 1068 1069 
1819 2 0 1070 1071 1072 
1820 2 0 762 1073 810 
1821 2 0 1025 810 1073 
1822 2 0 762 1074 1073 
1823 2 0 1075 1076 1073 
1824 2 0 1060 1077 1078 
1825 2 0 1078 1079 885 
1826 2 0 1051 1080 1081 
1827 2 0 1061 1082 1083 
1828 2 0 1084 1085 1086 
1829 2 0 1087 1088 1089 
1830 2 0 1063 1090 1091 
1831 2 0 834 1092 879 
1832 2 0 1035 1034 1055 
1833 2 0 676 684 1093 
1834 2 0 1094 1093 684 
1835 2 0 1095 1096 1097 
1836 2 0 1098 1099 1067 
1837 2 0 996 1100 994 
1838 2 0 996 1059 1100 
1839 2 0 1087 1101 1088 
1840 2 0 1087 1102 1101 
1841 2 0 1102 1103 1101 
1842 2 0 1081 1104 1105 
1843 2 0 878 1104 876 
1844 2 0 996 983 1106 
1845 2 0 1107 990 1108 
1846 2 0 1034 1042 1058 
1847 2 0 827 1109 864 
1848 2 0 1086 1109 1088 
1849 2 0 1110 1111 994 
1850 2 0 1110 730 1111 
1851 2 0 729 1111 730 
1852 2 0 1088 1112 1089 
1853 2 0 888 1113 927 
1854 2 0 983 927 1113 
1855 2 0 1061 1114 1115 
1856 2 0 871 1116 1080 
1857 2 0 1081 1080 1116 
1858 2 0 871 873 1116 
1859 2 0 883 990 1117 
1860 2 0 883 1117 908 
1861 2 0 879 1118 898 
1862 2 0 879 1092 1118 
1863 2 0 1092 1119 1118 
1864 2 0 990 882 1120 
1865 2 0 925 1120 882 
1866 2 0 1095 1097 1100 
1867 2 0 1121 822 1122 
1868 2 0 821 1122 822 
1869 2 0 863 859 1123 
1870 2 0 1124 1123 859 
1871 2 0 1086 1085 1125 
1872 2 0 890 892 1125 
1873 2 0 752 1126 1090 
1874 2 0 1091 1090 1126 
1875 2 0 752 754 1126 
1876 2 0 1091 1126 754 
1877 2 0 967 903 1127 
1878 2 0 1128 1129 1130 
1879 2 0 928 907 1130 
1880 2 0 1128 1130 907 
1881 2 0 834 1131 1092 
1882 2 0 1121 1132 1131 
1883 2 0 834 836 1131 
1884 2 0 870 934 1133 
1885 2 0 983 1133 934 
1886 2 0 1134 1135 1136 
1887 2 0 1107 1134 1136 
1888 2 0 1103 1102 1136 
1889 2 0 1102 1129 1136 
1890 2 0 1050 1115 1041 
1891 2 0 1054 1101 1103 
1892 2 0 1050 1041 982 
1893 2 0 1051 1053 1093 
1894 2 0 676 1093 1053 
1895 2 0 1061 1115 1062 
1896 2 0 1050 1062 1115 
1897 2 0 989 1075 1020 
1898 2 0 1137 1097 1138 
1899 2 0 1041 1115 1096 
1900 2 0 673 672 1139 
1901 2 0 986 1132 1121 
1902 2 0 1098 1132 1099 
1903 2 0 1063 1067 1064 
1904 2 0 1091 1119 1063 
1905 2 0 1107 1129 1128 
1906 2 0 1107 1136 1129 
1907 2 0 1087 1129 1102 
1908 2 0 1011 1002 1020 
1909 2 0 987 1020 1002 
1910 2 0 1011 1006 1002 
1911 2 0 1005 1003 1002 
1912 2 0 1135 1049 1136 
1913 2 0 1068 1049 1135 
1914 2 0 982 1036 706 
1915 2 0 1071 1099 1140 
1916 2 0 986 1004 1140 
1917 2 0 1001 1141 1072 
1918 2 0 1070 1072 1141 
1919 2 0 1001 1021 1141 
1920 2 0 1142 1070 1021 
1921 2 0 1035 1055 1143 
1922 2 0 889 1144 888 
1923 2 0 996 1106 1059 
1924 2 0 888 1144 1113 
1925 2 0 1145 1113 1144 
1926 2 0 896 1146 925 
1927 2 0 1065 1134 1108 
1928 2 0 1107 1108 1134 
1929 2 0 1147 1120 1146 
1930 2 0 925 1146 1120 
1931 2 0 930 1139 726 
1932 2 0 672 726 1139 
1933 2 0 1066 1148 1069 
1934 2 0 1050 1048 1062 
1935 2 0 820 1149 939 
1936 2 0 1105 1077 1150 
1937 2 0 1081 1105 1150 
1938 2 0 1052 1051 1150 
1939 2 0 1081 1150 1051 
1940 2 0 988 1018 1017 
1941 2 0 1025 1076 1017 
1942 2 0 1025 1017 1023 
1943 2 0 1067 1063 1119 
1944 2 0 1098 1067 1119 
1945 2 0 1091 1118 1119 
1946 2 0 1098 1119 1092 
1947 2 0 1151 1008 984 
1948 2 0 1057 1034 1058 
1949 2 0 1057 1055 1034 
1950 2 0 1042 1034 1033 
1951 2 0 1042 1033 1044 
1952 2 0 1089 1130 1129 
1953 2 0 1087 1089 1129 
1954 2 0 1092 1131 1132 
1955 2 0 1098 1092 1132 
1956 2 0 1004 999 1072 
1957 2 0 1001 1072 999 
1958 2 0 1061 1060 1082 
1959 2 0 988 1017 1076 
1960 2 0 989 988 1076 
1961 2 0 1025 1073 1076 
1962 2 0 989 1076 1075 
1963 2 0 1144 1085 1145 
1964 2 0 1146 1090 1147 
1965 2 0 1063 1147 1090 
1966 2 0 1152 1151 748 
1967 2 0 749 748 1151 
1968 2 0 1021 1001 1012 
1969 2 0 1153 1013 1012 
1970 2 0 1021 1012 1011 
1971 2 0 1152 1008 1151 
1972 2 0 985 984 1008 
1973 2 0 1152 1154 1008 
1974 2 0 1154 1009 1008 
1975 2 0 1095 1058 1042 
1976 2 0 878 1079 1104 
1977 2 0 1105 1104 1079 
1978 2 0 878 885 1079 
1979 2 0 1105 1079 1078 
1980 2 0 1094 1155 1149 
1981 2 0 673 1139 1155 
1982 2 0 1094 684 1155 
1983 2 0 673 1155 684 
1984 2 0 1027 1156 1022 
1985 2 0 1023 1022 1156 
1986 2 0 1027 745 1156 
1987 2 0 1133 995 870 
1988 2 0 1133 983 995 
1989 2 0 983 996 995 
1990 2 0 1153 1012 1014 
1991 2 0 1000 1014 1001 
1992 2 0 1042 1041 1096 
1993 2 0 1095 1042 1096 
1994 2 0 1147 1065 1108 
1995 2 0 1147 1063 1065 
1996 2 0 1036 1044 1032 
1997 2 0 1036 1032 712 
1998 2 0 1023 1156 953 
1999 2 0 745 953 1156 
2000 2 0 1068 1045 1049 
2001 2 0 1103 1136 1049 
2002 2 0 1094 1157 1093 
2003 2 0 1051 1093 1157 
2004 2 0 1094 1158 1157 
2005 2 0 1051 1157 1080 
2006 2 0 984 986 1122 
2007 2 0 1121 1122 986 
2008 2 0 1067 1099 1066 
2009 2 0 1052 1062 1048 
2010 2 0 1052 1048 1053 
2011 2 0 1097 1137 1159 
2012 2 0 994 1100 1159 
2013 2 0 1097 1159 1100 
2014 2 0 1104 1116 876 
2015 2 0 994 1159 1110 
2016 2 0 1137 1110 1159 
2017 2 0 1016 1024 1017 
2018 2 0 1023 1017 1024 
2019 2 0 1145 1106 1113 
2020 2 0 983 1113 1106 
2021 2 0 1141 1021 1070 
2022 2 0 1020 1142 1021 
2023 2 0 1124 1127 1137 
2024 2 0 1110 1137 1127 
2025 2 0 990 1120 1108 
2026 2 0 1147 1108 1120 
2027 2 0 863 1083 895 
2028 2 0 863 1123 1083 
2029 2 0 1160 1030 1161 
2030 2 0 1030 1038 1161 
2031 2 0 826 1112 827 
2032 2 0 1080 1158 871 
2033 2 0 820 871 1158 
2034 2 0 820 1158 1149 
2035 2 0 1086 1088 1084 
2036 2 0 1088 1101 1084 
2037 2 0 1082 1162 893 
2038 2 0 887 893 1162 
2039 2 0 1161 1163 1142 
2040 2 0 1160 1161 1142 
2041 2 0 762 724 1074 
2042 2 0 1160 1075 1074 
2043 2 0 1075 1073 1074 
2044 2 0 1071 1164 1066 
2045 2 0 1099 1071 1066 
2046 2 0 729 1165 1111 
2047 2 0 994 1111 1165 
2048 2 0 994 1165 995 
2049 2 0 1080 1157 1158 
2050 2 0 1149 1158 1094 
2051 2 0 1070 1164 1071 
2052 2 0 1148 1066 1164 
2053 2 0 1020 1075 1160 
2054 2 0 1020 1160 1142 
2055 2 0 1078 1162 1060 
2056 2 0 1082 1060 1162 
2057 2 0 1148 1163 1161 
2058 2 0 1070 1142 1163 
2059 2 0 1148 1164 1163 
2060 2 0 1070 1163 1164 
2061 2 0 1036 982 1041 
2062 2 0 1138 1097 1115 
2063 2 0 1097 1096 1115 
2064 2 0 1103 1143 1054 
2065 2 0 1055 1054 1143 
2066 2 0 724 1030 1074 
2067 2 0 1160 1074 1030 
2068 2 0 1139 1166 1155 
2069 2 0 1149 1155 1166 
2070 2 0 1139 930 1166 
2071 2 0 1132 986 1140 
2072 2 0 1132 1140 1099 
2073 2 0 1035 1039 1033 
2074 2 0 1035 1040 1039 
2075 2 0 1105 1078 1077 
2076 2 0 1052 1150 1077 
2077 2 0 1060 1062 1077 
2078 2 0 1052 1077 1062 
2079 2 0 729 870 1165 
2080 2 0 995 1165 870 
2081 2 0 1100 1059 1095 
2082 2 0 1058 1095 1059 
2083 2 0 1149 1166 939 
2084 2 0 930 939 1166 
2085 2 0 1144 1167 1085 
2086 2 0 1144 889 1167 
2087 2 0 890 1167 889 
2088 2 0 1146 1168 1090 
2089 2 0 752 1090 1168 
2090 2 0 1146 896 1168 
2091 2 0 752 1168 896 
2092 2 0 1109 1125 864 
2093 2 0 892 864 1125 
2094 2 0 1086 1125 1109 
2095 2 0 873 876 1116 
2096 2 0 1081 1116 1104 
2097 2 0 1117 990 1107 
2098 2 0 1117 1107 1128 
2099 2 0 967 1127 1124 
2100 2 0 967 1124 859 
2101 2 0 1069 1148 1169 
2102 2 0 1038 1047 1169 
2103 2 0 1069 1169 1045 
2104 2 0 1148 1161 1169 
2105 2 0 1038 1169 1161 
2106 2 0 1069 1170 1066 
2107 2 0 1064 1066 1170 
2108 2 0 1069 1068 1170 
2109 2 0 1064 1170 1068 
2110 2 0 1065 1135 1134 
2111 2 0 1065 1064 1135 
2112 2 0 1068 1135 1064 
2113 2 0 1057 1059 1171 
2114 2 0 1172 1056 1171 
2115 2 0 1057 1171 1056 
2116 2 0 1172 1173 1084 
2117 2 0 1085 1084 1173 
2118 2 0 1172 1171 1173 
2119 2 0 1085 1173 1145 
2120 2 0 1145 1171 1106 
2121 2 0 1059 1106 1171 
2122 2 0 1145 1173 1171 
2123 2 0 1083 1114 1061 
2124 2 0 1138 1115 1114 
2125 2 0 1083 1123 1114 
2126 2 0 1138 1114 1123 
2127 2 0 1047 1037 1029 
2128 2 0 770 769 1037 
2129 2 0 1047 1038 1037 
2130 2 0 1038 723 1037 
2131 2 0 1112 1174 1089 
2132 2 0 1112 826 1174 
2133 2 0 928 1174 826 
2134 2 0 1117 1175 908 
2135 2 0 907 908 1175 
2136 2 0 1117 1128 1175 
2137 2 0 907 1175 1128 
2138 2 0 1131 1176 1121 
2139 2 0 822 1121 1176 
2140 2 0 1131 836 1176 
2141 2 0 822 1176 836 
2142 2 0 754 1177 1091 
2143 2 0 1118 1091 1177 
2144 2 0 754 898 1177 
2145 2 0 1118 1177 898 
2146 2 0 1140 1178 1071 
2147 2 0 1072 1071 1178 
2148 2 0 1140 1004 1178 
2149 2 0 1072 1178 1004 
2150 2 0 1054 1056 1172 
2151 2 0 1084 1101 1172 
2152 2 0 1054 1172 1101 
2153 2 0 1082 1179 1083 
2154 2 0 895 1083 1179 
2155 2 0 1082 893 1179 
2156 2 0 895 1179 893 
2157 2 0 1109 1112 1088 
2158 2 0 1109 827 1112 
2159 2 0 1124 1138 1123 
2160 2 0 1124 1137 1138 
2161 2 0 1085 1167 1125 
2162 2 0 890 1125 1167 
2163 2 0 1103 1049 1143 
2164 2 0 1046 1143 1049 
2165 2 0 991 1043 1031 
2166 2 0 782 1031 1043 
2167 2 0 991 1029 1043 
2168 2 0 1029 769 1043 
2169 2 0 1143 1040 1035 
2170 2 0 1143 1046 1040 
2171 2 0 821 749 1151 
2172 2 0 984 1122 1151 
2173 2 0 821 1151 1122 
2174 2 0 1045 1169 1047 
2175 2 0 1045 1047 1028 
2176 2 0 903 730 1110 
2177 2 0 903 1110 1127 
2178 2 0 1089 1174 1130 
2179 2 0 928 1130 1174 
2180 2 0 887 1180 885 
2181 2 0 1078 885 1180 
2182 2 0 887 1162 1180 
2183 2 0 1078 1180 1162 
2184 2 0 746 1181 1182 
2185 2 0 1183 1184 3 
2186 2 0 32 1183 3 
2187 2 0 1185 113 68 
2188 2 0 1185 68 1186 
2189 2 0 1187 1188 1189 
2190 2 0 1190 1191 1192 
2191 2 0 1191 1193 1194 
2192 2 0 1193 1195 1194 
2193 2 0 1191 1190 1193 
2194 2 0 1196 1197 1198 
2195 2 0 1189 1188 1197 
2196 2 0 1198 1197 1188 
2197 2 0 1188 1187 1192 
2198 2 0 1199 1200 1201 
2199 2 0 1202 1203 1204 
2200 2 0 1200 1202 1204 
2201 2 0 1195 1205 1206 
2202 2 0 1206 1194 1195 
2203 2 0 1205 1201 1206 
2204 2 0 1205 1199 1201 
2205 2 0 1200 1199 1202 
2206 2 0 1207 1208 49 
2207 2 0 1209 1210 1211 
2208 2 0 1212 1209 1211 
2209 2 0 1208 1207 1213 
2210 2 0 31 1214 1213 
2211 2 0 1213 1215 1208 
2212 2 0 1190 1187 1189 
2213 2 0 1192 1187 1190 
2214 2 0 1183 1216 1184 
2215 2 0 1186 3 1184 
2216 2 0 1216 1217 1184 
2217 2 0 1218 1184 1217 
2218 2 0 1218 1217 1219 
2219 2 0 1220 1221 1222 
2220 2 0 1223 1222 1221 
2221 2 0 1220 1224 1221 
2222 2 0 1223 1221 1224 
2223 2 0 1225 1219 1217 
2224 2 0 1224 1226 1216 
2225 2 0 1215 1214 1209 
2226 2 0 1215 1213 1214 
2227 2 0 1227 1214 31 
2228 2 0 1228 1229 1230 
2229 2 0 1231 1230 1229 
2230 2 0 1228 1232 1229 
2231 2 0 1231 1229 1232 
2232 2 0 1225 1226 1220 
2233 2 0 1224 1220 1226 
2234 2 0 1225 1217 1226 
2235 2 0 1217 1216 1226 
2236 2 0 1203 1233 1204 
2237 2 0 1228 1204 1233 
2238 2 0 1203 1232 1233 
2239 2 0 1228 1233 1232 
2240 2 0 1230 1234 1235 
2241 2 0 1236 1235 1234 
2242 2 0 1230 1231 1234 
2243 2 0 1236 1234 1231 
2244 2 0 1218 1237 1184 
2245 2 0 1186 1184 1237 
2246 2 0 1218 1185 1237 
2247 2 0 1186 1237 1185 
2248 2 0 1223 1235 1238 
2249 2 0 1239 1222 1238 
2250 2 0 1223 1238 1222 
2251 2 0 1227 1210 1214 
2252 2 0 1209 1214 1210 
2253 2 0 1227 1240 1210 
2254 2 0 1240 1211 1210 
2255 2 0 1235 1241 1238 
2256 2 0 1239 1238 1241 
2257 2 0 1235 1236 1241 
2258 2 0 1239 1241 1236 
2259 2 0 1202 1242 1203 
2260 2 0 1243 1244 1190 
2261 2 0 1205 1245 1199 
2262 2 0 1246 1245 1195 
2263 2 0 1244 1246 1193 
2264 2 0 1202 1199 1247 
2265 2 0 1196 1248 1197 
2266 2 0 1189 1197 1249 
2267 2 0 1248 1249 1197 
2268 2 0 1249 1243 1189 
2269 2 0 1193 1190 1244 
2270 2 0 1190 1189 1243 
2271 2 0 1195 1193 1246 
2272 2 0 1205 1195 1245 
2273 2 0 1247 1242 1202 
2274 2 0 1250 1203 1242 
2275 2 0 1199 1245 1247 
2276 2 0 1251 109 1252 
2277 2 0 1253 1254 1251 
2278 2 0 113 1251 1254 
2279 2 0 1251 1255 109 
2280 2 0 1256 1212 1211 
2281 2 0 1251 1252 1253 
2282 2 0 1256 1257 48 
2283 2 0 35 48 1257 
2284 2 0 1256 1211 1257 
2285 2 0 1251 1258 1255 
2286 2 0 1259 1255 1258 
2287 2 0 1259 1258 1260 
2288 2 0 1222 1239 1261 
2289 2 0 1262 1263 1261 
2290 2 0 1219 1225 1264 
2291 2 0 1259 1260 1265 
2292 2 0 1219 1260 1218 
2293 2 0 1219 1264 1260 
2294 2 0 1264 1265 1260 
2295 2 0 1220 1264 1225 
2296 2 0 1265 1264 1263 
2297 2 0 35 1257 1240 
2298 2 0 1211 1240 1257 
2299 2 0 1220 1222 1266 
2300 2 0 1263 1264 1266 
2301 2 0 1220 1266 1264 
2302 2 0 1185 1267 113 
2303 2 0 1251 113 1267 
2304 2 0 1185 1258 1267 
2305 2 0 1251 1267 1258 
2306 2 0 1236 1268 1239 
2307 2 0 1262 1268 1269 
2308 2 0 1270 1271 1232 
2309 2 0 1231 1232 1271 
2310 2 0 1270 1269 1271 
2311 2 0 1231 1271 1269 
2312 2 0 1250 1272 1203 
2313 2 0 1232 1203 1272 
2314 2 0 1250 1270 1272 
2315 2 0 1232 1272 1270 
2316 2 0 1269 1273 1231 
2317 2 0 1236 1231 1273 
2318 2 0 1269 1268 1273 
2319 2 0 1236 1273 1268 
2320 2 0 1222 1261 1266 
2321 2 0 1263 1266 1261 
2322 2 0 1260 1274 1218 
2323 2 0 1185 1218 1274 
2324 2 0 1260 1258 1274 
2325 2 0 1185 1274 1258 
2326 2 0 1262 1275 1268 
2327 2 0 1239 1268 1275 
2328 2 0 1262 1261 1275 
2329 2 0 1239 1275 1261 
2330 2 0 31 30 1227 
2331 2 0 30 1276 1227 
2332 2 0 1240 1276 164 
2333 2 0 1227 1276 1240 
2334 2 0 39 35 1240 
2335 2 0 1240 164 39 
2336 2 0 1277 1278 1279 
2337 2 0 1280 1281 1282 
2338 2 0 1283 1284 1285 
2339 2 0 1286 1287 1288 
2340 2 0 1289 1290 1291 
2341 2 0 1292 1293 1294 
2342 2 0 1295 1296 1294 
2343 2 0 1297 1298 1283 
2344 2 0 1299 1300 1301 
2345 2 0 629 1302 1303 
2346 2 0 1304 1305 1306 
2347 2 0 1307 1308 1309 
2348 2 0 1310 1309 1311 
2349 2 0 1312 1313 1314 
2350 2 0 1314 1315 1312 
2351 2 0 1315 1316 1317 
2352 2 0 1318 1319 1320 
2353 2 0 1318 1321 1322 
2354 2 0 1301 1323 1324 
2355 2 0 1280 1325 1326 
2356 2 0 1325 1295 1327 
2357 2 0 1325 1310 1326 
2358 2 0 1328 1329 1330 
2359 2 0 629 1303 1331 
2360 2 0 1332 1333 1334 
2361 2 0 1329 1335 1330 
2362 2 0 1336 1323 1301 
2363 2 0 1337 1338 1339 
2364 2 0 1340 1341 1342 
2365 2 0 1343 1344 1303 
2366 2 0 1339 1342 1345 
2367 2 0 1346 1347 1348 
2368 2 0 1349 1350 1351 
2369 2 0 1352 1346 1353 
2370 2 0 1354 1355 1356 
2371 2 0 1345 1357 1339 
2372 2 0 1358 1355 1359 
2373 2 0 1352 1360 1361 
2374 2 0 1297 1283 1285 
2375 2 0 1323 1362 1324 
2376 2 0 1302 1363 1343 
2377 2 0 1364 1365 1366 
2378 2 0 1328 1367 1363 
2379 2 0 1368 1369 1365 
2380 2 0 1370 1371 1372 
2381 2 0 1345 1373 1357 
2382 2 0 1369 1372 1374 
2383 2 0 1375 1376 1377 
2384 2 0 1309 1308 1316 
2385 2 0 1378 1379 1380 
2386 2 0 1381 1379 1378 
2387 2 0 1364 1380 1379 
2388 2 0 1382 1383 1384 
2389 2 0 1374 1366 1365 
2390 2 0 1370 1372 1369 
2391 2 0 1366 1380 1364 
2392 2 0 1373 1354 1356 
2393 2 0 1385 1386 1387 
2394 2 0 1388 1389 1390 
2395 2 0 1391 1392 1389 
2396 2 0 1286 1393 1394 
2397 2 0 1389 1388 1391 
2398 2 0 1349 1395 1396 
2399 2 0 1397 1398 1357 
2400 2 0 1386 1399 1400 
2401 2 0 1371 1401 1377 
2402 2 0 1385 1387 1376 
2403 2 0 1287 1286 1321 
2404 2 0 1402 1403 1404 
2405 2 0 1394 1322 1286 
2406 2 0 1385 1376 1375 
2407 2 0 1371 1370 1401 
2408 2 0 1286 1322 1321 
2409 2 0 1405 1385 1375 
2410 2 0 1307 1406 1407 
2411 2 0 1408 1375 1401 
2412 2 0 1368 1408 1370 
2413 2 0 1297 1285 1409 
2414 2 0 1410 1411 1412 
2415 2 0 1413 1414 1415 
2416 2 0 1416 1417 1418 
2417 2 0 1289 1419 1290 
2418 2 0 1332 1420 1333 
2419 2 0 1421 1422 1423 
2420 2 0 1424 1425 1304 
2421 2 0 1419 1426 1290 
2422 2 0 1427 1416 1428 
2423 2 0 1350 1429 1430 
2424 2 0 1431 1432 1433 
2425 2 0 1434 1435 1436 
2426 2 0 1399 1393 1288 
2427 2 0 1437 1283 1298 
2428 2 0 1413 1438 1439 
2429 2 0 1413 1440 1441 
2430 2 0 1442 1441 1440 
2431 2 0 1443 1442 1440 
2432 2 0 1444 1445 1446 
2433 2 0 1406 1327 1447 
2434 2 0 1297 1295 1298 
2435 2 0 1447 1293 1407 
2436 2 0 1310 1327 1406 
2437 2 0 1394 1448 1449 
2438 2 0 1412 1450 1451 
2439 2 0 1452 1352 1353 
2440 2 0 1453 1360 1452 
2441 2 0 1452 1454 1453 
2442 2 0 1440 1413 1415 
2443 2 0 1455 1417 1289 
2444 2 0 1358 1456 1356 
2445 2 0 1457 1458 1459 
2446 2 0 1458 1457 1460 
2447 2 0 1357 1373 1397 
2448 2 0 1461 1460 1457 
2449 2 0 1357 1337 1339 
2450 2 0 1462 1359 1463 
2451 2 0 1463 1359 1464 
2452 2 0 1462 1463 1459 
2453 2 0 1465 1464 1359 
2454 2 0 1459 1458 1462 
2455 2 0 1358 1356 1355 
2456 2 0 1466 1435 1383 
2457 2 0 1467 1466 1383 
2458 2 0 1436 1428 1468 
2459 2 0 1288 1393 1286 
2460 2 0 1469 1470 1471 
2461 2 0 1453 1335 1472 
2462 2 0 1473 1419 1289 
2463 2 0 1319 1474 1320 
2464 2 0 1277 1305 1475 
2465 2 0 1476 1477 1334 
2466 2 0 1478 1479 1480 
2467 2 0 1383 1435 1434 
2468 2 0 1315 1314 1481 
2469 2 0 1365 1369 1374 
2470 2 0 1368 1370 1369 
2471 2 0 1408 1401 1370 
2472 2 0 1377 1401 1375 
2473 2 0 1296 1409 1292 
2474 2 0 1294 1327 1295 
2475 2 0 1313 1320 1474 
2476 2 0 1328 1330 1367 
2477 2 0 1467 1383 1382 
2478 2 0 1469 1465 1359 
2479 2 0 1322 1319 1318 
2480 2 0 1474 1319 1482 
2481 2 0 1474 1314 1313 
2482 2 0 1334 1477 1332 
2483 2 0 1349 1476 1350 
2484 2 0 1427 1473 1416 
2485 2 0 1367 1330 1454 
2486 2 0 1363 1367 1343 
2487 2 0 1291 1455 1289 
2488 2 0 1473 1483 1419 
2489 2 0 1454 1452 1483 
2490 2 0 1300 1341 1301 
2491 2 0 1484 1485 1486 
2492 2 0 1482 1487 1488 
2493 2 0 1476 1349 1477 
2494 2 0 1334 1423 1476 
2495 2 0 1489 1300 1299 
2496 2 0 1490 1486 1485 
2497 2 0 1467 1484 1486 
2498 2 0 1384 1434 1468 
2499 2 0 1491 1478 1423 
2500 2 0 1484 1467 1382 
2501 2 0 1466 1467 1486 
2502 2 0 1383 1434 1384 
2503 2 0 1424 1306 1492 
2504 2 0 1304 1425 1493 
2505 2 0 1451 1450 1494 
2506 2 0 1438 1413 1441 
2507 2 0 1311 1495 1310 
2508 2 0 1408 1405 1375 
2509 2 0 1405 1496 1385 
2510 2 0 1385 1496 1386 
2511 2 0 1294 1293 1447 
2512 2 0 1309 1310 1406 
2513 2 0 1406 1447 1407 
2514 2 0 1294 1447 1327 
2515 2 0 1327 1310 1325 
2516 2 0 1448 1496 1405 
2517 2 0 1322 1394 1319 
2518 2 0 1291 1433 1432 
2519 2 0 1497 1498 1340 
2520 2 0 1397 1373 1356 
2521 2 0 1337 1357 1398 
2522 2 0 1354 1470 1355 
2523 2 0 1499 1471 1470 
2524 2 0 1354 1499 1470 
2525 2 0 1359 1355 1469 
2526 2 0 1470 1469 1355 
2527 2 0 1422 1491 1423 
2528 2 0 1431 1433 1500 
2529 2 0 1296 1297 1409 
2530 2 0 1294 1296 1292 
2531 2 0 1297 1296 1295 
2532 2 0 1315 1481 1316 
2533 2 0 1308 1317 1316 
2534 2 0 1312 1315 1317 
2535 2 0 1501 1331 1344 
2536 2 0 1343 1303 1302 
2537 2 0 1331 1303 1344 
2538 2 0 1289 1417 1416 
2539 2 0 1435 1502 1427 
2540 2 0 1418 1428 1416 
2541 2 0 1289 1416 1473 
2542 2 0 1487 1503 1488 
2543 2 0 1349 1351 1395 
2544 2 0 1430 1504 1350 
2545 2 0 1483 1473 1427 
2546 2 0 1424 1304 1306 
2547 2 0 1325 1280 1282 
2548 2 0 1386 1496 1393 
2549 2 0 1387 1386 1400 
2550 2 0 1291 1290 1433 
2551 2 0 1433 1290 1426 
2552 2 0 1455 1291 1432 
2553 2 0 1426 1505 1433 
2554 2 0 1506 1353 1404 
2555 2 0 1430 1507 1504 
2556 2 0 1404 1430 1429 
2557 2 0 1507 1430 1404 
2558 2 0 1351 1350 1504 
2559 2 0 1356 1456 1397 
2560 2 0 1398 1397 1456 
2561 2 0 1333 1423 1334 
2562 2 0 1491 1479 1478 
2563 2 0 1478 1480 1500 
2564 2 0 1282 1295 1325 
2565 2 0 1437 1298 1282 
2566 2 0 1394 1508 1319 
2567 2 0 1492 1509 1424 
2568 2 0 1510 1420 1511 
2569 2 0 1512 1513 1510 
2570 2 0 1402 1404 1353 
2571 2 0 1423 1333 1421 
2572 2 0 1431 1500 1480 
2573 2 0 1490 1471 1486 
2574 2 0 1492 1514 1509 
2575 2 0 1514 1513 1509 
2576 2 0 1515 1421 1516 
2577 2 0 1421 1333 1510 
2578 2 0 1332 1517 1420 
2579 2 0 1422 1421 1515 
2580 2 0 1386 1393 1399 
2581 2 0 1300 1342 1341 
2582 2 0 1339 1518 1342 
2583 2 0 1309 1406 1307 
2584 2 0 1311 1309 1316 
2585 2 0 1436 1427 1428 
2586 2 0 1434 1436 1468 
2587 2 0 1427 1436 1435 
2588 2 0 1493 1519 1451 
2589 2 0 1451 1304 1493 
2590 2 0 1446 1520 1425 
2591 2 0 1494 1278 1451 
2592 2 0 1451 1475 1304 
2593 2 0 1304 1475 1305 
2594 2 0 1503 1495 1311 
2595 2 0 1311 1316 1481 
2596 2 0 1295 1282 1298 
2597 2 0 1281 650 1282 
2598 2 0 1282 650 1437 
2599 2 0 650 1521 1437 
2600 2 0 1522 1444 1523 
2601 2 0 1523 1444 1446 
2602 2 0 1522 1523 1511 
2603 2 0 1425 1523 1446 
2604 2 0 1512 1511 1523 
2605 2 0 1511 1420 1524 
2606 2 0 1510 1333 1420 
2607 2 0 1522 1511 1524 
2608 2 0 1326 1310 1495 
2609 2 0 1510 1511 1512 
2610 2 0 1525 1526 1527 
2611 2 0 1528 1529 1524 
2612 2 0 1530 1529 1531 
2613 2 0 1524 1532 1528 
2614 2 0 1533 1534 1535 
2615 2 0 1536 1537 1538 
2616 2 0 1539 1536 1540 
2617 2 0 1541 1542 1543 
2618 2 0 1396 1395 1543 
2619 2 0 1544 1545 1546 
2620 2 0 1540 1547 1548 
2621 2 0 1396 1547 1538 
2622 2 0 1538 1477 1396 
2623 2 0 1349 1396 1477 
2624 2 0 1504 1507 1549 
2625 2 0 1550 1551 1552 
2626 2 0 1538 1547 1536 
2627 2 0 1540 1536 1547 
2628 2 0 1553 1554 1555 
2629 2 0 1539 1537 1536 
2630 2 0 1517 1538 1537 
2631 2 0 1539 1546 1537 
2632 2 0 1556 1520 1557 
2633 2 0 1558 1559 1557 
2634 2 0 1517 1332 1538 
2635 2 0 1410 1560 1561 
2636 2 0 1556 1561 1560 
2637 2 0 1410 1412 1560 
2638 2 0 1517 1545 1562 
2639 2 0 1555 1563 1564 
2640 2 0 1439 1565 1535 
2641 2 0 1450 1566 1565 
2642 2 0 1439 1567 1565 
2643 2 0 1450 1565 1494 
2644 2 0 1517 1537 1545 
2645 2 0 1546 1545 1537 
2646 2 0 1568 1348 1347 
2647 2 0 1361 1347 1346 
2648 2 0 1402 1353 1346 
2649 2 0 1361 1346 1352 
2650 2 0 1564 1557 1520 
2651 2 0 1446 1564 1520 
2652 2 0 1556 1493 1520 
2653 2 0 1493 1425 1520 
2654 2 0 1542 1548 1543 
2655 2 0 1526 1541 1527 
2656 2 0 1314 1488 1481 
2657 2 0 1503 1311 1488 
2658 2 0 1481 1488 1311 
2659 2 0 1504 1527 1351 
2660 2 0 1395 1351 1527 
2661 2 0 1569 1414 1534 
2662 2 0 1531 1570 1571 
2663 2 0 1528 1571 1570 
2664 2 0 1531 1529 1570 
2665 2 0 1528 1570 1529 
2666 2 0 1478 1500 1572 
2667 2 0 1423 1478 1572 
2668 2 0 1429 1350 1572 
2669 2 0 1573 1574 1403 
2670 2 0 1575 1573 1403 
2671 2 0 1507 1404 1403 
2672 2 0 1538 1332 1477 
2673 2 0 1471 1576 1486 
2674 2 0 1499 1576 1471 
2675 2 0 1402 1348 1403 
2676 2 0 1575 1403 1348 
2677 2 0 1402 1346 1348 
2678 2 0 1575 1348 1568 
2679 2 0 1552 1551 1577 
2680 2 0 1578 1525 1549 
2681 2 0 1454 1502 1367 
2682 2 0 1454 1483 1502 
2683 2 0 1483 1427 1502 
2684 2 0 1535 1565 1566 
2685 2 0 1533 1535 1566 
2686 2 0 1450 1579 1566 
2687 2 0 1533 1566 1579 
2688 2 0 1535 1534 1414 
2689 2 0 1439 1535 1414 
2690 2 0 1569 1415 1414 
2691 2 0 1439 1414 1413 
2692 2 0 1556 1519 1493 
2693 2 0 1412 1451 1519 
2694 2 0 1556 1560 1519 
2695 2 0 1412 1519 1560 
2696 2 0 1548 1547 1543 
2697 2 0 1396 1543 1547 
2698 2 0 1344 1580 1576 
2699 2 0 1501 1344 1576 
2700 2 0 1466 1486 1576 
2701 2 0 1501 1576 1499 
2702 2 0 1494 1565 1567 
2703 2 0 1581 1361 1360 
2704 2 0 1472 1581 1360 
2705 2 0 1352 1452 1360 
2706 2 0 1472 1360 1453 
2707 2 0 1279 1567 1438 
2708 2 0 1439 1438 1567 
2709 2 0 1490 1469 1471 
2710 2 0 1367 1502 1580 
2711 2 0 1367 1580 1343 
2712 2 0 1562 1532 1517 
2713 2 0 1420 1517 1532 
2714 2 0 1562 1528 1532 
2715 2 0 1420 1532 1524 
2716 2 0 1466 1576 1580 
2717 2 0 1343 1580 1344 
2718 2 0 1452 1353 1506 
2719 2 0 1426 1419 1506 
2720 2 0 1454 1330 1453 
2721 2 0 1335 1453 1330 
2722 2 0 1577 1444 1582 
2723 2 0 1529 1577 1582 
2724 2 0 1522 1524 1582 
2725 2 0 1529 1582 1524 
2726 2 0 1502 1435 1580 
2727 2 0 1466 1580 1435 
2728 2 0 1485 1465 1490 
2729 2 0 1469 1490 1465 
2730 2 0 1562 1583 1584 
2731 2 0 1544 1584 1583 
2732 2 0 1562 1545 1583 
2733 2 0 1544 1583 1545 
2734 2 0 1474 1482 1488 
2735 2 0 1474 1488 1314 
2736 2 0 1425 1424 1509 
2737 2 0 1523 1425 1509 
2738 2 0 1523 1509 1512 
2739 2 0 1301 1585 1336 
2740 2 0 1301 1341 1585 
2741 2 0 1340 1585 1341 
2742 2 0 1564 1446 1445 
2743 2 0 1555 1564 1445 
2744 2 0 1444 1551 1445 
2745 2 0 1551 1586 1445 
2746 2 0 1362 1587 1588 
2747 2 0 1362 1588 1324 
2748 2 0 1421 1510 1513 
2749 2 0 1516 1421 1513 
2750 2 0 1512 1509 1513 
2751 2 0 1516 1513 1514 
2752 2 0 1496 1448 1393 
2753 2 0 1394 1393 1448 
2754 2 0 1487 1508 1449 
2755 2 0 1394 1449 1508 
2756 2 0 1487 1482 1508 
2757 2 0 1482 1319 1508 
2758 2 0 1506 1419 1452 
2759 2 0 1483 1452 1419 
2760 2 0 1489 1589 1521 
2761 2 0 1521 1590 1437 
2762 2 0 1553 1586 1550 
2763 2 0 1551 1550 1586 
2764 2 0 1553 1555 1586 
2765 2 0 1555 1445 1586 
2766 2 0 1340 1342 1518 
2767 2 0 1339 1338 1518 
2768 2 0 1476 1572 1350 
2769 2 0 1476 1423 1572 
2770 2 0 1340 1498 1585 
2771 2 0 1336 1585 1498 
2772 2 0 1525 1527 1549 
2773 2 0 1504 1549 1527 
2774 2 0 1567 1278 1494 
2775 2 0 1475 1451 1278 
2776 2 0 1567 1279 1278 
2777 2 0 1475 1278 1277 
2778 2 0 1557 1564 1563 
2779 2 0 1558 1557 1563 
2780 2 0 1555 1554 1563 
2781 2 0 1558 1563 1554 
2782 2 0 1500 1433 1505 
2783 2 0 1572 1500 1505 
2784 2 0 1572 1505 1429 
2785 2 0 1588 1589 1324 
2786 2 0 1301 1324 1299 
2787 2 0 1588 1283 1590 
2788 2 0 1437 1590 1283 
2789 2 0 1340 1518 1497 
2790 2 0 1338 1497 1518 
2791 2 0 1411 1591 1412 
2792 2 0 1450 1412 1591 
2793 2 0 1411 1579 1591 
2794 2 0 1450 1591 1579 
2795 2 0 1426 1429 1505 
2796 2 0 1426 1506 1429 
2797 2 0 1404 1429 1506 
2798 2 0 1549 1574 1578 
2799 2 0 1573 1578 1574 
2800 2 0 1549 1507 1574 
2801 2 0 1507 1403 1574 
2802 2 0 1299 1324 1589 
2803 2 0 1489 1299 1589 
2804 2 0 1588 1590 1589 
2805 2 0 1590 1521 1589 
2806 2 0 1284 1592 1587 
2807 2 0 1588 1587 1592 
2808 2 0 1284 1283 1592 
2809 2 0 1588 1592 1283 
2810 2 0 1557 1593 1556 
2811 2 0 1561 1556 1593 
2812 2 0 1557 1559 1593 
2813 2 0 1561 1593 1559 
2814 2 0 1530 1552 1577 
2815 2 0 1530 1577 1529 
2816 2 0 1541 1395 1527 
2817 2 0 1541 1543 1395 
2818 2 0 1571 1594 1584 
2819 2 0 1562 1584 1594 
2820 2 0 1571 1528 1594 
2821 2 0 1562 1594 1528 
2822 2 0 1577 1551 1444 
2823 2 0 1522 1582 1444 
2824 2 0 1595 1596 628 
2825 2 0 629 628 1302 
2826 2 0 1597 624 664 
2827 2 0 1597 1595 624 
2828 2 0 1598 1599 1526 
2829 2 0 1600 1525 1578 
2830 2 0 1578 1573 1601 
2831 2 0 1601 1573 1602 
2832 2 0 1578 1601 1600 
2833 2 0 1542 1541 1603 
2834 2 0 1541 1526 1603 
2835 2 0 1599 1603 1526 
2836 2 0 1526 1525 1598 
2837 2 0 1604 1568 1347 
2838 2 0 1605 1361 1606 
2839 2 0 1347 1361 1605 
2840 2 0 1602 1575 1607 
2841 2 0 1575 1602 1573 
2842 2 0 1607 1575 1568 
2843 2 0 1607 1568 1604 
2844 2 0 1347 1605 1604 
2845 2 0 1608 650 1281 
2846 2 0 1609 1610 1611 
2847 2 0 1495 1611 1326 
2848 2 0 1281 1612 1608 
2849 2 0 1280 1613 1612 
2850 2 0 1612 1281 1280 
2851 2 0 1600 1599 1598 
2852 2 0 1525 1600 1598 
2853 2 0 1302 1596 1363 
2854 2 0 1302 628 1596 
2855 2 0 1614 1615 1596 
2856 2 0 1363 1596 1615 
2857 2 0 1614 1616 1615 
2858 2 0 1329 1617 1618 
2859 2 0 1619 1618 1617 
2860 2 0 1329 1328 1617 
2861 2 0 1619 1617 1328 
2862 2 0 1620 1615 1616 
2863 2 0 1615 1621 1363 
2864 2 0 1280 1326 1613 
2865 2 0 1622 612 1613 
2866 2 0 612 1612 1613 
2867 2 0 1623 1624 1472 
2868 2 0 1581 1472 1624 
2869 2 0 1623 1625 1624 
2870 2 0 1581 1624 1625 
2871 2 0 1328 1621 1619 
2872 2 0 1620 1619 1621 
2873 2 0 1328 1363 1621 
2874 2 0 1620 1621 1615 
2875 2 0 1581 1626 1361 
2876 2 0 1606 1361 1626 
2877 2 0 1581 1625 1626 
2878 2 0 1606 1626 1625 
2879 2 0 1627 1628 1335 
2880 2 0 1472 1335 1628 
2881 2 0 1627 1623 1628 
2882 2 0 1472 1628 1623 
2883 2 0 1595 1629 1596 
2884 2 0 1614 1596 1629 
2885 2 0 1595 1597 1629 
2886 2 0 1614 1629 1597 
2887 2 0 1329 1630 1335 
2888 2 0 1329 1618 1630 
2889 2 0 1631 1630 1618 
2890 2 0 1326 1610 1613 
2891 2 0 1622 1613 1610 
2892 2 0 1326 1611 1610 
2893 2 0 1622 1610 1609 
2894 2 0 1631 1632 1630 
2895 2 0 1335 1630 1632 
2896 2 0 1631 1627 1632 
2897 2 0 1335 1632 1627 
2898 2 0 1601 1633 1600 
2899 2 0 1607 1604 1634 
2900 2 0 1602 1607 1635 
2901 2 0 1602 1636 1601 
2902 2 0 1605 1637 1604 
2903 2 0 664 1638 1639 
2904 2 0 1542 1603 1640 
2905 2 0 1640 1603 1641 
2906 2 0 1599 1641 1603 
2907 2 0 1600 1642 1599 
2908 2 0 1643 1600 1633 
2909 2 0 1599 1642 1641 
2910 2 0 1633 1601 1636 
2911 2 0 1635 1636 1602 
2912 2 0 1634 1604 1637 
2913 2 0 1607 1634 1635 
2914 2 0 1644 1639 1638 
2915 2 0 666 1645 1639 
2916 2 0 1600 1643 1642 
2917 2 0 1643 1641 1642 
2918 2 0 1639 1646 666 
2919 2 0 1647 1611 1495 
2920 2 0 1644 1646 1639 
2921 2 0 598 1648 606 
2922 2 0 1647 606 1648 
2923 2 0 1647 1648 1611 
2924 2 0 1649 1650 1645 
2925 2 0 1639 1645 1650 
2926 2 0 1649 1651 1650 
2927 2 0 1618 1652 1631 
2928 2 0 1653 1652 1654 
2929 2 0 1616 1655 1620 
2930 2 0 1656 1655 1649 
2931 2 0 1616 1614 1651 
2932 2 0 1649 1655 1651 
2933 2 0 1616 1651 1655 
2934 2 0 1611 1648 1609 
2935 2 0 598 1609 1648 
2936 2 0 1619 1620 1655 
2937 2 0 1654 1657 1656 
2938 2 0 1619 1657 1618 
2939 2 0 1619 1655 1657 
2940 2 0 1655 1656 1657 
2941 2 0 1639 1658 664 
2942 2 0 1597 664 1658 
2943 2 0 1639 1650 1658 
2944 2 0 1597 1658 1650 
2945 2 0 1652 1659 1631 
2946 2 0 1660 1659 1653 
2947 2 0 1623 1661 1625 
2948 2 0 1662 1625 1661 
2949 2 0 1623 1660 1661 
2950 2 0 1662 1661 1660 
2951 2 0 1625 1663 1606 
2952 2 0 1664 1606 1663 
2953 2 0 1625 1662 1663 
2954 2 0 1664 1663 1662 
2955 2 0 1627 1659 1623 
2956 2 0 1660 1623 1659 
2957 2 0 1627 1631 1659 
2958 2 0 1652 1653 1659 
2959 2 0 1654 1652 1657 
2960 2 0 1618 1657 1652 
2961 2 0 1597 1665 1614 
2962 2 0 1651 1614 1665 
2963 2 0 1597 1650 1665 
2964 2 0 1651 1665 1650 
2965 2 0 1606 1666 1605 
2966 2 0 1637 1605 1666 
2967 2 0 1606 1664 1666 
2968 2 0 1637 1666 1664 
2969 2 0 612 1622 613 
2970 2 0 1667 1609 713 
2971 2 0 613 1622 1667 
2972 2 0 1622 1609 1667 
2973 2 0 597 1609 598 
2974 2 0 1609 597 713 
2975 2 0 1668 1669 1670 
2976 2 0 1671 1672 1673 
2977 2 0 1674 1675 1670 
2978 2 0 1676 1677 1678 
2979 2 0 1679 1680 1677 
2980 2 0 1681 1682 1683 
2981 2 0 1677 1684 1678 
2982 2 0 1685 1686 1687 
2983 2 0 1671 1688 1668 
2984 2 0 1671 1668 1670 
2985 2 0 1673 1689 1690 
2986 2 0 1672 1671 1691 
2987 2 0 1671 1670 1691 
2988 2 0 1692 1687 1693 
2989 2 0 1694 1695 1696 
2990 2 0 1697 1670 1669 
2991 2 0 1698 1699 1700 
2992 2 0 1701 1686 1685 
2993 2 0 1702 1701 1685 
2994 2 0 1701 1703 1686 
2995 2 0 1670 1704 1691 
2996 2 0 1695 1692 1696 
2997 2 0 1674 1705 1706 
2998 2 0 1707 1705 1708 
2999 2 0 1709 1674 1710 
3000 2 0 1696 1711 1694 
3001 2 0 1696 1693 1711 
3002 2 0 1712 1711 1713 
3003 2 0 1700 1713 1711 
3004 2 0 1693 1700 1711 
3005 2 0 1675 1674 1706 
3006 2 0 1714 1715 1716 
3007 2 0 1714 1708 1715 
3008 2 0 1681 1680 1682 
3009 2 0 1717 1680 1718 
3010 2 0 1710 1674 1697 
3011 2 0 1697 1674 1670 
3012 2 0 1704 1670 1675 
3013 2 0 1712 1719 1720 
3014 2 0 1694 1711 1720 
3015 2 0 1712 1720 1711 
3016 2 0 1682 1721 1683 
3017 2 0 1709 1683 1721 
3018 2 0 1682 1715 1721 
3019 2 0 1709 1721 1674 
3020 2 0 1713 1700 1722 
3021 2 0 1722 1700 1699 
3022 2 0 1682 1717 1715 
3023 2 0 1717 1682 1680 
3024 2 0 1679 1718 1680 
3025 2 0 1681 1684 1680 
3026 2 0 1684 1677 1680 
3027 2 0 1723 1690 1689 
3028 2 0 1724 1723 1689 
3029 2 0 1673 1725 1689 
3030 2 0 1694 1720 1689 
3031 2 0 1726 1722 1699 
3032 2 0 1693 1698 1700 
3033 2 0 1703 1699 1698 
3034 2 0 1703 1698 1686 
3035 2 0 1690 1688 1673 
3036 2 0 1671 1673 1688 
3037 2 0 1690 1727 1688 
3038 2 0 1727 1668 1688 
3039 2 0 1686 1698 1687 
3040 2 0 1716 1715 1717 
3041 2 0 1716 1717 1718 
3042 2 0 1696 1692 1693 
3043 2 0 1698 1693 1687 
3044 2 0 1695 1725 1672 
3045 2 0 1673 1672 1725 
3046 2 0 1695 1694 1725 
3047 2 0 1694 1689 1725 
3048 2 0 1719 1724 1720 
3049 2 0 1724 1689 1720 
3050 2 0 1721 1705 1674 
3051 2 0 1707 1706 1705 
3052 2 0 1721 1715 1705 
3053 2 0 1715 1708 1705 
3054 2 0 1728 1729 1730 
3055 2 0 1731 1732 1733 
3056 2 0 1734 1735 1736 
3057 2 0 1737 1738 1739 
3058 2 0 1676 1740 1677 
3059 2 0 1741 1742 1743 
3060 2 0 1744 1745 1731 
3061 2 0 1746 1747 1748 
3062 2 0 1749 1733 1750 
3063 2 0 1729 1751 1752 
3064 2 0 1731 1745 1732 
3065 2 0 1753 1754 1755 
3066 2 0 1756 1757 1729 
3067 2 0 1746 1748 1745 
3068 2 0 1758 1752 1759 
3069 2 0 1745 1748 1732 
3070 2 0 1752 1758 1760 
3071 2 0 1758 1761 1760 
3072 2 0 1702 1739 1701 
3073 2 0 1738 1703 1701 
3074 2 0 1737 1744 1762 
3075 2 0 1738 1701 1739 
3076 2 0 1733 1763 1731 
3077 2 0 1762 1764 1737 
3078 2 0 1731 1763 1762 
3079 2 0 1762 1744 1731 
3080 2 0 1748 1765 1732 
3081 2 0 1748 1747 1765 
3082 2 0 1766 1767 1765 
3083 2 0 1732 1765 1767 
3084 2 0 1766 1768 1767 
3085 2 0 1716 1718 1769 
3086 2 0 1742 1770 1769 
3087 2 0 1716 1769 1771 
3088 2 0 1763 1733 1749 
3089 2 0 1766 1765 1772 
3090 2 0 1728 1772 1765 
3091 2 0 1747 1728 1765 
3092 2 0 1679 1677 1773 
3093 2 0 1743 1742 1773 
3094 2 0 1768 1774 1767 
3095 2 0 1767 1775 1732 
3096 2 0 1776 1777 1778 
3097 2 0 1779 1780 1777 
3098 2 0 1776 1781 1777 
3099 2 0 1779 1777 1782 
3100 2 0 1783 1754 1753 
3101 2 0 1760 1734 1754 
3102 2 0 1760 1754 1752 
3103 2 0 1738 1764 1703 
3104 2 0 1703 1784 1699 
3105 2 0 1763 1749 1784 
3106 2 0 1749 1785 1784 
3107 2 0 1784 1703 1764 
3108 2 0 1763 1784 1764 
3109 2 0 1738 1737 1764 
3110 2 0 1763 1764 1762 
3111 2 0 1747 1751 1729 
3112 2 0 1759 1752 1751 
3113 2 0 1747 1746 1751 
3114 2 0 1759 1751 1746 
3115 2 0 1786 1787 1741 
3116 2 0 1742 1741 1787 
3117 2 0 1786 1735 1787 
3118 2 0 1677 1740 1773 
3119 2 0 1743 1773 1740 
3120 2 0 1771 1781 1788 
3121 2 0 1716 1771 1788 
3122 2 0 1789 1714 1788 
3123 2 0 1716 1788 1714 
3124 2 0 1790 1735 1786 
3125 2 0 1782 1770 1735 
3126 2 0 1790 1736 1735 
3127 2 0 1782 1735 1779 
3128 2 0 1750 1733 1791 
3129 2 0 1774 1791 1775 
3130 2 0 1733 1732 1775 
3131 2 0 1774 1775 1767 
3132 2 0 1792 1749 1750 
3133 2 0 1775 1791 1733 
3134 2 0 1760 1780 1734 
3135 2 0 1755 1754 1734 
3136 2 0 1779 1735 1734 
3137 2 0 1755 1734 1736 
3138 2 0 1793 1730 1729 
3139 2 0 1747 1729 1728 
3140 2 0 1730 1772 1728 
3141 2 0 1771 1769 1770 
3142 2 0 1782 1771 1770 
3143 2 0 1742 1787 1770 
3144 2 0 1787 1735 1770 
3145 2 0 1718 1679 1769 
3146 2 0 1789 1781 1776 
3147 2 0 1782 1777 1781 
3148 2 0 1789 1788 1781 
3149 2 0 1782 1781 1771 
3150 2 0 1757 1756 1783 
3151 2 0 1793 1729 1757 
3152 2 0 1752 1756 1729 
3153 2 0 1679 1773 1769 
3154 2 0 1742 1769 1773 
3155 2 0 1783 1756 1754 
3156 2 0 1752 1754 1756 
3157 2 0 1778 1777 1780 
3158 2 0 1761 1778 1780 
3159 2 0 1779 1734 1780 
3160 2 0 1761 1780 1760 
3161 2 0 1792 1785 1749 
3162 2 0 1699 1784 1785 
3163 2 0 1792 1726 1785 
3164 2 0 1699 1785 1726 
3165 2 0 1714 1794 1708 
3166 2 0 1707 1708 1794 
3167 2 0 1795 1796 1797 
3168 2 0 1798 1799 1800 
3169 2 0 1801 1802 1803 
3170 2 0 1800 1804 1805 
3171 2 0 1672 1691 1806 
3172 2 0 1807 1808 1687 
3173 2 0 1809 1810 1811 
3174 2 0 1812 1813 1814 
3175 2 0 1812 1815 1813 
3176 2 0 1797 1813 1815 
3177 2 0 1816 1817 1818 
3178 2 0 1800 1805 1819 
3179 2 0 1805 1820 1819 
3180 2 0 1821 1822 1814 
3181 2 0 1823 1824 1822 
3182 2 0 1825 1826 1827 
3183 2 0 1826 1828 1707 
3184 2 0 1823 1822 1829 
3185 2 0 1823 1830 1831 
3186 2 0 1823 1829 1830 
3187 2 0 1832 1830 1819 
3188 2 0 1833 1834 1835 
3189 2 0 1836 1837 1795 
3190 2 0 1838 1837 1839 
3191 2 0 1840 1841 1842 
3192 2 0 1840 1843 1841 
3193 2 0 1843 1844 1841 
3194 2 0 1845 1846 1796 
3195 2 0 1847 1797 1796 
3196 2 0 1848 1849 1675 
3197 2 0 1704 1675 1811 
3198 2 0 1849 1850 1811 
3199 2 0 1851 1852 1853 
3200 2 0 1804 1854 1853 
3201 2 0 1851 1853 1854 
3202 2 0 1855 1856 1843 
3203 2 0 1857 1858 1798 
3204 2 0 1855 1859 1856 
3205 2 0 1860 1861 1799 
3206 2 0 1804 1800 1799 
3207 2 0 1860 1799 1798 
3208 2 0 1862 1848 1828 
3209 2 0 1706 1707 1828 
3210 2 0 1825 1828 1826 
3211 2 0 1804 1853 1805 
3212 2 0 1811 1863 1704 
3213 2 0 1819 1830 1829 
3214 2 0 1800 1819 1829 
3215 2 0 1797 1836 1795 
3216 2 0 1815 1864 1797 
3217 2 0 1821 1814 1844 
3218 2 0 1797 1847 1844 
3219 2 0 1800 1857 1798 
3220 2 0 1821 1857 1822 
3221 2 0 1810 1833 1835 
3222 2 0 1865 1866 1835 
3223 2 0 1866 1867 1835 
3224 2 0 1868 1820 1869 
3225 2 0 1805 1870 1820 
3226 2 0 1832 1819 1820 
3227 2 0 1865 1835 1871 
3228 2 0 1865 1871 1836 
3229 2 0 1821 1844 1843 
3230 2 0 1847 1841 1844 
3231 2 0 1815 1806 1864 
3232 2 0 1865 1836 1864 
3233 2 0 1836 1797 1864 
3234 2 0 1872 1873 1862 
3235 2 0 1814 1822 1824 
3236 2 0 1812 1814 1824 
3237 2 0 1807 1874 1823 
3238 2 0 1823 1831 1807 
3239 2 0 1814 1813 1844 
3240 2 0 1797 1844 1813 
3241 2 0 1803 1817 1801 
3242 2 0 1875 1801 1817 
3243 2 0 1803 1818 1817 
3244 2 0 1816 1876 1817 
3245 2 0 1877 1878 1879 
3246 2 0 1832 1880 1878 
3247 2 0 1875 1876 1881 
3248 2 0 1875 1817 1876 
3249 2 0 1882 1876 1816 
3250 2 0 1800 1829 1857 
3251 2 0 1822 1857 1829 
3252 2 0 1832 1878 1882 
3253 2 0 1882 1883 1832 
3254 2 0 1879 1878 1880 
3255 2 0 1868 1879 1880 
3256 2 0 1832 1820 1880 
3257 2 0 1868 1880 1820 
3258 2 0 1852 1870 1853 
3259 2 0 1805 1853 1870 
3260 2 0 1852 1869 1870 
3261 2 0 1869 1820 1870 
3262 2 0 1881 1876 1882 
3263 2 0 1877 1881 1882 
3264 2 0 1877 1882 1878 
3265 2 0 1849 1848 1862 
3266 2 0 1706 1828 1848 
3267 2 0 1811 1675 1849 
3268 2 0 1706 1848 1675 
3269 2 0 1865 1864 1866 
3270 2 0 1806 1866 1864 
3271 2 0 1884 1885 1886 
3272 2 0 1871 1887 1888 
3273 2 0 1889 1888 1887 
3274 2 0 1889 1887 1871 
3275 2 0 1827 1826 1794 
3276 2 0 1707 1794 1826 
3277 2 0 1890 1891 1892 
3278 2 0 1833 1893 1892 
3279 2 0 1840 1855 1843 
3280 2 0 1845 1796 1838 
3281 2 0 1795 1838 1796 
3282 2 0 1839 1845 1838 
3283 2 0 1841 1894 1842 
3284 2 0 1809 1893 1810 
3285 2 0 1833 1810 1893 
3286 2 0 1809 1885 1893 
3287 2 0 1850 1895 1809 
3288 2 0 1862 1895 1849 
3289 2 0 1809 1811 1850 
3290 2 0 1685 1687 1808 
3291 2 0 1702 1685 1808 
3292 2 0 1702 1808 1896 
3293 2 0 1687 1692 1874 
3294 2 0 1806 1815 1897 
3295 2 0 1812 1897 1815 
3296 2 0 1897 1812 1898 
3297 2 0 1898 1874 1692 
3298 2 0 1897 1898 1695 
3299 2 0 1692 1695 1898 
3300 2 0 1862 1873 1895 
3301 2 0 1885 1809 1895 
3302 2 0 1850 1849 1895 
3303 2 0 1885 1899 1893 
3304 2 0 1892 1893 1899 
3305 2 0 1892 1899 1890 
3306 2 0 1885 1900 1886 
3307 2 0 1873 1886 1900 
3308 2 0 1885 1895 1900 
3309 2 0 1873 1900 1895 
3310 2 0 1816 1901 1831 
3311 2 0 1816 1818 1901 
3312 2 0 1896 1901 1818 
3313 2 0 1808 1902 1896 
3314 2 0 1806 1691 1867 
3315 2 0 1810 1835 1867 
3316 2 0 1806 1867 1866 
3317 2 0 1892 1834 1833 
3318 2 0 1871 1835 1834 
3319 2 0 1871 1834 1889 
3320 2 0 1691 1863 1867 
3321 2 0 1810 1867 1863 
3322 2 0 1691 1704 1863 
3323 2 0 1810 1863 1811 
3324 2 0 1892 1903 1834 
3325 2 0 1889 1834 1903 
3326 2 0 1892 1891 1903 
3327 2 0 1889 1903 1891 
3328 2 0 1843 1858 1821 
3329 2 0 1857 1821 1858 
3330 2 0 1843 1856 1858 
3331 2 0 1856 1798 1858 
3332 2 0 1830 1832 1883 
3333 2 0 1831 1830 1883 
3334 2 0 1882 1816 1883 
3335 2 0 1831 1883 1816 
3336 2 0 1890 1899 1884 
3337 2 0 1885 1884 1899 
3338 2 0 1846 1894 1796 
3339 2 0 1847 1796 1894 
3340 2 0 1846 1842 1894 
3341 2 0 1847 1894 1841 
3342 2 0 1812 1874 1898 
3343 2 0 1807 1687 1874 
3344 2 0 1812 1824 1874 
3345 2 0 1824 1823 1874 
3346 2 0 1695 1672 1897 
3347 2 0 1806 1897 1672 
3348 2 0 1798 1904 1860 
3349 2 0 1859 1860 1904 
3350 2 0 1798 1856 1904 
3351 2 0 1859 1904 1856 
3352 2 0 1831 1902 1807 
3353 2 0 1808 1807 1902 
3354 2 0 1831 1901 1902 
3355 2 0 1901 1896 1902 
3356 2 0 1825 1905 1828 
3357 2 0 1862 1828 1905 
3358 2 0 1825 1872 1905 
3359 2 0 1862 1905 1872 
3360 2 0 1888 1839 1837 
3361 2 0 1871 1888 1837 
3362 2 0 1838 1795 1837 
3363 2 0 1871 1837 1836 
3364 2 0 1861 1906 1799 
3365 2 0 1804 1799 1906 
3366 2 0 1861 1854 1906 
3367 2 0 1804 1906 1854 
3368 2 0 1789 1794 1714 
3369 2 0 1802 1907 1803 
3370 2 0 1759 1908 1758 
3371 2 0 1909 1745 1910 
3372 2 0 1744 1910 1745 
3373 2 0 1911 1912 1908 
3374 2 0 1803 1913 1818 
3375 2 0 1914 1915 1916 
3376 2 0 1917 1918 1919 
3377 2 0 1920 1921 1922 
3378 2 0 1909 1923 1922 
3379 2 0 1919 1924 1925 
3380 2 0 1825 1827 1926 
3381 2 0 1778 1927 1776 
3382 2 0 1746 1745 1909 
3383 2 0 1928 1929 1930 
3384 2 0 1928 1930 1931 
3385 2 0 1778 1932 1927 
3386 2 0 1778 1761 1932 
3387 2 0 1761 1933 1932 
3388 2 0 1839 1888 1934 
3389 2 0 1935 1936 1937 
3390 2 0 1891 1938 1889 
3391 2 0 1930 1938 1931 
3392 2 0 1854 1861 1939 
3393 2 0 1940 1941 1936 
3394 2 0 1854 1939 1941 
3395 2 0 1914 1942 1915 
3396 2 0 1914 1943 1942 
3397 2 0 1825 1926 1927 
3398 2 0 1926 1776 1927 
3399 2 0 1935 1944 1919 
3400 2 0 1925 1943 1919 
3401 2 0 1935 1919 1945 
3402 2 0 1859 1946 1860 
3403 2 0 1859 1937 1946 
3404 2 0 1936 1946 1937 
3405 2 0 1947 1948 1949 
3406 2 0 1950 1951 1949 
3407 2 0 1886 1873 1952 
3408 2 0 1912 1952 1932 
3409 2 0 1922 1921 1929 
3410 2 0 1925 1953 1943 
3411 2 0 1914 1945 1943 
3412 2 0 1945 1919 1943 
3413 2 0 1935 1940 1936 
3414 2 0 1935 1945 1940 
3415 2 0 1950 1954 1951 
3416 2 0 1914 1916 1954 
3417 2 0 1951 1954 1916 
3418 2 0 1845 1839 1955 
3419 2 0 1855 1840 1956 
3420 2 0 1890 1884 1957 
3421 2 0 1737 1739 1942 
3422 2 0 1909 1910 1923 
3423 2 0 1854 1958 1851 
3424 2 0 1959 1851 1958 
3425 2 0 1854 1941 1958 
3426 2 0 1949 1959 1941 
3427 2 0 1958 1941 1959 
3428 2 0 1950 1949 1941 
3429 2 0 1939 1936 1941 
3430 2 0 1950 1941 1940 
3431 2 0 1923 1910 1953 
3432 2 0 1925 1923 1953 
3433 2 0 1942 1943 1953 
3434 2 0 1803 1960 1913 
3435 2 0 1961 1962 1960 
3436 2 0 1803 1907 1960 
3437 2 0 1961 1960 1907 
3438 2 0 1963 1964 1965 
3439 2 0 1966 1963 1965 
3440 2 0 1967 1968 1962 
3441 2 0 1961 1967 1962 
3442 2 0 1969 1913 1962 
3443 2 0 1913 1960 1962 
3444 2 0 1948 1959 1949 
3445 2 0 1969 1970 1913 
3446 2 0 1969 1916 1970 
3447 2 0 1916 1915 1970 
3448 2 0 1969 1971 1916 
3449 2 0 1951 1916 1971 
3450 2 0 1969 1968 1971 
3451 2 0 1951 1971 1965 
3452 2 0 1928 1931 1972 
3453 2 0 1908 1972 1911 
3454 2 0 1911 1972 1931 
3455 2 0 1957 1911 1931 
3456 2 0 1947 1964 1963 
3457 2 0 1951 1965 1964 
3458 2 0 1947 1949 1964 
3459 2 0 1951 1964 1949 
3460 2 0 1912 1933 1908 
3461 2 0 1758 1908 1933 
3462 2 0 1912 1932 1933 
3463 2 0 1758 1933 1761 
3464 2 0 1920 1918 1973 
3465 2 0 1966 1968 1967 
3466 2 0 1969 1962 1968 
3467 2 0 1966 1965 1968 
3468 2 0 1965 1971 1968 
3469 2 0 1956 1974 1917 
3470 2 0 1920 1924 1918 
3471 2 0 1917 1919 1944 
3472 2 0 1956 1917 1944 
3473 2 0 1935 1937 1944 
3474 2 0 1937 1975 1944 
3475 2 0 1929 1976 1930 
3476 2 0 1794 1977 1827 
3477 2 0 1846 1973 1978 
3478 2 0 1846 1978 1842 
3479 2 0 1889 1938 1888 
3480 2 0 1972 1908 1979 
3481 2 0 1909 1980 1746 
3482 2 0 1972 1979 1980 
3483 2 0 1979 1746 1980 
3484 2 0 1952 1912 1981 
3485 2 0 1952 1981 1886 
3486 2 0 1840 1974 1956 
3487 2 0 1840 1842 1974 
3488 2 0 1929 1982 1922 
3489 2 0 1909 1922 1982 
3490 2 0 1929 1928 1982 
3491 2 0 1909 1982 1980 
3492 2 0 1957 1983 1981 
3493 2 0 1886 1981 1983 
3494 2 0 1957 1884 1983 
3495 2 0 1886 1983 1884 
3496 2 0 1918 1917 1974 
3497 2 0 1973 1918 1974 
3498 2 0 1927 1932 1984 
3499 2 0 1952 1984 1932 
3500 2 0 1957 1985 1890 
3501 2 0 1891 1890 1985 
3502 2 0 1957 1931 1985 
3503 2 0 1942 1986 1915 
3504 2 0 1896 1987 1986 
3505 2 0 1896 1986 1702 
3506 2 0 1957 1981 1911 
3507 2 0 1912 1911 1981 
3508 2 0 1908 1759 1979 
3509 2 0 1746 1979 1759 
3510 2 0 1956 1975 1855 
3511 2 0 1859 1855 1975 
3512 2 0 1956 1944 1975 
3513 2 0 1859 1975 1937 
3514 2 0 1910 1744 1942 
3515 2 0 1910 1942 1953 
3516 2 0 1934 1976 1839 
3517 2 0 1955 1839 1976 
3518 2 0 1955 1976 1921 
3519 2 0 1972 1980 1928 
3520 2 0 1980 1982 1928 
3521 2 0 1942 1739 1986 
3522 2 0 1702 1986 1739 
3523 2 0 1931 1988 1985 
3524 2 0 1891 1985 1988 
3525 2 0 1931 1938 1988 
3526 2 0 1891 1988 1938 
3527 2 0 1919 1918 1924 
3528 2 0 1923 1925 1924 
3529 2 0 1920 1922 1924 
3530 2 0 1923 1924 1922 
3531 2 0 1915 1986 1987 
3532 2 0 1970 1915 1987 
3533 2 0 1970 1987 1913 
3534 2 0 1927 1989 1825 
3535 2 0 1872 1825 1989 
3536 2 0 1927 1984 1989 
3537 2 0 1872 1989 1984 
3538 2 0 1872 1990 1873 
3539 2 0 1952 1873 1990 
3540 2 0 1872 1984 1990 
3541 2 0 1952 1990 1984 
3542 2 0 1930 1934 1938 
3543 2 0 1934 1888 1938 
3544 2 0 1921 1991 1955 
3545 2 0 1973 1992 1991 
3546 2 0 1921 1920 1991 
3547 2 0 1973 1991 1920 
3548 2 0 1744 1737 1942 
3549 2 0 1945 1914 1954 
3550 2 0 1940 1945 1954 
3551 2 0 1940 1954 1950 
3552 2 0 1973 1974 1978 
3553 2 0 1842 1978 1974 
3554 2 0 1934 1930 1976 
3555 2 0 1921 1976 1929 
3556 2 0 1846 1992 1973 
3557 2 0 1955 1991 1992 
3558 2 0 1846 1845 1992 
3559 2 0 1955 1992 1845 
3560 2 0 1860 1946 1861 
3561 2 0 1939 1861 1946 
3562 2 0 1936 1939 1946 
3563 2 0 1913 1987 1818 
3564 2 0 1896 1818 1987 
3565 2 0 1926 1827 1977 
3566 2 0 1776 1926 1977 
3567 2 0 1794 1789 1977 
3568 2 0 1776 1977 1789 
3569 2 0 1851 1993 1852 
3570 2 0 1993 1869 1852 
3571 2 0 1994 1995 1996 
3572 2 0 1997 1869 1993 
3573 2 0 1879 1998 1877 
3574 2 0 1995 1999 2000 
3575 2 0 1801 1875 2000 
3576 2 0 2000 1996 1995 
3577 2 0 2001 1996 2000 
3578 2 0 1996 2002 2003 
3579 2 0 1995 1994 2004 
3580 2 0 2005 2006 2004 
3581 2 0 1994 1996 2003 
3582 2 0 2001 2007 2008 
3583 2 0 2001 2000 2007 
3584 2 0 1879 1868 2009 
3585 2 0 1879 2009 1998 
3586 2 0 1868 2010 2009 
3587 2 0 2011 2009 2010 
3588 2 0 2011 2010 2012 
3589 2 0 2008 2013 2001 
3590 2 0 2014 2013 2015 
3591 2 0 2008 2016 2017 
3592 2 0 2018 2019 2017 
3593 2 0 1877 2016 1881 
3594 2 0 1877 1998 2016 
3595 2 0 1998 2017 2016 
3596 2 0 2011 2020 2021 
3597 2 0 1998 2009 2021 
3598 2 0 2011 2021 2009 
3599 2 0 2008 2022 2016 
3600 2 0 1881 2016 2022 
3601 2 0 2008 2007 2022 
3602 2 0 1801 2023 1802 
3603 2 0 2024 1802 2023 
3604 2 0 2025 1999 2023 
3605 2 0 1881 2007 1875 
3606 2 0 2000 1875 2007 
3607 2 0 1881 2022 2007 
3608 2 0 1868 2026 2010 
3609 2 0 2012 2010 2026 
3610 2 0 2012 2026 1997 
3611 2 0 2001 2027 1996 
3612 2 0 2014 2027 2013 
3613 2 0 2001 2013 2027 
3614 2 0 2014 2028 2027 
3615 2 0 2029 2030 2031 
3616 2 0 1997 2026 1869 
3617 2 0 1868 1869 2026 
3618 2 0 1995 2004 2006 
3619 2 0 1999 1995 2006 
3620 2 0 2005 2032 2006 
3621 2 0 1999 2006 2031 
3622 2 0 2015 2033 2019 
3623 2 0 2015 2013 2033 
3624 2 0 2008 2033 2013 
3625 2 0 2018 2034 2020 
3626 2 0 2018 2017 2034 
3627 2 0 1998 2034 2017 
3628 2 0 2028 2002 2027 
3629 2 0 1996 2027 2002 
3630 2 0 2028 2035 2002 
3631 2 0 2035 2003 2002 
3632 2 0 2019 2033 2017 
3633 2 0 2008 2017 2033 
3634 2 0 1999 2025 2000 
3635 2 0 1801 2000 2025 
3636 2 0 2031 2023 1999 
3637 2 0 1801 2025 2023 
3638 2 0 2020 2034 2021 
3639 2 0 1998 2021 2034 
3640 2 0 2024 2023 2031 
3641 2 0 2030 2024 2031 
3642 2 0 2029 2032 2036 
3643 2 0 2005 2036 2032 
3644 2 0 2029 2031 2032 
3645 2 0 2031 2006 2032 
3646 2 0 1993 1851 1959 
3647 2 0 1997 1993 1948 
3648 2 0 2020 2011 2037 
3649 2 0 1948 1993 1959 
3650 2 0 2036 2038 2039 
3651 2 0 2040 2041 2042 
3652 2 0 2043 2044 2045 
3653 2 0 2038 2045 2039 
3654 2 0 2046 2029 2039 
3655 2 0 2041 2044 2047 
3656 2 0 1961 2048 1967 
3657 2 0 2049 2048 2050 
3658 2 0 1967 2048 2049 
3659 2 0 2051 2050 2048 
3660 2 0 2052 2053 2015 
3661 2 0 2051 2053 2050 
3662 2 0 2018 2054 2019 
3663 2 0 2052 2054 2050 
3664 2 0 2050 2055 2049 
3665 2 0 1966 1967 2049 
3666 2 0 2051 2056 2041 
3667 2 0 2057 2044 2056 
3668 2 0 2051 2048 2056 
3669 2 0 2048 2058 2056 
3670 2 0 2024 2030 2046 
3671 2 0 2057 2046 2039 
3672 2 0 2037 2055 2059 
3673 2 0 2018 2020 2059 
3674 2 0 2037 2059 2020 
3675 2 0 2012 2060 2011 
3676 2 0 2037 2011 2060 
3677 2 0 1961 1907 2058 
3678 2 0 2057 2056 2058 
3679 2 0 1961 2058 2048 
3680 2 0 2046 2057 2061 
3681 2 0 2024 2046 2061 
3682 2 0 1907 1802 2061 
3683 2 0 2024 2061 1802 
3684 2 0 2012 1997 2062 
3685 2 0 1947 2063 2062 
3686 2 0 2012 2062 2060 
3687 2 0 2014 2040 2028 
3688 2 0 2051 2041 2040 
3689 2 0 1997 1948 2062 
3690 2 0 1947 2062 1948 
3691 2 0 2041 2056 2044 
3692 2 0 2043 2047 2044 
3693 2 0 2057 2039 2044 
3694 2 0 2039 2045 2044 
3695 2 0 2015 2019 2052 
3696 2 0 2028 2040 2042 
3697 2 0 2047 2042 2041 
3698 2 0 1907 2061 2058 
3699 2 0 2058 2061 2057 
3700 2 0 2063 1963 2037 
3701 2 0 2036 2039 2029 
3702 2 0 2030 2029 2046 
3703 2 0 1966 2064 1963 
3704 2 0 1947 1963 2063 
3705 2 0 2037 2060 2063 
3706 2 0 2060 2062 2063 
3707 2 0 2052 2019 2054 
3708 2 0 2055 2050 2054 
3709 2 0 2018 2059 2054 
3710 2 0 2055 2054 2059 
3711 2 0 2014 2015 2053 
3712 2 0 2040 2014 2053 
3713 2 0 2052 2050 2053 
3714 2 0 2040 2053 2051 
3715 2 0 2037 2064 2055 
3716 2 0 2049 2055 2064 
3717 2 0 2037 1963 2064 
3718 2 0 2049 2064 1966 
3719 2 0 2065 2003 2066 
3720 2 0 1994 2003 2065 
3721 2 0 2035 2028 2066 
3722 2 0 2066 2003 2035 
3723 2 0 1994 2067 2004 
3724 2 0 2005 2068 2036 
3725 2 0 2005 2069 2068 
3726 2 0 2067 1994 2065 
3727 2 0 2004 2067 2069 
3728 2 0 2004 2069 2005 
3729 2 0 2042 2066 2028 
3730 2 0 2047 2065 2066 
3731 2 0 2066 2042 2047 
3732 2 0 2047 2043 2065 
3733 2 0 2065 2043 2067 
3734 2 0 2045 2069 2067 
3735 2 0 2038 2068 2069 
3736 2 0 2069 2045 2038 
3737 2 0 2038 2036 2068 
3738 2 0 2067 2043 2045 
3739 2 0 2070 2071 2072 
3740 2 0 2073 2074 2075 
3741 2 0 2076 2071 2077 
3742 2 0 2078 2079 2080 
3743 2 0 2081 2082 2083 
3744 2 0 2077 2081 2083 
3745 2 0 2079 2084 2085 
3746 2 0 2081 2077 2070 
3747 2 0 2071 2070 2077 
3748 2 0 2086 2079 2087 
3749 2 0 2088 2089 2090 
3750 2 0 2091 2088 2090 
3751 2 0 2089 2092 2090 
3752 2 0 2093 2094 2095 
3753 2 0 2096 2097 2078 
3754 2 0 2098 2079 2078 
3755 2 0 2084 2098 2099 
3756 2 0 2098 2100 2099 
3757 2 0 2084 2079 2098 
3758 2 0 2083 2076 2077 
3759 2 0 2101 2080 2079 
3760 2 0 2102 2103 2104 
3761 2 0 2095 2103 2102 
3762 2 0 2104 2105 2102 
3763 2 0 2106 2107 2086 
3764 2 0 2104 2103 2108 
3765 2 0 2109 2110 2111 
3766 2 0 2110 2112 2113 
3767 2 0 2114 2102 2105 
3768 2 0 2114 2115 2102 
3769 2 0 2116 2092 2095 
3770 2 0 2117 2092 2118 
3771 2 0 2107 2101 2086 
3772 2 0 2087 2108 2086 
3773 2 0 2109 2112 2110 
3774 2 0 2071 2113 2112 
3775 2 0 2071 2112 2072 
3776 2 0 2101 2079 2086 
3777 2 0 2085 2087 2079 
3778 2 0 2106 2103 2094 
3779 2 0 2095 2094 2103 
3780 2 0 2106 2086 2103 
3781 2 0 2086 2108 2103 
3782 2 0 2119 2120 2113 
3783 2 0 2121 2120 2122 
3784 2 0 2123 2124 2076 
3785 2 0 2071 2076 2124 
3786 2 0 2123 2125 2124 
3787 2 0 2071 2124 2113 
3788 2 0 2116 2118 2092 
3789 2 0 2093 2095 2092 
3790 2 0 2117 2090 2092 
3791 2 0 2093 2092 2089 
3792 2 0 2126 2074 2073 
3793 2 0 2100 2075 2074 
3794 2 0 2126 2120 2074 
3795 2 0 2119 2127 2074 
3796 2 0 2111 2110 2121 
3797 2 0 2119 2125 2128 
3798 2 0 2123 2128 2125 
3799 2 0 2119 2113 2125 
3800 2 0 2113 2124 2125 
3801 2 0 2113 2120 2110 
3802 2 0 2121 2110 2120 
3803 2 0 2075 2097 2096 
3804 2 0 2098 2078 2097 
3805 2 0 2075 2100 2097 
3806 2 0 2098 2097 2100 
3807 2 0 2115 2116 2102 
3808 2 0 2095 2102 2116 
3809 2 0 2115 2118 2116 
3810 2 0 2100 2127 2099 
3811 2 0 2128 2099 2127 
3812 2 0 2100 2074 2127 
3813 2 0 2128 2127 2119 
3814 2 0 2072 2129 2130 
3815 2 0 2109 2130 2129 
3816 2 0 2072 2112 2129 
3817 2 0 2109 2129 2112 
3818 2 0 2122 2120 2126 
3819 2 0 2119 2074 2120 
3820 2 0 2131 2132 2133 
3821 2 0 2131 2134 2132 
3822 2 0 2135 2136 2137 
3823 2 0 2138 2139 2140 
3824 2 0 2091 2090 2141 
3825 2 0 2142 2143 2144 
3826 2 0 2145 2146 2147 
3827 2 0 2148 2149 2150 
3828 2 0 2151 2152 2153 
3829 2 0 2154 2155 2156 
3830 2 0 2157 2158 2159 
3831 2 0 2160 2161 2162 
3832 2 0 2149 2133 2150 
3833 2 0 2163 2131 2133 
3834 2 0 2150 2132 2164 
3835 2 0 2165 2164 2166 
3836 2 0 2156 2152 2151 
3837 2 0 2165 2167 2161 
3838 2 0 2151 2154 2156 
3839 2 0 2082 2081 2139 
3840 2 0 2140 2081 2070 
3841 2 0 2138 2168 2163 
3842 2 0 2140 2139 2081 
3843 2 0 2134 2131 2169 
3844 2 0 2140 2170 2138 
3845 2 0 2131 2168 2169 
3846 2 0 2168 2131 2163 
3847 2 0 2132 2150 2133 
3848 2 0 2148 2150 2164 
3849 2 0 2115 2171 2118 
3850 2 0 2115 2172 2171 
3851 2 0 2172 2173 2171 
3852 2 0 2169 2174 2134 
3853 2 0 2117 2175 2090 
3854 2 0 2143 2175 2144 
3855 2 0 2132 2176 2164 
3856 2 0 2177 2176 2178 
3857 2 0 2132 2134 2176 
3858 2 0 2179 2180 2181 
3859 2 0 2136 2179 2181 
3860 2 0 2182 2183 2181 
3861 2 0 2183 2184 2181 
3862 2 0 2185 2157 2159 
3863 2 0 2186 2185 2159 
3864 2 0 2152 2156 2159 
3865 2 0 2187 2170 2070 
3866 2 0 2070 2072 2187 
3867 2 0 2072 2188 2187 
3868 2 0 2169 2187 2174 
3869 2 0 2169 2170 2187 
3870 2 0 2140 2070 2170 
3871 2 0 2169 2168 2170 
3872 2 0 2168 2138 2170 
3873 2 0 2144 2189 2142 
3874 2 0 2190 2142 2189 
3875 2 0 2143 2141 2175 
3876 2 0 2090 2175 2141 
3877 2 0 2115 2191 2172 
3878 2 0 2192 2180 2191 
3879 2 0 2115 2114 2191 
3880 2 0 2192 2191 2114 
3881 2 0 2137 2190 2135 
3882 2 0 2179 2136 2135 
3883 2 0 2158 2193 2136 
3884 2 0 2148 2155 2149 
3885 2 0 2154 2149 2155 
3886 2 0 2148 2161 2155 
3887 2 0 2161 2156 2155 
3888 2 0 2178 2146 2145 
3889 2 0 2147 2146 2174 
3890 2 0 2178 2176 2146 
3891 2 0 2134 2146 2176 
3892 2 0 2134 2174 2146 
3893 2 0 2194 2147 2174 
3894 2 0 2137 2136 2193 
3895 2 0 2157 2193 2158 
3896 2 0 2136 2184 2158 
3897 2 0 2152 2159 2158 
3898 2 0 2177 2195 2176 
3899 2 0 2164 2176 2195 
3900 2 0 2177 2196 2195 
3901 2 0 2196 2166 2195 
3902 2 0 2148 2165 2161 
3903 2 0 2197 2161 2167 
3904 2 0 2167 2165 2166 
3905 2 0 2195 2166 2164 
3906 2 0 2148 2164 2165 
3907 2 0 2179 2173 2172 
3908 2 0 2144 2171 2173 
3909 2 0 2179 2135 2173 
3910 2 0 2144 2173 2189 
3911 2 0 2118 2171 2117 
3912 2 0 2182 2181 2180 
3913 2 0 2192 2182 2180 
3914 2 0 2179 2172 2180 
3915 2 0 2172 2191 2180 
3916 2 0 2162 2186 2160 
3917 2 0 2156 2161 2160 
3918 2 0 2197 2162 2161 
3919 2 0 2144 2175 2171 
3920 2 0 2117 2171 2175 
3921 2 0 2156 2160 2159 
3922 2 0 2186 2159 2160 
3923 2 0 2153 2184 2183 
3924 2 0 2136 2181 2184 
3925 2 0 2153 2152 2184 
3926 2 0 2152 2158 2184 
3927 2 0 2174 2187 2188 
3928 2 0 2194 2174 2188 
3929 2 0 2072 2130 2188 
3930 2 0 2194 2188 2130 
3931 2 0 2190 2189 2135 
3932 2 0 2189 2173 2135 
3933 2 0 2114 2105 2198 
3934 2 0 2198 2105 2104 
3935 2 0 2199 2200 2201 
3936 2 0 2202 2203 2204 
3937 2 0 2202 2204 2205 
3938 2 0 2206 2207 2208 
3939 2 0 2209 2210 2207 
3940 2 0 2211 2212 2084 
3941 2 0 2084 2213 2085 
3942 2 0 2214 2215 2216 
3943 2 0 2199 2217 2206 
3944 2 0 2218 2219 2220 
3945 2 0 2221 2222 2213 
3946 2 0 2217 2223 2206 
3947 2 0 2202 2224 2209 
3948 2 0 2225 2220 2226 
3949 2 0 2219 2226 2220 
3950 2 0 2099 2227 2211 
3951 2 0 2099 2128 2227 
3952 2 0 2228 2229 2230 
3953 2 0 2231 2232 2205 
3954 2 0 2233 2234 2235 
3955 2 0 2225 2226 2233 
3956 2 0 2076 2083 2224 
3957 2 0 2214 2236 2237 
3958 2 0 2237 2212 2238 
3959 2 0 2239 2240 2241 
3960 2 0 2242 2241 2108 
3961 2 0 2214 2243 2236 
3962 2 0 2215 2244 2216 
3963 2 0 2245 2246 2244 
3964 2 0 2247 2248 2249 
3965 2 0 2250 2248 2218 
3966 2 0 2245 2251 2246 
3967 2 0 2087 2085 2222 
3968 2 0 2108 2087 2252 
3969 2 0 2108 2252 2242 
3970 2 0 2246 2251 2253 
3971 2 0 2254 2255 2253 
3972 2 0 2256 2257 2258 
3973 2 0 2259 2260 2261 
3974 2 0 2262 2263 2264 
3975 2 0 2219 2263 2226 
3976 2 0 2218 2257 2219 
3977 2 0 2104 2108 2241 
3978 2 0 2239 2241 2242 
3979 2 0 2265 2266 2267 
3980 2 0 2222 2267 2252 
3981 2 0 2257 2268 2258 
3982 2 0 2251 2245 2225 
3983 2 0 2202 2209 2203 
3984 2 0 2269 2270 2203 
3985 2 0 2269 2203 2209 
3986 2 0 2259 2271 2260 
3987 2 0 2244 2260 2216 
3988 2 0 2259 2272 2271 
3989 2 0 2211 2238 2212 
3990 2 0 2221 2213 2212 
3991 2 0 2213 2084 2212 
3992 2 0 2235 2273 2233 
3993 2 0 2274 2275 2276 
3994 2 0 2277 2248 2278 
3995 2 0 2279 2277 2278 
3996 2 0 2280 2281 2282 
3997 2 0 2283 2280 2282 
3998 2 0 2281 2223 2282 
3999 2 0 2217 2284 2282 
4000 2 0 2269 2281 2270 
4001 2 0 2204 2203 2270 
4002 2 0 2250 2281 2278 
4003 2 0 2250 2270 2281 
4004 2 0 2283 2284 2201 
4005 2 0 2199 2201 2284 
4006 2 0 2283 2282 2284 
4007 2 0 2199 2284 2217 
4008 2 0 2215 2238 2227 
4009 2 0 2249 2248 2277 
4010 2 0 2250 2278 2248 
4011 2 0 2250 2218 2270 
4012 2 0 2226 2234 2233 
4013 2 0 2262 2235 2234 
4014 2 0 2226 2263 2234 
4015 2 0 2262 2234 2263 
4016 2 0 2231 2204 2220 
4017 2 0 2084 2099 2211 
4018 2 0 2252 2087 2222 
4019 2 0 2213 2222 2085 
4020 2 0 2279 2281 2280 
4021 2 0 2279 2278 2281 
4022 2 0 2214 2216 2243 
4023 2 0 2271 2243 2216 
4024 2 0 2233 2251 2225 
4025 2 0 2231 2225 2245 
4026 2 0 2246 2260 2244 
4027 2 0 2271 2216 2260 
4028 2 0 2214 2237 2238 
4029 2 0 2211 2227 2238 
4030 2 0 2214 2238 2215 
4031 2 0 2205 2204 2231 
4032 2 0 2220 2225 2231 
4033 2 0 2221 2212 2237 
4034 2 0 2236 2285 2237 
4035 2 0 2240 2198 2241 
4036 2 0 2104 2241 2198 
4037 2 0 2286 2285 2287 
4038 2 0 2261 2288 2255 
4039 2 0 2270 2218 2204 
4040 2 0 2218 2220 2204 
4041 2 0 2244 2232 2245 
4042 2 0 2215 2229 2244 
4043 2 0 2276 2289 2274 
4044 2 0 2285 2289 2237 
4045 2 0 2209 2223 2269 
4046 2 0 2209 2207 2223 
4047 2 0 2207 2206 2223 
4048 2 0 2269 2223 2281 
4049 2 0 2217 2282 2223 
4050 2 0 2290 2287 2291 
4051 2 0 2285 2291 2287 
4052 2 0 2245 2232 2231 
4053 2 0 2228 2205 2232 
4054 2 0 2267 2222 2292 
4055 2 0 2267 2292 2265 
4056 2 0 2273 2293 2233 
4057 2 0 2251 2233 2293 
4058 2 0 2273 2254 2293 
4059 2 0 2248 2268 2218 
4060 2 0 2257 2218 2268 
4061 2 0 2248 2247 2268 
4062 2 0 2247 2258 2268 
4063 2 0 2242 2252 2294 
4064 2 0 2267 2294 2252 
4065 2 0 2202 2295 2296 
4066 2 0 2224 2202 2296 
4067 2 0 2230 2123 2296 
4068 2 0 2208 2210 2082 
4069 2 0 2208 2207 2210 
4070 2 0 2224 2210 2209 
4071 2 0 2123 2297 2128 
4072 2 0 2227 2128 2297 
4073 2 0 2123 2230 2297 
4074 2 0 2227 2297 2230 
4075 2 0 2298 2264 2263 
4076 2 0 2257 2299 2219 
4077 2 0 2253 2255 2288 
4078 2 0 2246 2253 2288 
4079 2 0 2261 2260 2288 
4080 2 0 2246 2288 2260 
4081 2 0 2227 2230 2229 
4082 2 0 2215 2227 2229 
4083 2 0 2228 2232 2229 
4084 2 0 2232 2244 2229 
4085 2 0 2242 2300 2239 
4086 2 0 2301 2239 2300 
4087 2 0 2242 2294 2300 
4088 2 0 2301 2300 2294 
4089 2 0 2298 2299 2256 
4090 2 0 2257 2256 2299 
4091 2 0 2298 2263 2299 
4092 2 0 2263 2219 2299 
4093 2 0 2291 2236 2302 
4094 2 0 2290 2291 2302 
4095 2 0 2243 2271 2302 
4096 2 0 2224 2083 2210 
4097 2 0 2082 2210 2083 
4098 2 0 2285 2236 2291 
4099 2 0 2243 2302 2236 
4100 2 0 2237 2289 2221 
4101 2 0 2276 2221 2289 
4102 2 0 2254 2253 2293 
4103 2 0 2251 2293 2253 
4104 2 0 2290 2303 2272 
4105 2 0 2271 2272 2303 
4106 2 0 2290 2302 2303 
4107 2 0 2271 2303 2302 
4108 2 0 2276 2304 2292 
4109 2 0 2265 2292 2304 
4110 2 0 2276 2275 2304 
4111 2 0 2265 2304 2275 
4112 2 0 2301 2305 2266 
4113 2 0 2267 2266 2305 
4114 2 0 2301 2294 2305 
4115 2 0 2267 2305 2294 
4116 2 0 2274 2306 2286 
4117 2 0 2285 2286 2306 
4118 2 0 2274 2289 2306 
4119 2 0 2285 2306 2289 
4120 2 0 2224 2296 2076 
4121 2 0 2123 2076 2296 
4122 2 0 2230 2296 2295 
4123 2 0 2228 2230 2295 
4124 2 0 2202 2205 2295 
4125 2 0 2228 2295 2205 
4126 2 0 2276 2292 2221 
4127 2 0 2222 2221 2292 
4128 2 0 2192 2114 2198 
4129 2 0 2200 2199 2307 
4130 2 0 2154 2151 2308 
4131 2 0 2163 2133 2309 
4132 2 0 2310 2309 2133 
4133 2 0 2311 2312 2313 
4134 2 0 2314 2308 2315 
4135 2 0 2199 2206 2316 
4136 2 0 2317 2318 2319 
4137 2 0 2320 2317 2319 
4138 2 0 2321 2322 2323 
4139 2 0 2310 2312 2324 
4140 2 0 2239 2325 2240 
4141 2 0 2325 2326 2182 
4142 2 0 2149 2310 2133 
4143 2 0 2312 2327 2313 
4144 2 0 2328 2329 2327 
4145 2 0 2328 2330 2329 
4146 2 0 2183 2326 2331 
4147 2 0 2315 2332 2331 
4148 2 0 2183 2331 2153 
4149 2 0 2272 2333 2290 
4150 2 0 2334 2335 2336 
4151 2 0 2286 2287 2337 
4152 2 0 2329 2330 2337 
4153 2 0 2298 2338 2264 
4154 2 0 2298 2339 2338 
4155 2 0 2340 2336 2339 
4156 2 0 2324 2341 2342 
4157 2 0 2323 2341 2343 
4158 2 0 2320 2319 2344 
4159 2 0 2183 2182 2326 
4160 2 0 2239 2326 2325 
4161 2 0 2334 2345 2323 
4162 2 0 2345 2346 2323 
4163 2 0 2235 2262 2347 
4164 2 0 2336 2335 2347 
4165 2 0 2235 2347 2335 
4166 2 0 2348 2349 2350 
4167 2 0 2351 2349 2352 
4168 2 0 2265 2353 2266 
4169 2 0 2315 2331 2353 
4170 2 0 2344 2354 2346 
4171 2 0 2320 2344 2346 
4172 2 0 2342 2323 2346 
4173 2 0 2320 2346 2345 
4174 2 0 2334 2336 2340 
4175 2 0 2334 2340 2345 
4176 2 0 2345 2355 2320 
4177 2 0 2352 2317 2355 
4178 2 0 2320 2355 2317 
4179 2 0 2259 2356 2272 
4180 2 0 2273 2357 2254 
4181 2 0 2274 2358 2275 
4182 2 0 2138 2344 2139 
4183 2 0 2324 2354 2309 
4184 2 0 2310 2324 2309 
4185 2 0 2359 2360 2256 
4186 2 0 2298 2256 2360 
4187 2 0 2349 2339 2359 
4188 2 0 2298 2360 2339 
4189 2 0 2350 2349 2359 
4190 2 0 2351 2339 2349 
4191 2 0 2360 2359 2339 
4192 2 0 2351 2340 2339 
4193 2 0 2338 2339 2336 
4194 2 0 2342 2354 2324 
4195 2 0 2342 2346 2354 
4196 2 0 2316 2361 2362 
4197 2 0 2199 2316 2362 
4198 2 0 2363 2307 2362 
4199 2 0 2199 2362 2307 
4200 2 0 2364 2365 2366 
4201 2 0 2352 2367 2365 
4202 2 0 2363 2361 2368 
4203 2 0 2369 2370 2361 
4204 2 0 2363 2362 2361 
4205 2 0 2369 2361 2316 
4206 2 0 2369 2318 2317 
4207 2 0 2369 2316 2318 
4208 2 0 2352 2371 2317 
4209 2 0 2369 2317 2371 
4210 2 0 2352 2365 2371 
4211 2 0 2365 2370 2371 
4212 2 0 2314 2330 2372 
4213 2 0 2308 2314 2372 
4214 2 0 2328 2372 2330 
4215 2 0 2358 2330 2314 
4216 2 0 2366 2365 2367 
4217 2 0 2348 2366 2367 
4218 2 0 2352 2349 2367 
4219 2 0 2348 2367 2349 
4220 2 0 2151 2332 2308 
4221 2 0 2315 2308 2332 
4222 2 0 2151 2153 2332 
4223 2 0 2153 2331 2332 
4224 2 0 2368 2361 2370 
4225 2 0 2364 2368 2370 
4226 2 0 2369 2371 2370 
4227 2 0 2364 2370 2365 
4228 2 0 2311 2373 2343 
4229 2 0 2343 2374 2321 
4230 2 0 2321 2323 2343 
4231 2 0 2334 2322 2335 
4232 2 0 2357 2375 2322 
4233 2 0 2334 2323 2322 
4234 2 0 2357 2322 2321 
4235 2 0 2333 2376 2329 
4236 2 0 2325 2377 2240 
4237 2 0 2261 2255 2378 
4238 2 0 2261 2378 2373 
4239 2 0 2333 2337 2290 
4240 2 0 2372 2379 2308 
4241 2 0 2379 2380 2149 
4242 2 0 2310 2149 2380 
4243 2 0 2372 2380 2379 
4244 2 0 2353 2265 2381 
4245 2 0 2353 2381 2315 
4246 2 0 2254 2374 2255 
4247 2 0 2254 2357 2374 
4248 2 0 2310 2382 2312 
4249 2 0 2327 2312 2382 
4250 2 0 2310 2380 2382 
4251 2 0 2380 2328 2382 
4252 2 0 2265 2383 2381 
4253 2 0 2358 2381 2383 
4254 2 0 2265 2275 2383 
4255 2 0 2358 2383 2275 
4256 2 0 2357 2321 2374 
4257 2 0 2373 2374 2343 
4258 2 0 2326 2384 2331 
4259 2 0 2353 2331 2384 
4260 2 0 2286 2385 2274 
4261 2 0 2358 2274 2385 
4262 2 0 2358 2385 2330 
4263 2 0 2319 2386 2387 
4264 2 0 2344 2319 2387 
4265 2 0 2208 2082 2387 
4266 2 0 2358 2314 2381 
4267 2 0 2315 2381 2314 
4268 2 0 2149 2154 2379 
4269 2 0 2308 2379 2154 
4270 2 0 2235 2375 2273 
4271 2 0 2357 2273 2375 
4272 2 0 2235 2335 2375 
4273 2 0 2335 2322 2375 
4274 2 0 2309 2354 2344 
4275 2 0 2309 2344 2163 
4276 2 0 2356 2313 2376 
4277 2 0 2333 2272 2376 
4278 2 0 2356 2376 2272 
4279 2 0 2372 2328 2380 
4280 2 0 2327 2382 2328 
4281 2 0 2344 2387 2139 
4282 2 0 2082 2139 2387 
4283 2 0 2286 2388 2385 
4284 2 0 2330 2385 2388 
4285 2 0 2286 2337 2388 
4286 2 0 2330 2388 2337 
4287 2 0 2323 2342 2341 
4288 2 0 2311 2343 2341 
4289 2 0 2324 2312 2341 
4290 2 0 2311 2341 2312 
4291 2 0 2318 2316 2386 
4292 2 0 2208 2387 2386 
4293 2 0 2318 2386 2319 
4294 2 0 2301 2389 2239 
4295 2 0 2326 2239 2389 
4296 2 0 2301 2384 2389 
4297 2 0 2326 2389 2384 
4298 2 0 2353 2390 2266 
4299 2 0 2301 2266 2390 
4300 2 0 2353 2384 2390 
4301 2 0 2301 2390 2384 
4302 2 0 2287 2290 2337 
4303 2 0 2329 2337 2333 
4304 2 0 2356 2391 2392 
4305 2 0 2313 2356 2392 
4306 2 0 2373 2311 2392 
4307 2 0 2313 2392 2311 
4308 2 0 2163 2344 2138 
4309 2 0 2351 2352 2355 
4310 2 0 2340 2351 2355 
4311 2 0 2340 2355 2345 
4312 2 0 2255 2374 2378 
4313 2 0 2373 2378 2374 
4314 2 0 2327 2329 2376 
4315 2 0 2313 2327 2376 
4316 2 0 2373 2392 2391 
4317 2 0 2261 2373 2391 
4318 2 0 2356 2259 2391 
4319 2 0 2261 2391 2259 
4320 2 0 2338 2347 2264 
4321 2 0 2336 2347 2338 
4322 2 0 2262 2264 2347 
4323 2 0 2316 2206 2386 
4324 2 0 2208 2386 2206 
4325 2 0 2182 2377 2325 
4326 2 0 2198 2240 2377 
4327 2 0 2182 2192 2377 
4328 2 0 2198 2377 2192 
4329 2 0 2277 2279 2393 
4330 2 0 2394 2395 2396 
4331 2 0 2397 2256 2258 
4332 2 0 2397 2258 2247 
4333 2 0 2398 2399 2400 
4334 2 0 2397 2247 2401 
4335 2 0 2402 2403 2399 
4336 2 0 2400 2404 2405 
4337 2 0 2396 2399 2398 
4338 2 0 2201 2403 2283 
4339 2 0 2400 2403 2406 
4340 2 0 2400 2399 2403 
4341 2 0 2400 2405 2398 
4342 2 0 2402 2407 2408 
4343 2 0 2402 2408 2403 
4344 2 0 2277 2409 2249 
4345 2 0 2277 2393 2409 
4346 2 0 2410 2411 2409 
4347 2 0 2249 2409 2411 
4348 2 0 2410 2412 2411 
4349 2 0 2407 2402 2413 
4350 2 0 2414 2415 2413 
4351 2 0 2416 2417 2418 
4352 2 0 2393 2419 2417 
4353 2 0 2279 2280 2419 
4354 2 0 2407 2417 2419 
4355 2 0 2279 2419 2393 
4356 2 0 2410 2420 2421 
4357 2 0 2410 2409 2420 
4358 2 0 2393 2420 2409 
4359 2 0 2407 2422 2408 
4360 2 0 2280 2408 2422 
4361 2 0 2407 2419 2422 
4362 2 0 2280 2422 2419 
4363 2 0 2423 2424 2425 
4364 2 0 2201 2200 2425 
4365 2 0 2423 2425 2200 
4366 2 0 2403 2408 2283 
4367 2 0 2280 2283 2408 
4368 2 0 2412 2401 2426 
4369 2 0 2249 2411 2426 
4370 2 0 2412 2426 2411 
4371 2 0 2414 2427 2428 
4372 2 0 2402 2399 2427 
4373 2 0 2402 2427 2413 
4374 2 0 2414 2413 2427 
4375 2 0 2429 2424 2430 
4376 2 0 2249 2426 2247 
4377 2 0 2401 2247 2426 
4378 2 0 2424 2431 2404 
4379 2 0 2406 2424 2404 
4380 2 0 2432 2405 2404 
4381 2 0 2406 2404 2400 
4382 2 0 2415 2418 2433 
4383 2 0 2407 2413 2433 
4384 2 0 2415 2433 2413 
4385 2 0 2416 2421 2434 
4386 2 0 2393 2417 2434 
4387 2 0 2416 2434 2417 
4388 2 0 2399 2395 2427 
4389 2 0 2428 2427 2395 
4390 2 0 2399 2396 2395 
4391 2 0 2428 2395 2394 
4392 2 0 2407 2433 2417 
4393 2 0 2418 2417 2433 
4394 2 0 2201 2435 2403 
4395 2 0 2406 2403 2435 
4396 2 0 2201 2425 2435 
4397 2 0 2424 2406 2425 
4398 2 0 2393 2434 2420 
4399 2 0 2421 2420 2434 
4400 2 0 2430 2424 2423 
4401 2 0 2435 2425 2406 
4402 2 0 2432 2431 2436 
4403 2 0 2429 2436 2431 
4404 2 0 2432 2404 2431 
4405 2 0 2429 2431 2424 
4406 2 0 2397 2359 2256 
4407 2 0 2401 2350 2397 
4408 2 0 2421 2437 2410 
4409 2 0 2350 2359 2397 
4410 2 0 2436 2438 2439 
4411 2 0 2440 2441 2442 
4412 2 0 2438 2443 2444 
4413 2 0 2439 2438 2444 
4414 2 0 2445 2438 2429 
4415 2 0 2446 2443 2447 
4416 2 0 2363 2368 2448 
4417 2 0 2449 2448 2450 
4418 2 0 2451 2450 2448 
4419 2 0 2368 2451 2448 
4420 2 0 2414 2452 2415 
4421 2 0 2453 2452 2450 
4422 2 0 2453 2454 2418 
4423 2 0 2455 2454 2450 
4424 2 0 2450 2451 2455 
4425 2 0 2364 2451 2368 
4426 2 0 2442 2443 2456 
4427 2 0 2449 2442 2456 
4428 2 0 2457 2458 2456 
4429 2 0 2449 2456 2448 
4430 2 0 2423 2445 2430 
4431 2 0 2437 2459 2455 
4432 2 0 2437 2421 2459 
4433 2 0 2416 2459 2421 
4434 2 0 2437 2460 2410 
4435 2 0 2412 2410 2460 
4436 2 0 2457 2438 2445 
4437 2 0 2363 2458 2307 
4438 2 0 2363 2448 2458 
4439 2 0 2448 2456 2458 
4440 2 0 2423 2461 2445 
4441 2 0 2307 2458 2461 
4442 2 0 2423 2200 2461 
4443 2 0 2307 2461 2200 
4444 2 0 2412 2462 2401 
4445 2 0 2412 2460 2462 
4446 2 0 2460 2463 2462 
4447 2 0 2449 2440 2442 
4448 2 0 2348 2350 2462 
4449 2 0 2401 2462 2350 
4450 2 0 2414 2428 2440 
4451 2 0 2442 2447 2443 
4452 2 0 2457 2456 2443 
4453 2 0 2446 2444 2443 
4454 2 0 2457 2443 2438 
4455 2 0 2415 2453 2418 
4456 2 0 2447 2442 2441 
4457 2 0 2428 2441 2440 
4458 2 0 2445 2461 2457 
4459 2 0 2458 2457 2461 
4460 2 0 2437 2464 2366 
4461 2 0 2463 2437 2366 
4462 2 0 2430 2445 2429 
4463 2 0 2436 2429 2438 
4464 2 0 2348 2463 2366 
4465 2 0 2348 2462 2463 
4466 2 0 2437 2463 2460 
4467 2 0 2416 2454 2459 
4468 2 0 2455 2459 2454 
4469 2 0 2416 2418 2454 
4470 2 0 2453 2450 2454 
4471 2 0 2449 2450 2452 
4472 2 0 2440 2449 2452 
4473 2 0 2453 2415 2452 
4474 2 0 2440 2452 2414 
4475 2 0 2451 2464 2455 
4476 2 0 2437 2455 2464 
4477 2 0 2451 2364 2464 
4478 2 0 2364 2366 2464 
4479 2 0 2465 2466 2396 
4480 2 0 2398 2465 2396 
4481 2 0 2394 2466 2428 
4482 2 0 2466 2394 2396 
4483 2 0 2398 2405 2467 
4484 2 0 2432 2436 2468 
4485 2 0 2432 2468 2469 
4486 2 0 2467 2465 2398 
4487 2 0 2405 2469 2467 
4488 2 0 2405 2432 2469 
4489 2 0 2441 2428 2466 
4490 2 0 2447 2466 2465 
4491 2 0 2466 2447 2441 
4492 2 0 2447 2465 2446 
4493 2 0 2465 2467 2446 
4494 2 0 2444 2467 2469 
4495 2 0 2439 2469 2468 
4496 2 0 2469 2439 2444 
4497 2 0 2439 2468 2436 
4498 2 0 2467 2444 2446 
4499 2 0 2470 2471 2472 
4500 2 0 2473 2474 2475 
4501 2 0 2476 2477 2478 
4502 2 0 2479 2480 2481 
4503 2 0 2482 2483 2484 
4504 2 0 2485 2475 2474 
4505 2 0 2486 2487 2488 
4506 2 0 2489 2490 2482 
4507 2 0 2491 2492 2493 
4508 2 0 2494 2495 2496 
4509 2 0 2497 2498 2499 
4510 2 0 2484 2483 2500 
4511 2 0 2501 2502 2503 
4512 2 0 2504 2505 2506 
4513 2 0 2507 2508 2509 
4514 2 0 2510 2493 2511 
4515 2 0 2512 2513 2514 
4516 2 0 2515 2516 2495 
4517 2 0 2517 2518 2519 
4518 2 0 2520 2521 2522 
4519 2 0 2523 2506 2524 
4520 2 0 2525 2520 2522 
4521 2 0 2526 2527 2528 
4522 2 0 2529 2530 2531 
4523 2 0 2532 2516 2533 
4524 2 0 2519 2518 2521 
4525 2 0 2473 2534 2474 
4526 2 0 2532 2535 2495 
4527 2 0 2536 2537 2493 
4528 2 0 2491 2493 2510 
4529 2 0 2491 2538 2492 
4530 2 0 2536 2493 2492 
4531 2 0 2495 2539 2496 
4532 2 0 2495 2535 2539 
4533 2 0 2495 2516 2532 
4534 2 0 2532 2540 2535 
4535 2 0 2538 2491 2541 
4536 2 0 2511 2493 2540 
4537 2 0 2498 2539 2542 
4538 2 0 2543 2544 2484 
4539 2 0 2482 2484 2545 
4540 2 0 2546 2545 2544 
4541 2 0 2547 2548 2549 
4542 2 0 2550 2551 2552 
4543 2 0 2553 2554 2551 
4544 2 0 2555 2556 2557 
4545 2 0 2557 2558 2530 
4546 2 0 2559 2560 2546 
4547 2 0 2484 2500 2543 
4548 2 0 2561 2562 2563 
4549 2 0 2564 2565 2566 
4550 2 0 2567 2568 2502 
4551 2 0 2567 2569 2568 
4552 2 0 2570 2475 2571 
4553 2 0 2500 2572 2543 
4554 2 0 2573 2574 2569 
4555 2 0 2496 2498 2497 
4556 2 0 2497 2575 2496 
4557 2 0 2564 2576 2577 
4558 2 0 2578 2579 2580 
4559 2 0 2581 2582 2583 
4560 2 0 2584 2585 2586 
4561 2 0 2584 2576 2585 
4562 2 0 2576 2587 2585 
4563 2 0 2584 2588 2589 
4564 2 0 2577 2576 2589 
4565 2 0 2584 2589 2576 
4566 2 0 2475 2485 2590 
4567 2 0 2522 2571 2590 
4568 2 0 2475 2590 2571 
4569 2 0 2553 2591 2592 
4570 2 0 2553 2593 2591 
4571 2 0 2553 2594 2593 
4572 2 0 2553 2551 2594 
4573 2 0 2551 2595 2594 
4574 2 0 2538 2596 2597 
4575 2 0 2598 2599 2600 
4576 2 0 2598 2591 2599 
4577 2 0 2593 2599 2591 
4578 2 0 2601 2602 2603 
4579 2 0 2571 2513 2604 
4580 2 0 2512 2574 2604 
4581 2 0 2573 2604 2574 
4582 2 0 2592 2591 2528 
4583 2 0 2605 2575 2606 
4584 2 0 2482 2545 2504 
4585 2 0 2558 2556 2607 
4586 2 0 2607 2608 2609 
4587 2 0 2610 2611 2582 
4588 2 0 2612 2613 2614 
4589 2 0 2485 2525 2590 
4590 2 0 2522 2590 2525 
4591 2 0 2615 2561 2563 
4592 2 0 2616 2512 2514 
4593 2 0 2617 2514 2513 
4594 2 0 2574 2512 2616 
4595 2 0 2559 2618 2587 
4596 2 0 2601 2619 2548 
4597 2 0 2620 2619 2594 
4598 2 0 2564 2621 2587 
4599 2 0 2622 2560 2621 
4600 2 0 2564 2566 2621 
4601 2 0 2566 2623 2621 
4602 2 0 2624 2526 2528 
4603 2 0 2625 2528 2527 
4604 2 0 2564 2587 2576 
4605 2 0 2618 2585 2587 
4606 2 0 2610 2476 2478 
4607 2 0 2626 2478 2477 
4608 2 0 2477 2476 2561 
4609 2 0 2627 2628 2629 
4610 2 0 2630 2631 2629 
4611 2 0 2546 2632 2559 
4612 2 0 2546 2544 2632 
4613 2 0 2633 2507 2509 
4614 2 0 2616 2633 2509 
4615 2 0 2569 2574 2509 
4616 2 0 2616 2509 2574 
4617 2 0 2622 2546 2560 
4618 2 0 2559 2587 2560 
4619 2 0 2587 2621 2560 
4620 2 0 2538 2634 2492 
4621 2 0 2630 2492 2634 
4622 2 0 2538 2597 2634 
4623 2 0 2597 2631 2634 
4624 2 0 2573 2635 2604 
4625 2 0 2569 2636 2573 
4626 2 0 2567 2622 2623 
4627 2 0 2637 2499 2638 
4628 2 0 2639 2637 2638 
4629 2 0 2498 2542 2638 
4630 2 0 2542 2625 2638 
4631 2 0 2640 2481 2480 
4632 2 0 2490 2640 2480 
4633 2 0 2483 2482 2480 
4634 2 0 2490 2480 2482 
4635 2 0 2626 2479 2481 
4636 2 0 2483 2480 2479 
4637 2 0 2626 2477 2479 
4638 2 0 2477 2641 2479 
4639 2 0 2536 2642 2550 
4640 2 0 2577 2565 2564 
4641 2 0 2579 2578 2565 
4642 2 0 2489 2487 2486 
4643 2 0 2504 2488 2487 
4644 2 0 2489 2482 2487 
4645 2 0 2504 2487 2482 
4646 2 0 2643 2508 2507 
4647 2 0 2569 2509 2508 
4648 2 0 2643 2568 2508 
4649 2 0 2569 2508 2568 
4650 2 0 2530 2558 2531 
4651 2 0 2607 2531 2558 
4652 2 0 2582 2644 2583 
4653 2 0 2539 2535 2645 
4654 2 0 2641 2646 2500 
4655 2 0 2477 2561 2641 
4656 2 0 2500 2483 2641 
4657 2 0 2483 2479 2641 
4658 2 0 2610 2582 2476 
4659 2 0 2630 2642 2492 
4660 2 0 2536 2492 2642 
4661 2 0 2630 2629 2642 
4662 2 0 2647 2501 2503 
4663 2 0 2643 2503 2568 
4664 2 0 2648 2623 2566 
4665 2 0 2622 2621 2623 
4666 2 0 2522 2513 2571 
4667 2 0 2512 2604 2513 
4668 2 0 2638 2499 2498 
4669 2 0 2606 2497 2499 
4670 2 0 2488 2504 2506 
4671 2 0 2649 2524 2506 
4672 2 0 2488 2506 2523 
4673 2 0 2609 2608 2605 
4674 2 0 2502 2501 2649 
4675 2 0 2524 2649 2501 
4676 2 0 2568 2503 2502 
4677 2 0 2524 2501 2647 
4678 2 0 2617 2518 2517 
4679 2 0 2522 2521 2518 
4680 2 0 2617 2513 2518 
4681 2 0 2522 2518 2513 
4682 2 0 2553 2592 2542 
4683 2 0 2592 2625 2542 
4684 2 0 2639 2638 2625 
4685 2 0 2592 2528 2625 
4686 2 0 2639 2625 2527 
4687 2 0 2511 2570 2510 
4688 2 0 2511 2473 2570 
4689 2 0 2475 2570 2473 
4690 2 0 2515 2555 2557 
4691 2 0 2515 2495 2555 
4692 2 0 2494 2555 2495 
4693 2 0 2545 2484 2544 
4694 2 0 2613 2544 2543 
4695 2 0 2650 2629 2631 
4696 2 0 2651 2650 2631 
4697 2 0 2630 2634 2631 
4698 2 0 2651 2631 2597 
4699 2 0 2652 2572 2653 
4700 2 0 2593 2594 2603 
4701 2 0 2550 2595 2551 
4702 2 0 2620 2594 2595 
4703 2 0 2654 2655 2656 
4704 2 0 2657 2589 2588 
4705 2 0 2658 2659 2660 
4706 2 0 2661 2586 2585 
4707 2 0 2498 2496 2539 
4708 2 0 2645 2542 2539 
4709 2 0 2662 2663 2664 
4710 2 0 2561 2615 2646 
4711 2 0 2572 2500 2646 
4712 2 0 2561 2646 2641 
4713 2 0 2585 2618 2665 
4714 2 0 2585 2665 2661 
4715 2 0 2666 2667 2668 
4716 2 0 2650 2651 2662 
4717 2 0 2549 2669 2670 
4718 2 0 2666 2547 2670 
4719 2 0 2549 2670 2547 
4720 2 0 2645 2537 2552 
4721 2 0 2645 2535 2537 
4722 2 0 2540 2537 2535 
4723 2 0 2656 2632 2671 
4724 2 0 2613 2612 2671 
4725 2 0 2589 2672 2577 
4726 2 0 2589 2657 2672 
4727 2 0 2540 2493 2537 
4728 2 0 2581 2563 2562 
4729 2 0 2582 2581 2562 
4730 2 0 2561 2476 2562 
4731 2 0 2582 2562 2476 
4732 2 0 2673 2674 2658 
4733 2 0 2659 2658 2674 
4734 2 0 2541 2648 2596 
4735 2 0 2578 2597 2596 
4736 2 0 2541 2596 2538 
4737 2 0 2546 2505 2545 
4738 2 0 2546 2622 2505 
4739 2 0 2578 2596 2565 
4740 2 0 2649 2506 2505 
4741 2 0 2545 2505 2504 
4742 2 0 2651 2675 2663 
4743 2 0 2662 2651 2663 
4744 2 0 2676 2664 2663 
4745 2 0 2661 2677 2655 
4746 2 0 2656 2655 2677 
4747 2 0 2661 2665 2677 
4748 2 0 2656 2677 2665 
4749 2 0 2580 2678 2663 
4750 2 0 2676 2663 2678 
4751 2 0 2676 2678 2673 
4752 2 0 2665 2679 2656 
4753 2 0 2664 2680 2662 
4754 2 0 2615 2681 2646 
4755 2 0 2572 2646 2681 
4756 2 0 2615 2653 2681 
4757 2 0 2572 2681 2653 
4758 2 0 2552 2537 2550 
4759 2 0 2536 2550 2537 
4760 2 0 2577 2672 2565 
4761 2 0 2648 2682 2623 
4762 2 0 2635 2636 2682 
4763 2 0 2648 2541 2682 
4764 2 0 2541 2683 2682 
4765 2 0 2534 2473 2540 
4766 2 0 2534 2540 2533 
4767 2 0 2645 2554 2542 
4768 2 0 2553 2542 2554 
4769 2 0 2645 2552 2554 
4770 2 0 2552 2551 2554 
4771 2 0 2550 2628 2595 
4772 2 0 2627 2669 2628 
4773 2 0 2550 2642 2628 
4774 2 0 2642 2629 2628 
4775 2 0 2622 2684 2505 
4776 2 0 2649 2505 2684 
4777 2 0 2649 2684 2502 
4778 2 0 2635 2573 2636 
4779 2 0 2623 2682 2636 
4780 2 0 2569 2567 2636 
4781 2 0 2623 2636 2567 
4782 2 0 2668 2667 2680 
4783 2 0 2502 2684 2567 
4784 2 0 2622 2567 2684 
4785 2 0 2533 2540 2532 
4786 2 0 2613 2671 2544 
4787 2 0 2632 2544 2671 
4788 2 0 2685 2686 2652 
4789 2 0 2572 2652 2686 
4790 2 0 2572 2686 2543 
4791 2 0 2650 2687 2629 
4792 2 0 2627 2629 2687 
4793 2 0 2650 2667 2687 
4794 2 0 2667 2688 2687 
4795 2 0 2580 2579 2674 
4796 2 0 2659 2674 2579 
4797 2 0 2613 2689 2614 
4798 2 0 2685 2614 2689 
4799 2 0 2543 2689 2613 
4800 2 0 2656 2690 2654 
4801 2 0 2612 2654 2690 
4802 2 0 2656 2671 2690 
4803 2 0 2612 2690 2671 
4804 2 0 2685 2689 2686 
4805 2 0 2543 2686 2689 
4806 2 0 2491 2683 2541 
4807 2 0 2635 2682 2683 
4808 2 0 2491 2510 2683 
4809 2 0 2603 2619 2601 
4810 2 0 2549 2548 2619 
4811 2 0 2603 2594 2619 
4812 2 0 2549 2619 2620 
4813 2 0 2673 2678 2674 
4814 2 0 2580 2674 2678 
4815 2 0 2659 2579 2672 
4816 2 0 2579 2565 2672 
4817 2 0 2473 2511 2540 
4818 2 0 2632 2679 2559 
4819 2 0 2618 2559 2679 
4820 2 0 2632 2656 2679 
4821 2 0 2618 2679 2665 
4822 2 0 2648 2566 2596 
4823 2 0 2565 2596 2566 
4824 2 0 2570 2691 2510 
4825 2 0 2635 2691 2604 
4826 2 0 2604 2691 2571 
4827 2 0 2570 2571 2691 
4828 2 0 2657 2692 2672 
4829 2 0 2659 2672 2692 
4830 2 0 2657 2660 2692 
4831 2 0 2659 2692 2660 
4832 2 0 2494 2496 2575 
4833 2 0 2608 2494 2575 
4834 2 0 2497 2606 2575 
4835 2 0 2608 2575 2605 
4836 2 0 2595 2628 2669 
4837 2 0 2620 2595 2669 
4838 2 0 2627 2670 2669 
4839 2 0 2620 2669 2549 
4840 2 0 2602 2600 2599 
4841 2 0 2593 2603 2599 
4842 2 0 2602 2599 2603 
4843 2 0 2580 2675 2578 
4844 2 0 2597 2578 2675 
4845 2 0 2580 2663 2675 
4846 2 0 2597 2675 2651 
4847 2 0 2635 2683 2691 
4848 2 0 2510 2691 2683 
4849 2 0 2608 2607 2556 
4850 2 0 2494 2608 2556 
4851 2 0 2558 2557 2556 
4852 2 0 2494 2556 2555 
4853 2 0 2666 2688 2667 
4854 2 0 2627 2687 2688 
4855 2 0 2666 2670 2688 
4856 2 0 2627 2688 2670 
4857 2 0 2528 2693 2624 
4858 2 0 2598 2624 2693 
4859 2 0 2528 2591 2693 
4860 2 0 2598 2693 2591 
4861 2 0 2650 2694 2667 
4862 2 0 2680 2667 2694 
4863 2 0 2650 2662 2694 
4864 2 0 2680 2694 2662 
4865 2 0 2611 2644 2582 
4866 2 0 2472 2583 2644 
4867 2 0 2611 2470 2644 
4868 2 0 2472 2644 2470 
4869 2 0 2695 2696 2697 
4870 2 0 2698 2485 2695 
4871 2 0 2699 2472 2471 
4872 2 0 2700 2701 2702 
4873 2 0 2703 2472 2699 
4874 2 0 2704 2705 2706 
4875 2 0 2707 2708 2709 
4876 2 0 2710 2711 2712 
4877 2 0 2706 2713 2714 
4878 2 0 2515 2715 2516 
4879 2 0 2716 2717 2718 
4880 2 0 2719 2720 2721 
4881 2 0 2722 2723 2724 
4882 2 0 2706 2725 2726 
4883 2 0 2727 2728 2729 
4884 2 0 2727 2730 2731 
4885 2 0 2732 2733 2734 
4886 2 0 2714 2735 2704 
4887 2 0 2736 2737 2738 
4888 2 0 2739 2740 2724 
4889 2 0 2741 2742 2743 
4890 2 0 2744 2745 2717 
4891 2 0 2746 2747 2748 
4892 2 0 2525 2698 2749 
4893 2 0 2750 2751 2752 
4894 2 0 2753 2754 2755 
4895 2 0 2756 2757 2715 
4896 2 0 2758 2530 2529 
4897 2 0 2747 2557 2530 
4898 2 0 2515 2557 2759 
4899 2 0 2760 2696 2695 
4900 2 0 2749 2761 2762 
4901 2 0 2763 2713 2764 
4902 2 0 2749 2762 2520 
4903 2 0 2698 2695 2697 
4904 2 0 2714 2704 2706 
4905 2 0 2765 2762 2761 
4906 2 0 2749 2520 2525 
4907 2 0 2695 2485 2474 
4908 2 0 2718 2766 2756 
4909 2 0 2758 2747 2530 
4910 2 0 2534 2533 2767 
4911 2 0 2474 2760 2695 
4912 2 0 2747 2758 2748 
4913 2 0 2557 2747 2759 
4914 2 0 2697 2768 2769 
4915 2 0 2525 2485 2698 
4916 2 0 2700 2770 2701 
4917 2 0 2696 2770 2768 
4918 2 0 2770 2760 2767 
4919 2 0 2769 2768 2719 
4920 2 0 2768 2697 2696 
4921 2 0 2696 2760 2770 
4922 2 0 2697 2769 2771 
4923 2 0 2768 2700 2719 
4924 2 0 2770 2767 2701 
4925 2 0 2474 2534 2760 
4926 2 0 2721 2772 2769 
4927 2 0 2720 2773 2721 
4928 2 0 2729 2774 2773 
4929 2 0 2775 2767 2757 
4930 2 0 2757 2756 2775 
4931 2 0 2776 2777 2778 
4932 2 0 2775 2756 2778 
4933 2 0 2715 2718 2756 
4934 2 0 2533 2757 2767 
4935 2 0 2769 2772 2771 
4936 2 0 2768 2770 2700 
4937 2 0 2701 2767 2775 
4938 2 0 2721 2769 2719 
4939 2 0 2760 2534 2767 
4940 2 0 2515 2759 2715 
4941 2 0 2757 2516 2715 
4942 2 0 2757 2533 2516 
4943 2 0 2705 2704 2779 
4944 2 0 2780 2781 2702 
4945 2 0 2782 2739 2779 
4946 2 0 2705 2779 2739 
4947 2 0 2727 2729 2783 
4948 2 0 2727 2783 2763 
4949 2 0 2784 2785 2786 
4950 2 0 2784 2787 2785 
4951 2 0 2788 2789 2790 
4952 2 0 2763 2783 2714 
4953 2 0 2784 2791 2792 
4954 2 0 2583 2793 2581 
4955 2 0 2709 2793 2707 
4956 2 0 2794 2795 2796 
4957 2 0 2797 2798 2685 
4958 2 0 2799 2800 2735 
4959 2 0 2789 2801 2790 
4960 2 0 2772 2774 2795 
4961 2 0 2652 2653 2802 
4962 2 0 2548 2547 2803 
4963 2 0 2804 2786 2805 
4964 2 0 2781 2806 2702 
4965 2 0 2673 2807 2676 
4966 2 0 2673 2791 2807 
4967 2 0 2808 2807 2791 
4968 2 0 2624 2809 2810 
4969 2 0 2624 2598 2809 
4970 2 0 2668 2811 2666 
4971 2 0 2738 2812 2811 
4972 2 0 2664 2737 2680 
4973 2 0 2804 2738 2737 
4974 2 0 2548 2813 2601 
4975 2 0 2563 2814 2615 
4976 2 0 2815 2743 2742 
4977 2 0 2602 2741 2600 
4978 2 0 2813 2816 2742 
4979 2 0 2772 2817 2771 
4980 2 0 2753 2771 2817 
4981 2 0 2772 2795 2817 
4982 2 0 2818 2774 2729 
4983 2 0 2721 2773 2774 
4984 2 0 2818 2795 2774 
4985 2 0 2721 2774 2772 
4986 2 0 2743 2734 2809 
4987 2 0 2810 2809 2734 
4988 2 0 2739 2724 2819 
4989 2 0 2739 2819 2705 
4990 2 0 2712 2732 2766 
4991 2 0 2583 2820 2793 
4992 2 0 2707 2793 2820 
4993 2 0 2707 2820 2703 
4994 2 0 2705 2819 2821 
4995 2 0 2822 2821 2819 
4996 2 0 2823 2824 2746 
4997 2 0 2824 2744 2759 
4998 2 0 2759 2747 2824 
4999 2 0 2746 2824 2747 
5000 2 0 2586 2661 2825 
5001 2 0 2804 2808 2826 
5002 2 0 2784 2786 2826 
5003 2 0 2804 2826 2786 
5004 2 0 2753 2817 2754 
5005 2 0 2794 2754 2817 
5006 2 0 2794 2817 2795 
5007 2 0 2808 2791 2826 
5008 2 0 2784 2826 2791 
5009 2 0 2789 2788 2787 
5010 2 0 2729 2773 2783 
5011 2 0 2799 2783 2773 
5012 2 0 2778 2766 2776 
5013 2 0 2766 2827 2776 
5014 2 0 2781 2780 2828 
5015 2 0 2818 2751 2795 
5016 2 0 2796 2795 2751 
5017 2 0 2818 2728 2751 
5018 2 0 2796 2751 2750 
5019 2 0 2703 2820 2472 
5020 2 0 2583 2472 2820 
5021 2 0 2777 2701 2775 
5022 2 0 2719 2700 2786 
5023 2 0 2720 2719 2785 
5024 2 0 2815 2829 2776 
5025 2 0 2710 2717 2830 
5026 2 0 2716 2744 2717 
5027 2 0 2710 2712 2717 
5028 2 0 2712 2718 2717 
5029 2 0 2731 2728 2727 
5030 2 0 2818 2729 2728 
5031 2 0 2731 2752 2728 
5032 2 0 2752 2751 2728 
5033 2 0 2726 2713 2706 
5034 2 0 2763 2714 2713 
5035 2 0 2726 2831 2713 
5036 2 0 2831 2764 2713 
5037 2 0 2830 2717 2745 
5038 2 0 2823 2745 2744 
5039 2 0 2716 2759 2744 
5040 2 0 2823 2744 2824 
5041 2 0 2749 2832 2753 
5042 2 0 2771 2753 2832 
5043 2 0 2749 2698 2832 
5044 2 0 2828 2816 2833 
5045 2 0 2781 2828 2833 
5046 2 0 2764 2730 2763 
5047 2 0 2727 2763 2730 
5048 2 0 2764 2834 2730 
5049 2 0 2834 2731 2730 
5050 2 0 2835 2726 2725 
5051 2 0 2836 2835 2725 
5052 2 0 2706 2705 2725 
5053 2 0 2755 2761 2753 
5054 2 0 2749 2753 2761 
5055 2 0 2755 2837 2761 
5056 2 0 2837 2765 2761 
5057 2 0 2711 2732 2712 
5058 2 0 2734 2766 2732 
5059 2 0 2711 2733 2732 
5060 2 0 2810 2734 2733 
5061 2 0 2799 2735 2783 
5062 2 0 2714 2783 2735 
5063 2 0 2712 2766 2718 
5064 2 0 2778 2756 2766 
5065 2 0 2805 2786 2700 
5066 2 0 2702 2805 2700 
5067 2 0 2715 2759 2716 
5068 2 0 2715 2716 2718 
5069 2 0 2722 2838 2708 
5070 2 0 2709 2708 2838 
5071 2 0 2722 2724 2838 
5072 2 0 2724 2839 2838 
5073 2 0 2800 2840 2841 
5074 2 0 2790 2842 2841 
5075 2 0 2793 2843 2581 
5076 2 0 2786 2785 2719 
5077 2 0 2698 2697 2832 
5078 2 0 2771 2832 2697 
5079 2 0 2724 2723 2819 
5080 2 0 2822 2819 2723 
5081 2 0 2844 2800 2841 
5082 2 0 2612 2614 2845 
5083 2 0 2657 2588 2801 
5084 2 0 2789 2846 2801 
5085 2 0 2658 2660 2792 
5086 2 0 2777 2829 2780 
5087 2 0 2652 2847 2685 
5088 2 0 2836 2705 2821 
5089 2 0 2836 2725 2705 
5090 2 0 2740 2848 2802 
5091 2 0 2782 2797 2848 
5092 2 0 2740 2739 2848 
5093 2 0 2782 2848 2739 
5094 2 0 2845 2798 2782 
5095 2 0 2802 2848 2847 
5096 2 0 2652 2802 2847 
5097 2 0 2847 2848 2797 
5098 2 0 2797 2685 2847 
5099 2 0 2547 2666 2803 
5100 2 0 2833 2811 2812 
5101 2 0 2781 2833 2812 
5102 2 0 2738 2804 2812 
5103 2 0 2664 2676 2807 
5104 2 0 2782 2849 2845 
5105 2 0 2779 2850 2782 
5106 2 0 2833 2803 2811 
5107 2 0 2666 2811 2803 
5108 2 0 2787 2851 2789 
5109 2 0 2668 2680 2736 
5110 2 0 2738 2811 2736 
5111 2 0 2668 2736 2811 
5112 2 0 2740 2839 2724 
5113 2 0 2709 2838 2839 
5114 2 0 2740 2814 2839 
5115 2 0 2814 2843 2839 
5116 2 0 2815 2827 2743 
5117 2 0 2734 2743 2827 
5118 2 0 2815 2776 2827 
5119 2 0 2734 2827 2766 
5120 2 0 2787 2788 2852 
5121 2 0 2773 2720 2852 
5122 2 0 2844 2853 2849 
5123 2 0 2845 2849 2854 
5124 2 0 2801 2846 2657 
5125 2 0 2773 2852 2799 
5126 2 0 2825 2855 2841 
5127 2 0 2844 2841 2855 
5128 2 0 2825 2661 2855 
5129 2 0 2657 2846 2660 
5130 2 0 2792 2660 2846 
5131 2 0 2803 2833 2816 
5132 2 0 2548 2803 2816 
5133 2 0 2828 2742 2816 
5134 2 0 2548 2816 2813 
5135 2 0 2844 2850 2800 
5136 2 0 2828 2829 2742 
5137 2 0 2825 2842 2586 
5138 2 0 2584 2586 2842 
5139 2 0 2825 2841 2842 
5140 2 0 2584 2842 2790 
5141 2 0 2704 2850 2779 
5142 2 0 2849 2782 2850 
5143 2 0 2849 2850 2844 
5144 2 0 2792 2851 2784 
5145 2 0 2787 2784 2851 
5146 2 0 2792 2846 2851 
5147 2 0 2846 2789 2851 
5148 2 0 2799 2840 2800 
5149 2 0 2799 2852 2840 
5150 2 0 2788 2840 2852 
5151 2 0 2584 2856 2588 
5152 2 0 2801 2588 2856 
5153 2 0 2584 2790 2856 
5154 2 0 2801 2856 2790 
5155 2 0 2829 2777 2776 
5156 2 0 2775 2778 2777 
5157 2 0 2735 2800 2850 
5158 2 0 2704 2735 2850 
5159 2 0 2828 2780 2829 
5160 2 0 2815 2742 2829 
5161 2 0 2614 2685 2798 
5162 2 0 2845 2614 2798 
5163 2 0 2797 2782 2798 
5164 2 0 2658 2857 2673 
5165 2 0 2791 2673 2857 
5166 2 0 2658 2792 2857 
5167 2 0 2791 2857 2792 
5168 2 0 2844 2855 2655 
5169 2 0 2661 2655 2855 
5170 2 0 2709 2839 2843 
5171 2 0 2793 2709 2843 
5172 2 0 2814 2563 2843 
5173 2 0 2563 2581 2843 
5174 2 0 2845 2854 2612 
5175 2 0 2654 2612 2854 
5176 2 0 2602 2601 2813 
5177 2 0 2787 2852 2720 
5178 2 0 2787 2720 2785 
5179 2 0 2808 2804 2737 
5180 2 0 2807 2808 2737 
5181 2 0 2736 2680 2737 
5182 2 0 2807 2737 2664 
5183 2 0 2653 2615 2802 
5184 2 0 2805 2806 2804 
5185 2 0 2812 2804 2806 
5186 2 0 2805 2702 2806 
5187 2 0 2812 2806 2781 
5188 2 0 2615 2814 2802 
5189 2 0 2740 2802 2814 
5190 2 0 2741 2858 2600 
5191 2 0 2743 2858 2741 
5192 2 0 2598 2600 2858 
5193 2 0 2743 2809 2858 
5194 2 0 2598 2858 2809 
5195 2 0 2780 2701 2777 
5196 2 0 2780 2702 2701 
5197 2 0 2741 2859 2742 
5198 2 0 2813 2742 2859 
5199 2 0 2741 2602 2859 
5200 2 0 2813 2859 2602 
5201 2 0 2790 2841 2788 
5202 2 0 2840 2788 2841 
5203 2 0 2854 2849 2853 
5204 2 0 2654 2854 2853 
5205 2 0 2844 2655 2853 
5206 2 0 2654 2853 2655 
5207 2 0 2860 2639 2861 
5208 2 0 2637 2639 2860 
5209 2 0 2862 2606 2499 
5210 2 0 2863 2605 2606 
5211 2 0 2637 2864 2499 
5212 2 0 2639 2865 2861 
5213 2 0 2866 2526 2624 
5214 2 0 2867 2527 2526 
5215 2 0 2526 2866 2867 
5216 2 0 2867 2865 2527 
5217 2 0 2527 2865 2639 
5218 2 0 2868 2869 2607 
5219 2 0 2869 2531 2607 
5220 2 0 2607 2609 2868 
5221 2 0 2531 2869 2870 
5222 2 0 2870 2529 2531 
5223 2 0 2637 2860 2864 
5224 2 0 2605 2871 2609 
5225 2 0 2499 2864 2862 
5226 2 0 2863 2871 2605 
5227 2 0 2862 2872 2606 
5228 2 0 2872 2863 2606 
5229 2 0 2609 2871 2868 
5230 2 0 2624 2810 2866 
5231 2 0 2810 2867 2866 
5232 2 0 2733 2873 2867 
5233 2 0 2810 2733 2867 
5234 2 0 2711 2874 2873 
5235 2 0 2711 2710 2875 
5236 2 0 2711 2873 2733 
5237 2 0 2876 2710 2830 
5238 2 0 2830 2877 2876 
5239 2 0 2876 2875 2710 
5240 2 0 2874 2711 2875 
5241 2 0 2877 2745 2878 
5242 2 0 2745 2879 2878 
5243 2 0 2877 2830 2745 
5244 2 0 2823 2880 2879 
5245 2 0 2879 2745 2823 
5246 2 0 2823 2746 2880 
5247 2 0 2746 2748 2868 
5248 2 0 2868 2880 2746 
5249 2 0 2748 2869 2868 
5250 2 0 2869 2758 2870 
5251 2 0 2529 2870 2758 
5252 2 0 2869 2748 2758 
5253 2 0 2864 2860 2881 
5254 2 0 2862 2864 2882 
5255 2 0 2872 2862 2883 
5256 2 0 2865 2884 2861 
5257 2 0 2884 2865 2867 
5258 2 0 2860 2861 2885 
5259 2 0 2886 2861 2884 
5260 2 0 2872 2887 2863 
5261 2 0 2887 2872 2883 
5262 2 0 2863 2887 2888 
5263 2 0 2868 2871 2888 
5264 2 0 2861 2886 2885 
5265 2 0 2881 2860 2885 
5266 2 0 2882 2883 2862 
5267 2 0 2882 2864 2881 
5268 2 0 2863 2888 2871 
5269 2 0 2873 2884 2867 
5270 2 0 2884 2874 2886 
5271 2 0 2885 2886 2874 
5272 2 0 2873 2874 2884 
5273 2 0 2875 2876 2881 
5274 2 0 2875 2885 2874 
5275 2 0 2876 2882 2881 
5276 2 0 2881 2885 2875 
5277 2 0 2877 2883 2882 
5278 2 0 2882 2876 2877 
5279 2 0 2877 2878 2883 
5280 2 0 2878 2887 2883 
5281 2 0 2878 2879 2887 
5282 2 0 2888 2880 2868 
5283 2 0 2888 2879 2880 
5284 2 0 2887 2879 2888 
5285 2 0 2889 2890 2891 
5286 2 0 2891 2890 2892 
5287 2 0 2893 2894 2895 
5288 2 0 2896 2891 2892 
5289 2 0 2895 2897 2898 
5290 2 0 2898 2899 2895 
5291 2 0 2899 2900 2895 
5292 2 0 2893 2895 2901 
5293 2 0 2902 2893 2901 
5294 2 0 2895 2900 2901 
5295 2 0 2900 2899 2903 
5296 2 0 2904 2905 2906 
5297 2 0 2907 2905 2908 
5298 2 0 2909 2910 2907 
5299 2 0 2906 2910 2911 
5300 2 0 2912 2913 2909 
5301 2 0 2911 2913 2914 
5302 2 0 2915 2916 2912 
5303 2 0 2914 2916 2917 
5304 2 0 2918 2898 2897 
5305 2 0 2906 2905 2910 
5306 2 0 2907 2910 2905 
5307 2 0 2917 2919 2920 
5308 2 0 2921 2919 2915 
5309 2 0 2911 2922 2913 
5310 2 0 2909 2913 2922 
5311 2 0 2911 2910 2922 
5312 2 0 2909 2922 2910 
5313 2 0 2914 2913 2916 
5314 2 0 2912 2916 2913 
5315 2 0 2917 2923 2919 
5316 2 0 2915 2919 2923 
5317 2 0 2917 2916 2923 
5318 2 0 2915 2923 2916 
5319 2 0 2920 2924 2925 
5320 2 0 2926 2924 2921 
5321 2 0 2927 2928 2894 
5322 2 0 2895 2894 2928 
5323 2 0 2927 2897 2928 
5324 2 0 2895 2928 2897 
5325 2 0 2921 2929 2919 
5326 2 0 2920 2919 2929 
5327 2 0 2921 2924 2929 
5328 2 0 2920 2929 2924 
5329 2 0 2892 2925 2930 
5330 2 0 2926 2896 2930 
5331 2 0 2892 2930 2896 
5332 2 0 2926 2931 2924 
5333 2 0 2925 2924 2931 
5334 2 0 2926 2930 2931 
5335 2 0 2925 2931 2930 
5336 2 0 2927 2932 2897 
5337 2 0 2905 2897 2932 
5338 2 0 2927 2908 2932 
5339 2 0 2905 2932 2908 
5340 2 0 2897 2933 2918 
5341 2 0 2904 2918 2933 
5342 2 0 2897 2905 2933 
5343 2 0 2904 2933 2905 
5344 2 0 2889 2891 2934 
5345 2 0 2896 2935 2891 
5346 2 0 2934 2891 2935 
5347 2 0 2936 2937 2894 
5348 2 0 2894 2893 2936 
5349 2 0 2938 2939 2936 
5350 2 0 2893 2940 2936 
5351 2 0 2938 2936 2941 
5352 2 0 2942 2938 2941 
5353 2 0 2936 2940 2941 
5354 2 0 2940 2893 2902 
5355 2 0 2908 2943 2907 
5356 2 0 2944 2943 2945 
5357 2 0 2946 2947 2944 
5358 2 0 2907 2947 2909 
5359 2 0 2948 2949 2946 
5360 2 0 2909 2949 2912 
5361 2 0 2950 2951 2948 
5362 2 0 2912 2951 2915 
5363 2 0 2927 2894 2937 
5364 2 0 2907 2943 2947 
5365 2 0 2944 2947 2943 
5366 2 0 2915 2952 2921 
5367 2 0 2953 2952 2950 
5368 2 0 2909 2954 2949 
5369 2 0 2946 2949 2954 
5370 2 0 2909 2947 2954 
5371 2 0 2946 2954 2947 
5372 2 0 2912 2949 2951 
5373 2 0 2948 2951 2949 
5374 2 0 2915 2955 2952 
5375 2 0 2950 2952 2955 
5376 2 0 2915 2951 2955 
5377 2 0 2950 2955 2951 
5378 2 0 2921 2956 2926 
5379 2 0 2957 2956 2953 
5380 2 0 2958 2959 2939 
5381 2 0 2936 2939 2959 
5382 2 0 2958 2937 2959 
5383 2 0 2936 2959 2937 
5384 2 0 2953 2960 2952 
5385 2 0 2921 2952 2960 
5386 2 0 2953 2956 2960 
5387 2 0 2921 2960 2956 
5388 2 0 2926 2961 2896 
5389 2 0 2935 2896 2961 
5390 2 0 2935 2961 2957 
5391 2 0 2957 2962 2956 
5392 2 0 2926 2956 2962 
5393 2 0 2957 2961 2962 
5394 2 0 2926 2962 2961 
5395 2 0 2958 2963 2937 
5396 2 0 2943 2937 2963 
5397 2 0 2958 2945 2963 
5398 2 0 2943 2963 2945 
5399 2 0 2937 2964 2927 
5400 2 0 2908 2927 2964 
5401 2 0 2937 2943 2964 
5402 2 0 2908 2964 2943 
5403 2 0 2889 2934 2965 
5404 2 0 2934 150 2965 
5405 2 0 2966 150 2935 
5406 2 0 150 2934 2935 
5407 2 0 2966 2957 2967 
5408 2 0 2953 2950 159 
5409 2 0 2953 2967 2957 
5410 2 0 2935 2957 2966 
5411 2 0 2968 2950 2948 
5412 2 0 2953 159 2967 
5413 2 0 159 2950 2968 
5414 2 0 2969 2970 2971 
5415 2 0 2938 2971 2939 
5416 2 0 2972 2938 2942 
5417 2 0 2971 2973 2969 
5418 2 0 2971 2938 2972 
5419 2 0 2969 2973 137 
5420 2 0 2972 2973 2971 
5421 2 0 2939 2974 2958 
5422 2 0 2939 2971 2974 
5423 2 0 2975 2976 2977 
5424 2 0 2958 2976 2945 
5425 2 0 2978 2979 2975 
5426 2 0 2979 2980 2945 
5427 2 0 2958 2981 2976 
5428 2 0 2977 2976 2981 
5429 2 0 2958 2974 2981 
5430 2 0 2977 2981 2974 
5431 2 0 2982 2983 2978 
5432 2 0 2944 2983 2946 
5433 2 0 2945 2976 2979 
5434 2 0 2975 2979 2976 
5435 2 0 2944 2980 2983 
5436 2 0 2978 2983 2980 
5437 2 0 2944 2945 2980 
5438 2 0 2978 2980 2979 
5439 2 0 2984 2985 2982 
5440 2 0 2946 2985 2948 
5441 2 0 2946 2986 2985 
5442 2 0 2982 2985 2986 
5443 2 0 2946 2983 2986 
5444 2 0 2982 2986 2983 
5445 2 0 2948 2987 2968 
5446 2 0 2984 2968 2987 
5447 2 0 2948 2985 2987 
5448 2 0 2984 2987 2985 
5449 2 0 2971 2988 2974 
5450 2 0 2977 2974 2988 
5451 2 0 2971 2970 2988 
5452 2 0 2977 2988 2970 
5453 2 0 2889 2965 2890 
5454 2 0 2965 148 2890 
5455 2 0 148 2965 150 
5456 2 0 2892 2890 148 
5457 2 0 2892 148 2989 
5458 2 0 2925 2989 2990 
5459 2 0 2989 2925 2892 
5460 2 0 2991 2920 2990 
5461 2 0 2920 2925 2990 
5462 2 0 2920 2991 2917 
5463 2 0 2991 583 2917 
5464 2 0 2899 2992 2903 
5465 2 0 2993 2992 438 
5466 2 0 2899 2898 2994 
5467 2 0 2995 2996 2994 
5468 2 0 2898 2918 2997 
5469 2 0 2998 2995 2997 
5470 2 0 2999 2998 3000 
5471 2 0 2918 2904 3000 
5472 2 0 2999 3000 2904 
5473 2 0 2904 3001 2999 
5474 2 0 3002 2999 3001 
5475 2 0 2904 2906 3001 
5476 2 0 3002 3001 2906 
5477 2 0 2906 3003 3002 
5478 2 0 3004 3002 3003 
5479 2 0 2906 2911 3003 
5480 2 0 3004 3003 2911 
5481 2 0 3005 3006 2914 
5482 2 0 2911 2914 3006 
5483 2 0 3005 3004 3006 
5484 2 0 2911 3006 3004 
5485 2 0 2993 2903 2992 
5486 2 0 2996 438 2992 
5487 2 0 2899 2994 2992 
5488 2 0 2996 2992 2994 
5489 2 0 2898 3007 2994 
5490 2 0 2995 2994 3007 
5491 2 0 2898 2997 3007 
5492 2 0 2995 3007 2997 
5493 2 0 2998 3008 3000 
5494 2 0 2918 3000 3008 
5495 2 0 2998 2997 3008 
5496 2 0 2918 3008 2997 
5497 2 0 2914 3009 3005 
5498 2 0 583 3005 3009 
5499 2 0 2914 2917 3009 
5500 2 0 583 3009 2917 
5501 2 0 2903 3010 2900 
5502 2 0 2900 3010 3011 
5503 2 0 3012 3011 3010 
5504 2 0 2901 3013 2902 
5505 2 0 2900 3011 2901 
5506 2 0 3013 2901 3011 
5507 2 0 3014 3013 3011 
5508 2 0 3015 3016 3017 
5509 2 0 3018 3019 3017 
5510 2 0 3020 3021 3022 
5511 2 0 3023 3024 3022 
5512 2 0 3021 3020 3018 
5513 2 0 3025 3026 3023 
5514 2 0 3019 3018 3020 
5515 2 0 3027 3017 3019 
5516 2 0 3017 3027 3015 
5517 2 0 3024 3023 3026 
5518 2 0 3028 3022 3024 
5519 2 0 3028 3020 3022 
5520 2 0 3026 3025 3029 
5521 2 0 3030 3031 3032 
5522 2 0 3033 3031 3034 
5523 2 0 3035 3036 3030 
5524 2 0 3035 3037 3036 
5525 2 0 3034 3036 3037 
5526 2 0 3011 3012 3038 
5527 2 0 3032 3038 3012 
5528 2 0 3033 3039 3038 
5529 2 0 3011 3038 3039 
5530 2 0 3033 3014 3039 
5531 2 0 3011 3039 3014 
5532 2 0 3032 3040 3038 
5533 2 0 3033 3038 3040 
5534 2 0 3032 3031 3040 
5535 2 0 3033 3040 3031 
5536 2 0 3016 3041 3035 
5537 2 0 3037 3035 3041 
5538 2 0 3016 3015 3041 
5539 2 0 3037 3041 3015 
5540 2 0 3034 3042 3036 
5541 2 0 3030 3036 3042 
5542 2 0 3034 3031 3042 
5543 2 0 3030 3042 3031 
5544 2 0 2902 3013 2940 
5545 2 0 2940 3013 3043 
5546 2 0 3014 3043 3013 
5547 2 0 2941 3044 2942 
5548 2 0 2940 3043 2941 
5549 2 0 3044 2941 3043 
5550 2 0 3045 3044 3043 
5551 2 0 3046 3015 3027 
5552 2 0 3019 3047 3027 
5553 2 0 3028 3048 3020 
5554 2 0 3028 3024 3048 
5555 2 0 3019 3020 3049 
5556 2 0 3050 3024 3026 
5557 2 0 3051 3049 3020 
5558 2 0 3047 3019 3049 
5559 2 0 3027 3047 3046 
5560 2 0 3052 3050 3026 
5561 2 0 3048 3024 3050 
5562 2 0 3051 3020 3048 
5563 2 0 3052 3026 3029 
5564 2 0 3034 3053 3033 
5565 2 0 3054 3053 3055 
5566 2 0 3037 3056 3034 
5567 2 0 3037 3057 3056 
5568 2 0 3055 3056 3057 
5569 2 0 3043 3014 3058 
5570 2 0 3033 3058 3014 
5571 2 0 3054 3059 3058 
5572 2 0 3043 3058 3059 
5573 2 0 3054 3045 3059 
5574 2 0 3043 3059 3045 
5575 2 0 3033 3060 3058 
5576 2 0 3054 3058 3060 
5577 2 0 3033 3053 3060 
5578 2 0 3054 3060 3053 
5579 2 0 3015 3061 3037 
5580 2 0 3057 3037 3061 
5581 2 0 3015 3046 3061 
5582 2 0 3057 3061 3046 
5583 2 0 3055 3062 3056 
5584 2 0 3034 3056 3062 
5585 2 0 3055 3053 3062 
5586 2 0 3034 3062 3053 
5587 2 0 2942 3044 2972 
5588 2 0 2972 3044 3063 
5589 2 0 3063 3064 2973 
5590 2 0 2973 3064 137 
5591 2 0 3063 2973 2972 
5592 2 0 175 3064 3063 
5593 2 0 3044 3045 3063 
5594 2 0 3047 3065 3046 
5595 2 0 3049 3066 3047 
5596 2 0 3051 3067 3049 
5597 2 0 3068 3048 3050 
5598 2 0 3050 3052 3069 
5599 2 0 3051 3048 3068 
5600 2 0 3052 3029 3070 
5601 2 0 3065 3071 3046 
5602 2 0 3047 3066 3065 
5603 2 0 3069 3068 3050 
5604 2 0 3067 3051 3068 
5605 2 0 3067 3066 3049 
5606 2 0 3070 3069 3052 
5607 2 0 3054 3055 3072 
5608 2 0 3073 3074 3072 
5609 2 0 3074 175 3075 
5610 2 0 3063 3075 175 
5611 2 0 3054 3076 3045 
5612 2 0 3063 3045 3076 
5613 2 0 3054 3075 3076 
5614 2 0 3063 3076 3075 
5615 2 0 3077 3073 3078 
5616 2 0 3055 3057 3078 
5617 2 0 3077 3078 3057 
5618 2 0 3054 3079 3075 
5619 2 0 3074 3075 3079 
5620 2 0 3054 3072 3079 
5621 2 0 3074 3079 3072 
5622 2 0 3057 3080 3077 
5623 2 0 3071 3077 3080 
5624 2 0 3057 3046 3080 
5625 2 0 3071 3080 3046 
5626 2 0 3055 3081 3072 
5627 2 0 3073 3072 3081 
5628 2 0 3055 3078 3081 
5629 2 0 3073 3081 3078 
5630 2 0 175 3074 3082 
5631 2 0 3082 3074 3073 
5632 2 0 3083 3073 3077 
5633 2 0 3083 3077 3084 
5634 2 0 3035 3085 3086 
5635 2 0 3087 3085 3030 
5636 2 0 3083 3082 3073 
5637 2 0 438 3088 2993 
5638 2 0 2993 3010 2903 
5639 2 0 3010 2993 3088 
5640 2 0 3089 3090 3018 
5641 2 0 3021 3090 3067 
5642 2 0 3090 3089 3091 
5643 2 0 3012 3092 432 
5644 2 0 3030 3085 3035 
5645 2 0 3087 3030 3032 
5646 2 0 432 3032 3012 
5647 2 0 432 3087 3032 
5648 2 0 3067 3090 3093 
5649 2 0 3094 3089 3017 
5650 2 0 3021 3018 3090 
5651 2 0 3018 3017 3089 
5652 2 0 3084 3077 3071 
5653 2 0 177 3066 3093 
5654 2 0 3071 3065 3095 
5655 2 0 3096 3095 3065 
5656 2 0 3065 3066 3096 
5657 2 0 3095 3084 3071 
5658 2 0 3066 3067 3093 
5659 2 0 177 3093 3091 
5660 2 0 3069 3023 3068 
5661 2 0 3067 3068 3021 
5662 2 0 3025 3069 3070 
5663 2 0 3066 177 3096 
5664 2 0 3094 3017 3016 
5665 2 0 3094 3097 3089 
5666 2 0 3089 3097 3091 
5667 2 0 595 3091 3097 
5668 2 0 3094 3016 3086 
5669 2 0 3023 3022 3068 
5670 2 0 3021 3068 3022 
5671 2 0 595 177 3091 
5672 2 0 3090 3091 3093 
5673 2 0 3069 3025 3023 
5674 2 0 3070 3029 3025 
5675 2 0 3086 3016 3035 
5676 2 0 3092 3098 3088 
5677 2 0 3010 3088 3098 
5678 2 0 3092 3012 3098 
5679 2 0 3010 3098 3012 
5680 2 0 3099 3100 3101 
5681 2 0 3100 3102 3101 
5682 2 0 3103 3104 3105 
5683 2 0 3106 3102 3100 
5684 2 0 3107 3108 3109 
5685 2 0 3109 3104 3110 
5686 2 0 3110 3104 3111 
5687 2 0 3103 3112 3104 
5688 2 0 3113 3112 3103 
5689 2 0 3104 3112 3111 
5690 2 0 3111 3114 3110 
5691 2 0 3115 3116 3117 
5692 2 0 3118 3119 3117 
5693 2 0 3120 3118 3121 
5694 2 0 3116 3122 3121 
5695 2 0 3123 3120 3124 
5696 2 0 3122 3125 3124 
5697 2 0 3126 3123 3127 
5698 2 0 3125 3128 3127 
5699 2 0 3104 3109 3108 
5700 2 0 3118 3117 3121 
5701 2 0 3116 3121 3117 
5702 2 0 3128 3129 3130 
5703 2 0 3131 3126 3130 
5704 2 0 3120 3132 3124 
5705 2 0 3122 3124 3132 
5706 2 0 3120 3121 3132 
5707 2 0 3122 3132 3121 
5708 2 0 3123 3124 3127 
5709 2 0 3125 3127 3124 
5710 2 0 3126 3133 3130 
5711 2 0 3128 3130 3133 
5712 2 0 3126 3127 3133 
5713 2 0 3128 3133 3127 
5714 2 0 3129 3134 3135 
5715 2 0 3136 3131 3135 
5716 2 0 3104 3137 3105 
5717 2 0 3138 3105 3137 
5718 2 0 3104 3108 3137 
5719 2 0 3138 3137 3108 
5720 2 0 3129 3139 3130 
5721 2 0 3131 3130 3139 
5722 2 0 3129 3135 3139 
5723 2 0 3131 3139 3135 
5724 2 0 3136 3140 3106 
5725 2 0 3102 3106 3140 
5726 2 0 3102 3140 3134 
5727 2 0 3134 3141 3135 
5728 2 0 3136 3135 3141 
5729 2 0 3134 3140 3141 
5730 2 0 3136 3141 3140 
5731 2 0 3138 3142 3119 
5732 2 0 3117 3119 3142 
5733 2 0 3138 3108 3142 
5734 2 0 3117 3142 3108 
5735 2 0 3108 3143 3117 
5736 2 0 3115 3117 3143 
5737 2 0 3108 3107 3143 
5738 2 0 3115 3143 3107 
5739 2 0 3099 3144 3100 
5740 2 0 3144 3145 3100 
5741 2 0 3106 3100 3145 
5742 2 0 3138 3146 3105 
5743 2 0 3105 3147 3103 
5744 2 0 3148 3147 3149 
5745 2 0 3103 3147 3150 
5746 2 0 3148 3151 3147 
5747 2 0 3152 3151 3148 
5748 2 0 3147 3151 3150 
5749 2 0 3150 3113 3103 
5750 2 0 3119 3118 3153 
5751 2 0 3154 3155 3153 
5752 2 0 3156 3154 3157 
5753 2 0 3118 3120 3157 
5754 2 0 3158 3156 3159 
5755 2 0 3120 3123 3159 
5756 2 0 3160 3158 3161 
5757 2 0 3123 3126 3161 
5758 2 0 3147 3105 3146 
5759 2 0 3154 3153 3157 
5760 2 0 3118 3157 3153 
5761 2 0 3126 3131 3162 
5762 2 0 3163 3160 3162 
5763 2 0 3156 3164 3159 
5764 2 0 3120 3159 3164 
5765 2 0 3156 3157 3164 
5766 2 0 3120 3164 3157 
5767 2 0 3158 3159 3161 
5768 2 0 3123 3161 3159 
5769 2 0 3160 3165 3162 
5770 2 0 3126 3162 3165 
5771 2 0 3160 3161 3165 
5772 2 0 3126 3165 3161 
5773 2 0 3131 3136 3166 
5774 2 0 3167 3163 3166 
5775 2 0 3147 3168 3149 
5776 2 0 3169 3149 3168 
5777 2 0 3147 3146 3168 
5778 2 0 3169 3168 3146 
5779 2 0 3131 3170 3162 
5780 2 0 3163 3162 3170 
5781 2 0 3131 3166 3170 
5782 2 0 3163 3170 3166 
5783 2 0 3145 3171 3106 
5784 2 0 3136 3106 3171 
5785 2 0 3145 3167 3171 
5786 2 0 3136 3172 3166 
5787 2 0 3167 3166 3172 
5788 2 0 3136 3171 3172 
5789 2 0 3167 3172 3171 
5790 2 0 3169 3173 3155 
5791 2 0 3153 3155 3173 
5792 2 0 3169 3146 3173 
5793 2 0 3153 3173 3146 
5794 2 0 3146 3174 3153 
5795 2 0 3119 3153 3174 
5796 2 0 3146 3138 3174 
5797 2 0 3119 3174 3138 
5798 2 0 3099 3175 3144 
5799 2 0 3144 3175 751 
5800 2 0 3176 3145 751 
5801 2 0 751 3145 3144 
5802 2 0 3176 3177 3167 
5803 2 0 3163 757 3160 
5804 2 0 3163 3167 3177 
5805 2 0 3145 3176 3167 
5806 2 0 3178 3158 3160 
5807 2 0 3163 3177 757 
5808 2 0 757 3178 3160 
5809 2 0 3179 3180 3181 
5810 2 0 3148 3149 3180 
5811 2 0 3182 3152 3148 
5812 2 0 3180 3179 3183 
5813 2 0 3180 3182 3148 
5814 2 0 3179 755 3183 
5815 2 0 3182 3180 3183 
5816 2 0 3149 3169 3184 
5817 2 0 3149 3184 3180 
5818 2 0 3185 3186 3187 
5819 2 0 3169 3155 3187 
5820 2 0 3188 3185 3189 
5821 2 0 3154 3190 3155 
5822 2 0 3186 3191 3187 
5823 2 0 3169 3187 3191 
5824 2 0 3186 3184 3191 
5825 2 0 3169 3191 3184 
5826 2 0 3192 3188 3193 
5827 2 0 3154 3156 3193 
5828 2 0 3185 3187 3189 
5829 2 0 3155 3189 3187 
5830 2 0 3188 3190 3193 
5831 2 0 3154 3193 3190 
5832 2 0 3188 3189 3190 
5833 2 0 3189 3155 3190 
5834 2 0 3194 3192 3195 
5835 2 0 3156 3158 3195 
5836 2 0 3192 3196 3195 
5837 2 0 3156 3195 3196 
5838 2 0 3192 3193 3196 
5839 2 0 3156 3196 3193 
5840 2 0 3194 3197 3178 
5841 2 0 3158 3178 3197 
5842 2 0 3194 3195 3197 
5843 2 0 3158 3197 3195 
5844 2 0 3186 3198 3184 
5845 2 0 3180 3184 3198 
5846 2 0 3186 3181 3198 
5847 2 0 3180 3198 3181 
5848 2 0 3099 3101 3175 
5849 2 0 3175 3101 748 
5850 2 0 748 751 3175 
5851 2 0 3102 748 3101 
5852 2 0 3102 3199 748 
5853 2 0 3134 3200 3199 
5854 2 0 3199 3102 3134 
5855 2 0 3201 3200 3129 
5856 2 0 3129 3200 3134 
5857 2 0 3129 3128 3201 
5858 2 0 3201 3128 1007 
5859 2 0 3202 3203 3114 
5860 2 0 3204 3203 1003 
5861 2 0 3110 3205 3109 
5862 2 0 3206 3205 3204 
5863 2 0 3109 3207 3107 
5864 2 0 3208 3207 3206 
5865 2 0 3209 3210 3208 
5866 2 0 3209 3115 3210 
5867 2 0 3107 3210 3115 
5868 2 0 3211 3212 3209 
5869 2 0 3115 3209 3212 
5870 2 0 3211 3116 3212 
5871 2 0 3115 3212 3116 
5872 2 0 3213 3214 3211 
5873 2 0 3116 3211 3214 
5874 2 0 3213 3122 3214 
5875 2 0 3116 3214 3122 
5876 2 0 3122 3215 3125 
5877 2 0 3216 3125 3215 
5878 2 0 3122 3213 3215 
5879 2 0 3216 3215 3213 
5880 2 0 3202 1003 3203 
5881 2 0 3110 3114 3203 
5882 2 0 3204 3205 3203 
5883 2 0 3110 3203 3205 
5884 2 0 3206 3217 3205 
5885 2 0 3109 3205 3217 
5886 2 0 3206 3207 3217 
5887 2 0 3109 3217 3207 
5888 2 0 3107 3218 3210 
5889 2 0 3208 3210 3218 
5890 2 0 3107 3207 3218 
5891 2 0 3208 3218 3207 
5892 2 0 1007 3219 3216 
5893 2 0 3125 3216 3219 
5894 2 0 1007 3128 3219 
5895 2 0 3125 3219 3128 
5896 2 0 3114 3111 3220 
5897 2 0 3111 3221 3220 
5898 2 0 3222 3220 3221 
5899 2 0 3112 3113 3223 
5900 2 0 3111 3112 3221 
5901 2 0 3223 3221 3112 
5902 2 0 3224 3221 3223 
5903 2 0 3225 3226 3227 
5904 2 0 3228 3229 3226 
5905 2 0 3230 3231 3232 
5906 2 0 3233 3234 3231 
5907 2 0 3229 3230 3235 
5908 2 0 3234 3236 3237 
5909 2 0 3232 3235 3230 
5910 2 0 3235 3226 3229 
5911 2 0 3226 3225 3228 
5912 2 0 3238 3237 3236 
5913 2 0 3237 3231 3234 
5914 2 0 3233 3231 3230 
5915 2 0 3236 3239 3238 
5916 2 0 3240 3241 3242 
5917 2 0 3243 3244 3242 
5918 2 0 3245 3240 3246 
5919 2 0 3244 3247 3246 
5920 2 0 3245 3246 3247 
5921 2 0 3241 3222 3248 
5922 2 0 3221 3248 3222 
5923 2 0 3221 3249 3248 
5924 2 0 3243 3248 3249 
5925 2 0 3221 3224 3249 
5926 2 0 3243 3249 3224 
5927 2 0 3243 3250 3248 
5928 2 0 3241 3248 3250 
5929 2 0 3243 3242 3250 
5930 2 0 3241 3250 3242 
5931 2 0 3247 3251 3245 
5932 2 0 3227 3245 3251 
5933 2 0 3247 3225 3251 
5934 2 0 3227 3251 3225 
5935 2 0 3240 3252 3246 
5936 2 0 3244 3246 3252 
5937 2 0 3240 3242 3252 
5938 2 0 3244 3252 3242 
5939 2 0 3113 3150 3223 
5940 2 0 3150 3253 3223 
5941 2 0 3224 3223 3253 
5942 2 0 3151 3152 3254 
5943 2 0 3150 3151 3253 
5944 2 0 3254 3253 3151 
5945 2 0 3255 3253 3254 
5946 2 0 3256 3228 3225 
5947 2 0 3229 3228 3257 
5948 2 0 3258 3259 3230 
5949 2 0 3233 3259 3234 
5950 2 0 3229 3260 3230 
5951 2 0 3261 3236 3234 
5952 2 0 3258 3230 3260 
5953 2 0 3257 3260 3229 
5954 2 0 3228 3256 3257 
5955 2 0 3262 3236 3261 
5956 2 0 3259 3261 3234 
5957 2 0 3233 3230 3259 
5958 2 0 3262 3239 3236 
5959 2 0 3244 3243 3263 
5960 2 0 3264 3265 3263 
5961 2 0 3247 3244 3266 
5962 2 0 3265 3267 3266 
5963 2 0 3247 3266 3267 
5964 2 0 3243 3224 3268 
5965 2 0 3253 3268 3224 
5966 2 0 3253 3269 3268 
5967 2 0 3264 3268 3269 
5968 2 0 3253 3255 3269 
5969 2 0 3264 3269 3255 
5970 2 0 3264 3270 3268 
5971 2 0 3243 3268 3270 
5972 2 0 3264 3263 3270 
5973 2 0 3243 3270 3263 
5974 2 0 3267 3271 3247 
5975 2 0 3225 3247 3271 
5976 2 0 3267 3256 3271 
5977 2 0 3225 3271 3256 
5978 2 0 3244 3272 3266 
5979 2 0 3265 3266 3272 
5980 2 0 3244 3263 3272 
5981 2 0 3265 3272 3263 
5982 2 0 3152 3182 3254 
5983 2 0 3182 3273 3254 
5984 2 0 3273 3183 3274 
5985 2 0 3183 755 3274 
5986 2 0 3273 3182 3183 
5987 2 0 736 3273 3274 
5988 2 0 3254 3273 3255 
5989 2 0 3257 3256 3275 
5990 2 0 3260 3257 3276 
5991 2 0 3258 3260 3277 
5992 2 0 3278 3261 3259 
5993 2 0 3261 3279 3262 
5994 2 0 3258 3278 3259 
5995 2 0 3262 3280 3239 
5996 2 0 3275 3256 3281 
5997 2 0 3257 3275 3276 
5998 2 0 3279 3261 3278 
5999 2 0 3277 3278 3258 
6000 2 0 3277 3260 3276 
6001 2 0 3280 3262 3279 
6002 2 0 3264 3282 3265 
6003 2 0 3283 3282 3284 
6004 2 0 3273 736 3285 
6005 2 0 3284 3285 736 
6006 2 0 3273 3286 3255 
6007 2 0 3264 3255 3286 
6008 2 0 3273 3285 3286 
6009 2 0 3264 3286 3285 
6010 2 0 3287 3288 3283 
6011 2 0 3287 3267 3288 
6012 2 0 3265 3288 3267 
6013 2 0 3284 3289 3285 
6014 2 0 3264 3285 3289 
6015 2 0 3284 3282 3289 
6016 2 0 3264 3289 3282 
6017 2 0 3281 3290 3287 
6018 2 0 3267 3287 3290 
6019 2 0 3281 3256 3290 
6020 2 0 3267 3290 3256 
6021 2 0 3283 3291 3282 
6022 2 0 3265 3282 3291 
6023 2 0 3283 3288 3291 
6024 2 0 3265 3291 3288 
6025 2 0 736 3292 3284 
6026 2 0 3292 3283 3284 
6027 2 0 3293 3287 3283 
6028 2 0 3293 3294 3287 
6029 2 0 3245 3295 3296 
6030 2 0 3297 3240 3296 
6031 2 0 3293 3283 3292 
6032 2 0 1003 3202 3298 
6033 2 0 3202 3114 3220 
6034 2 0 3220 3298 3202 
6035 2 0 3299 3235 3300 
6036 2 0 3232 3277 3300 
6037 2 0 3300 3301 3299 
6038 2 0 3222 1018 3302 
6039 2 0 3240 3245 3296 
6040 2 0 3297 3241 3240 
6041 2 0 1018 3222 3241 
6042 2 0 1018 3241 3297 
6043 2 0 3277 3303 3300 
6044 2 0 3304 3226 3299 
6045 2 0 3232 3300 3235 
6046 2 0 3235 3299 3226 
6047 2 0 3294 3281 3287 
6048 2 0 743 3303 3276 
6049 2 0 3281 3305 3275 
6050 2 0 3306 3275 3305 
6051 2 0 3275 3306 3276 
6052 2 0 3305 3281 3294 
6053 2 0 3276 3303 3277 
6054 2 0 743 3301 3303 
6055 2 0 3279 3278 3237 
6056 2 0 3277 3232 3278 
6057 2 0 3238 3280 3279 
6058 2 0 743 3276 3306 
6059 2 0 3304 3227 3226 
6060 2 0 3304 3299 3307 
6061 2 0 3299 3301 3307 
6062 2 0 1182 3307 3301 
6063 2 0 3304 3295 3227 
6064 2 0 3237 3278 3231 
6065 2 0 3232 3231 3278 
6066 2 0 1182 3301 743 
6067 2 0 3300 3303 3301 
6068 2 0 3279 3237 3238 
6069 2 0 3280 3238 3239 
6070 2 0 3295 3245 3227 
6071 2 0 3220 3308 3298 
6072 2 0 3302 3298 3308 
6073 2 0 3220 3222 3308 
6074 2 0 3302 3308 3222 
6075 2 0 3309 3310 3311 
6076 2 0 3312 3313 3314 
6077 2 0 3315 3316 3317 
6078 2 0 3318 3319 3320 
6079 2 0 3321 3322 3323 
6080 2 0 3324 3325 3326 
6081 2 0 3327 3328 3329 
6082 2 0 3330 3331 3332 
6083 2 0 3333 3334 3335 
6084 2 0 3336 3335 3337 
6085 2 0 3338 3339 3340 
6086 2 0 3341 3342 3343 
6087 2 0 3344 3345 3346 
6088 2 0 3347 3348 3349 
6089 2 0 3350 3351 3352 
6090 2 0 3338 3353 3339 
6091 2 0 3354 3355 3356 
6092 2 0 3354 3356 3357 
6093 2 0 3358 3359 3312 
6094 2 0 3360 3361 3362 
6095 2 0 3363 3364 3365 
6096 2 0 3366 3367 3368 
6097 2 0 3369 3370 3339 
6098 2 0 3371 3372 3373 
6099 2 0 3374 3375 3371 
6100 2 0 3376 3377 3378 
6101 2 0 3379 3376 3380 
6102 2 0 3344 3381 3382 
6103 2 0 3332 3383 3384 
6104 2 0 3385 3386 3387 
6105 2 0 3388 3389 3390 
6106 2 0 3338 3391 3392 
6107 2 0 3338 3392 3393 
6108 2 0 3356 3394 3395 
6109 2 0 3357 3356 3395 
6110 2 0 3363 3365 3396 
6111 2 0 3331 3397 3332 
6112 2 0 3398 3399 3400 
6113 2 0 3385 3401 3402 
6114 2 0 3385 3402 3386 
6115 2 0 3403 3404 3405 
6116 2 0 3406 3407 3408 
6117 2 0 3409 3410 3406 
6118 2 0 3411 3412 3312 
6119 2 0 3352 3348 3413 
6120 2 0 3414 3404 3415 
6121 2 0 3416 3399 3417 
6122 2 0 3418 3419 3420 
6123 2 0 3421 3422 3423 
6124 2 0 3344 3346 3424 
6125 2 0 3425 3426 3427 
6126 2 0 3428 3429 3419 
6127 2 0 3337 3430 3400 
6128 2 0 3431 3400 3430 
6129 2 0 3431 3430 3432 
6130 2 0 3341 3343 3433 
6131 2 0 3433 3434 3435 
6132 2 0 3436 3437 3354 
6133 2 0 3438 3394 3439 
6134 2 0 3440 3439 3394 
6135 2 0 3441 3442 3443 
6136 2 0 3444 3442 3429 
6137 2 0 3445 3446 3447 
6138 2 0 3373 3372 3448 
6139 2 0 3372 3449 3448 
6140 2 0 3450 3451 3452 
6141 2 0 3453 3454 3452 
6142 2 0 3455 3456 3457 
6143 2 0 3458 3459 3460 
6144 2 0 3461 3462 3382 
6145 2 0 3463 3382 3462 
6146 2 0 3463 3462 3464 
6147 2 0 3465 3466 3467 
6148 2 0 3468 3469 3470 
6149 2 0 3431 3471 3472 
6150 2 0 3398 3400 3472 
6151 2 0 3431 3472 3400 
6152 2 0 3473 3474 3475 
6153 2 0 3476 3475 3477 
6154 2 0 3390 3389 3477 
6155 2 0 3476 3477 3389 
6156 2 0 3478 3474 3473 
6157 2 0 3367 3479 3480 
6158 2 0 3481 3480 3479 
6159 2 0 3482 3483 3484 
6160 2 0 3355 3394 3356 
6161 2 0 3485 3395 3394 
6162 2 0 3486 3353 3487 
6163 2 0 3353 3488 3489 
6164 2 0 3490 3321 3323 
6165 2 0 3490 3396 3321 
6166 2 0 3365 3321 3396 
6167 2 0 3491 3380 3492 
6168 2 0 3380 3493 3492 
6169 2 0 3494 3495 3496 
6170 2 0 3425 3497 3426 
6171 2 0 3385 3498 3497 
6172 2 0 3499 3364 3500 
6173 2 0 3341 3501 3500 
6174 2 0 3341 3500 3342 
6175 2 0 3448 3361 3502 
6176 2 0 3373 3448 3502 
6177 2 0 3360 3499 3502 
6178 2 0 3499 3501 3502 
6179 2 0 3312 3412 3313 
6180 2 0 3503 3504 3313 
6181 2 0 3504 3314 3313 
6182 2 0 3505 3506 3507 
6183 2 0 3508 3328 3327 
6184 2 0 3312 3314 3509 
6185 2 0 3510 3509 3314 
6186 2 0 3344 3382 3511 
6187 2 0 3444 3429 3511 
6188 2 0 3411 3512 3427 
6189 2 0 3513 3393 3374 
6190 2 0 3348 3352 3351 
6191 2 0 3349 3348 3351 
6192 2 0 3514 3515 3350 
6193 2 0 3516 3434 3496 
6194 2 0 3319 3318 3417 
6195 2 0 3517 3320 3319 
6196 2 0 3384 3318 3320 
6197 2 0 3489 3518 3326 
6198 2 0 3487 3489 3326 
6199 2 0 3519 3520 3326 
6200 2 0 3520 3324 3326 
6201 2 0 3325 3521 3487 
6202 2 0 3517 3319 3325 
6203 2 0 3487 3326 3325 
6204 2 0 3517 3325 3324 
6205 2 0 3372 3371 3375 
6206 2 0 3393 3375 3374 
6207 2 0 3425 3522 3494 
6208 2 0 3425 3427 3522 
6209 2 0 3523 3524 3437 
6210 2 0 3354 3437 3524 
6211 2 0 3354 3524 3355 
6212 2 0 3489 3487 3353 
6213 2 0 3486 3525 3353 
6214 2 0 3331 3526 3397 
6215 2 0 3526 3527 3397 
6216 2 0 3528 3529 3530 
6217 2 0 3498 3531 3532 
6218 2 0 3533 3534 3535 
6219 2 0 3536 3537 3538 
6220 2 0 3349 3539 3538 
6221 2 0 3363 3396 3540 
6222 2 0 3386 3402 3540 
6223 2 0 3363 3540 3541 
6224 2 0 3523 3542 3529 
6225 2 0 3543 3443 3493 
6226 2 0 3409 3492 3493 
6227 2 0 3544 3316 3315 
6228 2 0 3371 3317 3316 
6229 2 0 3544 3518 3316 
6230 2 0 3371 3316 3374 
6231 2 0 3447 3545 3445 
6232 2 0 3377 3546 3378 
6233 2 0 3543 3547 3546 
6234 2 0 3445 3317 3373 
6235 2 0 3346 3542 3424 
6236 2 0 3523 3424 3542 
6237 2 0 3543 3548 3443 
6238 2 0 3441 3443 3548 
6239 2 0 3441 3548 3549 
6240 2 0 3550 3410 3551 
6241 2 0 3444 3550 3551 
6242 2 0 3443 3442 3551 
6243 2 0 3444 3551 3442 
6244 2 0 3523 3529 3524 
6245 2 0 3513 3488 3393 
6246 2 0 3338 3393 3488 
6247 2 0 3513 3489 3488 
6248 2 0 3338 3488 3353 
6249 2 0 3312 3552 3358 
6250 2 0 3553 3554 3552 
6251 2 0 3312 3509 3552 
6252 2 0 3555 3315 3317 
6253 2 0 3545 3555 3317 
6254 2 0 3371 3373 3317 
6255 2 0 3545 3317 3445 
6256 2 0 3556 3554 3405 
6257 2 0 3376 3554 3553 
6258 2 0 3553 3557 3376 
6259 2 0 3377 3376 3557 
6260 2 0 3553 3558 3557 
6261 2 0 3497 3559 3401 
6262 2 0 3385 3497 3401 
6263 2 0 3343 3342 3401 
6264 2 0 3342 3402 3401 
6265 2 0 3436 3328 3560 
6266 2 0 3436 3560 3437 
6267 2 0 3347 3561 3348 
6268 2 0 3474 3322 3362 
6269 2 0 3390 3474 3362 
6270 2 0 3365 3360 3362 
6271 2 0 3366 3562 3563 
6272 2 0 3367 3366 3563 
6273 2 0 3398 3564 3563 
6274 2 0 3367 3563 3479 
6275 2 0 3367 3565 3368 
6276 2 0 3566 3567 3565 
6277 2 0 3367 3483 3565 
6278 2 0 3566 3568 3569 
6279 2 0 3369 3569 3568 
6280 2 0 3566 3570 3568 
6281 2 0 3340 3339 3370 
6282 2 0 3369 3571 3370 
6283 2 0 3340 3572 3338 
6284 2 0 3391 3338 3572 
6285 2 0 3340 3573 3572 
6286 2 0 3574 3420 3549 
6287 2 0 3357 3575 3576 
6288 2 0 3436 3354 3576 
6289 2 0 3357 3576 3354 
6290 2 0 3577 3421 3423 
6291 2 0 3444 3511 3578 
6292 2 0 3382 3578 3511 
6293 2 0 3556 3358 3554 
6294 2 0 3358 3552 3554 
6295 2 0 3499 3500 3501 
6296 2 0 3373 3502 3501 
6297 2 0 3433 3446 3341 
6298 2 0 3373 3501 3445 
6299 2 0 3426 3497 3498 
6300 2 0 3532 3426 3498 
6301 2 0 3385 3387 3498 
6302 2 0 3357 3579 3575 
6303 2 0 3580 3421 3579 
6304 2 0 3357 3395 3579 
6305 2 0 3580 3579 3395 
6306 2 0 3403 3379 3491 
6307 2 0 3403 3405 3379 
6308 2 0 3491 3379 3380 
6309 2 0 3378 3380 3376 
6310 2 0 3408 3581 3406 
6311 2 0 3377 3582 3546 
6312 2 0 3583 3336 3584 
6313 2 0 3337 3584 3336 
6314 2 0 3388 3585 3389 
6315 2 0 3378 3546 3547 
6316 2 0 3380 3378 3547 
6317 2 0 3543 3493 3547 
6318 2 0 3380 3547 3493 
6319 2 0 3461 3381 3560 
6320 2 0 3583 3584 3527 
6321 2 0 3416 3397 3527 
6322 2 0 3583 3527 3526 
6323 2 0 3586 3454 3514 
6324 2 0 3389 3585 3506 
6325 2 0 3587 3506 3585 
6326 2 0 3588 3589 3590 
6327 2 0 3492 3591 3491 
6328 2 0 3491 3589 3403 
6329 2 0 3428 3592 3346 
6330 2 0 3428 3593 3592 
6331 2 0 3594 3592 3593 
6332 2 0 3405 3554 3379 
6333 2 0 3376 3379 3554 
6334 2 0 3544 3519 3518 
6335 2 0 3513 3374 3518 
6336 2 0 3374 3316 3518 
6337 2 0 3513 3518 3489 
6338 2 0 3519 3326 3518 
6339 2 0 3393 3392 3595 
6340 2 0 3393 3595 3375 
6341 2 0 3596 3597 3414 
6342 2 0 3598 3438 3439 
6343 2 0 3435 3599 3433 
6344 2 0 3558 3600 3457 
6345 2 0 3552 3600 3553 
6346 2 0 3494 3496 3434 
6347 2 0 3343 3559 3434 
6348 2 0 3516 3435 3434 
6349 2 0 3343 3434 3433 
6350 2 0 3430 3601 3432 
6351 2 0 3464 3462 3508 
6352 2 0 3328 3602 3560 
6353 2 0 3587 3449 3595 
6354 2 0 3375 3595 3449 
6355 2 0 3587 3585 3449 
6356 2 0 3557 3456 3377 
6357 2 0 3455 3460 3582 
6358 2 0 3428 3345 3429 
6359 2 0 3428 3346 3345 
6360 2 0 3411 3359 3512 
6361 2 0 3556 3597 3359 
6362 2 0 3411 3312 3359 
6363 2 0 3556 3359 3358 
6364 2 0 3405 3414 3597 
6365 2 0 3556 3405 3597 
6366 2 0 3596 3512 3597 
6367 2 0 3512 3359 3597 
6368 2 0 3485 3394 3438 
6369 2 0 3596 3522 3512 
6370 2 0 3427 3512 3522 
6371 2 0 3349 3351 3539 
6372 2 0 3539 3515 3453 
6373 2 0 3360 3364 3499 
6374 2 0 3363 3500 3364 
6375 2 0 3360 3365 3364 
6376 2 0 3603 3604 3605 
6377 2 0 3540 3606 3386 
6378 2 0 3388 3361 3448 
6379 2 0 3360 3502 3361 
6380 2 0 3388 3390 3361 
6381 2 0 3390 3362 3361 
6382 2 0 3485 3607 3608 
6383 2 0 3580 3395 3608 
6384 2 0 3485 3608 3395 
6385 2 0 3388 3449 3585 
6386 2 0 3388 3448 3449 
6387 2 0 3375 3449 3372 
6388 2 0 3363 3541 3500 
6389 2 0 3342 3500 3541 
6390 2 0 3402 3541 3540 
6391 2 0 3342 3541 3402 
6392 2 0 3609 3610 3575 
6393 2 0 3611 3573 3468 
6394 2 0 3370 3469 3340 
6395 2 0 3344 3511 3345 
6396 2 0 3429 3345 3511 
6397 2 0 3424 3612 3381 
6398 2 0 3461 3382 3381 
6399 2 0 3424 3381 3344 
6400 2 0 3425 3559 3497 
6401 2 0 3343 3401 3559 
6402 2 0 3425 3494 3559 
6403 2 0 3494 3434 3559 
6404 2 0 3391 3572 3613 
6405 2 0 3614 3613 3615 
6406 2 0 3568 3466 3369 
6407 2 0 3465 3470 3571 
6408 2 0 3570 3616 3467 
6409 2 0 3483 3616 3565 
6410 2 0 3390 3477 3474 
6411 2 0 3477 3475 3474 
6412 2 0 3481 3564 3471 
6413 2 0 3617 3423 3422 
6414 2 0 3421 3580 3422 
6415 2 0 3549 3618 3441 
6416 2 0 3549 3420 3618 
6417 2 0 3618 3420 3419 
6418 2 0 3546 3619 3543 
6419 2 0 3478 3322 3474 
6420 2 0 3365 3362 3322 
6421 2 0 3478 3323 3322 
6422 2 0 3365 3322 3321 
6423 2 0 3569 3567 3566 
6424 2 0 3368 3565 3567 
6425 2 0 3486 3620 3569 
6426 2 0 3368 3567 3621 
6427 2 0 3406 3581 3409 
6428 2 0 3581 3591 3409 
6429 2 0 3536 3622 3623 
6430 2 0 3550 3444 3407 
6431 2 0 3624 3625 3407 
6432 2 0 3573 3626 3572 
6433 2 0 3613 3572 3626 
6434 2 0 3613 3626 3615 
6435 2 0 3452 3627 3453 
6436 2 0 3627 3622 3453 
6437 2 0 3575 3628 3609 
6438 2 0 3575 3579 3628 
6439 2 0 3421 3628 3579 
6440 2 0 3391 3629 3392 
6441 2 0 3391 3613 3629 
6442 2 0 3584 3630 3527 
6443 2 0 3584 3337 3630 
6444 2 0 3399 3630 3400 
6445 2 0 3337 3400 3630 
6446 2 0 3506 3629 3507 
6447 2 0 3623 3627 3451 
6448 2 0 3452 3451 3627 
6449 2 0 3548 3543 3619 
6450 2 0 3458 3631 3619 
6451 2 0 3571 3466 3465 
6452 2 0 3570 3467 3466 
6453 2 0 3571 3369 3466 
6454 2 0 3570 3466 3568 
6455 2 0 3444 3578 3632 
6456 2 0 3624 3407 3632 
6457 2 0 3444 3632 3407 
6458 2 0 3582 3456 3455 
6459 2 0 3558 3457 3456 
6460 2 0 3582 3377 3456 
6461 2 0 3558 3456 3557 
6462 2 0 3629 3587 3392 
6463 2 0 3534 3503 3633 
6464 2 0 3534 3633 3535 
6465 2 0 3529 3634 3524 
6466 2 0 3355 3524 3634 
6467 2 0 3635 3636 3634 
6468 2 0 3442 3618 3429 
6469 2 0 3419 3429 3618 
6470 2 0 3442 3441 3618 
6471 2 0 3538 3637 3349 
6472 2 0 3538 3537 3637 
6473 2 0 3454 3515 3514 
6474 2 0 3351 3350 3515 
6475 2 0 3454 3453 3515 
6476 2 0 3351 3515 3539 
6477 2 0 3550 3407 3406 
6478 2 0 3625 3408 3407 
6479 2 0 3638 3607 3598 
6480 2 0 3598 3413 3638 
6481 2 0 3506 3639 3389 
6482 2 0 3476 3389 3639 
6483 2 0 3506 3505 3639 
6484 2 0 3476 3639 3505 
6485 2 0 3309 3640 3641 
6486 2 0 3452 3642 3640 
6487 2 0 3309 3311 3640 
6488 2 0 3417 3366 3643 
6489 2 0 3621 3319 3643 
6490 2 0 3417 3643 3319 
6491 2 0 3561 3638 3348 
6492 2 0 3413 3348 3638 
6493 2 0 3427 3644 3411 
6494 2 0 3412 3411 3644 
6495 2 0 3427 3426 3644 
6496 2 0 3609 3628 3577 
6497 2 0 3421 3577 3628 
6498 2 0 3594 3530 3645 
6499 2 0 3542 3346 3645 
6500 2 0 3522 3495 3494 
6501 2 0 3646 3496 3495 
6502 2 0 3522 3596 3495 
6503 2 0 3596 3647 3495 
6504 2 0 3571 3469 3370 
6505 2 0 3573 3340 3469 
6506 2 0 3571 3470 3469 
6507 2 0 3573 3469 3468 
6508 2 0 3426 3532 3644 
6509 2 0 3412 3644 3532 
6510 2 0 3573 3611 3626 
6511 2 0 3615 3626 3611 
6512 2 0 3537 3648 3637 
6513 2 0 3649 3637 3648 
6514 2 0 3537 3617 3648 
6515 2 0 3646 3647 3415 
6516 2 0 3414 3415 3647 
6517 2 0 3646 3495 3647 
6518 2 0 3414 3647 3596 
6519 2 0 3397 3383 3332 
6520 2 0 3318 3384 3383 
6521 2 0 3397 3416 3383 
6522 2 0 3535 3633 3532 
6523 2 0 3412 3532 3633 
6524 2 0 3567 3569 3620 
6525 2 0 3621 3567 3620 
6526 2 0 3486 3487 3620 
6527 2 0 3501 3446 3445 
6528 2 0 3599 3447 3446 
6529 2 0 3501 3341 3446 
6530 2 0 3599 3446 3433 
6531 2 0 3621 3521 3319 
6532 2 0 3325 3319 3521 
6533 2 0 3621 3620 3521 
6534 2 0 3620 3487 3521 
6535 2 0 3595 3392 3587 
6536 2 0 3506 3587 3629 
6537 2 0 3527 3650 3416 
6538 2 0 3399 3416 3650 
6539 2 0 3527 3630 3650 
6540 2 0 3399 3650 3630 
6541 2 0 3339 3353 3525 
6542 2 0 3369 3339 3525 
6543 2 0 3486 3569 3525 
6544 2 0 3369 3525 3569 
6545 2 0 3463 3632 3382 
6546 2 0 3578 3382 3632 
6547 2 0 3463 3624 3632 
6548 2 0 3529 3651 3634 
6549 2 0 3635 3634 3651 
6550 2 0 3529 3528 3651 
6551 2 0 3635 3651 3528 
6552 2 0 3535 3652 3533 
6553 2 0 3653 3533 3652 
6554 2 0 3653 3652 3387 
6555 2 0 3438 3607 3485 
6556 2 0 3561 3608 3607 
6557 2 0 3438 3598 3607 
6558 2 0 3561 3607 3638 
6559 2 0 3482 3467 3616 
6560 2 0 3483 3482 3616 
6561 2 0 3570 3566 3616 
6562 2 0 3566 3565 3616 
6563 2 0 3493 3410 3409 
6564 2 0 3550 3406 3410 
6565 2 0 3493 3443 3410 
6566 2 0 3443 3551 3410 
6567 2 0 3318 3383 3417 
6568 2 0 3416 3417 3383 
6569 2 0 3454 3642 3452 
6570 2 0 3641 3640 3642 
6571 2 0 3454 3586 3642 
6572 2 0 3641 3642 3586 
6573 2 0 3530 3529 3645 
6574 2 0 3542 3645 3529 
6575 2 0 3549 3548 3654 
6576 2 0 3631 3574 3654 
6577 2 0 3549 3654 3574 
6578 2 0 3548 3619 3654 
6579 2 0 3631 3654 3619 
6580 2 0 3412 3633 3313 
6581 2 0 3503 3313 3633 
6582 2 0 3398 3563 3562 
6583 2 0 3399 3398 3562 
6584 2 0 3366 3417 3562 
6585 2 0 3399 3562 3417 
6586 2 0 3509 3600 3552 
6587 2 0 3558 3553 3600 
6588 2 0 3509 3510 3600 
6589 2 0 3510 3457 3600 
6590 2 0 3452 3640 3450 
6591 2 0 3311 3450 3640 
6592 2 0 3507 3655 3614 
6593 2 0 3613 3614 3655 
6594 2 0 3507 3629 3655 
6595 2 0 3613 3655 3629 
6596 2 0 3366 3656 3643 
6597 2 0 3621 3643 3656 
6598 2 0 3366 3368 3656 
6599 2 0 3621 3656 3368 
6600 2 0 3461 3560 3602 
6601 2 0 3462 3461 3602 
6602 2 0 3328 3508 3602 
6603 2 0 3462 3602 3508 
6604 2 0 3604 3657 3605 
6605 2 0 3604 3653 3657 
6606 2 0 3387 3657 3653 
6607 2 0 3605 3657 3386 
6608 2 0 3387 3386 3657 
6609 2 0 3539 3453 3622 
6610 2 0 3538 3539 3622 
6611 2 0 3627 3623 3622 
6612 2 0 3538 3622 3536 
6613 2 0 3561 3422 3608 
6614 2 0 3580 3608 3422 
6615 2 0 3483 3658 3484 
6616 2 0 3480 3484 3658 
6617 2 0 3483 3367 3658 
6618 2 0 3480 3658 3367 
6619 2 0 3561 3347 3422 
6620 2 0 3649 3422 3347 
6621 2 0 3396 3606 3540 
6622 2 0 3605 3386 3606 
6623 2 0 3396 3490 3606 
6624 2 0 3560 3612 3437 
6625 2 0 3523 3437 3612 
6626 2 0 3560 3381 3612 
6627 2 0 3523 3612 3424 
6628 2 0 3479 3564 3481 
6629 2 0 3472 3471 3564 
6630 2 0 3479 3563 3564 
6631 2 0 3472 3564 3398 
6632 2 0 3589 3491 3591 
6633 2 0 3590 3589 3591 
6634 2 0 3492 3409 3591 
6635 2 0 3590 3591 3581 
6636 2 0 3349 3637 3347 
6637 2 0 3649 3347 3637 
6638 2 0 3329 3659 3610 
6639 2 0 3575 3610 3659 
6640 2 0 3575 3659 3576 
6641 2 0 3593 3660 3418 
6642 2 0 3419 3418 3660 
6643 2 0 3593 3428 3660 
6644 2 0 3419 3660 3428 
6645 2 0 3346 3592 3645 
6646 2 0 3594 3645 3592 
6647 2 0 3617 3422 3648 
6648 2 0 3649 3648 3422 
6649 2 0 3588 3415 3404 
6650 2 0 3589 3588 3404 
6651 2 0 3414 3405 3404 
6652 2 0 3589 3404 3403 
6653 2 0 3546 3459 3619 
6654 2 0 3458 3619 3459 
6655 2 0 3546 3582 3459 
6656 2 0 3582 3460 3459 
6657 2 0 3355 3636 3394 
6658 2 0 3440 3394 3636 
6659 2 0 3355 3634 3636 
6660 2 0 3440 3636 3635 
6661 2 0 3605 3661 3603 
6662 2 0 3490 3603 3661 
6663 2 0 3605 3606 3661 
6664 2 0 3490 3661 3606 
6665 2 0 3387 3531 3498 
6666 2 0 3535 3532 3531 
6667 2 0 3387 3652 3531 
6668 2 0 3535 3531 3652 
6669 2 0 3436 3576 3659 
6670 2 0 3329 3328 3659 
6671 2 0 3436 3659 3328 
6672 2 0 3334 3601 3335 
6673 2 0 3337 3335 3601 
6674 2 0 3334 3432 3601 
6675 2 0 3337 3601 3430 
6676 2 0 3310 3309 3662 
6677 2 0 3505 3663 3476 
6678 2 0 3664 3665 3666 
6679 2 0 3667 3668 3534 
6680 2 0 1438 3669 3670 
6681 2 0 3671 3672 3478 
6682 2 0 3673 3674 3475 
6683 2 0 3480 3675 3484 
6684 2 0 3676 3677 3678 
6685 2 0 3679 3680 3681 
6686 2 0 3682 3683 3684 
6687 2 0 1491 1422 3685 
6688 2 0 3686 3334 3687 
6689 2 0 3688 3689 3690 
6690 2 0 3691 3692 3693 
6691 2 0 3694 3695 3696 
6692 2 0 3697 3694 3671 
6693 2 0 3698 3699 3675 
6694 2 0 3698 3700 3699 
6695 2 0 3689 3701 3690 
6696 2 0 3702 3703 3704 
6697 2 0 3705 3706 3707 
6698 2 0 3708 3709 3705 
6699 2 0 3705 3707 3710 
6700 2 0 3711 3712 3713 
6701 2 0 3714 3715 3716 
6702 2 0 3717 3667 3718 
6703 2 0 3719 3720 3721 
6704 2 0 3722 3723 3724 
6705 2 0 3593 3725 3594 
6706 2 0 3726 3727 3728 
6707 2 0 3439 3729 3598 
6708 2 0 3730 3731 3732 
6709 2 0 3733 3734 3735 
6710 2 0 3413 3736 3352 
6711 2 0 1422 3737 3685 
6712 2 0 3711 3729 3738 
6713 2 0 3711 3739 3712 
6714 2 0 3692 3740 3741 
6715 2 0 3693 3692 3741 
6716 2 0 3742 3743 3744 
6717 2 0 3717 3745 3667 
6718 2 0 3746 3747 3748 
6719 2 0 3749 3750 3751 
6720 2 0 3752 3750 3753 
6721 2 0 3754 3755 3420 
6722 2 0 3688 3756 3757 
6723 2 0 3688 3758 3756 
6724 2 0 3758 3759 3756 
6725 2 0 3760 3761 3762 
6726 2 0 3763 3764 3765 
6727 2 0 3766 3767 3765 
6728 2 0 3768 3749 3769 
6729 2 0 3722 3724 3770 
6730 2 0 3720 3719 3771 
6731 2 0 3772 3773 3774 
6732 2 0 3350 3352 3736 
6733 2 0 3775 3773 3776 
6734 2 0 3350 3773 3514 
6735 2 0 3777 3778 3779 
6736 2 0 3780 3781 3432 
6737 2 0 3782 3715 3780 
6738 2 0 3774 3736 3783 
6739 2 0 3713 3784 3783 
6740 2 0 3465 3467 3785 
6741 2 0 3786 3787 3615 
6742 2 0 3468 3788 3732 
6743 2 0 3468 3470 3788 
6744 2 0 3727 3789 3728 
6745 2 0 3790 3663 3507 
6746 2 0 3431 3791 3471 
6747 2 0 3714 3791 3715 
6748 2 0 3675 3480 3792 
6749 2 0 3481 3792 3480 
6750 2 0 3482 3484 3793 
6751 2 0 3675 3793 3484 
6752 2 0 3794 3665 3664 
6753 2 0 3720 3666 3665 
6754 2 0 3794 3721 3665 
6755 2 0 3720 3665 3721 
6756 2 0 3795 3796 3709 
6757 2 0 3797 3798 3796 
6758 2 0 3476 3673 3475 
6759 2 0 3476 3799 3673 
6760 2 0 3478 3800 3671 
6761 2 0 3478 3473 3800 
6762 2 0 3801 3784 3802 
6763 2 0 3691 3803 3804 
6764 2 0 3697 3804 3805 
6765 2 0 3323 3478 3672 
6766 2 0 3490 3323 3672 
6767 2 0 3768 3806 3807 
6768 2 0 3808 3807 3809 
6769 2 0 3768 3769 3806 
6770 2 0 3804 3810 3811 
6771 2 0 3691 3804 3811 
6772 2 0 3810 3692 3811 
6773 2 0 3691 3811 3692 
6774 2 0 3667 3745 3668 
6775 2 0 3504 3503 3668 
6776 2 0 3503 3534 3668 
6777 2 0 3776 3812 3775 
6778 2 0 3813 3814 3815 
6779 2 0 3719 3816 3771 
6780 2 0 3817 3771 3816 
6781 2 0 3719 3818 3816 
6782 2 0 3819 3820 3739 
6783 2 0 3712 3739 3820 
6784 2 0 3819 3821 3820 
6785 2 0 3802 3822 3821 
6786 2 0 3730 3759 3704 
6787 2 0 3823 3824 3759 
6788 2 0 3730 3756 3759 
6789 2 0 3823 3759 3758 
6790 2 0 3594 3825 3530 
6791 2 0 3817 3826 3825 
6792 2 0 3653 3827 3533 
6793 2 0 3766 3828 3829 
6794 2 0 3828 3830 3829 
6795 2 0 3831 3832 3833 
6796 2 0 3834 3832 3751 
6797 2 0 3533 3827 3835 
6798 2 0 3667 3534 3835 
6799 2 0 3533 3835 3534 
6800 2 0 3836 3666 3837 
6801 2 0 3720 3837 3666 
6802 2 0 3838 3681 3680 
6803 2 0 3839 3679 3681 
6804 2 0 3733 3840 3805 
6805 2 0 3694 3805 3840 
6806 2 0 3733 3735 3840 
6807 2 0 3735 3695 3840 
6808 2 0 3719 3721 3841 
6809 2 0 3842 3676 3843 
6810 2 0 3838 3680 3676 
6811 2 0 3842 3677 3676 
6812 2 0 3838 3676 3678 
6813 2 0 3756 3844 3757 
6814 2 0 1422 3677 3737 
6815 2 0 3842 3845 3677 
6816 2 0 1422 1515 3677 
6817 2 0 1515 3678 3677 
6818 2 0 3779 3846 3847 
6819 2 0 3693 3669 3691 
6820 2 0 3709 3796 3798 
6821 2 0 3797 3848 3798 
6822 2 0 3849 3798 3807 
6823 2 0 3817 3834 3771 
6824 2 0 3706 3850 3851 
6825 2 0 3707 3706 3851 
6826 2 0 3702 3852 3703 
6827 2 0 3853 3703 3741 
6828 2 0 3817 3816 3826 
6829 2 0 3818 3826 3816 
6830 2 0 3715 3782 3854 
6831 2 0 3855 3716 3854 
6832 2 0 3715 3854 3716 
6833 2 0 3705 3710 3856 
6834 2 0 3809 3754 3808 
6835 2 0 3849 3807 3808 
6836 2 0 3806 3809 3807 
6837 2 0 3314 3857 3510 
6838 2 0 3831 3858 3769 
6839 2 0 3859 3860 3857 
6840 2 0 3837 3861 3836 
6841 2 0 3847 3669 1438 
6842 2 0 3693 3862 3669 
6843 2 0 3847 3846 3669 
6844 2 0 3846 3691 3669 
6845 2 0 3863 3835 3827 
6846 2 0 3835 3864 3667 
6847 2 0 3688 3690 3865 
6848 2 0 3753 3836 3752 
6849 2 0 3866 3867 3800 
6850 2 0 3671 3800 3867 
6851 2 0 3866 3697 3867 
6852 2 0 3671 3867 3697 
6853 2 0 3761 3862 3762 
6854 2 0 3693 3852 3862 
6855 2 0 3761 3670 3862 
6856 2 0 3670 3669 3862 
6857 2 0 3868 3869 3870 
6858 2 0 3685 3683 3682 
6859 2 0 3855 3684 3683 
6860 2 0 3685 3737 3683 
6861 2 0 3855 3683 3737 
6862 2 0 3671 3694 3696 
6863 2 0 3728 3871 3696 
6864 2 0 3671 3696 3672 
6865 2 0 3726 3695 3872 
6866 2 0 3734 3872 3735 
6867 2 0 3792 3873 3874 
6868 2 0 3675 3792 3874 
6869 2 0 3714 3875 3874 
6870 2 0 3675 3874 3698 
6871 2 0 3866 3876 3810 
6872 2 0 3799 3740 3876 
6873 2 0 3866 3673 3876 
6874 2 0 3799 3876 3673 
6875 2 0 3699 3690 3701 
6876 2 0 3675 3699 3701 
6877 2 0 3689 3877 3701 
6878 2 0 3675 3701 3793 
6879 2 0 3689 3878 3785 
6880 2 0 3689 3688 3878 
6881 2 0 3757 3878 3688 
6882 2 0 3879 3880 3790 
6883 2 0 3879 3881 3880 
6884 2 0 3853 3740 3880 
6885 2 0 3829 3882 3767 
6886 2 0 3766 3829 3767 
6887 2 0 3724 3723 3767 
6888 2 0 3723 3765 3767 
6889 2 0 3731 3883 3786 
6890 2 0 3790 3787 3879 
6891 2 0 3768 3884 3749 
6892 2 0 3885 3886 3869 
6893 2 0 3574 3754 3420 
6894 2 0 3854 3887 3855 
6895 2 0 3738 3888 3889 
6896 2 0 3711 3738 3889 
6897 2 0 3711 3889 3739 
6898 2 0 3698 3875 3843 
6899 2 0 3843 3875 3845 
6900 2 0 3859 3857 3745 
6901 2 0 3859 3830 3890 
6902 2 0 3805 3804 3803 
6903 2 0 3733 3805 3803 
6904 2 0 3691 3846 3803 
6905 2 0 3737 3677 3845 
6906 2 0 3855 3737 3845 
6907 2 0 3842 3843 3845 
6908 2 0 3855 3845 3716 
6909 2 0 3731 3891 3883 
6910 2 0 3879 3883 3892 
6911 2 0 3704 3703 3892 
6912 2 0 3831 3833 3858 
6913 2 0 3893 3894 3884 
6914 2 0 3635 3742 3440 
6915 2 0 3724 3718 3895 
6916 2 0 3863 3770 3895 
6917 2 0 3724 3895 3770 
6918 2 0 3774 3783 3784 
6919 2 0 3712 3784 3713 
6920 2 0 3896 3708 3897 
6921 2 0 3896 3795 3708 
6922 2 0 3706 3705 3709 
6923 2 0 3795 3709 3708 
6924 2 0 3744 3888 3738 
6925 2 0 3885 3889 3888 
6926 2 0 3744 3898 3888 
6927 2 0 3885 3888 3841 
6928 2 0 3899 3900 3797 
6929 2 0 3768 3807 3848 
6930 2 0 3807 3798 3848 
6931 2 0 3726 3901 3727 
6932 2 0 3863 3901 3770 
6933 2 0 3841 3888 3898 
6934 2 0 3719 3841 3898 
6935 2 0 3744 3818 3898 
6936 2 0 3719 3898 3818 
6937 2 0 3902 3899 3903 
6938 2 0 3684 3887 3904 
6939 2 0 3782 3686 3887 
6940 2 0 3684 3855 3887 
6941 2 0 3782 3887 3854 
6942 2 0 3709 3850 3706 
6943 2 0 3849 3851 3850 
6944 2 0 3709 3798 3850 
6945 2 0 3849 3850 3798 
6946 2 0 3863 3827 3901 
6947 2 0 3727 3901 3827 
6948 2 0 3812 3905 3815 
6949 2 0 3762 3862 3852 
6950 2 0 3702 3762 3852 
6951 2 0 3693 3741 3852 
6952 2 0 3741 3703 3852 
6953 2 0 3797 3796 3899 
6954 2 0 3702 3824 3762 
6955 2 0 3823 3906 3824 
6956 2 0 3702 3704 3824 
6957 2 0 3704 3759 3824 
6958 2 0 3869 3907 3885 
6959 2 0 3897 3890 3828 
6960 2 0 3897 3908 3890 
6961 2 0 3859 3890 3856 
6962 2 0 3716 3875 3714 
6963 2 0 3698 3874 3875 
6964 2 0 3716 3845 3875 
6965 2 0 3746 3909 3896 
6966 2 0 3795 3896 3909 
6967 2 0 3746 3910 3909 
6968 2 0 3859 3856 3860 
6969 2 0 3710 3860 3856 
6970 2 0 3748 3911 3764 
6971 2 0 3856 3890 3908 
6972 2 0 3705 3856 3908 
6973 2 0 3897 3708 3908 
6974 2 0 3705 3908 3708 
6975 2 0 3766 3765 3911 
6976 2 0 3432 3334 3780 
6977 2 0 3514 3775 3586 
6978 2 0 3717 3882 3829 
6979 2 0 3724 3767 3882 
6980 2 0 3717 3718 3882 
6981 2 0 3724 3882 3718 
6982 2 0 3726 3872 3901 
6983 2 0 3809 3806 3858 
6984 2 0 3769 3858 3806 
6985 2 0 3455 3912 3460 
6986 2 0 3885 3841 3886 
6987 2 0 3721 3886 3841 
6988 2 0 3707 3851 3912 
6989 2 0 3697 3805 3694 
6990 2 0 3728 3696 3695 
6991 2 0 3726 3728 3695 
6992 2 0 3694 3840 3695 
6993 2 0 3735 3872 3695 
6994 2 0 3762 3824 3906 
6995 2 0 3760 3762 3906 
6996 2 0 3760 3906 3839 
6997 2 0 3697 3810 3804 
6998 2 0 3697 3866 3810 
6999 2 0 3810 3740 3692 
7000 2 0 3853 3741 3740 
7001 2 0 3810 3876 3740 
7002 2 0 3799 3880 3740 
7003 2 0 3672 3696 3871 
7004 2 0 3490 3672 3871 
7005 2 0 3490 3871 3603 
7006 2 0 3752 3861 3751 
7007 2 0 3611 3786 3615 
7008 2 0 3614 3790 3507 
7009 2 0 3482 3877 3467 
7010 2 0 3481 3471 3873 
7011 2 0 3714 3874 3873 
7012 2 0 3481 3873 3792 
7013 2 0 3858 3755 3809 
7014 2 0 3754 3809 3755 
7015 2 0 3884 3750 3749 
7016 2 0 3752 3751 3750 
7017 2 0 3884 3894 3750 
7018 2 0 3894 3753 3750 
7019 2 0 3755 3858 3913 
7020 2 0 3418 3420 3913 
7021 2 0 3913 3420 3755 
7022 2 0 3812 3776 3905 
7023 2 0 3772 3905 3776 
7024 2 0 3905 3772 3914 
7025 2 0 3772 3776 3773 
7026 2 0 3736 3774 3773 
7027 2 0 3775 3514 3773 
7028 2 0 3736 3773 3350 
7029 2 0 3769 3832 3831 
7030 2 0 3769 3749 3832 
7031 2 0 3749 3751 3832 
7032 2 0 3825 3725 3817 
7033 2 0 3746 3896 3747 
7034 2 0 3911 3747 3896 
7035 2 0 3825 3594 3725 
7036 2 0 3911 3748 3747 
7037 2 0 3765 3764 3911 
7038 2 0 3734 3915 3722 
7039 2 0 3736 3916 3783 
7040 2 0 3736 3413 3916 
7041 2 0 3729 3917 3738 
7042 2 0 3742 3918 3440 
7043 2 0 3914 3919 3905 
7044 2 0 3920 3919 3914 
7045 2 0 3815 3905 3919 
7046 2 0 3899 3902 3900 
7047 2 0 3848 3797 3900 
7048 2 0 3734 3722 3872 
7049 2 0 3729 3439 3917 
7050 2 0 3440 3917 3439 
7051 2 0 3839 3906 3823 
7052 2 0 3758 3679 3823 
7053 2 0 3839 3823 3679 
7054 2 0 3812 3815 3814 
7055 2 0 3662 3814 3813 
7056 2 0 3921 3922 3923 
7057 2 0 3733 3922 3734 
7058 2 0 3883 3879 3787 
7059 2 0 3786 3883 3787 
7060 2 0 3790 3614 3787 
7061 2 0 3614 3615 3787 
7062 2 0 3725 3593 3833 
7063 2 0 3720 3861 3837 
7064 2 0 3752 3836 3861 
7065 2 0 3834 3751 3861 
7066 2 0 3765 3924 3763 
7067 2 0 3921 3763 3924 
7068 2 0 3765 3925 3924 
7069 2 0 3926 3915 3924 
7070 2 0 3458 3927 3631 
7071 2 0 3593 3418 3913 
7072 2 0 3858 3833 3913 
7073 2 0 3593 3913 3833 
7074 2 0 3722 3770 3872 
7075 2 0 3901 3872 3770 
7076 2 0 3801 3928 3784 
7077 2 0 3801 3920 3928 
7078 2 0 3828 3766 3897 
7079 2 0 3857 3860 3510 
7080 2 0 3710 3929 3860 
7081 2 0 3510 3860 3929 
7082 2 0 3710 3457 3929 
7083 2 0 3510 3929 3457 
7084 2 0 3413 3930 3916 
7085 2 0 3729 3931 3930 
7086 2 0 3413 3598 3930 
7087 2 0 3729 3930 3598 
7088 2 0 3333 3687 3334 
7089 2 0 3780 3334 3686 
7090 2 0 3780 3686 3782 
7091 2 0 3641 3932 3814 
7092 2 0 3812 3814 3932 
7093 2 0 3812 3932 3775 
7094 2 0 3834 3817 3933 
7095 2 0 3833 3832 3933 
7096 2 0 3834 3933 3832 
7097 2 0 3775 3934 3586 
7098 2 0 3641 3586 3934 
7099 2 0 3775 3932 3934 
7100 2 0 3641 3934 3932 
7101 2 0 3722 3925 3723 
7102 2 0 3765 3723 3925 
7103 2 0 3722 3926 3925 
7104 2 0 3926 3924 3925 
7105 2 0 3916 3930 3931 
7106 2 0 3783 3916 3931 
7107 2 0 3783 3931 3713 
7108 2 0 3889 3885 3907 
7109 2 0 3739 3889 3907 
7110 2 0 3869 3868 3907 
7111 2 0 3897 3766 3896 
7112 2 0 3911 3896 3766 
7113 2 0 3902 3935 3900 
7114 2 0 3884 3936 3935 
7115 2 0 3902 3893 3935 
7116 2 0 3884 3935 3893 
7117 2 0 3717 3829 3830 
7118 2 0 3745 3717 3830 
7119 2 0 3828 3890 3830 
7120 2 0 3745 3830 3859 
7121 2 0 3834 3937 3771 
7122 2 0 3720 3771 3937 
7123 2 0 3834 3861 3937 
7124 2 0 3720 3937 3861 
7125 2 0 3803 3778 3733 
7126 2 0 3803 3846 3778 
7127 2 0 3846 3779 3778 
7128 2 0 3865 3938 3688 
7129 2 0 3758 3688 3938 
7130 2 0 3758 3938 3679 
7131 2 0 3772 3939 3928 
7132 2 0 3784 3928 3939 
7133 2 0 3772 3774 3939 
7134 2 0 3784 3939 3774 
7135 2 0 3868 3940 3907 
7136 2 0 3739 3907 3940 
7137 2 0 3868 3819 3940 
7138 2 0 3739 3940 3819 
7139 2 0 3690 3700 3865 
7140 2 0 3843 3941 3700 
7141 2 0 3690 3699 3700 
7142 2 0 3843 3700 3698 
7143 2 0 3857 3942 3745 
7144 2 0 3857 3314 3942 
7145 2 0 3504 3942 3314 
7146 2 0 3662 3943 3814 
7147 2 0 3641 3814 3943 
7148 2 0 3662 3309 3943 
7149 2 0 3641 3943 3309 
7150 2 0 3900 3935 3936 
7151 2 0 3848 3900 3936 
7152 2 0 3884 3768 3936 
7153 2 0 3848 3936 3768 
7154 2 0 3818 3743 3528 
7155 2 0 3635 3528 3743 
7156 2 0 3818 3744 3743 
7157 2 0 3635 3743 3742 
7158 2 0 3458 3944 3927 
7159 2 0 3851 3945 3944 
7160 2 0 3851 3944 3912 
7161 2 0 3923 3946 3777 
7162 2 0 3528 3947 3818 
7163 2 0 3528 3530 3947 
7164 2 0 3825 3947 3530 
7165 2 0 3910 3948 3909 
7166 2 0 3796 3948 3899 
7167 2 0 3825 3826 3947 
7168 2 0 3818 3947 3826 
7169 2 0 3754 3949 3808 
7170 2 0 3713 3931 3711 
7171 2 0 3729 3711 3931 
7172 2 0 3794 3950 3721 
7173 2 0 3886 3721 3950 
7174 2 0 3886 3950 3869 
7175 2 0 3869 3950 3870 
7176 2 0 3794 3870 3950 
7177 2 0 3631 3949 3574 
7178 2 0 3754 3574 3949 
7179 2 0 3631 3927 3949 
7180 2 0 3927 3808 3949 
7181 2 0 3799 3476 3663 
7182 2 0 3880 3799 3663 
7183 2 0 3505 3507 3663 
7184 2 0 3880 3663 3790 
7185 2 0 3504 3951 3942 
7186 2 0 3745 3942 3951 
7187 2 0 3504 3668 3951 
7188 2 0 3745 3951 3668 
7189 2 0 3910 3903 3948 
7190 2 0 3899 3948 3903 
7191 2 0 3926 3722 3915 
7192 2 0 3921 3924 3915 
7193 2 0 3734 3922 3915 
7194 2 0 3921 3915 3922 
7195 2 0 3927 3944 3945 
7196 2 0 3808 3927 3945 
7197 2 0 3851 3849 3945 
7198 2 0 3808 3945 3849 
7199 2 0 3680 3941 3676 
7200 2 0 3843 3676 3941 
7201 2 0 3680 3865 3941 
7202 2 0 3865 3700 3941 
7203 2 0 3710 3952 3457 
7204 2 0 3455 3457 3952 
7205 2 0 3455 3952 3912 
7206 2 0 3786 3953 3731 
7207 2 0 3732 3731 3953 
7208 2 0 3786 3611 3953 
7209 2 0 3817 3725 3933 
7210 2 0 3833 3933 3725 
7211 2 0 3710 3707 3952 
7212 2 0 3912 3952 3707 
7213 2 0 3611 3468 3953 
7214 2 0 3732 3953 3468 
7215 2 0 3871 3728 3789 
7216 2 0 3603 3871 3789 
7217 2 0 3727 3604 3789 
7218 2 0 3603 3789 3604 
7219 2 0 3470 3954 3788 
7220 2 0 3757 3788 3954 
7221 2 0 3470 3465 3954 
7222 2 0 3878 3757 3954 
7223 2 0 3465 3785 3954 
7224 2 0 3878 3954 3785 
7225 2 0 3853 3880 3881 
7226 2 0 3703 3853 3881 
7227 2 0 3879 3892 3881 
7228 2 0 3703 3881 3892 
7229 2 0 3712 3822 3784 
7230 2 0 3802 3784 3822 
7231 2 0 3712 3820 3822 
7232 2 0 3820 3821 3822 
7233 2 0 3772 3928 3914 
7234 2 0 3920 3914 3928 
7235 2 0 3471 3791 3873 
7236 2 0 3714 3873 3791 
7237 2 0 3865 3680 3938 
7238 2 0 3679 3938 3680 
7239 2 0 3738 3918 3744 
7240 2 0 3742 3744 3918 
7241 2 0 3738 3917 3918 
7242 2 0 3917 3440 3918 
7243 2 0 3778 3777 3946 
7244 2 0 3733 3778 3946 
7245 2 0 3923 3922 3946 
7246 2 0 3733 3946 3922 
7247 2 0 3732 3844 3730 
7248 2 0 3756 3730 3844 
7249 2 0 3732 3788 3844 
7250 2 0 3788 3757 3844 
7251 2 0 3912 3955 3460 
7252 2 0 3458 3460 3955 
7253 2 0 3912 3944 3955 
7254 2 0 3458 3955 3944 
7255 2 0 3796 3795 3948 
7256 2 0 3909 3948 3795 
7257 2 0 3604 3956 3653 
7258 2 0 3827 3653 3956 
7259 2 0 3604 3727 3956 
7260 2 0 3827 3956 3727 
7261 2 0 3687 3904 3686 
7262 2 0 3904 3887 3686 
7263 2 0 3895 3864 3863 
7264 2 0 3835 3863 3864 
7265 2 0 3895 3718 3864 
7266 2 0 3718 3667 3864 
7267 2 0 3892 3883 3891 
7268 2 0 3704 3892 3891 
7269 2 0 3731 3730 3891 
7270 2 0 3704 3891 3730 
7271 2 0 3785 3877 3689 
7272 2 0 3793 3701 3877 
7273 2 0 3785 3467 3877 
7274 2 0 3793 3877 3482 
7275 2 0 3715 3781 3780 
7276 2 0 3431 3432 3781 
7277 2 0 3715 3791 3781 
7278 2 0 3431 3781 3791 
7279 2 0 3866 3674 3673 
7280 2 0 3473 3475 3674 
7281 2 0 3866 3800 3674 
7282 2 0 3473 3674 3800 
7283 2 0 3310 3662 3957 
7284 2 0 3664 3666 3958 
7285 2 0 3959 3960 3794 
7286 2 0 3777 3961 3923 
7287 2 0 3962 3963 3964 
7288 2 0 3965 3966 3967 
7289 2 0 3968 3969 3970 
7290 2 0 1443 3779 3971 
7291 2 0 1443 3972 3779 
7292 2 0 3971 3847 3973 
7293 2 0 3847 3971 3779 
7294 2 0 1438 3973 3847 
7295 2 0 3974 3975 3970 
7296 2 0 3976 3975 3977 
7297 2 0 3977 3978 3979 
7298 2 0 3978 3977 3980 
7299 2 0 3979 3978 3981 
7300 2 0 1443 3982 3974 
7301 2 0 3983 3961 3984 
7302 2 0 3981 3985 3986 
7303 2 0 3981 3986 3979 
7304 2 0 3985 3987 3986 
7305 2 0 3963 3988 3989 
7306 2 0 3990 3991 3992 
7307 2 0 3993 3994 3995 
7308 2 0 3996 3997 3998 
7309 2 0 3999 4000 3959 
7310 2 0 4001 4002 4003 
7311 2 0 4004 4005 4006 
7312 2 0 4007 4008 4009 
7313 2 0 4010 4011 4012 
7314 2 0 3910 4013 3903 
7315 2 0 4014 4015 4016 
7316 2 0 4017 4018 4019 
7317 2 0 4020 4021 4022 
7318 2 0 4023 4024 4025 
7319 2 0 4023 4026 4024 
7320 2 0 4003 4027 4028 
7321 2 0 4026 4029 4028 
7322 2 0 4030 4024 4028 
7323 2 0 4026 4028 4024 
7324 2 0 3999 4031 4000 
7325 2 0 3995 4000 4031 
7326 2 0 3999 3997 4031 
7327 2 0 3997 4032 4031 
7328 2 0 3821 3819 4033 
7329 2 0 4026 4023 4034 
7330 2 0 4035 4036 4034 
7331 2 0 4037 4038 4039 
7332 2 0 3815 4022 3813 
7333 2 0 4040 3989 4041 
7334 2 0 4042 4043 4044 
7335 2 0 4004 4002 4045 
7336 2 0 4046 4047 4045 
7337 2 0 4004 4045 4005 
7338 2 0 4048 4043 4025 
7339 2 0 3894 4049 3753 
7340 2 0 3894 4050 4049 
7341 2 0 4050 4051 4049 
7342 2 0 4026 4034 4052 
7343 2 0 3965 4053 4052 
7344 2 0 4054 4055 4056 
7345 2 0 4007 4057 4016 
7346 2 0 4058 4059 4060 
7347 2 0 4058 4006 4059 
7348 2 0 4061 4062 4063 
7349 2 0 3999 4064 4065 
7350 2 0 4066 4067 4018 
7351 2 0 4068 4019 4069 
7352 2 0 4018 4069 4019 
7353 2 0 3999 4065 4070 
7354 2 0 4068 4070 4065 
7355 2 0 3868 3870 3960 
7356 2 0 3870 3794 3960 
7357 2 0 3664 3958 4071 
7358 2 0 3959 3794 4071 
7359 2 0 3664 4071 3794 
7360 2 0 3764 4072 3748 
7361 2 0 4073 4074 3991 
7362 2 0 4040 4074 3989 
7363 2 0 4068 4069 4075 
7364 2 0 4076 4077 4075 
7365 2 0 4078 4012 4011 
7366 2 0 3836 4079 3666 
7367 2 0 3958 3666 4079 
7368 2 0 4072 4080 4081 
7369 2 0 4030 4072 4081 
7370 2 0 4025 4024 4081 
7371 2 0 4030 4081 4024 
7372 2 0 4082 4062 4083 
7373 2 0 4072 4084 3748 
7374 2 0 4068 4065 4085 
7375 2 0 4086 4019 4085 
7376 2 0 4068 4085 4019 
7377 2 0 4087 4088 4089 
7378 2 0 4090 4091 4088 
7379 2 0 3777 3972 3961 
7380 2 0 3777 3779 3972 
7381 2 0 3974 3972 1443 
7382 2 0 4073 4092 4074 
7383 2 0 3964 3989 4074 
7384 2 0 3958 4085 4065 
7385 2 0 3958 4079 4085 
7386 2 0 4068 4093 4070 
7387 2 0 3999 4070 4094 
7388 2 0 3999 4094 3997 
7389 2 0 4005 4047 4095 
7390 2 0 4006 4005 4095 
7391 2 0 4096 4059 4095 
7392 2 0 4006 4095 4059 
7393 2 0 3964 4097 3962 
7394 2 0 4082 3962 4097 
7395 2 0 4041 3989 3988 
7396 2 0 3964 3963 3989 
7397 2 0 4098 4099 4048 
7398 2 0 4063 4100 4061 
7399 2 0 4058 4060 4101 
7400 2 0 4060 4091 4101 
7401 2 0 4102 4097 4103 
7402 2 0 4104 4091 4060 
7403 2 0 4090 4101 4091 
7404 2 0 4104 4089 4091 
7405 2 0 4089 4088 4091 
7406 2 0 4012 4105 4010 
7407 2 0 3958 4064 4071 
7408 2 0 3959 4071 4064 
7409 2 0 3958 4065 4064 
7410 2 0 3959 4064 3999 
7411 2 0 4004 4106 4002 
7412 2 0 4106 4084 4030 
7413 2 0 4107 4035 4108 
7414 2 0 4042 4107 4108 
7415 2 0 4023 4025 4108 
7416 2 0 4002 4027 4003 
7417 2 0 4030 4028 4027 
7418 2 0 4002 4106 4027 
7419 2 0 4030 4027 4106 
7420 2 0 3819 3868 4033 
7421 2 0 3968 3984 3961 
7422 2 0 4109 3983 3984 
7423 2 0 3746 4110 3910 
7424 2 0 4013 4110 4006 
7425 2 0 4111 4010 4112 
7426 2 0 3923 4113 3921 
7427 2 0 4114 3921 4098 
7428 2 0 3923 3961 4113 
7429 2 0 4025 4080 4048 
7430 2 0 3763 4080 3764 
7431 2 0 4115 4116 4117 
7432 2 0 3961 3983 4113 
7433 2 0 4111 4112 4118 
7434 2 0 3920 4118 3919 
7435 2 0 4025 4081 4080 
7436 2 0 3764 4080 4072 
7437 2 0 3974 3969 3972 
7438 2 0 3961 3972 3969 
7439 2 0 3974 3970 3969 
7440 2 0 3961 3969 3968 
7441 2 0 4090 4119 4101 
7442 2 0 4120 4121 4090 
7443 2 0 4017 4050 4120 
7444 2 0 3959 4122 3960 
7445 2 0 4033 4123 4124 
7446 2 0 3959 4000 4122 
7447 2 0 4000 4125 4122 
7448 2 0 4040 3992 4074 
7449 2 0 3991 4074 3992 
7450 2 0 4124 4125 4126 
7451 2 0 3995 4126 4125 
7452 2 0 4124 4122 4125 
7453 2 0 3995 4125 4000 
7454 2 0 4098 4048 4114 
7455 2 0 3763 3921 4114 
7456 2 0 4113 4098 3921 
7457 2 0 4127 4056 4128 
7458 2 0 4049 4129 3753 
7459 2 0 4079 4129 4085 
7460 2 0 4096 4095 4047 
7461 2 0 4005 4045 4047 
7462 2 0 4060 4059 4096 
7463 2 0 4089 4037 4087 
7464 2 0 4017 4051 4050 
7465 2 0 4086 4049 4051 
7466 2 0 4017 4019 4051 
7467 2 0 4086 4051 4019 
7468 2 0 4039 4130 4037 
7469 2 0 4130 4087 4037 
7470 2 0 4088 4131 4132 
7471 2 0 4090 4088 4132 
7472 2 0 4017 4120 4132 
7473 2 0 4090 4132 4120 
7474 2 0 4003 4028 4029 
7475 2 0 4001 4003 4029 
7476 2 0 4026 4052 4029 
7477 2 0 4001 4029 4128 
7478 2 0 3980 3977 3975 
7479 2 0 3982 3980 3975 
7480 2 0 3976 3970 3975 
7481 2 0 3982 3975 3974 
7482 2 0 3995 4032 3993 
7483 2 0 3996 3993 4032 
7484 2 0 3995 4031 4032 
7485 2 0 3996 4032 3997 
7486 2 0 4087 4066 4018 
7487 2 0 4087 4130 4066 
7488 2 0 4133 4066 4130 
7489 2 0 4014 3994 3993 
7490 2 0 4126 3995 3994 
7491 2 0 4087 4131 4088 
7492 2 0 4017 4132 4131 
7493 2 0 4009 4134 4007 
7494 2 0 4126 4016 4057 
7495 2 0 3983 4135 4113 
7496 2 0 4099 4135 4044 
7497 2 0 4128 4055 4001 
7498 2 0 4128 4056 4055 
7499 2 0 4102 4063 4062 
7500 2 0 4097 4102 4062 
7501 2 0 4061 4083 4062 
7502 2 0 4097 4062 4082 
7503 2 0 4035 4136 4108 
7504 2 0 4023 4108 4136 
7505 2 0 4035 4034 4136 
7506 2 0 4023 4136 4034 
7507 2 0 4013 4137 3903 
7508 2 0 4101 4138 4058 
7509 2 0 4126 4057 4124 
7510 2 0 3903 4137 4139 
7511 2 0 3903 4139 3902 
7512 2 0 4093 4140 4094 
7513 2 0 4075 4077 4093 
7514 2 0 4057 4007 4134 
7515 2 0 4124 4057 4134 
7516 2 0 4124 4134 4033 
7517 2 0 4141 4142 4143 
7518 2 0 4009 4008 4144 
7519 2 0 4046 4142 4047 
7520 2 0 4141 4145 4142 
7521 2 0 4141 4146 4145 
7522 2 0 4033 4134 3821 
7523 2 0 4118 4147 3919 
7524 2 0 3815 3919 4147 
7525 2 0 4118 4112 4147 
7526 2 0 4010 4148 4112 
7527 2 0 4010 4105 4148 
7528 2 0 4020 4148 4105 
7529 2 0 4013 3910 4110 
7530 2 0 4106 4004 4110 
7531 2 0 4004 4006 4110 
7532 2 0 4077 4140 4093 
7533 2 0 3997 4094 4140 
7534 2 0 4077 3998 4140 
7535 2 0 3997 4140 3998 
7536 2 0 4142 4145 4047 
7537 2 0 4096 4047 4145 
7538 2 0 4037 4089 4038 
7539 2 0 4117 4116 4038 
7540 2 0 4116 4039 4038 
7541 2 0 4145 4149 4150 
7542 2 0 4096 4145 4150 
7543 2 0 4117 4104 4150 
7544 2 0 4058 4137 4006 
7545 2 0 4013 4006 4137 
7546 2 0 4151 4083 4061 
7547 2 0 4100 4152 4061 
7548 2 0 4152 4153 4061 
7549 2 0 4048 4080 4114 
7550 2 0 3763 4114 4080 
7551 2 0 4097 3964 4154 
7552 2 0 4092 4103 4154 
7553 2 0 4097 4154 4103 
7554 2 0 3893 4119 4155 
7555 2 0 4050 3894 4155 
7556 2 0 3893 4155 3894 
7557 2 0 4075 4093 4068 
7558 2 0 4094 4070 4093 
7559 2 0 4133 4067 4066 
7560 2 0 4069 4018 4067 
7561 2 0 4133 4076 4067 
7562 2 0 4089 4104 4038 
7563 2 0 4117 4038 4104 
7564 2 0 4046 4156 4055 
7565 2 0 4001 4055 4156 
7566 2 0 4156 4157 4001 
7567 2 0 4034 3966 4052 
7568 2 0 3965 4052 3966 
7569 2 0 4034 4036 3966 
7570 2 0 4036 3967 3966 
7571 2 0 4143 4142 4054 
7572 2 0 4099 4044 4043 
7573 2 0 4048 4099 4043 
7574 2 0 4042 4108 4043 
7575 2 0 4108 4025 4043 
7576 2 0 3821 4158 3802 
7577 2 0 4009 3802 4158 
7578 2 0 3821 4134 4158 
7579 2 0 4009 4158 4134 
7580 2 0 4146 4149 4145 
7581 2 0 4117 4150 4149 
7582 2 0 4146 4115 4149 
7583 2 0 4117 4149 4115 
7584 2 0 4046 4055 4142 
7585 2 0 4054 4142 4055 
7586 2 0 3801 4159 4144 
7587 2 0 4009 4144 4159 
7588 2 0 3801 3802 4159 
7589 2 0 4009 4159 3802 
7590 2 0 4072 4030 4084 
7591 2 0 3746 3748 4084 
7592 2 0 4106 4110 4084 
7593 2 0 3746 4084 4110 
7594 2 0 4137 4138 4139 
7595 2 0 4119 4139 4138 
7596 2 0 4137 4058 4138 
7597 2 0 4119 4138 4101 
7598 2 0 4069 4067 4075 
7599 2 0 4076 4075 4067 
7600 2 0 4104 4060 4150 
7601 2 0 4096 4150 4060 
7602 2 0 4002 4157 4045 
7603 2 0 4046 4045 4157 
7604 2 0 4002 4001 4157 
7605 2 0 4046 4157 4156 
7606 2 0 4010 4160 4011 
7607 2 0 4008 4011 4160 
7608 2 0 4010 4111 4160 
7609 2 0 4111 4161 4160 
7610 2 0 3815 4162 4022 
7611 2 0 4112 4022 4162 
7612 2 0 3815 4147 4162 
7613 2 0 4112 4162 4147 
7614 2 0 3964 4074 4154 
7615 2 0 4092 4154 4074 
7616 2 0 3957 4163 4021 
7617 2 0 4022 4021 4163 
7618 2 0 3957 3662 4163 
7619 2 0 4144 4161 4164 
7620 2 0 3801 4144 4164 
7621 2 0 4118 3920 4164 
7622 2 0 3801 4164 3920 
7623 2 0 3662 3813 4163 
7624 2 0 4022 4163 3813 
7625 2 0 4119 4121 4155 
7626 2 0 4050 4155 4121 
7627 2 0 4119 4090 4121 
7628 2 0 4050 4121 4120 
7629 2 0 4016 4165 4166 
7630 2 0 4007 4016 4166 
7631 2 0 4011 4008 4166 
7632 2 0 4007 4166 4008 
7633 2 0 4126 3994 4016 
7634 2 0 4014 4016 3994 
7635 2 0 3902 4139 3893 
7636 2 0 4119 3893 4139 
7637 2 0 4020 4167 4148 
7638 2 0 4112 4148 4167 
7639 2 0 4020 4022 4167 
7640 2 0 4112 4167 4022 
7641 2 0 4086 4085 4129 
7642 2 0 4049 4086 4129 
7643 2 0 4079 3836 4129 
7644 2 0 3836 3753 4129 
7645 2 0 4015 4165 4016 
7646 2 0 4011 4166 4165 
7647 2 0 4015 4078 4165 
7648 2 0 4011 4165 4078 
7649 2 0 4122 4124 4123 
7650 2 0 3960 4122 4123 
7651 2 0 4033 3868 4123 
7652 2 0 3960 4123 3868 
7653 2 0 4118 4161 4111 
7654 2 0 4008 4160 4161 
7655 2 0 4118 4164 4161 
7656 2 0 4008 4161 4144 
7657 2 0 4098 4113 4135 
7658 2 0 4099 4098 4135 
7659 2 0 3983 4109 4135 
7660 2 0 4109 4044 4135 
7661 2 0 4128 4168 4127 
7662 2 0 4053 4127 4168 
7663 2 0 4053 4168 4052 
7664 2 0 4128 4029 4168 
7665 2 0 4052 4168 4029 
7666 2 0 4017 4131 4018 
7667 2 0 4087 4018 4131 
7668 2 0 4151 4153 3985 
7669 2 0 3987 3985 4153 
7670 2 0 4151 4061 4153 
7671 2 0 3987 4153 4152 
7672 2 0 3311 3310 3957 
7673 2 0 4169 4170 4171 
7674 2 0 4172 4173 4174 
7675 2 0 3508 4175 3464 
7676 2 0 4176 4177 3967 
7677 2 0 4178 3599 3435 
7678 2 0 3599 4179 3447 
7679 2 0 4180 4181 4182 
7680 2 0 4183 4184 4185 
7681 2 0 4186 4187 4188 
7682 2 0 4189 3545 3447 
7683 2 0 4190 4187 4191 
7684 2 0 4192 4193 4191 
7685 2 0 4191 4193 4190 
7686 2 0 4192 4194 4195 
7687 2 0 4196 4197 4194 
7688 2 0 3545 4198 3555 
7689 2 0 3545 4189 4198 
7690 2 0 4192 4195 4193 
7691 2 0 4199 4200 4196 
7692 2 0 4197 4195 4194 
7693 2 0 4196 4200 4197 
7694 2 0 4201 4202 4203 
7695 2 0 4204 4205 4206 
7696 2 0 4207 4208 4209 
7697 2 0 4173 4172 4210 
7698 2 0 4211 4172 4174 
7699 2 0 4183 4181 4188 
7700 2 0 4189 3447 4185 
7701 2 0 4212 3996 4213 
7702 2 0 4214 4215 4216 
7703 2 0 3998 4217 4213 
7704 2 0 3998 4077 4217 
7705 2 0 4218 4219 4220 
7706 2 0 4221 4222 4223 
7707 2 0 4224 4225 4226 
7708 2 0 3537 4225 3617 
7709 2 0 3590 3581 4227 
7710 2 0 4078 4015 4228 
7711 2 0 4224 4226 4228 
7712 2 0 3451 4229 3623 
7713 2 0 4230 4231 4232 
7714 2 0 4233 4234 4020 
7715 2 0 4105 4235 4020 
7716 2 0 4236 4237 4238 
7717 2 0 4209 4237 4176 
7718 2 0 4239 4240 4241 
7719 2 0 4141 4143 4242 
7720 2 0 4243 4244 3415 
7721 2 0 4222 4221 4245 
7722 2 0 4246 4247 4248 
7723 2 0 4213 4248 4247 
7724 2 0 4249 4250 4251 
7725 2 0 3588 4252 3415 
7726 2 0 4220 4253 4254 
7727 2 0 4218 4220 4254 
7728 2 0 4255 4230 4254 
7729 2 0 4218 4254 4230 
7730 2 0 3965 4256 4053 
7731 2 0 4236 4256 4237 
7732 2 0 4221 4257 4245 
7733 2 0 4258 4245 4257 
7734 2 0 4258 4257 4259 
7735 2 0 4238 4208 4260 
7736 2 0 4238 4261 4236 
7737 2 0 4238 4260 4261 
7738 2 0 4262 4263 3329 
7739 2 0 4264 4265 4219 
7740 2 0 4264 4266 4265 
7741 2 0 4267 4268 4245 
7742 2 0 4076 4133 4259 
7743 2 0 4248 4269 4270 
7744 2 0 4246 4248 4270 
7745 2 0 4221 4223 4270 
7746 2 0 4236 4271 4256 
7747 2 0 4221 4217 4272 
7748 2 0 4272 4273 4257 
7749 2 0 4221 4272 4257 
7750 2 0 4222 4175 4223 
7751 2 0 3327 4223 4175 
7752 2 0 4222 3464 4175 
7753 2 0 3327 4175 3508 
7754 2 0 4274 4275 4261 
7755 2 0 4236 4261 4275 
7756 2 0 4274 4276 4275 
7757 2 0 4232 4271 4275 
7758 2 0 4277 4278 4279 
7759 2 0 3408 3625 4280 
7760 2 0 4274 4281 4243 
7761 2 0 4260 4282 4281 
7762 2 0 4274 4261 4281 
7763 2 0 4260 4281 4261 
7764 2 0 4283 4206 4284 
7765 2 0 4211 4174 4284 
7766 2 0 4201 4285 4286 
7767 2 0 4286 4170 4201 
7768 2 0 4185 3447 4179 
7769 2 0 4183 4185 4179 
7770 2 0 3599 4178 4179 
7771 2 0 4219 4287 4220 
7772 2 0 4288 4253 4287 
7773 2 0 4219 4265 4287 
7774 2 0 4288 4287 4265 
7775 2 0 4218 4230 4289 
7776 2 0 4274 4243 4289 
7777 2 0 4290 4286 4291 
7778 2 0 4292 4293 4249 
7779 2 0 4054 4242 4143 
7780 2 0 3623 4294 3536 
7781 2 0 4208 4250 4260 
7782 2 0 4295 4208 4207 
7783 2 0 4258 4296 4245 
7784 2 0 4297 4298 4280 
7785 2 0 4241 4266 4297 
7786 2 0 3577 4299 3609 
7787 2 0 4300 4180 4182 
7788 2 0 4301 4300 4182 
7789 2 0 4218 4227 4219 
7790 2 0 3435 4302 4178 
7791 2 0 3435 3516 4302 
7792 2 0 3516 4303 4302 
7793 2 0 4304 4169 4171 
7794 2 0 4202 4170 4169 
7795 2 0 4304 4305 4169 
7796 2 0 4174 4306 4169 
7797 2 0 4227 4252 3590 
7798 2 0 4307 4308 4267 
7799 2 0 3463 4308 3624 
7800 2 0 4290 4170 4286 
7801 2 0 4202 4201 4170 
7802 2 0 4290 4309 4170 
7803 2 0 4309 4171 4170 
7804 2 0 4297 4278 4241 
7805 2 0 4297 4310 4278 
7806 2 0 4231 4311 4312 
7807 2 0 4242 4311 4255 
7808 2 0 4312 4232 4231 
7809 2 0 4255 4231 4230 
7810 2 0 3496 3646 4282 
7811 2 0 4293 4313 4260 
7812 2 0 4200 4314 4285 
7813 2 0 4315 4316 4115 
7814 2 0 4178 4302 4182 
7815 2 0 4317 4299 4318 
7816 2 0 4317 4318 4216 
7817 2 0 4310 4319 4307 
7818 2 0 3996 4212 3993 
7819 2 0 4320 4212 4247 
7820 2 0 4180 4188 4181 
7821 2 0 4178 4182 4181 
7822 2 0 4183 4179 4181 
7823 2 0 4178 4181 4179 
7824 2 0 4203 4306 4173 
7825 2 0 4174 4173 4306 
7826 2 0 4203 4202 4306 
7827 2 0 4202 4169 4306 
7828 2 0 4277 4279 4321 
7829 2 0 4277 4321 4322 
7830 2 0 3993 4212 4214 
7831 2 0 4320 4214 4212 
7832 2 0 3329 3610 4262 
7833 2 0 4246 4323 4262 
7834 2 0 4230 4276 4289 
7835 2 0 4274 4289 4276 
7836 2 0 4230 4232 4276 
7837 2 0 4232 4275 4276 
7838 2 0 4206 4205 4284 
7839 2 0 4211 4284 4205 
7840 2 0 4240 4265 4266 
7841 2 0 4241 4240 4266 
7842 2 0 4264 4298 4266 
7843 2 0 4298 4297 4266 
7844 2 0 3496 4303 3516 
7845 2 0 4292 4302 4303 
7846 2 0 4303 4313 4292 
7847 2 0 4317 4324 4299 
7848 2 0 4262 4325 4246 
7849 2 0 4221 4269 4217 
7850 2 0 4213 4217 4269 
7851 2 0 4221 4270 4269 
7852 2 0 4213 4269 4248 
7853 2 0 4127 4326 4056 
7854 2 0 4246 4270 4323 
7855 2 0 4223 4323 4270 
7856 2 0 4220 4287 4253 
7857 2 0 4255 4254 4253 
7858 2 0 4255 4253 4242 
7859 2 0 4240 4288 4265 
7860 2 0 4324 4215 4327 
7861 2 0 4246 4324 4327 
7862 2 0 4320 4247 4327 
7863 2 0 4246 4327 4247 
7864 2 0 4320 4215 4214 
7865 2 0 4317 4216 4215 
7866 2 0 4320 4327 4215 
7867 2 0 4317 4215 4324 
7868 2 0 4174 4305 4284 
7869 2 0 4283 4284 4305 
7870 2 0 4174 4169 4305 
7871 2 0 4283 4305 4304 
7872 2 0 4183 4188 4187 
7873 2 0 4184 4183 4187 
7874 2 0 4186 4191 4187 
7875 2 0 4184 4187 4190 
7876 2 0 4280 4319 4297 
7877 2 0 4326 4328 4312 
7878 2 0 4236 4275 4271 
7879 2 0 4312 4271 4232 
7880 2 0 4014 4329 4216 
7881 2 0 4214 4216 4329 
7882 2 0 4014 3993 4329 
7883 2 0 4214 4329 3993 
7884 2 0 4247 4212 4213 
7885 2 0 3998 4213 3996 
7886 2 0 4228 4330 4224 
7887 2 0 4216 4318 4331 
7888 2 0 4224 4331 4318 
7889 2 0 4301 4332 4249 
7890 2 0 4251 4301 4249 
7891 2 0 4209 4333 4237 
7892 2 0 4238 4237 4333 
7893 2 0 4209 4208 4333 
7894 2 0 4238 4333 4208 
7895 2 0 4294 4229 4334 
7896 2 0 4294 3623 4229 
7897 2 0 4335 4336 3581 
7898 2 0 4226 4334 4337 
7899 2 0 4259 4133 4338 
7900 2 0 4338 4339 4321 
7901 2 0 4243 4252 4289 
7902 2 0 4243 3415 4252 
7903 2 0 3588 3590 4252 
7904 2 0 3311 4234 3450 
7905 2 0 3311 3957 4234 
7906 2 0 4242 4054 4311 
7907 2 0 4326 4312 4311 
7908 2 0 4231 4255 4311 
7909 2 0 4299 4340 4318 
7910 2 0 4133 4339 4338 
7911 2 0 4339 4341 4321 
7912 2 0 4133 4130 4339 
7913 2 0 4012 4235 4105 
7914 2 0 4233 4020 4235 
7915 2 0 4012 4337 4235 
7916 2 0 4324 4246 4325 
7917 2 0 4299 4324 4325 
7918 2 0 4262 3610 4325 
7919 2 0 4021 4020 4234 
7920 2 0 3957 4021 4234 
7921 2 0 4308 4319 3624 
7922 2 0 4308 4307 4319 
7923 2 0 4310 4297 4319 
7924 2 0 4225 3537 4342 
7925 2 0 4294 4334 4342 
7926 2 0 4267 4296 4307 
7927 2 0 4278 4310 4279 
7928 2 0 4141 4242 4343 
7929 2 0 4141 4343 4146 
7930 2 0 3581 3408 4335 
7931 2 0 4344 4335 3408 
7932 2 0 4280 4344 3408 
7933 2 0 4331 4224 4330 
7934 2 0 4216 4331 4330 
7935 2 0 4228 4015 4330 
7936 2 0 4288 4345 4253 
7937 2 0 4242 4253 4345 
7938 2 0 4288 4343 4345 
7939 2 0 4242 4345 4343 
7940 2 0 4334 4226 4342 
7941 2 0 4225 4342 4226 
7942 2 0 4264 4336 4335 
7943 2 0 4227 3581 4336 
7944 2 0 4264 4219 4336 
7945 2 0 4227 4336 4219 
7946 2 0 4015 4346 4330 
7947 2 0 4216 4330 4346 
7948 2 0 4015 4014 4346 
7949 2 0 4216 4346 4014 
7950 2 0 4217 4077 4273 
7951 2 0 4259 4257 4273 
7952 2 0 4217 4273 4272 
7953 2 0 4289 4347 4218 
7954 2 0 4227 4218 4347 
7955 2 0 4289 4252 4347 
7956 2 0 4227 4347 4252 
7957 2 0 4321 4279 4338 
7958 2 0 4299 4348 3609 
7959 2 0 3610 3609 4348 
7960 2 0 4299 4325 4348 
7961 2 0 3610 4348 4325 
7962 2 0 4239 4315 4349 
7963 2 0 4288 4240 4349 
7964 2 0 4239 4349 4240 
7965 2 0 4116 4350 4039 
7966 2 0 4322 4341 4350 
7967 2 0 4322 4350 4239 
7968 2 0 4012 4351 4337 
7969 2 0 4012 4078 4351 
7970 2 0 4228 4351 4078 
7971 2 0 4326 4352 4056 
7972 2 0 4054 4056 4352 
7973 2 0 4326 4311 4352 
7974 2 0 4054 4352 4311 
7975 2 0 4337 4334 4353 
7976 2 0 4233 4235 4353 
7977 2 0 4337 4353 4235 
7978 2 0 4222 4268 3464 
7979 2 0 4222 4245 4268 
7980 2 0 4308 4268 4267 
7981 2 0 4233 4354 4234 
7982 2 0 3450 4234 4354 
7983 2 0 3450 4354 3451 
7984 2 0 4264 4335 4298 
7985 2 0 3537 4355 4342 
7986 2 0 4294 4342 4355 
7987 2 0 3537 3536 4355 
7988 2 0 4294 4355 3536 
7989 2 0 4259 4338 4258 
7990 2 0 4279 4258 4338 
7991 2 0 4337 4356 4226 
7992 2 0 4228 4226 4356 
7993 2 0 4337 4351 4356 
7994 2 0 4228 4356 4351 
7995 2 0 3496 4313 4303 
7996 2 0 4293 4292 4313 
7997 2 0 3496 4282 4313 
7998 2 0 4282 4260 4313 
7999 2 0 4340 4357 4358 
8000 2 0 4318 4340 4358 
8001 2 0 4225 4224 4358 
8002 2 0 4318 4358 4224 
8003 2 0 4288 4349 4343 
8004 2 0 4315 4359 4349 
8005 2 0 4241 4277 4239 
8006 2 0 4322 4239 4277 
8007 2 0 4241 4278 4277 
8008 2 0 3965 4177 4256 
8009 2 0 4237 4256 4177 
8010 2 0 3965 3967 4177 
8011 2 0 4237 4177 4176 
8012 2 0 4077 4360 4273 
8013 2 0 4259 4273 4360 
8014 2 0 4077 4076 4360 
8015 2 0 4259 4360 4076 
8016 2 0 4292 4249 4332 
8017 2 0 4302 4292 4332 
8018 2 0 4301 4182 4332 
8019 2 0 4302 4332 4182 
8020 2 0 3423 4357 4340 
8021 2 0 4225 4358 4357 
8022 2 0 3423 3617 4357 
8023 2 0 4225 4357 3617 
8024 2 0 4299 4361 4340 
8025 2 0 3423 4340 4361 
8026 2 0 4299 3577 4361 
8027 2 0 3423 4361 3577 
8028 2 0 4328 4362 4256 
8029 2 0 4256 4271 4328 
8030 2 0 4271 4312 4328 
8031 2 0 4293 4250 4249 
8032 2 0 4295 4251 4250 
8033 2 0 4293 4260 4250 
8034 2 0 4295 4250 4208 
8035 2 0 4326 4362 4328 
8036 2 0 4053 4256 4362 
8037 2 0 4326 4127 4362 
8038 2 0 4053 4362 4127 
8039 2 0 4233 4353 4229 
8040 2 0 4334 4229 4353 
8041 2 0 3451 4354 4229 
8042 2 0 4233 4229 4354 
8043 2 0 3646 3415 4244 
8044 2 0 4282 3646 4244 
8045 2 0 4243 4281 4244 
8046 2 0 4282 4244 4281 
8047 2 0 4130 4341 4339 
8048 2 0 4322 4321 4341 
8049 2 0 4130 4039 4341 
8050 2 0 4039 4350 4341 
8051 2 0 4116 4316 4350 
8052 2 0 4239 4350 4316 
8053 2 0 4116 4115 4316 
8054 2 0 4239 4316 4315 
8055 2 0 4286 4314 4291 
8056 2 0 4199 4291 4314 
8057 2 0 4286 4285 4314 
8058 2 0 4199 4314 4200 
8059 2 0 4280 4298 4344 
8060 2 0 4335 4344 4298 
8061 2 0 4310 4307 4296 
8062 2 0 4279 4310 4296 
8063 2 0 4267 4245 4296 
8064 2 0 4279 4296 4258 
8065 2 0 4308 4363 4268 
8066 2 0 3464 4268 4363 
8067 2 0 4308 3463 4363 
8068 2 0 3464 4363 3463 
8069 2 0 4280 3625 4319 
8070 2 0 3624 4319 3625 
8071 2 0 4323 4263 4262 
8072 2 0 3327 3329 4263 
8073 2 0 4323 4223 4263 
8074 2 0 3327 4263 4223 
8075 2 0 4146 4359 4115 
8076 2 0 4315 4115 4359 
8077 2 0 4146 4343 4359 
8078 2 0 4343 4349 4359 
8079 2 0 4364 4365 4366 
8080 2 0 4367 4368 4369 
8081 2 0 4370 4371 4372 
8082 2 0 4373 4374 4375 
8083 2 0 4376 4377 4378 
8084 2 0 4377 4379 4366 
8085 2 0 4380 4381 4382 
8086 2 0 4383 4384 4385 
8087 2 0 4386 4387 4388 
8088 2 0 4389 4390 4368 
8089 2 0 4391 4392 4393 
8090 2 0 4394 4395 4396 
8091 2 0 4397 4385 4384 
8092 2 0 4398 4389 4399 
8093 2 0 4400 3333 3335 
8094 2 0 4401 4402 4403 
8095 2 0 3336 3583 4404 
8096 2 0 4405 4406 4407 
8097 2 0 4400 3336 4408 
8098 2 0 4389 4398 4409 
8099 2 0 4368 4399 4389 
8100 2 0 4410 4411 4383 
8101 2 0 4412 4413 4414 
8102 2 0 4372 4415 4416 
8103 2 0 4417 4418 4419 
8104 2 0 4420 3333 4400 
8105 2 0 4421 4422 4423 
8106 2 0 4400 4367 4420 
8107 2 0 4424 4376 4371 
8108 2 0 4425 4422 4365 
8109 2 0 4366 4422 4426 
8110 2 0 4364 4366 4379 
8111 2 0 4366 4365 4422 
8112 2 0 4369 4427 4367 
8113 2 0 4390 4428 4369 
8114 2 0 4423 4428 4390 
8115 2 0 4429 4380 4382 
8116 2 0 4430 4424 4371 
8117 2 0 4370 4430 4371 
8118 2 0 4370 4431 4432 
8119 2 0 4392 4433 4404 
8120 2 0 4376 4379 4377 
8121 2 0 4434 4435 4388 
8122 2 0 4436 4401 4437 
8123 2 0 4386 4435 4397 
8124 2 0 4438 4432 4439 
8125 2 0 4364 4379 4440 
8126 2 0 4431 4401 4432 
8127 2 0 4385 4402 4383 
8128 2 0 4419 4405 4441 
8129 2 0 4406 4373 4375 
8130 2 0 4373 4442 4443 
8131 2 0 4423 4389 4409 
8132 2 0 4444 4445 4446 
8133 2 0 3336 4404 4408 
8134 2 0 4430 4370 4438 
8135 2 0 4371 4447 4372 
8136 2 0 4448 4449 4450 
8137 2 0 4449 4448 4451 
8138 2 0 4451 4452 4449 
8139 2 0 4423 4390 4389 
8140 2 0 4453 4421 4409 
8141 2 0 4376 4440 4379 
8142 2 0 3526 4393 3583 
8143 2 0 4390 4369 4368 
8144 2 0 4440 4376 4424 
8145 2 0 4376 4447 4371 
8146 2 0 4437 4403 4435 
8147 2 0 4426 4422 4421 
8148 2 0 4370 4432 4438 
8149 2 0 4454 4383 4402 
8150 2 0 4455 4378 4456 
8151 2 0 4421 4453 4456 
8152 2 0 4420 4367 4427 
8153 2 0 4408 4368 4367 
8154 2 0 4382 4412 4457 
8155 2 0 4381 4458 4459 
8156 2 0 4399 4392 4398 
8157 2 0 4433 4368 4408 
8158 2 0 4391 3526 3331 
8159 2 0 4399 4433 4392 
8160 2 0 4382 4413 4412 
8161 2 0 4460 4461 4462 
8162 2 0 4463 4398 4464 
8163 2 0 3331 4396 4391 
8164 2 0 3583 4393 4404 
8165 2 0 4404 4393 4392 
8166 2 0 4368 4433 4399 
8167 2 0 4408 4404 4433 
8168 2 0 4457 4462 4382 
8169 2 0 4454 4402 4416 
8170 2 0 4415 4455 4380 
8171 2 0 4409 4398 4463 
8172 2 0 4464 4398 4392 
8173 2 0 4464 4392 4391 
8174 2 0 4463 4453 4409 
8175 2 0 4409 4421 4423 
8176 2 0 4465 4463 4464 
8177 2 0 4366 4426 4377 
8178 2 0 4453 4466 4456 
8179 2 0 4466 4458 4456 
8180 2 0 4391 4393 3526 
8181 2 0 4457 4467 4462 
8182 2 0 4460 4462 4467 
8183 2 0 4468 4469 4470 
8184 2 0 4382 4462 4461 
8185 2 0 4429 4382 4461 
8186 2 0 4470 4460 4468 
8187 2 0 4454 4416 4429 
8188 2 0 4372 4416 4431 
8189 2 0 4461 4410 4454 
8190 2 0 4403 4402 4385 
8191 2 0 4370 4372 4431 
8192 2 0 4415 4372 4447 
8193 2 0 4401 4431 4402 
8194 2 0 4416 4402 4431 
8195 2 0 4460 4470 4410 
8196 2 0 4384 4411 4471 
8197 2 0 4472 4417 4473 
8198 2 0 4441 4407 4474 
8199 2 0 4475 4384 4471 
8200 2 0 4461 4454 4429 
8201 2 0 4383 4454 4410 
8202 2 0 4411 4476 4477 
8203 2 0 4441 4405 4407 
8204 2 0 4386 4397 4474 
8205 2 0 4411 4384 4383 
8206 2 0 4397 4384 4475 
8207 2 0 4411 4477 4471 
8208 2 0 4419 4441 4478 
8209 2 0 4474 4397 4475 
8210 2 0 4397 4435 4403 
8211 2 0 4474 4475 4441 
8212 2 0 4474 4407 4386 
8213 2 0 4475 4471 4478 
8214 2 0 4417 4419 4478 
8215 2 0 4388 4435 4386 
8216 2 0 4418 4417 4472 
8217 2 0 4475 4478 4441 
8218 2 0 4418 4479 4419 
8219 2 0 4471 4477 4478 
8220 2 0 4478 4477 4417 
8221 2 0 4461 4460 4410 
8222 2 0 4467 4468 4460 
8223 2 0 4476 4470 4469 
8224 2 0 4477 4476 4417 
8225 2 0 4480 4473 4476 
8226 2 0 4473 4480 4481 
8227 2 0 4476 4473 4417 
8228 2 0 4472 4473 4482 
8229 2 0 4482 4473 4481 
8230 2 0 4367 4400 4408 
8231 2 0 3336 4400 3335 
8232 2 0 4405 4483 4406 
8233 2 0 4373 4406 4483 
8234 2 0 4374 4373 4443 
8235 2 0 4387 4484 4374 
8236 2 0 4406 4375 4407 
8237 2 0 4397 4403 4385 
8238 2 0 4437 4435 4434 
8239 2 0 4436 4437 4434 
8240 2 0 4401 4403 4437 
8241 2 0 4413 4382 4381 
8242 2 0 4459 4413 4381 
8243 2 0 4380 4455 4458 
8244 2 0 4378 4455 4447 
8245 2 0 4421 4456 4426 
8246 2 0 4377 4426 4456 
8247 2 0 4458 4466 4459 
8248 2 0 4466 4463 4459 
8249 2 0 4465 4485 4459 
8250 2 0 4458 4381 4380 
8251 2 0 4453 4463 4466 
8252 2 0 4486 4485 4465 
8253 2 0 4413 4459 4485 
8254 2 0 4463 4465 4459 
8255 2 0 4456 4458 4455 
8256 2 0 4455 4415 4447 
8257 2 0 4429 4416 4415 
8258 2 0 4469 4480 4476 
8259 2 0 4487 4488 4489 
8260 2 0 4482 4490 4472 
8261 2 0 4481 4489 4482 
8262 2 0 4485 4414 4413 
8263 2 0 4415 4380 4429 
8264 2 0 4376 4378 4447 
8265 2 0 4456 4378 4377 
8266 2 0 3331 3330 4396 
8267 2 0 4394 4396 3330 
8268 2 0 4491 4492 4493 
8269 2 0 4494 4495 4444 
8270 2 0 4491 4442 4496 
8271 2 0 4497 4498 4499 
8272 2 0 4418 4490 4500 
8273 2 0 4418 4472 4490 
8274 2 0 4482 4489 4490 
8275 2 0 4500 4501 4418 
8276 2 0 4500 4499 4501 
8277 2 0 4483 4479 4501 
8278 2 0 4418 4501 4479 
8279 2 0 4483 4405 4479 
8280 2 0 4405 4419 4479 
8281 2 0 4502 4503 4504 
8282 2 0 4505 4506 4507 
8283 2 0 4504 4508 4509 
8284 2 0 4510 4511 4512 
8285 2 0 4513 4514 4512 
8286 2 0 4515 4503 4507 
8287 2 0 4516 4517 4518 
8288 2 0 4487 4509 4519 
8289 2 0 4515 4507 4506 
8290 2 0 4509 4508 4519 
8291 2 0 4508 4520 4519 
8292 2 0 4521 4522 4523 
8293 2 0 4524 4525 4526 
8294 2 0 4527 4528 4529 
8295 2 0 4530 4446 4445 
8296 2 0 4531 4530 4445 
8297 2 0 4444 4532 4445 
8298 2 0 4532 4533 4445 
8299 2 0 4534 4525 4524 
8300 2 0 4534 4514 4525 
8301 2 0 4514 4535 4525 
8302 2 0 4536 4537 4538 
8303 2 0 4527 4539 4540 
8304 2 0 4532 4444 4495 
8305 2 0 4541 4495 4494 
8306 2 0 4536 4510 4542 
8307 2 0 4541 4543 4542 
8308 2 0 4493 4442 4491 
8309 2 0 4483 4496 4442 
8310 2 0 4493 4544 4442 
8311 2 0 4528 4545 4529 
8312 2 0 4546 4547 4529 
8313 2 0 4538 4539 4547 
8314 2 0 4546 4548 4547 
8315 2 0 4538 4547 4518 
8316 2 0 4499 4496 4501 
8317 2 0 4483 4501 4496 
8318 2 0 4537 4540 4539 
8319 2 0 4538 4537 4539 
8320 2 0 4527 4529 4539 
8321 2 0 4529 4547 4539 
8322 2 0 4516 4549 4515 
8323 2 0 4531 4445 4533 
8324 2 0 4534 4531 4533 
8325 2 0 4534 4533 4514 
8326 2 0 4550 4551 4552 
8327 2 0 4553 4550 4552 
8328 2 0 4553 4552 4545 
8329 2 0 4540 4537 4543 
8330 2 0 4545 4552 4529 
8331 2 0 4546 4529 4552 
8332 2 0 4536 4542 4537 
8333 2 0 4542 4543 4537 
8334 2 0 4490 4489 4488 
8335 2 0 4500 4490 4488 
8336 2 0 4487 4519 4488 
8337 2 0 4519 4554 4488 
8338 2 0 4516 4518 4555 
8339 2 0 4516 4555 4549 
8340 2 0 4553 4492 4550 
8341 2 0 4553 4556 4492 
8342 2 0 4556 4493 4492 
8343 2 0 4541 4557 4495 
8344 2 0 4510 4558 4557 
8345 2 0 4541 4542 4557 
8346 2 0 4510 4557 4542 
8347 2 0 4518 4547 4548 
8348 2 0 4559 4520 4548 
8349 2 0 4518 4548 4555 
8350 2 0 4559 4554 4519 
8351 2 0 4500 4488 4554 
8352 2 0 4500 4554 4499 
8353 2 0 4523 4560 4521 
8354 2 0 4523 4506 4560 
8355 2 0 4505 4560 4506 
8356 2 0 4497 4550 4498 
8357 2 0 4491 4496 4498 
8358 2 0 4496 4499 4498 
8359 2 0 4522 4526 4525 
8360 2 0 4523 4522 4525 
8361 2 0 4476 4411 4470 
8362 2 0 4411 4410 4470 
8363 2 0 4555 4548 4520 
8364 2 0 4549 4555 4520 
8365 2 0 4559 4519 4520 
8366 2 0 4549 4520 4508 
8367 2 0 4521 4560 4561 
8368 2 0 4505 4561 4560 
8369 2 0 4497 4551 4550 
8370 2 0 4546 4552 4551 
8371 2 0 4497 4562 4551 
8372 2 0 4550 4492 4498 
8373 2 0 4491 4498 4492 
8374 2 0 4559 4562 4554 
8375 2 0 4499 4554 4562 
8376 2 0 4559 4563 4562 
8377 2 0 4499 4562 4497 
8378 2 0 4546 4563 4548 
8379 2 0 4559 4548 4563 
8380 2 0 4546 4551 4563 
8381 2 0 4551 4562 4563 
8382 2 0 4536 4511 4510 
8383 2 0 4513 4512 4511 
8384 2 0 4516 4564 4511 
8385 2 0 4495 4557 4558 
8386 2 0 4532 4495 4558 
8387 2 0 4510 4512 4558 
8388 2 0 4512 4565 4558 
8389 2 0 4401 4566 4432 
8390 2 0 4439 4432 4566 
8391 2 0 4401 4436 4566 
8392 2 0 4439 4566 4436 
8393 2 0 4514 4565 4512 
8394 2 0 4532 4558 4565 
8395 2 0 4514 4533 4565 
8396 2 0 4532 4565 4533 
8397 2 0 4486 4395 4394 
8398 2 0 4391 4396 4395 
8399 2 0 4391 4395 4464 
8400 2 0 4464 4395 4465 
8401 2 0 4486 4465 4395 
8402 2 0 4513 4511 4564 
8403 2 0 4506 4513 4564 
8404 2 0 4516 4515 4564 
8405 2 0 4506 4564 4515 
8406 2 0 4526 4522 4567 
8407 2 0 4521 4567 4522 
8408 2 0 4513 4535 4514 
8409 2 0 4523 4525 4535 
8410 2 0 4513 4506 4535 
8411 2 0 4523 4535 4506 
8412 2 0 4508 4504 4503 
8413 2 0 4549 4508 4503 
8414 2 0 4502 4507 4503 
8415 2 0 4549 4503 4515 
8416 2 0 4536 4517 4511 
8417 2 0 4516 4511 4517 
8418 2 0 4536 4538 4517 
8419 2 0 4538 4518 4517 
8420 2 0 4544 4443 4442 
8421 2 0 4483 4442 4373 
8422 2 0 4375 4374 4484 
8423 2 0 4407 4375 4484 
8424 2 0 4387 4386 4484 
8425 2 0 4407 4484 4386 
8426 2 0 4423 4568 4428 
8427 2 0 4425 4428 4568 
8428 2 0 4423 4422 4568 
8429 2 0 4425 4568 4422 
8430 2 0 4569 4570 4571 
8431 2 0 4572 4573 4574 
8432 2 0 4570 4572 4571 
8433 2 0 4571 4575 4569 
8434 2 0 4576 4577 4578 
8435 2 0 4571 4578 4575 
8436 2 0 4579 4580 4577 
8437 2 0 4581 4582 4579 
8438 2 0 4583 4582 4584 
8439 2 0 4585 4583 4586 
8440 2 0 4585 4587 4588 
8441 2 0 4586 4587 4585 
8442 2 0 4589 4583 4584 
8443 2 0 4582 4581 4590 
8444 2 0 4591 4592 4593 
8445 2 0 4594 4595 4596 
8446 2 0 4594 4597 4598 
8447 2 0 4599 4598 4597 
8448 2 0 4598 4600 4595 
8449 2 0 4599 4597 4601 
8450 2 0 4601 4602 4599 
8451 2 0 4601 4603 4602 
8452 2 0 4604 4602 4603 
8453 2 0 4603 4605 4604 
8454 2 0 4606 4607 4608 
8455 2 0 4607 4606 4605 
8456 2 0 4605 4606 4604 
8457 2 0 4608 4609 4610 
8458 2 0 4608 4607 4609 
8459 2 0 4610 4611 4612 
8460 2 0 4610 4609 4611 
8461 2 0 4612 4611 4613 
8462 2 0 4572 4570 4573 
8463 2 0 4569 4573 4570 
8464 2 0 4580 4569 4575 
8465 2 0 4575 4578 4577 
8466 2 0 4575 4577 4580 
8467 2 0 4576 4581 4577 
8468 2 0 4590 4581 4614 
8469 2 0 4576 4614 4581 
8470 2 0 4579 4577 4581 
8471 2 0 4614 4615 4590 
8472 2 0 4589 4584 4615 
8473 2 0 4615 4616 4589 
8474 2 0 4614 4616 4615 
8475 2 0 4616 4587 4589 
8476 2 0 4582 4590 4584 
8477 2 0 4584 4590 4615 
8478 2 0 4616 4617 4587 
8479 2 0 4583 4589 4586 
8480 2 0 4587 4586 4589 
8481 2 0 4588 4587 4617 
8482 2 0 4617 4618 4588 
8483 2 0 4619 4588 4618 
8484 2 0 4585 4588 4620 
8485 2 0 4618 4621 4619 
8486 2 0 4588 4619 4620 
8487 2 0 4622 4619 4621 
8488 2 0 4620 4619 4623 
8489 2 0 4621 4624 4622 
8490 2 0 4592 4623 4622 
8491 2 0 4625 4622 4624 
8492 2 0 4619 4622 4623 
8493 2 0 4624 4626 4625 
8494 2 0 4625 4593 4592 
8495 2 0 4622 4625 4592 
8496 2 0 4593 4625 4626 
8497 2 0 4626 4627 4593 
8498 2 0 4596 4591 4627 
8499 2 0 4600 4591 4596 
8500 2 0 4593 4627 4591 
8501 2 0 4600 4596 4595 
8502 2 0 4598 4595 4594 
8503 2 0 4628 4629 4630 
8504 2 0 4631 4632 4633 
8505 2 0 4634 4635 4636 
8506 2 0 4637 4635 4634 
8507 2 0 4610 4638 4639 
8508 2 0 4640 4641 4642 
8509 2 0 4643 4644 4645 
8510 2 0 4646 4647 4648 
8511 2 0 4649 4650 4651 
8512 2 0 4652 4648 4653 
8513 2 0 4652 4646 4648 
8514 2 0 4654 4655 4638 
8515 2 0 4612 4638 4610 
8516 2 0 4602 4656 4599 
8517 2 0 4604 4606 4657 
8518 2 0 4599 4656 4658 
8519 2 0 4659 4660 4608 
8520 2 0 4604 4657 4661 
8521 2 0 4602 4662 4656 
8522 2 0 4639 4663 4659 
8523 2 0 4639 4664 4663 
8524 2 0 4665 4666 4667 
8525 2 0 4668 4669 4592 
8526 2 0 4670 4671 4672 
8527 2 0 4670 4672 4673 
8528 2 0 4674 4675 4676 
8529 2 0 4676 4677 4678 
8530 2 0 4600 4679 4591 
8531 2 0 4670 4673 4680 
8532 2 0 4623 4669 4681 
8533 2 0 4623 4681 4620 
8534 2 0 4639 4682 4664 
8535 2 0 4683 4644 4684 
8536 2 0 4685 4686 4687 
8537 2 0 4688 4689 4640 
8538 2 0 4599 4690 4598 
8539 2 0 4599 4658 4690 
8540 2 0 4691 4692 4693 
8541 2 0 4694 4675 4695 
8542 2 0 4694 4695 4688 
8543 2 0 4667 4696 4697 
8544 2 0 4674 4676 4628 
8545 2 0 4670 4692 4671 
8546 2 0 4691 4698 4692 
8547 2 0 4670 4699 4692 
8548 2 0 4628 4700 4701 
8549 2 0 4628 4701 4674 
8550 2 0 4635 4637 4702 
8551 2 0 4656 4703 4704 
8552 2 0 4569 4705 4573 
8553 2 0 4706 4707 4700 
8554 2 0 4708 4709 4673 
8555 2 0 4701 4710 4711 
8556 2 0 4674 4701 4711 
8557 2 0 4674 4711 4712 
8558 2 0 4713 4707 4714 
8559 2 0 4707 4715 4714 
8560 2 0 4688 4695 4716 
8561 2 0 4695 4717 4716 
8562 2 0 4674 4718 4675 
8563 2 0 4674 4712 4718 
8564 2 0 4719 4702 4720 
8565 2 0 4721 4702 4719 
8566 2 0 4637 4720 4702 
8567 2 0 4600 4598 4722 
8568 2 0 4723 4724 4650 
8569 2 0 4724 4651 4650 
8570 2 0 4620 4725 4585 
8571 2 0 4726 4727 4725 
8572 2 0 4649 4728 4650 
8573 2 0 4646 4729 4728 
8574 2 0 4730 4644 4731 
8575 2 0 4649 4651 4731 
8576 2 0 4730 4731 4651 
8577 2 0 4685 4643 4645 
8578 2 0 4730 4645 4644 
8579 2 0 4685 4687 4643 
8580 2 0 4644 4643 4684 
8581 2 0 4732 4642 4641 
8582 2 0 4686 4732 4641 
8583 2 0 4640 4733 4641 
8584 2 0 4686 4641 4687 
8585 2 0 4633 4694 4734 
8586 2 0 4640 4642 4734 
8587 2 0 4633 4734 4642 
8588 2 0 4735 4632 4631 
8589 2 0 4694 4633 4632 
8590 2 0 4694 4632 4675 
8591 2 0 4620 4681 4725 
8592 2 0 4681 4736 4725 
8593 2 0 4737 4630 4629 
8594 2 0 4678 4737 4629 
8595 2 0 4628 4676 4629 
8596 2 0 4678 4629 4676 
8597 2 0 4738 4739 4630 
8598 2 0 4628 4630 4739 
8599 2 0 4628 4739 4700 
8600 2 0 4640 4689 4733 
8601 2 0 4740 4687 4733 
8602 2 0 4687 4641 4733 
8603 2 0 4713 4714 4668 
8604 2 0 4591 4668 4592 
8605 2 0 4741 4719 4720 
8606 2 0 4742 4743 4741 
8607 2 0 4744 4713 4679 
8608 2 0 4591 4679 4668 
8609 2 0 4580 4745 4569 
8610 2 0 4746 4655 4654 
8611 2 0 4639 4638 4655 
8612 2 0 4746 4682 4655 
8613 2 0 4639 4655 4682 
8614 2 0 4569 4745 4705 
8615 2 0 4747 4748 4745 
8616 2 0 4670 4727 4699 
8617 2 0 4670 4680 4727 
8618 2 0 4749 4736 4681 
8619 2 0 4726 4725 4736 
8620 2 0 4749 4715 4736 
8621 2 0 4726 4736 4750 
8622 2 0 4735 4677 4632 
8623 2 0 4675 4632 4677 
8624 2 0 4735 4678 4677 
8625 2 0 4675 4677 4676 
8626 2 0 4721 4719 4751 
8627 2 0 4738 4752 4739 
8628 2 0 4700 4739 4752 
8629 2 0 4738 4697 4752 
8630 2 0 4722 4753 4754 
8631 2 0 4600 4722 4754 
8632 2 0 4712 4679 4754 
8633 2 0 4600 4754 4679 
8634 2 0 4706 4755 4750 
8635 2 0 4756 4757 4755 
8636 2 0 4706 4696 4755 
8637 2 0 4696 4666 4755 
8638 2 0 4598 4758 4722 
8639 2 0 4759 4722 4758 
8640 2 0 4598 4690 4758 
8641 2 0 4690 4760 4758 
8642 2 0 4644 4761 4731 
8643 2 0 4649 4731 4761 
8644 2 0 4644 4683 4761 
8645 2 0 4683 4762 4761 
8646 2 0 4759 4760 4716 
8647 2 0 4759 4758 4760 
8648 2 0 4658 4760 4690 
8649 2 0 4705 4745 4748 
8650 2 0 4721 4705 4748 
8651 2 0 4747 4763 4748 
8652 2 0 4721 4748 4702 
8653 2 0 4675 4717 4695 
8654 2 0 4759 4716 4717 
8655 2 0 4675 4718 4717 
8656 2 0 4759 4717 4718 
8657 2 0 4640 4764 4688 
8658 2 0 4694 4688 4764 
8659 2 0 4640 4734 4764 
8660 2 0 4694 4764 4734 
8661 2 0 4765 4574 4751 
8662 2 0 4700 4710 4701 
8663 2 0 4713 4711 4710 
8664 2 0 4700 4707 4710 
8665 2 0 4713 4710 4707 
8666 2 0 4746 4647 4682 
8667 2 0 4646 4682 4647 
8668 2 0 4746 4766 4647 
8669 2 0 4766 4648 4647 
8670 2 0 4635 4698 4636 
8671 2 0 4691 4636 4698 
8672 2 0 4635 4671 4698 
8673 2 0 4671 4692 4698 
8674 2 0 4702 4748 4763 
8675 2 0 4635 4702 4763 
8676 2 0 4635 4763 4671 
8677 2 0 4712 4744 4679 
8678 2 0 4668 4679 4713 
8679 2 0 4712 4711 4744 
8680 2 0 4713 4744 4711 
8681 2 0 4574 4573 4751 
8682 2 0 4646 4767 4682 
8683 2 0 4664 4682 4767 
8684 2 0 4646 4728 4767 
8685 2 0 4728 4762 4767 
8686 2 0 4756 4699 4757 
8687 2 0 4726 4750 4757 
8688 2 0 4750 4755 4757 
8689 2 0 4760 4658 4716 
8690 2 0 4759 4753 4722 
8691 2 0 4712 4754 4753 
8692 2 0 4759 4718 4753 
8693 2 0 4712 4753 4718 
8694 2 0 4573 4705 4751 
8695 2 0 4721 4751 4705 
8696 2 0 4661 4704 4703 
8697 2 0 4659 4663 4768 
8698 2 0 4762 4683 4663 
8699 2 0 4747 4769 4763 
8700 2 0 4671 4763 4769 
8701 2 0 4747 4745 4769 
8702 2 0 4671 4769 4672 
8703 2 0 4664 4762 4663 
8704 2 0 4649 4761 4762 
8705 2 0 4582 4708 4579 
8706 2 0 4608 4770 4659 
8707 2 0 4639 4659 4770 
8708 2 0 4608 4610 4770 
8709 2 0 4639 4770 4610 
8710 2 0 4665 4693 4666 
8711 2 0 4756 4755 4666 
8712 2 0 4696 4667 4666 
8713 2 0 4664 4767 4762 
8714 2 0 4649 4762 4728 
8715 2 0 4650 4728 4729 
8716 2 0 4723 4650 4729 
8717 2 0 4646 4652 4729 
8718 2 0 4723 4729 4652 
8719 2 0 4661 4662 4604 
8720 2 0 4602 4604 4662 
8721 2 0 4661 4703 4662 
8722 2 0 4703 4656 4662 
8723 2 0 4716 4689 4688 
8724 2 0 4716 4658 4689 
8725 2 0 4684 4771 4683 
8726 2 0 4657 4771 4661 
8727 2 0 4708 4673 4772 
8728 2 0 4708 4772 4579 
8729 2 0 4684 4740 4771 
8730 2 0 4771 4740 4661 
8731 2 0 4704 4661 4740 
8732 2 0 4704 4689 4656 
8733 2 0 4658 4656 4689 
8734 2 0 4771 4657 4768 
8735 2 0 4663 4683 4768 
8736 2 0 4771 4768 4683 
8737 2 0 4585 4773 4583 
8738 2 0 4680 4583 4773 
8739 2 0 4585 4725 4773 
8740 2 0 4672 4774 4673 
8741 2 0 4745 4580 4772 
8742 2 0 4579 4772 4580 
8743 2 0 4700 4775 4706 
8744 2 0 4696 4706 4775 
8745 2 0 4700 4752 4775 
8746 2 0 4776 4743 4742 
8747 2 0 4719 4741 4743 
8748 2 0 4719 4743 4751 
8749 2 0 4772 4673 4774 
8750 2 0 4745 4772 4774 
8751 2 0 4672 4769 4774 
8752 2 0 4745 4774 4769 
8753 2 0 4725 4727 4773 
8754 2 0 4680 4773 4727 
8755 2 0 4680 4709 4583 
8756 2 0 4582 4583 4709 
8757 2 0 4680 4673 4709 
8758 2 0 4582 4709 4708 
8759 2 0 4699 4727 4757 
8760 2 0 4726 4757 4727 
8761 2 0 4751 4777 4765 
8762 2 0 4776 4765 4777 
8763 2 0 4751 4743 4777 
8764 2 0 4776 4777 4743 
8765 2 0 4696 4775 4697 
8766 2 0 4752 4697 4775 
8767 2 0 4692 4699 4756 
8768 2 0 4666 4693 4756 
8769 2 0 4692 4756 4693 
8770 2 0 4750 4736 4715 
8771 2 0 4706 4750 4715 
8772 2 0 4749 4714 4715 
8773 2 0 4706 4715 4707 
8774 2 0 4689 4704 4733 
8775 2 0 4740 4733 4704 
8776 2 0 4768 4660 4659 
8777 2 0 4606 4608 4660 
8778 2 0 4768 4657 4660 
8779 2 0 4606 4660 4657 
8780 2 0 4749 4681 4669 
8781 2 0 4714 4749 4669 
8782 2 0 4623 4592 4669 
8783 2 0 4714 4669 4668 
8784 2 0 4643 4778 4684 
8785 2 0 4740 4684 4778 
8786 2 0 4643 4687 4778 
8787 2 0 4740 4778 4687 
8788 2 0 4634 4779 4780 
8789 2 0 4636 4779 4634 
8790 2 0 4732 4781 4642 
8791 2 0 4782 4783 4633 
8792 2 0 4724 4784 4651 
8793 2 0 4785 4786 4652 
8794 2 0 4787 4788 4785 
8795 2 0 4653 4785 4652 
8796 2 0 4789 4790 4791 
8797 2 0 4791 4790 4792 
8798 2 0 4792 4793 4791 
8799 2 0 4665 4794 4693 
8800 2 0 4792 4795 4796 
8801 2 0 4792 4797 4795 
8802 2 0 4798 4794 4667 
8803 2 0 4799 4800 4801 
8804 2 0 4799 4801 4802 
8805 2 0 4803 4804 4805 
8806 2 0 4735 4806 4678 
8807 2 0 4799 4807 4800 
8808 2 0 4808 4809 4810 
8809 2 0 4808 4810 4811 
8810 2 0 4792 4796 4812 
8811 2 0 4797 4813 4814 
8812 2 0 4813 4815 4816 
8813 2 0 4817 4818 4819 
8814 2 0 4820 4821 4822 
8815 2 0 4820 4822 4823 
8816 2 0 4824 4825 4693 
8817 2 0 4826 4827 4828 
8818 2 0 4826 4829 4827 
8819 2 0 4782 4828 4830 
8820 2 0 4782 4830 4805 
8821 2 0 4737 4678 4804 
8822 2 0 4831 4832 4685 
8823 2 0 4833 4829 4831 
8824 2 0 4667 4697 4798 
8825 2 0 4834 4835 4798 
8826 2 0 4802 4836 4825 
8827 2 0 4799 4802 4825 
8828 2 0 4691 4693 4825 
8829 2 0 4799 4825 4824 
8830 2 0 4820 4837 4838 
8831 2 0 4820 4823 4837 
8832 2 0 4779 4839 4780 
8833 2 0 4840 4841 4827 
8834 2 0 4828 4827 4841 
8835 2 0 4807 4842 4800 
8836 2 0 4833 4843 4829 
8837 2 0 4844 4838 4845 
8838 2 0 4844 4845 4846 
8839 2 0 4847 4848 4849 
8840 2 0 4828 4850 4830 
8841 2 0 4851 4852 4850 
8842 2 0 4803 4805 4853 
8843 2 0 4851 4854 4853 
8844 2 0 4851 4855 4854 
8845 2 0 4856 4857 4855 
8846 2 0 4856 4855 4821 
8847 2 0 4833 4858 4843 
8848 2 0 4723 4784 4724 
8849 2 0 4819 4651 4784 
8850 2 0 4859 4860 4861 
8851 2 0 4819 4784 4862 
8852 2 0 4784 4863 4862 
8853 2 0 4819 4864 4651 
8854 2 0 4730 4651 4864 
8855 2 0 4819 4818 4864 
8856 2 0 4730 4864 4818 
8857 2 0 4826 4781 4829 
8858 2 0 4826 4642 4781 
8859 2 0 4686 4781 4732 
8860 2 0 4865 4839 4866 
8861 2 0 4633 4867 4782 
8862 2 0 4633 4642 4867 
8863 2 0 4826 4867 4642 
8864 2 0 4782 4805 4783 
8865 2 0 4735 4631 4783 
8866 2 0 4631 4633 4783 
8867 2 0 4809 4868 4869 
8868 2 0 4870 4871 4869 
8869 2 0 4809 4869 4810 
8870 2 0 4799 4824 4872 
8871 2 0 4873 4872 4824 
8872 2 0 4874 4875 4876 
8873 2 0 4859 4875 4877 
8874 2 0 4685 4645 4831 
8875 2 0 4840 4827 4843 
8876 2 0 4829 4843 4827 
8877 2 0 4878 4791 4793 
8878 2 0 4879 4878 4793 
8879 2 0 4792 4812 4793 
8880 2 0 4879 4793 4812 
8881 2 0 4859 4880 4860 
8882 2 0 4881 4882 4880 
8883 2 0 4859 4877 4880 
8884 2 0 4799 4883 4807 
8885 2 0 4799 4872 4883 
8886 2 0 4872 4884 4883 
8887 2 0 4630 4885 4738 
8888 2 0 4865 4886 4839 
8889 2 0 4780 4839 4886 
8890 2 0 4805 4806 4783 
8891 2 0 4735 4783 4806 
8892 2 0 4805 4804 4806 
8893 2 0 4804 4678 4806 
8894 2 0 4877 4887 4888 
8895 2 0 4810 4869 4871 
8896 2 0 4811 4810 4871 
8897 2 0 4870 4889 4871 
8898 2 0 4811 4871 4889 
8899 2 0 4890 4891 4881 
8900 2 0 4869 4892 4870 
8901 2 0 4888 4890 4880 
8902 2 0 4877 4888 4880 
8903 2 0 4837 4893 4894 
8904 2 0 4838 4837 4894 
8905 2 0 4840 4845 4894 
8906 2 0 4838 4894 4845 
8907 2 0 4800 4848 4801 
8908 2 0 4846 4858 4895 
8909 2 0 4858 4896 4895 
8910 2 0 4889 4884 4835 
8911 2 0 4834 4889 4835 
8912 2 0 4873 4798 4835 
8913 2 0 4821 4897 4822 
8914 2 0 4851 4898 4897 
8915 2 0 4821 4855 4897 
8916 2 0 4851 4897 4855 
8917 2 0 4850 4899 4898 
8918 2 0 4851 4850 4898 
8919 2 0 4823 4822 4898 
8920 2 0 4822 4897 4898 
8921 2 0 4860 4880 4882 
8922 2 0 4803 4860 4882 
8923 2 0 4803 4882 4804 
8924 2 0 4840 4843 4858 
8925 2 0 4846 4845 4858 
8926 2 0 4840 4858 4845 
8927 2 0 4830 4850 4852 
8928 2 0 4805 4830 4852 
8929 2 0 4851 4853 4852 
8930 2 0 4805 4852 4853 
8931 2 0 4877 4875 4887 
8932 2 0 4808 4900 4874 
8933 2 0 4840 4893 4841 
8934 2 0 4823 4899 4893 
8935 2 0 4840 4894 4893 
8936 2 0 4823 4893 4837 
8937 2 0 4826 4901 4867 
8938 2 0 4782 4867 4901 
8939 2 0 4826 4828 4901 
8940 2 0 4782 4901 4828 
8941 2 0 4861 4860 4854 
8942 2 0 4879 4788 4787 
8943 2 0 4786 4785 4788 
8944 2 0 4879 4812 4788 
8945 2 0 4786 4788 4812 
8946 2 0 4902 4903 4865 
8947 2 0 4779 4836 4802 
8948 2 0 4691 4825 4836 
8949 2 0 4779 4636 4836 
8950 2 0 4691 4836 4636 
8951 2 0 4779 4904 4839 
8952 2 0 4779 4802 4904 
8953 2 0 4834 4798 4890 
8954 2 0 4881 4880 4890 
8955 2 0 4834 4890 4888 
8956 2 0 4817 4896 4818 
8957 2 0 4817 4895 4896 
8958 2 0 4833 4896 4858 
8959 2 0 4861 4857 4875 
8960 2 0 4859 4861 4875 
8961 2 0 4803 4853 4860 
8962 2 0 4854 4860 4853 
8963 2 0 4786 4905 4862 
8964 2 0 4796 4862 4905 
8965 2 0 4786 4812 4905 
8966 2 0 4796 4905 4812 
8967 2 0 4870 4884 4889 
8968 2 0 4873 4835 4884 
8969 2 0 4870 4883 4884 
8970 2 0 4873 4884 4872 
8971 2 0 4828 4899 4850 
8972 2 0 4823 4898 4899 
8973 2 0 4828 4841 4899 
8974 2 0 4841 4893 4899 
8975 2 0 4887 4811 4888 
8976 2 0 4881 4885 4882 
8977 2 0 4846 4816 4844 
8978 2 0 4815 4844 4816 
8979 2 0 4846 4906 4816 
8980 2 0 4801 4907 4908 
8981 2 0 4802 4801 4908 
8982 2 0 4907 4904 4908 
8983 2 0 4802 4908 4904 
8984 2 0 4903 4909 4865 
8985 2 0 4831 4910 4833 
8986 2 0 4876 4875 4857 
8987 2 0 4856 4876 4857 
8988 2 0 4861 4854 4857 
8989 2 0 4854 4855 4857 
8990 2 0 4817 4819 4911 
8991 2 0 4796 4795 4911 
8992 2 0 4795 4912 4911 
8993 2 0 4817 4912 4895 
8994 2 0 4814 4906 4912 
8995 2 0 4817 4911 4912 
8996 2 0 4814 4912 4795 
8997 2 0 4829 4832 4831 
8998 2 0 4686 4685 4832 
8999 2 0 4829 4781 4832 
9000 2 0 4686 4832 4781 
9001 2 0 4913 4849 4914 
9002 2 0 4909 4915 4865 
9003 2 0 4915 4886 4865 
9004 2 0 4814 4795 4797 
9005 2 0 4816 4814 4813 
9006 2 0 4792 4790 4797 
9007 2 0 4813 4797 4790 
9008 2 0 4873 4794 4798 
9009 2 0 4665 4667 4794 
9010 2 0 4873 4824 4794 
9011 2 0 4824 4693 4794 
9012 2 0 4819 4916 4911 
9013 2 0 4796 4911 4916 
9014 2 0 4819 4862 4916 
9015 2 0 4796 4916 4862 
9016 2 0 4814 4816 4906 
9017 2 0 4846 4895 4906 
9018 2 0 4895 4912 4906 
9019 2 0 4723 4863 4784 
9020 2 0 4786 4862 4863 
9021 2 0 4723 4652 4863 
9022 2 0 4786 4863 4652 
9023 2 0 4811 4889 4888 
9024 2 0 4834 4888 4889 
9025 2 0 4900 4887 4874 
9026 2 0 4875 4874 4887 
9027 2 0 4808 4811 4900 
9028 2 0 4887 4900 4811 
9029 2 0 4914 4848 4800 
9030 2 0 4907 4801 4848 
9031 2 0 4914 4849 4848 
9032 2 0 4798 4891 4890 
9033 2 0 4885 4881 4891 
9034 2 0 4798 4697 4891 
9035 2 0 4885 4917 4738 
9036 2 0 4697 4738 4917 
9037 2 0 4885 4891 4917 
9038 2 0 4697 4917 4891 
9039 2 0 4885 4918 4882 
9040 2 0 4804 4882 4918 
9041 2 0 4804 4918 4737 
9042 2 0 4868 4919 4869 
9043 2 0 4868 4920 4919 
9044 2 0 4807 4919 4920 
9045 2 0 4865 4866 4921 
9046 2 0 4922 4902 4921 
9047 2 0 4865 4921 4902 
9048 2 0 4818 4923 4730 
9049 2 0 4645 4730 4923 
9050 2 0 4923 4910 4645 
9051 2 0 4818 4910 4923 
9052 2 0 4831 4645 4910 
9053 2 0 4818 4896 4910 
9054 2 0 4896 4833 4910 
9055 2 0 4866 4924 4907 
9056 2 0 4904 4907 4924 
9057 2 0 4866 4839 4924 
9058 2 0 4904 4924 4839 
9059 2 0 4866 4907 4925 
9060 2 0 4926 4927 4925 
9061 2 0 4866 4925 4927 
9062 2 0 4866 4927 4921 
9063 2 0 4922 4921 4927 
9064 2 0 4885 4928 4918 
9065 2 0 4737 4918 4928 
9066 2 0 4885 4630 4928 
9067 2 0 4737 4928 4630 
9068 2 0 4883 4870 4892 
9069 2 0 4807 4883 4892 
9070 2 0 4869 4919 4892 
9071 2 0 4807 4892 4919 
9072 2 0 4926 4929 4847 
9073 2 0 4926 4925 4929 
9074 2 0 4907 4929 4925 
9075 2 0 4914 4800 4842 
9076 2 0 4913 4914 4842 
9077 2 0 4807 4920 4842 
9078 2 0 4913 4842 4920 
9079 2 0 4907 4848 4929 
9080 2 0 4847 4929 4848 
9081 2 0 4930 4789 4931 
9082 2 0 4932 4933 4934 
9083 2 0 4935 4936 4937 
9084 2 0 4938 4935 4939 
9085 2 0 4934 4933 4940 
9086 2 0 4932 4934 4941 
9087 2 0 4941 4942 4932 
9088 2 0 4938 4936 4935 
9089 2 0 4933 4937 4940 
9090 2 0 4936 4940 4937 
9091 2 0 4943 4938 4939 
9092 2 0 4944 4945 4946 
9093 2 0 4946 4947 4944 
9094 2 0 4946 4943 4947 
9095 2 0 4943 4939 4947 
9096 2 0 4613 4948 4612 
9097 2 0 4949 4950 4951 
9098 2 0 4952 4953 4949 
9099 2 0 4952 4949 4951 
9100 2 0 4953 4952 4954 
9101 2 0 4950 4955 4951 
9102 2 0 4956 4955 4950 
9103 2 0 4956 4957 4958 
9104 2 0 4955 4956 4958 
9105 2 0 4958 4957 4959 
9106 2 0 4960 4961 4962 
9107 2 0 4962 4961 4963 
9108 2 0 4960 4962 4959 
9109 2 0 4960 4959 4957 
9110 2 0 4964 4963 4961 
9111 2 0 4612 4948 4965 
9112 2 0 4966 4967 2703 
9113 2 0 4968 4969 4970 
9114 2 0 4963 4964 4971 
9115 2 0 4972 4973 4974 
9116 2 0 4975 4976 4977 
9117 2 0 4978 4962 4979 
9118 2 0 4980 4981 4982 
9119 2 0 4983 4984 4985 
9120 2 0 4986 4987 4988 
9121 2 0 4989 4990 4654 
9122 2 0 4991 4975 4992 
9123 2 0 4976 4975 4991 
9124 2 0 4965 4993 4994 
9125 2 0 4995 4996 4997 
9126 2 0 4998 4999 5000 
9127 2 0 5001 4998 5002 
9128 2 0 5003 5004 5001 
9129 2 0 4992 4995 4991 
9130 2 0 5005 5006 5007 
9131 2 0 5008 5009 4988 
9132 2 0 5010 5011 5012 
9133 2 0 5013 5014 5015 
9134 2 0 5016 5017 5018 
9135 2 0 5019 5020 5021 
9136 2 0 5022 5023 5024 
9137 2 0 5025 5026 5009 
9138 2 0 5027 5013 5028 
9139 2 0 5029 5030 4971 
9140 2 0 4984 4983 4978 
9141 2 0 5002 4998 5000 
9142 2 0 5031 5032 5033 
9143 2 0 5034 5035 5036 
9144 2 0 5036 5037 5038 
9145 2 0 5039 5040 5041 
9146 2 0 5037 5036 5042 
9147 2 0 5043 5044 5008 
9148 2 0 5017 4954 4952 
9149 2 0 5045 5046 5047 
9150 2 0 5048 4979 5030 
9151 2 0 5049 5002 5050 
9152 2 0 4638 4989 4654 
9153 2 0 4766 5051 4648 
9154 2 0 5052 5053 5051 
9155 2 0 5054 5055 5056 
9156 2 0 5057 5058 4972 
9157 2 0 5050 5059 5060 
9158 2 0 5061 5062 5063 
9159 2 0 5064 5065 5066 
9160 2 0 5060 5059 5065 
9161 2 0 5067 5055 5054 
9162 2 0 5068 5021 5069 
9163 2 0 4991 4995 5070 
9164 2 0 4987 4973 5071 
9165 2 0 5008 5071 5058 
9166 2 0 5072 5055 5067 
9167 2 0 5073 5074 5075 
9168 2 0 5076 5077 5078 
9169 2 0 5079 4653 4648 
9170 2 0 5080 5052 5081 
9171 2 0 5074 5073 5068 
9172 2 0 5082 5083 5084 
9173 2 0 5051 5053 5079 
9174 2 0 5012 5011 5085 
9175 2 0 5086 5087 5088 
9176 2 0 5077 5080 5078 
9177 2 0 5083 5082 5089 
9178 2 0 5074 5068 5087 
9179 2 0 5090 5082 5091 
9180 2 0 4967 5092 2703 
9181 2 0 5093 5094 5095 
9182 2 0 5049 5096 5097 
9183 2 0 5098 5099 5026 
9184 2 0 5100 5101 5102 
9185 2 0 5103 5099 5104 
9186 2 0 5105 4986 5031 
9187 2 0 5106 5107 5063 
9188 2 0 5063 5108 5106 
9189 2 0 5109 5083 5089 
9190 2 0 5110 5111 5108 
9191 2 0 5112 5113 5037 
9192 2 0 5114 5112 5115 
9193 2 0 5116 5117 5118 
9194 2 0 5119 5120 5121 
9195 2 0 5122 5123 5124 
9196 2 0 4746 5125 4766 
9197 2 0 5033 5105 5031 
9198 2 0 5044 5126 5025 
9199 2 0 4986 4988 5031 
9200 2 0 4951 5018 4952 
9201 2 0 5071 4988 4987 
9202 2 0 5127 5123 5128 
9203 2 0 5129 5130 5131 
9204 2 0 5132 2723 5048 
9205 2 0 4978 4959 4962 
9206 2 0 5133 5134 5135 
9207 2 0 5136 5130 5137 
9208 2 0 5104 5099 5138 
9209 2 0 5139 5140 5048 
9210 2 0 5141 5039 5119 
9211 2 0 5100 5134 5101 
9212 2 0 2723 5139 5048 
9213 2 0 5077 5142 5080 
9214 2 0 5066 5143 5144 
9215 2 0 5145 5044 5043 
9216 2 0 5100 5135 5134 
9217 2 0 2699 2471 5146 
9218 2 0 4612 4965 4638 
9219 2 0 5147 5018 4951 
9220 2 0 5070 4995 5007 
9221 2 0 5148 5045 5149 
9222 2 0 5029 4964 5150 
9223 2 0 4979 4962 4963 
9224 2 0 5029 4971 4964 
9225 2 0 4965 4989 4638 
9226 2 0 4958 4959 4983 
9227 2 0 5151 5152 4966 
9228 2 0 5148 5149 5150 
9229 2 0 4983 4985 4958 
9230 2 0 4963 4971 4979 
9231 2 0 5153 2822 5154 
9232 2 0 5003 5155 5004 
9233 2 0 5020 5019 5047 
9234 2 0 5020 5047 5046 
9235 2 0 5156 5157 5158 
9236 2 0 5069 5159 5158 
9237 2 0 5149 5014 5154 
9238 2 0 5069 5158 5157 
9239 2 0 5032 5031 4988 
9240 2 0 5160 5161 4969 
9241 2 0 5160 5093 5095 
9242 2 0 5028 5019 5073 
9243 2 0 5154 5029 5149 
9244 2 0 5047 5028 5015 
9245 2 0 4995 4992 4996 
9246 2 0 5162 5094 5093 
9247 2 0 5163 5164 5165 
9248 2 0 5163 5094 5162 
9249 2 0 5028 5013 5015 
9250 2 0 5014 5013 2836 
9251 2 0 5166 5101 5033 
9252 2 0 5133 5105 5033 
9253 2 0 5153 5014 2836 
9254 2 0 5167 5168 5169 
9255 2 0 5070 5170 4991 
9256 2 0 5165 5164 5171 
9257 2 0 5092 4967 5172 
9258 2 0 4984 5140 5172 
9259 2 0 4966 2699 5146 
9260 2 0 4967 4984 5172 
9261 2 0 2836 5013 5027 
9262 2 0 2723 5132 2822 
9263 2 0 2822 5132 5154 
9264 2 0 5014 5153 5154 
9265 2 0 5139 5173 5140 
9266 2 0 5017 5174 4954 
9267 2 0 4966 2703 2699 
9268 2 0 5175 5055 5176 
9269 2 0 5177 5178 5179 
9270 2 0 4979 4971 5030 
9271 2 0 5154 5030 5029 
9272 2 0 5098 5180 5181 
9273 2 0 5140 4984 4978 
9274 2 0 5109 5024 5023 
9275 2 0 5182 5146 2471 
9276 2 0 5068 5069 5088 
9277 2 0 4981 5094 5183 
9278 2 0 5168 5184 5169 
9279 2 0 5094 4981 4980 
9280 2 0 5102 5185 5137 
9281 2 0 5163 5183 5094 
9282 2 0 5075 5027 5028 
9283 2 0 5186 5187 5188 
9284 2 0 5030 5132 5048 
9285 2 0 5048 5140 4978 
9286 2 0 5189 5056 5175 
9287 2 0 5190 5169 5191 
9288 2 0 5192 5106 5108 
9289 2 0 5008 4988 5071 
9290 2 0 5114 5193 5124 
9291 2 0 5154 5132 5030 
9292 2 0 5185 5136 5137 
9293 2 0 5147 5179 5018 
9294 2 0 5010 5012 5194 
9295 2 0 5072 5011 5010 
9296 2 0 5006 5083 5007 
9297 2 0 5012 5084 5194 
9298 2 0 5028 5073 5075 
9299 2 0 5068 5073 5019 
9300 2 0 5068 5019 5021 
9301 2 0 5068 5088 5087 
9302 2 0 4978 4983 4959 
9303 2 0 4978 4979 5048 
9304 2 0 5147 4951 4955 
9305 2 0 5018 5179 5016 
9306 2 0 5052 5080 5142 
9307 2 0 5078 5080 5187 
9308 2 0 5128 5130 5136 
9309 2 0 5033 5032 5166 
9310 2 0 5133 5033 5134 
9311 2 0 5045 5047 5015 
9312 2 0 5046 5195 5020 
9313 2 0 4997 4996 5196 
9314 2 0 5083 5109 5197 
9315 2 0 4976 4991 5170 
9316 2 0 4994 5198 5186 
9317 2 0 5194 5006 5199 
9318 2 0 5010 5055 5072 
9319 2 0 4955 4958 4985 
9320 2 0 5152 5151 5147 
9321 2 0 5178 5107 5200 
9322 2 0 5036 5174 5201 
9323 2 0 5053 5052 5142 
9324 2 0 5051 5188 5081 
9325 2 0 5078 5187 5022 
9326 2 0 5128 5136 5120 
9327 2 0 5032 5026 5166 
9328 2 0 5138 5118 5104 
9329 2 0 5149 5045 5015 
9330 2 0 5046 5045 5148 
9331 2 0 5014 5149 5015 
9332 2 0 5150 5149 5029 
9333 2 0 5152 4984 4967 
9334 2 0 4955 4985 5147 
9335 2 0 5018 5017 4952 
9336 2 0 5174 5017 5016 
9337 2 0 5032 5009 5026 
9338 2 0 5166 5103 5101 
9339 2 0 5025 5180 5098 
9340 2 0 5103 5166 5026 
9341 2 0 5099 5098 5181 
9342 2 0 5025 5098 5026 
9343 2 0 5138 5099 5181 
9344 2 0 5026 5099 5103 
9345 2 0 4653 5079 5053 
9346 2 0 4648 5051 5079 
9347 2 0 5164 5163 5162 
9348 2 0 5183 5163 5165 
9349 2 0 5191 4980 4982 
9350 2 0 5094 4980 5095 
9351 2 0 5190 5191 4982 
9352 2 0 5184 4968 4970 
9353 2 0 4980 5191 5095 
9354 2 0 5184 4970 5191 
9355 2 0 5160 5095 5161 
9356 2 0 4970 5095 5191 
9357 2 0 4969 5161 4970 
9358 2 0 4970 5161 5095 
9359 2 0 4969 4968 5202 
9360 2 0 5140 5173 5172 
9361 2 0 5092 5172 5173 
9362 2 0 5146 5177 4966 
9363 2 0 5177 5179 5151 
9364 2 0 5145 5043 5203 
9365 2 0 5058 5059 5043 
9366 2 0 5060 5096 5049 
9367 2 0 5174 5035 4954 
9368 2 0 5192 5037 5042 
9369 2 0 5120 5127 5128 
9370 2 0 5120 5136 5121 
9371 2 0 5121 5136 5185 
9372 2 0 5120 5119 5204 
9373 2 0 5141 5121 5116 
9374 2 0 5101 5104 5205 
9375 2 0 4993 4965 4948 
9376 2 0 4989 4965 4994 
9377 2 0 5206 4993 4977 
9378 2 0 5170 5198 4976 
9379 2 0 5071 4973 4972 
9380 2 0 5059 5058 5057 
9381 2 0 5071 4972 5058 
9382 2 0 5059 5057 5065 
9383 2 0 5043 5059 5203 
9384 2 0 5000 5145 5203 
9385 2 0 5058 5043 5008 
9386 2 0 5126 5044 4999 
9387 2 0 5145 4999 5044 
9388 2 0 5106 5192 5042 
9389 2 0 5115 5112 5192 
9390 2 0 5201 5200 5106 
9391 2 0 5061 5063 5107 
9392 2 0 5004 5155 5207 
9393 2 0 5208 5199 5006 
9394 2 0 5084 5006 5194 
9395 2 0 5083 5006 5084 
9396 2 0 5007 4995 5005 
9397 2 0 5155 4997 5196 
9398 2 0 5175 5176 5199 
9399 2 0 5070 5007 5197 
9400 2 0 5024 5078 5022 
9401 2 0 5024 5109 5089 
9402 2 0 5197 5109 5170 
9403 2 0 5186 5022 5187 
9404 2 0 5198 5022 5186 
9405 2 0 5055 5010 5176 
9406 2 0 5010 5194 5199 
9407 2 0 5201 5174 5016 
9408 2 0 5036 5035 5174 
9409 2 0 5200 5201 5016 
9410 2 0 5036 5201 5042 
9411 2 0 5179 5200 5016 
9412 2 0 5200 5107 5106 
9413 2 0 5102 5137 5100 
9414 2 0 5118 5117 5104 
9415 2 0 5205 5104 5117 
9416 2 0 4988 5009 5032 
9417 2 0 5025 5009 5008 
9418 2 0 4982 5209 5190 
9419 2 0 5169 5190 5209 
9420 2 0 5167 5169 5209 
9421 2 0 5184 5191 5169 
9422 2 0 5146 5061 5178 
9423 2 0 5151 5179 5147 
9424 2 0 5179 5178 5200 
9425 2 0 5146 5178 5177 
9426 2 0 5147 4985 5152 
9427 2 0 4966 5177 5151 
9428 2 0 5050 5002 5203 
9429 2 0 5003 5002 5097 
9430 2 0 5145 5000 4999 
9431 2 0 5002 5000 5203 
9432 2 0 5002 5003 5001 
9433 2 0 5155 5003 5097 
9434 2 0 5189 5097 5096 
9435 2 0 5208 4997 5210 
9436 2 0 5041 5119 5039 
9437 2 0 5037 5113 5038 
9438 2 0 5204 5041 5113 
9439 2 0 5205 5185 5102 
9440 2 0 5185 5117 5121 
9441 2 0 5116 5121 5117 
9442 2 0 5119 5121 5141 
9443 2 0 4977 4976 5206 
9444 2 0 5198 5206 4976 
9445 2 0 5180 5025 5126 
9446 2 0 5025 5008 5044 
9447 2 0 5041 5040 5038 
9448 2 0 5204 5113 5127 
9449 2 0 5038 5113 5041 
9450 2 0 5108 5111 5115 
9451 2 0 5037 5192 5112 
9452 2 0 5108 5115 5192 
9453 2 0 5111 5193 5115 
9454 2 0 5193 5114 5115 
9455 2 0 5124 5123 5114 
9456 2 0 5106 5042 5201 
9457 2 0 5061 5107 5178 
9458 2 0 5062 5110 5063 
9459 2 0 5108 5063 5110 
9460 2 0 5146 5182 5061 
9461 2 0 5062 5061 5182 
9462 2 0 4997 5005 4995 
9463 2 0 5006 5005 5208 
9464 2 0 5170 5070 5197 
9465 2 0 5198 5170 5023 
9466 2 0 5083 5197 5007 
9467 2 0 5023 5170 5109 
9468 2 0 5187 5081 5188 
9469 2 0 5198 4994 5206 
9470 2 0 5023 5022 5198 
9471 2 0 5185 5205 5117 
9472 2 0 5205 5102 5101 
9473 2 0 4984 5152 4985 
9474 2 0 4967 4966 5152 
9475 2 0 5059 5050 5203 
9476 2 0 5049 5050 5060 
9477 2 0 5096 5060 5064 
9478 2 0 5097 5002 5049 
9479 2 0 5056 5096 5064 
9480 2 0 5189 5175 5210 
9481 2 0 4997 5208 5005 
9482 2 0 5120 5204 5127 
9483 2 0 5119 5041 5204 
9484 2 0 5040 5034 5038 
9485 2 0 5036 5038 5034 
9486 2 0 5188 5125 4990 
9487 2 0 5186 5188 4990 
9488 2 0 5125 5188 5051 
9489 2 0 4654 4990 4746 
9490 2 0 4994 5186 4989 
9491 2 0 4990 4989 5186 
9492 2 0 5054 5056 5064 
9493 2 0 5175 5056 5055 
9494 2 0 5067 5054 5211 
9495 2 0 5196 5207 5155 
9496 2 0 5189 5210 5155 
9497 2 0 5208 5210 5175 
9498 2 0 5080 5081 5187 
9499 2 0 5051 5081 5052 
9500 2 0 4766 5125 5051 
9501 2 0 4746 4990 5125 
9502 2 0 5212 5168 5167 
9503 2 0 5057 5143 5066 
9504 2 0 5064 5060 5065 
9505 2 0 5057 5066 5065 
9506 2 0 5195 5159 5021 
9507 2 0 5028 5047 5019 
9508 2 0 5195 5021 5020 
9509 2 0 5159 5069 5021 
9510 2 0 5101 5134 5033 
9511 2 0 5101 5103 5104 
9512 2 0 5206 4994 4993 
9513 2 0 5175 5199 5208 
9514 2 0 5010 5199 5176 
9515 2 0 5210 4997 5155 
9516 2 0 5097 5189 5155 
9517 2 0 5056 5189 5096 
9518 2 0 5157 5213 5214 
9519 2 0 4968 5213 5202 
9520 2 0 5168 5215 5214 
9521 2 0 5088 5214 5215 
9522 2 0 5168 5212 5215 
9523 2 0 5184 5168 4968 
9524 2 0 5213 4968 5168 
9525 2 0 5214 5213 5168 
9526 2 0 5024 5089 5216 
9527 2 0 5217 5076 5216 
9528 2 0 5076 5078 5216 
9529 2 0 5024 5216 5078 
9530 2 0 5084 5218 5082 
9531 2 0 5091 5082 5218 
9532 2 0 5091 5218 5085 
9533 2 0 5127 5113 5123 
9534 2 0 5114 5123 5113 
9535 2 0 5114 5113 5112 
9536 2 0 5088 5215 5086 
9537 2 0 5212 5086 5215 
9538 2 0 5157 5156 5213 
9539 2 0 5202 5213 5156 
9540 2 0 5089 5219 5216 
9541 2 0 5217 5216 5219 
9542 2 0 5217 5219 5090 
9543 2 0 5137 5220 5221 
9544 2 0 5129 5221 5220 
9545 2 0 5137 5130 5220 
9546 2 0 5129 5220 5130 
9547 2 0 5089 5082 5219 
9548 2 0 5090 5219 5082 
9549 2 0 5085 5218 5012 
9550 2 0 5084 5012 5218 
9551 2 0 5122 5131 5222 
9552 2 0 5128 5123 5222 
9553 2 0 5122 5222 5123 
9554 2 0 5054 5223 5211 
9555 2 0 5144 5211 5223 
9556 2 0 5054 5064 5223 
9557 2 0 5100 5224 5135 
9558 2 0 5221 5135 5224 
9559 2 0 5100 5137 5224 
9560 2 0 5221 5224 5137 
9561 2 0 5069 5225 5088 
9562 2 0 5214 5088 5225 
9563 2 0 5069 5157 5225 
9564 2 0 5214 5225 5157 
9565 2 0 5131 5130 5222 
9566 2 0 5128 5222 5130 
9567 2 0 5057 5226 5143 
9568 2 0 4974 5143 5226 
9569 2 0 5057 4972 5226 
9570 2 0 4974 5226 4972 
9571 2 0 5064 5066 5223 
9572 2 0 5144 5223 5066 
9573 2 0 5011 5072 5227 
9574 2 0 5228 5229 5090 
9575 2 0 5227 5230 5231 
9576 2 0 5232 5233 5234 
9577 2 0 5235 5236 5237 
9578 2 0 5238 5239 5240 
9579 2 0 2611 5241 2470 
9580 2 0 5067 5211 5242 
9581 2 0 5243 5244 4986 
9582 2 0 5245 4947 5246 
9583 2 0 5239 5247 5240 
9584 2 0 5248 5249 5250 
9585 2 0 5251 5252 5253 
9586 2 0 5254 5255 4785 
9587 2 0 5254 4653 5053 
9588 2 0 5255 4787 4785 
9589 2 0 5256 5257 5258 
9590 2 0 5259 5260 5261 
9591 2 0 5261 5260 5262 
9592 2 0 5053 5142 5263 
9593 2 0 5240 5143 4974 
9594 2 0 5264 5237 5265 
9595 2 0 5266 5267 5268 
9596 2 0 5077 5076 5269 
9597 2 0 5270 5269 5271 
9598 2 0 5272 5273 5274 
9599 2 0 5091 5228 5090 
9600 2 0 5275 5276 5271 
9601 2 0 5277 5077 5269 
9602 2 0 5229 5275 5271 
9603 2 0 4973 4987 5278 
9604 2 0 5231 5230 5279 
9605 2 0 4933 5280 4937 
9606 2 0 5281 5282 5283 
9607 2 0 5284 5285 5286 
9608 2 0 5287 5288 5289 
9609 2 0 5290 4945 5291 
9610 2 0 5110 5292 5111 
9611 2 0 5062 5182 5293 
9612 2 0 5076 5271 5269 
9613 2 0 5294 5295 5296 
9614 2 0 5297 5298 5292 
9615 2 0 5299 5297 5300 
9616 2 0 5301 5302 5303 
9617 2 0 5304 5305 5306 
9618 2 0 5110 5307 5292 
9619 2 0 5308 5309 5310 
9620 2 0 5311 5312 5085 
9621 2 0 5105 5243 4986 
9622 2 0 4787 5255 5256 
9623 2 0 5278 4987 5244 
9624 2 0 5284 5133 5135 
9625 2 0 5246 4939 5313 
9626 2 0 5314 5315 5316 
9627 2 0 5317 5318 5319 
9628 2 0 5221 5285 5135 
9629 2 0 5317 5320 5321 
9630 2 0 5315 5301 5321 
9631 2 0 5322 5323 5324 
9632 2 0 5246 5325 5326 
9633 2 0 5327 5293 5182 
9634 2 0 5315 5321 5320 
9635 2 0 5328 5318 5329 
9636 2 0 5310 5309 5330 
9637 2 0 5252 5251 5331 
9638 2 0 5332 5333 5334 
9639 2 0 5331 5335 5252 
9640 2 0 5267 5266 5331 
9641 2 0 5336 5337 5266 
9642 2 0 5338 5339 5340 
9643 2 0 5341 5342 5343 
9644 2 0 5344 5250 5345 
9645 2 0 5338 5259 5261 
9646 2 0 4878 5346 4791 
9647 2 0 5255 5254 5263 
9648 2 0 4791 5347 4789 
9649 2 0 5348 4945 4944 
9650 2 0 5277 5349 5257 
9651 2 0 5011 5227 5350 
9652 2 0 5351 5341 5352 
9653 2 0 4935 4937 5353 
9654 2 0 5354 5355 5356 
9655 2 0 4931 5347 5357 
9656 2 0 2481 2640 5296 
9657 2 0 5358 5359 5360 
9658 2 0 5361 5316 5362 
9659 2 0 5363 5351 5352 
9660 2 0 5144 5143 5364 
9661 2 0 5365 5366 5239 
9662 2 0 5367 5314 5368 
9663 2 0 5369 5370 5371 
9664 2 0 5241 5372 5327 
9665 2 0 5253 5275 5228 
9666 2 0 5336 5266 5268 
9667 2 0 5373 5374 5375 
9668 2 0 5365 5238 5278 
9669 2 0 5376 5326 5325 
9670 2 0 5067 5377 5072 
9671 2 0 5323 5378 5379 
9672 2 0 5325 5246 5359 
9673 2 0 5271 5076 5217 
9674 2 0 5380 5133 5284 
9675 2 0 5381 5337 5382 
9676 2 0 4933 5283 5280 
9677 2 0 5341 5330 5352 
9678 2 0 5383 5371 5384 
9679 2 0 2471 5327 5182 
9680 2 0 5232 5334 5233 
9681 2 0 5385 5386 5387 
9682 2 0 5245 5246 5326 
9683 2 0 2486 5375 5388 
9684 2 0 5291 5348 5295 
9685 2 0 5252 5276 5275 
9686 2 0 5389 5308 5390 
9687 2 0 5333 5233 5334 
9688 2 0 5270 5277 5269 
9689 2 0 5391 5392 5241 
9690 2 0 5392 5391 5280 
9691 2 0 5388 5393 2486 
9692 2 0 5296 2640 5294 
9693 2 0 5387 2486 5393 
9694 2 0 5376 5394 2481 
9695 2 0 5291 5295 5395 
9696 2 0 5281 5283 4932 
9697 2 0 5377 5242 5396 
9698 2 0 5392 5372 5241 
9699 2 0 5385 5295 5294 
9700 2 0 5326 5376 5296 
9701 2 0 5232 5251 5334 
9702 2 0 5336 5268 5397 
9703 2 0 5266 5335 5331 
9704 2 0 5398 5399 5400 
9705 2 0 5401 5402 5403 
9706 2 0 5248 5404 5249 
9707 2 0 5405 5406 5407 
9708 2 0 5408 5406 5405 
9709 2 0 5393 5388 5236 
9710 2 0 5234 5267 5331 
9711 2 0 5376 2481 5296 
9712 2 0 5395 5409 5290 
9713 2 0 5410 5235 5411 
9714 2 0 5290 5291 5395 
9715 2 0 5385 5294 5386 
9716 2 0 5274 5412 5403 
9717 2 0 5273 5265 5274 
9718 2 0 5111 5298 5193 
9719 2 0 5305 5413 5414 
9720 2 0 5313 4939 4935 
9721 2 0 4932 5283 4933 
9722 2 0 5327 2470 5241 
9723 2 0 5415 5358 5416 
9724 2 0 5217 5090 5229 
9725 2 0 5346 4878 5258 
9726 2 0 5359 5246 5313 
9727 2 0 5359 5358 5325 
9728 2 0 4944 5245 5348 
9729 2 0 5348 5291 4945 
9730 2 0 5343 5243 5417 
9731 2 0 5296 5348 5326 
9732 2 0 4947 4939 5246 
9733 2 0 2640 5386 5294 
9734 2 0 5391 5359 5353 
9735 2 0 5348 5296 5295 
9736 2 0 5405 5407 5418 
9737 2 0 5356 5404 5418 
9738 2 0 4791 5346 5347 
9739 2 0 4789 5347 4931 
9740 2 0 5410 5395 5393 
9741 2 0 5295 5385 5395 
9742 2 0 5419 5420 5421 
9743 2 0 5062 5293 5307 
9744 2 0 5355 5422 5420 
9745 2 0 5285 5322 5286 
9746 2 0 5221 5129 5378 
9747 2 0 5258 4878 4879 
9748 2 0 5248 5408 5404 
9749 2 0 5423 5297 5292 
9750 2 0 5346 5357 5347 
9751 2 0 5407 5406 5424 
9752 2 0 5299 5425 5298 
9753 2 0 5374 5373 5412 
9754 2 0 5327 2471 2470 
9755 2 0 5410 5393 5236 
9756 2 0 5221 5378 5285 
9757 2 0 5281 4932 4942 
9758 2 0 5280 5283 5282 
9759 2 0 5396 5242 5259 
9760 2 0 5251 5232 5331 
9761 2 0 5232 5234 5331 
9762 2 0 5340 5332 5230 
9763 2 0 4931 5357 5397 
9764 2 0 5426 5258 5257 
9765 2 0 5370 4942 5384 
9766 2 0 5423 5427 5297 
9767 2 0 5392 5280 5282 
9768 2 0 5280 5353 4937 
9769 2 0 5262 5260 5364 
9770 2 0 5259 5242 5260 
9771 2 0 5259 5338 5340 
9772 2 0 5377 5227 5072 
9773 2 0 5251 5279 5334 
9774 2 0 5392 5282 5372 
9775 2 0 5391 5241 5360 
9776 2 0 5261 5262 5428 
9777 2 0 5413 5338 5414 
9778 2 0 5242 5377 5067 
9779 2 0 5227 5377 5396 
9780 2 0 5281 5429 5282 
9781 2 0 5427 5423 5429 
9782 2 0 5261 5428 5414 
9783 2 0 5413 5304 5430 
9784 2 0 5430 5431 5339 
9785 2 0 5372 5432 5327 
9786 2 0 5429 5432 5282 
9787 2 0 5414 5338 5261 
9788 2 0 5332 5340 5339 
9789 2 0 5259 5340 5396 
9790 2 0 5332 5431 5333 
9791 2 0 5273 5272 5433 
9792 2 0 5274 5265 5237 
9793 2 0 5388 5374 5236 
9794 2 0 5375 5374 5388 
9795 2 0 5237 5374 5412 
9796 2 0 5274 5237 5412 
9797 2 0 5264 5411 5235 
9798 2 0 4653 5254 4785 
9799 2 0 5263 5254 5053 
9800 2 0 5142 5077 5277 
9801 2 0 5263 5142 5277 
9802 2 0 5277 5270 5349 
9803 2 0 5263 5277 5257 
9804 2 0 5363 5306 5434 
9805 2 0 5418 5404 5405 
9806 2 0 5408 5405 5404 
9807 2 0 5355 5404 5356 
9808 2 0 5249 5404 5355 
9809 2 0 5354 5422 5355 
9810 2 0 5420 5345 5355 
9811 2 0 5250 5249 5345 
9812 2 0 5355 5345 5249 
9813 2 0 5354 5421 5422 
9814 2 0 5422 5421 5420 
9815 2 0 5419 5421 5435 
9816 2 0 5436 5345 5420 
9817 2 0 5436 5420 5419 
9818 2 0 5348 5245 5326 
9819 2 0 4947 5245 4944 
9820 2 0 4935 5353 5313 
9821 2 0 5359 5313 5353 
9822 2 0 5275 5229 5228 
9823 2 0 5217 5229 5271 
9824 2 0 5319 5328 5324 
9825 2 0 5323 5361 5324 
9826 2 0 5287 5316 5288 
9827 2 0 5383 5303 5367 
9828 2 0 5427 5429 5369 
9829 2 0 5329 5308 5328 
9830 2 0 5390 5437 5389 
9831 2 0 5091 5312 5228 
9832 2 0 5279 5230 5332 
9833 2 0 5342 5438 5365 
9834 2 0 5262 5364 5247 
9835 2 0 5427 5371 5300 
9836 2 0 5425 5124 5193 
9837 2 0 5193 5298 5425 
9838 2 0 5111 5292 5298 
9839 2 0 5361 5323 5379 
9840 2 0 5322 5285 5323 
9841 2 0 5379 5378 5129 
9842 2 0 5285 5378 5323 
9843 2 0 5316 5361 5379 
9844 2 0 5361 5362 5324 
9845 2 0 5362 5320 5319 
9846 2 0 5328 5322 5324 
9847 2 0 5322 5389 5286 
9848 2 0 5380 5105 5133 
9849 2 0 5417 5380 5437 
9850 2 0 5243 5105 5380 
9851 2 0 5285 5284 5135 
9852 2 0 5380 5284 5437 
9853 2 0 5387 5393 5385 
9854 2 0 5395 5385 5393 
9855 2 0 5409 5410 5411 
9856 2 0 5335 5337 5276 
9857 2 0 5253 5252 5275 
9858 2 0 5357 5336 5397 
9859 2 0 5262 5247 5366 
9860 2 0 5438 5351 5434 
9861 2 0 5413 5305 5304 
9862 2 0 5305 5414 5428 
9863 2 0 5339 5413 5430 
9864 2 0 5338 5413 5339 
9865 2 0 5332 5339 5431 
9866 2 0 5062 5307 5110 
9867 2 0 5423 5307 5439 
9868 2 0 5432 5293 5327 
9869 2 0 5293 5439 5307 
9870 2 0 5307 5423 5292 
9871 2 0 5429 5423 5439 
9872 2 0 5432 5429 5439 
9873 2 0 5429 5281 5369 
9874 2 0 5432 5439 5293 
9875 2 0 5282 5432 5372 
9876 2 0 5281 4942 5370 
9877 2 0 5427 5369 5371 
9878 2 0 5251 5253 5279 
9879 2 0 5349 5381 5426 
9880 2 0 5440 5336 5357 
9881 2 0 5351 5363 5434 
9882 2 0 5341 5351 5438 
9883 2 0 5342 5341 5438 
9884 2 0 5341 5310 5330 
9885 2 0 5316 5315 5362 
9886 2 0 5302 5315 5314 
9887 2 0 5320 5317 5319 
9888 2 0 5315 5320 5362 
9889 2 0 5315 5302 5301 
9890 2 0 5367 5302 5314 
9891 2 0 5309 5308 5329 
9892 2 0 5308 5310 5390 
9893 2 0 5085 5011 5350 
9894 2 0 5279 5253 5441 
9895 2 0 5240 5247 5364 
9896 2 0 5247 5239 5366 
9897 2 0 5300 5297 5427 
9898 2 0 5298 5297 5299 
9899 2 0 5371 5383 5367 
9900 2 0 5368 5300 5367 
9901 2 0 5314 5316 5287 
9902 2 0 5299 5300 5368 
9903 2 0 5328 5319 5318 
9904 2 0 5319 5324 5362 
9905 2 0 5389 5322 5328 
9906 2 0 5284 5286 5437 
9907 2 0 5395 5410 5409 
9908 2 0 5235 5410 5236 
9909 2 0 5366 5428 5262 
9910 2 0 5305 5428 5434 
9911 2 0 5305 5434 5306 
9912 2 0 5371 5370 5384 
9913 2 0 5281 5370 5369 
9914 2 0 5332 5334 5279 
9915 2 0 5441 5231 5279 
9916 2 0 5350 5231 5311 
9917 2 0 5381 5349 5270 
9918 2 0 5257 5349 5426 
9919 2 0 5270 5271 5276 
9920 2 0 5381 5276 5337 
9921 2 0 5426 5440 5258 
9922 2 0 5257 5255 5263 
9923 2 0 5335 5276 5252 
9924 2 0 5270 5276 5381 
9925 2 0 5366 5365 5438 
9926 2 0 5343 5390 5310 
9927 2 0 5417 5390 5343 
9928 2 0 5085 5312 5091 
9929 2 0 5253 5312 5441 
9930 2 0 5231 5441 5311 
9931 2 0 5367 5303 5302 
9932 2 0 5371 5367 5300 
9933 2 0 5266 5337 5335 
9934 2 0 5336 5440 5382 
9935 2 0 4787 5256 4879 
9936 2 0 5286 5389 5437 
9937 2 0 5308 5389 5328 
9938 2 0 5341 5343 5310 
9939 2 0 5342 5442 5343 
9940 2 0 5380 5417 5243 
9941 2 0 5437 5390 5417 
9942 2 0 5257 5256 5255 
9943 2 0 4879 5256 5258 
9944 2 0 4986 5244 4987 
9945 2 0 5440 5357 5346 
9946 2 0 5258 5440 5346 
9947 2 0 5440 5426 5382 
9948 2 0 5381 5382 5426 
9949 2 0 5336 5382 5337 
9950 2 0 5316 5379 5288 
9951 2 0 5359 5391 5360 
9952 2 0 5280 5391 5353 
9953 2 0 5374 5237 5236 
9954 2 0 5264 5235 5237 
9955 2 0 5143 5240 5364 
9956 2 0 4974 4973 5238 
9957 2 0 4974 5238 5240 
9958 2 0 4973 5278 5238 
9959 2 0 5434 5366 5438 
9960 2 0 5434 5428 5366 
9961 2 0 5238 5365 5239 
9962 2 0 5342 5365 5278 
9963 2 0 5231 5350 5227 
9964 2 0 5085 5350 5311 
9965 2 0 5314 5287 5368 
9966 2 0 5272 5443 5399 
9967 2 0 5419 5435 5399 
9968 2 0 5399 5444 5400 
9969 2 0 5399 5443 5444 
9970 2 0 5403 5444 5443 
9971 2 0 5419 5399 5436 
9972 2 0 5403 5402 5444 
9973 2 0 5400 5444 5402 
9974 2 0 5272 5399 5433 
9975 2 0 5435 5433 5399 
9976 2 0 5260 5445 5364 
9977 2 0 5144 5364 5445 
9978 2 0 5144 5445 5211 
9979 2 0 5299 5368 5425 
9980 2 0 5289 5425 5368 
9981 2 0 5289 5368 5287 
9982 2 0 5398 5344 5446 
9983 2 0 5436 5399 5446 
9984 2 0 5398 5446 5399 
9985 2 0 5360 5447 5358 
9986 2 0 5416 5358 5447 
9987 2 0 5416 5447 2611 
9988 2 0 5211 5445 5242 
9989 2 0 5260 5242 5445 
9990 2 0 5344 5345 5446 
9991 2 0 5436 5446 5345 
9992 2 0 5228 5312 5253 
9993 2 0 5311 5441 5312 
9994 2 0 5360 5241 5447 
9995 2 0 2611 5447 5241 
9996 2 0 5325 5448 5376 
9997 2 0 5394 5376 5448 
9998 2 0 5394 5448 5415 
9999 2 0 5274 5443 5272 
10000 2 0 5274 5403 5443 
10001 2 0 5122 5449 5131 
10002 2 0 5288 5449 5289 
10003 2 0 5379 5450 5288 
10004 2 0 5325 5358 5448 
10005 2 0 5415 5448 5358 
10006 2 0 5412 5451 5403 
10007 2 0 5401 5403 5451 
10008 2 0 5412 5373 5451 
10009 2 0 5401 5451 5373 
10010 2 0 5396 5452 5227 
10011 2 0 5230 5227 5452 
10012 2 0 5396 5340 5452 
10013 2 0 5230 5452 5340 
10014 2 0 5124 5453 5122 
10015 2 0 5124 5425 5453 
10016 2 0 5289 5453 5425 
10017 2 0 5122 5453 5449 
10018 2 0 5289 5449 5453 
10019 2 0 5244 5442 5278 
10020 2 0 5342 5278 5442 
10021 2 0 5244 5243 5442 
10022 2 0 5243 5343 5442 
10023 2 0 5131 5450 5129 
10024 2 0 5379 5129 5450 
10025 2 0 5131 5449 5450 
10026 2 0 5449 5288 5450 
10027 2 0 5454 5455 5456 
10028 2 0 5457 4446 5458 
10029 2 0 5459 5460 5461 
10030 2 0 5462 5463 5464 
10031 2 0 5465 5466 5467 
10032 2 0 5468 5469 5470 
10033 2 0 5471 5472 5473 
10034 2 0 5454 5456 5474 
10035 2 0 5475 5476 5456 
10036 2 0 5471 5477 5472 
10037 2 0 5478 5479 4567 
10038 2 0 5480 5481 5462 
10039 2 0 5481 5463 5462 
10040 2 0 5482 5483 5465 
10041 2 0 5471 5484 5477 
10042 2 0 5485 5486 5487 
10043 2 0 5488 5489 5490 
10044 2 0 5491 5492 5493 
10045 2 0 5486 5494 5487 
10046 2 0 5495 5487 5494 
10047 2 0 5496 5488 5497 
10048 2 0 5498 5497 5499 
10049 2 0 5495 5499 5497 
10050 2 0 5500 5501 5502 
10051 2 0 5503 5504 5505 
10052 2 0 5492 5506 5507 
10053 2 0 5508 5492 5486 
10054 2 0 5509 5510 5511 
10055 2 0 5488 5512 5489 
10056 2 0 5488 5496 5513 
10057 2 0 5488 5513 5512 
10058 2 0 5514 5509 5511 
10059 2 0 5515 5516 5517 
10060 2 0 5518 5519 5520 
10061 2 0 5485 5508 5486 
10062 2 0 5459 5521 5512 
10063 2 0 5489 5512 5521 
10064 2 0 5459 5461 5521 
10065 2 0 5461 5522 5521 
10066 2 0 5523 5519 5524 
10067 2 0 5525 5526 5527 
10068 2 0 5518 5528 5519 
10069 2 0 5493 5508 5529 
10070 2 0 5467 5468 5530 
10071 2 0 5472 5531 5473 
10072 2 0 5477 5532 5533 
10073 2 0 5534 5535 5536 
10074 2 0 5485 5537 5508 
10075 2 0 5473 5538 5539 
10076 2 0 5540 5541 5538 
10077 2 0 5473 5531 5538 
10078 2 0 5540 5538 5531 
10079 2 0 5507 5486 5492 
10080 2 0 5493 5492 5508 
10081 2 0 5542 5543 5544 
10082 2 0 5545 5546 5547 
10083 2 0 5500 5548 5501 
10084 2 0 5545 5549 5550 
10085 2 0 5551 5552 5524 
10086 2 0 5551 5548 5552 
10087 2 0 5553 5554 5555 
10088 2 0 5553 5516 5554 
10089 2 0 5516 5541 5554 
10090 2 0 5486 5556 5494 
10091 2 0 5557 5558 5556 
10092 2 0 5486 5507 5556 
10093 2 0 5507 5559 5556 
10094 2 0 5553 5560 5516 
10095 2 0 5561 5562 5550 
10096 2 0 5561 5550 5460 
10097 2 0 5463 5563 5464 
10098 2 0 5463 5500 5563 
10099 2 0 5481 5552 5463 
10100 2 0 5500 5463 5552 
10101 2 0 5500 5552 5548 
10102 2 0 5504 5537 5505 
10103 2 0 5485 5505 5537 
10104 2 0 5504 5564 5537 
10105 2 0 5460 5565 5561 
10106 2 0 5566 5567 5565 
10107 2 0 5460 5459 5565 
10108 2 0 5566 5565 5459 
10109 2 0 5568 5558 5569 
10110 2 0 5555 5499 5568 
10111 2 0 5495 5568 5499 
10112 2 0 5487 5495 5490 
10113 2 0 5481 5480 5570 
10114 2 0 5571 5523 5570 
10115 2 0 5469 5572 5573 
10116 2 0 5469 5468 5572 
10117 2 0 5467 5572 5468 
10118 2 0 5560 5574 5516 
10119 2 0 5517 5516 5574 
10120 2 0 5517 5574 5575 
10121 2 0 5467 5466 5572 
10122 2 0 5495 5558 5568 
10123 2 0 5557 5569 5558 
10124 2 0 5495 5494 5558 
10125 2 0 5494 5556 5558 
10126 2 0 5576 5577 5571 
10127 2 0 5523 5571 5577 
10128 2 0 5466 5578 5572 
10129 2 0 5573 5572 5578 
10130 2 0 5573 5578 5579 
10131 2 0 5501 5580 5502 
10132 2 0 5581 5582 5580 
10133 2 0 5566 5583 5533 
10134 2 0 5566 5459 5583 
10135 2 0 5495 5497 5490 
10136 2 0 5488 5490 5497 
10137 2 0 5468 5470 5584 
10138 2 0 5585 5584 5470 
10139 2 0 5576 5571 5586 
10140 2 0 5481 5587 5552 
10141 2 0 5503 5588 5589 
10142 2 0 5503 5505 5588 
10143 2 0 5489 5521 5522 
10144 2 0 5590 5591 5533 
10145 2 0 5465 5590 5466 
10146 2 0 5515 5592 5541 
10147 2 0 5593 5554 5541 
10148 2 0 5515 5541 5516 
10149 2 0 5465 5591 5590 
10150 2 0 5566 5533 5591 
10151 2 0 5465 5483 5591 
10152 2 0 5460 5594 5595 
10153 2 0 5461 5460 5595 
10154 2 0 5596 5597 5595 
10155 2 0 5597 5522 5595 
10156 2 0 5598 5599 5600 
10157 2 0 5576 5601 5577 
10158 2 0 5482 5602 5601 
10159 2 0 5576 5483 5601 
10160 2 0 5482 5601 5483 
10161 2 0 5477 5603 5532 
10162 2 0 5604 5532 5603 
10163 2 0 5477 5484 5603 
10164 2 0 5604 5603 5484 
10165 2 0 5605 5509 5606 
10166 2 0 5525 5607 5606 
10167 2 0 5605 5606 5608 
10168 2 0 5577 5601 5602 
10169 2 0 5523 5577 5602 
10170 2 0 5523 5602 5519 
10171 2 0 5608 5609 5610 
10172 2 0 5605 5608 5610 
10173 2 0 5551 5611 5610 
10174 2 0 5612 5605 5528 
10175 2 0 5613 5614 5615 
10176 2 0 5553 5569 5600 
10177 2 0 5557 5600 5569 
10178 2 0 5553 5555 5569 
10179 2 0 5555 5568 5569 
10180 2 0 5554 5616 5555 
10181 2 0 5604 5579 5578 
10182 2 0 5466 5532 5578 
10183 2 0 5604 5578 5532 
10184 2 0 5608 5606 5607 
10185 2 0 5501 5608 5607 
10186 2 0 5525 5580 5607 
10187 2 0 5501 5607 5580 
10188 2 0 5617 5618 5560 
10189 2 0 5574 5618 5575 
10190 2 0 5464 5563 5619 
10191 2 0 5620 5619 5563 
10192 2 0 5483 5567 5591 
10193 2 0 5566 5591 5567 
10194 2 0 5483 5562 5567 
10195 2 0 5561 5565 5567 
10196 2 0 5621 5544 5622 
10197 2 0 5528 5610 5611 
10198 2 0 5519 5528 5611 
10199 2 0 5551 5524 5611 
10200 2 0 5519 5611 5524 
10201 2 0 5477 5623 5472 
10202 2 0 5624 5625 5623 
10203 2 0 5477 5533 5623 
10204 2 0 5523 5524 5587 
10205 2 0 5481 5570 5587 
10206 2 0 5523 5587 5570 
10207 2 0 5482 5530 5520 
10208 2 0 5482 5465 5530 
10209 2 0 5467 5530 5465 
10210 2 0 5557 5559 5600 
10211 2 0 5557 5556 5559 
10212 2 0 5626 5559 5507 
10213 2 0 5512 5513 5459 
10214 2 0 5586 5571 5627 
10215 2 0 5480 5627 5628 
10216 2 0 5571 5570 5628 
10217 2 0 5480 5628 5570 
10218 2 0 5518 5612 5528 
10219 2 0 5610 5528 5605 
10220 2 0 5605 5612 5509 
10221 2 0 5596 5595 5594 
10222 2 0 5549 5596 5594 
10223 2 0 5460 5550 5594 
10224 2 0 5549 5594 5550 
10225 2 0 5624 5629 5583 
10226 2 0 5533 5583 5629 
10227 2 0 5624 5623 5629 
10228 2 0 5533 5629 5623 
10229 2 0 5540 5593 5541 
10230 2 0 5592 5539 5541 
10231 2 0 5539 5538 5541 
10232 2 0 5496 5625 5513 
10233 2 0 5624 5513 5625 
10234 2 0 5472 5623 5625 
10235 2 0 5588 5489 5522 
10236 2 0 5589 5588 5522 
10237 2 0 5461 5595 5522 
10238 2 0 5589 5522 5597 
10239 2 0 5586 5546 5576 
10240 2 0 5561 5567 5562 
10241 2 0 5576 5562 5483 
10242 2 0 5613 5617 5614 
10243 2 0 5598 5614 5599 
10244 2 0 5519 5602 5520 
10245 2 0 5482 5520 5602 
10246 2 0 5540 5630 5593 
10247 2 0 5499 5555 5616 
10248 2 0 5593 5616 5554 
10249 2 0 5613 5535 5617 
10250 2 0 5560 5599 5617 
10251 2 0 5599 5614 5617 
10252 2 0 5499 5630 5498 
10253 2 0 5540 5498 5630 
10254 2 0 5499 5616 5630 
10255 2 0 5616 5593 5630 
10256 2 0 5496 5497 5498 
10257 2 0 5540 5531 5498 
10258 2 0 5631 5496 5531 
10259 2 0 5524 5552 5587 
10260 2 0 5501 5609 5608 
10261 2 0 5551 5610 5609 
10262 2 0 5501 5548 5609 
10263 2 0 5551 5609 5548 
10264 2 0 5459 5513 5583 
10265 2 0 5624 5583 5513 
10266 2 0 5628 5627 5571 
10267 2 0 5547 5586 5627 
10268 2 0 5466 5632 5532 
10269 2 0 5533 5532 5632 
10270 2 0 5466 5590 5632 
10271 2 0 5533 5632 5590 
10272 2 0 5581 5633 5527 
10273 2 0 5525 5527 5633 
10274 2 0 5581 5580 5633 
10275 2 0 5525 5633 5580 
10276 2 0 5496 5631 5625 
10277 2 0 5472 5625 5631 
10278 2 0 5498 5531 5496 
10279 2 0 5472 5631 5531 
10280 2 0 5560 5553 5599 
10281 2 0 5553 5600 5599 
10282 2 0 5563 5634 5620 
10283 2 0 5620 5543 5542 
10284 2 0 5543 5582 5544 
10285 2 0 5620 5634 5543 
10286 2 0 5478 5635 5479 
10287 2 0 5479 5636 5637 
10288 2 0 5479 5635 5636 
10289 2 0 5615 5636 5635 
10290 2 0 5626 5506 5638 
10291 2 0 5639 5640 5638 
10292 2 0 5640 5641 5638 
10293 2 0 5505 5485 5642 
10294 2 0 5490 5489 5642 
10295 2 0 5563 5500 5634 
10296 2 0 5502 5634 5500 
10297 2 0 5615 5614 5643 
10298 2 0 5644 5645 5646 
10299 2 0 5626 5638 5646 
10300 2 0 5644 5646 5638 
10301 2 0 5508 5647 5529 
10302 2 0 5564 5529 5647 
10303 2 0 5508 5537 5647 
10304 2 0 5564 5647 5537 
10305 2 0 5476 5648 5514 
10306 2 0 5476 5475 5648 
10307 2 0 5527 5649 5581 
10308 2 0 5622 5581 5649 
10309 2 0 5622 5649 5621 
10310 2 0 5534 5575 5618 
10311 2 0 5535 5534 5618 
10312 2 0 5574 5560 5618 
10313 2 0 5535 5618 5617 
10314 2 0 5644 5650 5643 
10315 2 0 5651 5652 5650 
10316 2 0 5651 5650 5458 
10317 2 0 5585 5510 5584 
10318 2 0 5612 5653 5510 
10319 2 0 5585 5511 5510 
10320 2 0 5612 5510 5509 
10321 2 0 5654 5636 5652 
10322 2 0 5651 5654 5652 
10323 2 0 5615 5643 5652 
10324 2 0 5643 5650 5652 
10325 2 0 5650 5641 5458 
10326 2 0 5614 5645 5643 
10327 2 0 5644 5643 5645 
10328 2 0 5614 5598 5645 
10329 2 0 5598 5646 5645 
10330 2 0 5562 5576 5546 
10331 2 0 5550 5562 5546 
10332 2 0 5586 5547 5546 
10333 2 0 5550 5546 5545 
10334 2 0 5527 5655 5649 
10335 2 0 5621 5649 5655 
10336 2 0 5527 5455 5655 
10337 2 0 5621 5655 5656 
10338 2 0 5490 5642 5487 
10339 2 0 5485 5487 5642 
10340 2 0 5634 5582 5543 
10341 2 0 5622 5544 5582 
10342 2 0 5634 5502 5582 
10343 2 0 5478 5657 5635 
10344 2 0 5535 5635 5657 
10345 2 0 5478 5536 5657 
10346 2 0 5535 5657 5536 
10347 2 0 5502 5580 5582 
10348 2 0 5622 5582 5581 
10349 2 0 5514 5648 5509 
10350 2 0 5606 5509 5648 
10351 2 0 5475 5456 5455 
10352 2 0 5527 5475 5455 
10353 2 0 5454 5656 5455 
10354 2 0 5656 5655 5455 
10355 2 0 5535 5613 5635 
10356 2 0 5615 5635 5613 
10357 2 0 5530 5658 5520 
10358 2 0 5518 5520 5658 
10359 2 0 5530 5468 5658 
10360 2 0 5468 5653 5658 
10361 2 0 5644 5641 5650 
10362 2 0 5457 5458 5641 
10363 2 0 5644 5638 5641 
10364 2 0 5457 5641 5640 
10365 2 0 5598 5659 5646 
10366 2 0 5626 5646 5659 
10367 2 0 5598 5600 5659 
10368 2 0 5518 5653 5612 
10369 2 0 5584 5510 5653 
10370 2 0 5518 5658 5653 
10371 2 0 5584 5653 5468 
10372 2 0 5489 5588 5642 
10373 2 0 5505 5642 5588 
10374 2 0 5626 5659 5559 
10375 2 0 5600 5559 5659 
10376 2 0 5606 5526 5525 
10377 2 0 5475 5527 5526 
10378 2 0 5606 5648 5526 
10379 2 0 5475 5526 5648 
10380 2 0 5615 5652 5636 
10381 2 0 5637 5636 5654 
10382 2 0 5639 5638 5506 
10383 2 0 5491 5639 5506 
10384 2 0 5626 5507 5506 
10385 2 0 5491 5506 5492 
10386 2 0 5660 5462 5661 
10387 2 0 5662 4446 5457 
10388 2 0 5464 5661 5462 
10389 2 0 5663 5664 5665 
10390 2 0 5666 5667 5663 
10391 2 0 5665 5668 5663 
10392 2 0 5669 5670 5671 
10393 2 0 5462 5660 5480 
10394 2 0 5672 5673 5674 
10395 2 0 5675 5676 5677 
10396 2 0 5678 5679 5680 
10397 2 0 5681 5682 5683 
10398 2 0 5677 5676 5684 
10399 2 0 5685 5684 5676 
10400 2 0 5491 5493 5686 
10401 2 0 5673 5687 5674 
10402 2 0 5685 5688 5687 
10403 2 0 5689 5690 5691 
10404 2 0 5685 5687 5692 
10405 2 0 5673 5693 5694 
10406 2 0 5695 5677 5686 
10407 2 0 5696 5690 5697 
10408 2 0 5503 5698 5504 
10409 2 0 5699 5700 5701 
10410 2 0 5702 5703 5704 
10411 2 0 5705 5706 5703 
10412 2 0 5705 5703 5707 
10413 2 0 5708 5709 5694 
10414 2 0 5710 5711 5709 
10415 2 0 5708 5712 5709 
10416 2 0 5627 5713 5547 
10417 2 0 5480 5714 5627 
10418 2 0 5715 5716 5717 
10419 2 0 5718 5707 5703 
10420 2 0 5480 5660 5714 
10421 2 0 5719 5720 5714 
10422 2 0 5721 5722 5547 
10423 2 0 5723 5665 5724 
10424 2 0 5725 5726 5727 
10425 2 0 5725 5728 5729 
10426 2 0 5718 5730 5731 
10427 2 0 5718 5703 5730 
10428 2 0 5675 5677 5695 
10429 2 0 5665 5723 5732 
10430 2 0 5733 5732 5723 
10431 2 0 5734 5735 5736 
10432 2 0 5737 5738 5739 
10433 2 0 5740 5741 5739 
10434 2 0 5696 5742 5690 
10435 2 0 5691 5690 5742 
10436 2 0 5696 5743 5742 
10437 2 0 5743 5744 5742 
10438 2 0 5493 5695 5686 
10439 2 0 5745 5686 5677 
10440 2 0 5493 5529 5695 
10441 2 0 5682 5681 5746 
10442 2 0 5639 5747 5640 
10443 2 0 5504 5748 5564 
10444 2 0 5675 5695 5748 
10445 2 0 5661 5464 5749 
10446 2 0 5750 5743 5751 
10447 2 0 5696 5752 5743 
10448 2 0 5753 5754 5755 
10449 2 0 5684 5756 5757 
10450 2 0 5677 5684 5757 
10451 2 0 5758 5759 5757 
10452 2 0 5677 5757 5745 
10453 2 0 5760 5761 5762 
10454 2 0 5763 5764 5761 
10455 2 0 5504 5698 5748 
10456 2 0 5675 5748 5698 
10457 2 0 5765 5766 5767 
10458 2 0 5675 5698 5768 
10459 2 0 5769 5676 5768 
10460 2 0 5675 5768 5676 
10461 2 0 5702 5770 5771 
10462 2 0 5758 5771 5772 
10463 2 0 5773 5774 5775 
10464 2 0 5700 5678 5775 
10465 2 0 5691 5742 5744 
10466 2 0 5776 5777 5744 
10467 2 0 5743 5750 5744 
10468 2 0 5778 5721 5720 
10469 2 0 5719 5779 5720 
10470 2 0 5778 5720 5755 
10471 2 0 5729 5780 5781 
10472 2 0 5729 5728 5780 
10473 2 0 5728 5782 5780 
10474 2 0 5689 5783 5784 
10475 2 0 5672 5785 5783 
10476 2 0 5689 5691 5783 
10477 2 0 5672 5783 5691 
10478 2 0 5786 5787 5788 
10479 2 0 5753 5786 5788 
10480 2 0 5789 5727 5788 
10481 2 0 5727 5790 5788 
10482 2 0 5733 5791 5792 
10483 2 0 5793 5791 5678 
10484 2 0 5789 5728 5727 
10485 2 0 5772 5794 5759 
10486 2 0 5758 5772 5759 
10487 2 0 5795 5745 5759 
10488 2 0 5745 5757 5759 
10489 2 0 5796 5797 5767 
10490 2 0 5724 5780 5773 
10491 2 0 5723 5724 5773 
10492 2 0 5723 5773 5775 
10493 2 0 5503 5589 5798 
10494 2 0 5503 5798 5698 
10495 2 0 5798 5799 5784 
10496 2 0 5689 5800 5690 
10497 2 0 5689 5799 5800 
10498 2 0 5596 5800 5597 
10499 2 0 5710 5801 5692 
10500 2 0 5771 5692 5801 
10501 2 0 5710 5702 5801 
10502 2 0 5702 5771 5801 
10503 2 0 5802 5780 5724 
10504 2 0 5803 5773 5780 
10505 2 0 5802 5781 5780 
10506 2 0 5694 5709 5711 
10507 2 0 5673 5694 5711 
10508 2 0 5673 5711 5687 
10509 2 0 5665 5664 5724 
10510 2 0 5802 5724 5664 
10511 2 0 5795 5804 5745 
10512 2 0 5750 5716 5805 
10513 2 0 5716 5806 5805 
10514 2 0 5806 5693 5805 
10515 2 0 5786 5779 5807 
10516 2 0 5699 5786 5807 
10517 2 0 5719 5808 5807 
10518 2 0 5699 5807 5809 
10519 2 0 5810 5811 5749 
10520 2 0 5661 5749 5811 
10521 2 0 5661 5811 5812 
10522 2 0 5740 5734 5762 
10523 2 0 5733 5792 5746 
10524 2 0 5810 5682 5792 
10525 2 0 5810 5792 5793 
10526 2 0 5765 5813 5814 
10527 2 0 5754 5814 5751 
10528 2 0 5710 5692 5711 
10529 2 0 5687 5711 5692 
10530 2 0 5762 5761 5764 
10531 2 0 5740 5762 5764 
10532 2 0 5763 5704 5764 
10533 2 0 5691 5744 5777 
10534 2 0 5672 5691 5777 
10535 2 0 5777 5815 5672 
10536 2 0 5596 5697 5800 
10537 2 0 5690 5800 5697 
10538 2 0 5596 5549 5697 
10539 2 0 5694 5693 5806 
10540 2 0 5776 5805 5693 
10541 2 0 5731 5730 5712 
10542 2 0 5816 5746 5817 
10543 2 0 5758 5756 5771 
10544 2 0 5685 5692 5756 
10545 2 0 5771 5756 5692 
10546 2 0 5743 5818 5751 
10547 2 0 5754 5751 5818 
10548 2 0 5743 5752 5818 
10549 2 0 5754 5818 5752 
10550 2 0 5701 5774 5782 
10551 2 0 5789 5787 5782 
10552 2 0 5803 5780 5782 
10553 2 0 5789 5782 5728 
10554 2 0 5660 5819 5809 
10555 2 0 5812 5820 5819 
10556 2 0 5660 5661 5819 
10557 2 0 5812 5819 5661 
10558 2 0 5597 5800 5799 
10559 2 0 5589 5597 5799 
10560 2 0 5689 5784 5799 
10561 2 0 5589 5799 5798 
10562 2 0 5754 5821 5755 
10563 2 0 5778 5755 5821 
10564 2 0 5754 5752 5821 
10565 2 0 5752 5822 5821 
10566 2 0 5753 5790 5754 
10567 2 0 5710 5709 5730 
10568 2 0 5709 5712 5730 
10569 2 0 5701 5782 5787 
10570 2 0 5699 5701 5787 
10571 2 0 5789 5788 5787 
10572 2 0 5699 5787 5786 
10573 2 0 5750 5813 5716 
10574 2 0 5750 5751 5813 
10575 2 0 5751 5814 5813 
10576 2 0 5810 5680 5811 
10577 2 0 5812 5811 5680 
10578 2 0 5810 5793 5680 
10579 2 0 5793 5678 5680 
10580 2 0 5704 5706 5741 
10581 2 0 5740 5764 5741 
10582 2 0 5704 5741 5764 
10583 2 0 5755 5720 5779 
10584 2 0 5753 5755 5779 
10585 2 0 5719 5807 5779 
10586 2 0 5753 5779 5786 
10587 2 0 5758 5757 5756 
10588 2 0 5685 5756 5684 
10589 2 0 5660 5808 5714 
10590 2 0 5719 5714 5808 
10591 2 0 5660 5809 5808 
10592 2 0 5809 5807 5808 
10593 2 0 5464 5619 5749 
10594 2 0 5683 5749 5619 
10595 2 0 5776 5823 5805 
10596 2 0 5750 5805 5823 
10597 2 0 5776 5744 5823 
10598 2 0 5750 5823 5744 
10599 2 0 5809 5819 5820 
10600 2 0 5699 5809 5820 
10601 2 0 5699 5820 5700 
10602 2 0 5772 5771 5770 
10603 2 0 5763 5772 5770 
10604 2 0 5702 5704 5770 
10605 2 0 5763 5770 5704 
10606 2 0 5769 5688 5676 
10607 2 0 5685 5676 5688 
10608 2 0 5769 5674 5688 
10609 2 0 5674 5687 5688 
10610 2 0 5776 5815 5777 
10611 2 0 5673 5672 5815 
10612 2 0 5776 5693 5815 
10613 2 0 5673 5815 5693 
10614 2 0 5749 5683 5682 
10615 2 0 5810 5749 5682 
10616 2 0 5817 5746 5681 
10617 2 0 5746 5792 5682 
10618 2 0 5814 5754 5790 
10619 2 0 5753 5788 5790 
10620 2 0 5824 5790 5727 
10621 2 0 5763 5794 5772 
10622 2 0 5795 5759 5794 
10623 2 0 5700 5679 5678 
10624 2 0 5812 5680 5679 
10625 2 0 5700 5820 5679 
10626 2 0 5812 5679 5820 
10627 2 0 5696 5822 5752 
10628 2 0 5778 5821 5822 
10629 2 0 5778 5822 5721 
10630 2 0 5784 5783 5785 
10631 2 0 5769 5825 5785 
10632 2 0 5672 5674 5785 
10633 2 0 5769 5785 5674 
10634 2 0 5803 5774 5773 
10635 2 0 5700 5775 5774 
10636 2 0 5803 5782 5774 
10637 2 0 5700 5774 5701 
10638 2 0 5760 5747 5761 
10639 2 0 5639 5804 5747 
10640 2 0 5727 5726 5824 
10641 2 0 5728 5725 5727 
10642 2 0 5767 5826 5765 
10643 2 0 5716 5827 5717 
10644 2 0 5734 5740 5828 
10645 2 0 5671 5670 5828 
10646 2 0 5740 5739 5828 
10647 2 0 5545 5547 5722 
10648 2 0 5721 5822 5722 
10649 2 0 5734 5829 5762 
10650 2 0 5760 5762 5829 
10651 2 0 5671 5830 5738 
10652 2 0 5739 5738 5830 
10653 2 0 5671 5828 5830 
10654 2 0 5739 5830 5828 
10655 2 0 5716 5813 5827 
10656 2 0 5765 5827 5813 
10657 2 0 5831 5736 5735 
10658 2 0 5670 5831 5735 
10659 2 0 5734 5828 5735 
10660 2 0 5670 5735 5828 
10661 2 0 5832 5833 5816 
10662 2 0 5746 5816 5833 
10663 2 0 5832 5732 5833 
10664 2 0 5827 5765 5826 
10665 2 0 5717 5827 5826 
10666 2 0 5767 5797 5826 
10667 2 0 5717 5826 5797 
10668 2 0 5564 5834 5529 
10669 2 0 5695 5529 5834 
10670 2 0 5564 5748 5834 
10671 2 0 5695 5834 5748 
10672 2 0 5763 5761 5794 
10673 2 0 5769 5768 5825 
10674 2 0 5798 5784 5825 
10675 2 0 5784 5785 5825 
10676 2 0 5822 5835 5722 
10677 2 0 5697 5836 5835 
10678 2 0 5822 5696 5835 
10679 2 0 5697 5835 5696 
10680 2 0 5721 5547 5713 
10681 2 0 5720 5721 5713 
10682 2 0 5627 5714 5713 
10683 2 0 5720 5713 5714 
10684 2 0 5732 5837 5833 
10685 2 0 5746 5833 5837 
10686 2 0 5732 5733 5837 
10687 2 0 5746 5837 5733 
10688 2 0 5734 5838 5829 
10689 2 0 5839 5840 5838 
10690 2 0 5734 5736 5838 
10691 2 0 5839 5838 5736 
10692 2 0 5716 5841 5806 
10693 2 0 5842 5843 5841 
10694 2 0 5716 5715 5841 
10695 2 0 5842 5841 5715 
10696 2 0 5829 5838 5840 
10697 2 0 5760 5829 5840 
10698 2 0 5839 5662 5840 
10699 2 0 5704 5703 5706 
10700 2 0 5739 5741 5706 
10701 2 0 5705 5737 5706 
10702 2 0 5739 5706 5737 
10703 2 0 5806 5841 5843 
10704 2 0 5694 5806 5843 
10705 2 0 5842 5708 5843 
10706 2 0 5694 5843 5708 
10707 2 0 5662 5457 5840 
10708 2 0 5775 5791 5723 
10709 2 0 5733 5723 5791 
10710 2 0 5775 5678 5791 
10711 2 0 5793 5792 5791 
10712 2 0 5732 5668 5665 
10713 2 0 5666 5663 5668 
10714 2 0 5732 5832 5668 
10715 2 0 5666 5668 5832 
10716 2 0 5768 5698 5825 
10717 2 0 5798 5825 5698 
10718 2 0 5795 5844 5747 
10719 2 0 5761 5747 5844 
10720 2 0 5795 5794 5844 
10721 2 0 5761 5844 5794 
10722 2 0 5760 5845 5747 
10723 2 0 5640 5747 5845 
10724 2 0 5640 5845 5457 
10725 2 0 5710 5846 5702 
10726 2 0 5703 5702 5846 
10727 2 0 5710 5730 5846 
10728 2 0 5703 5846 5730 
10729 2 0 5760 5840 5845 
10730 2 0 5457 5845 5840 
10731 2 0 5824 5766 5790 
10732 2 0 5814 5790 5766 
10733 2 0 5824 5767 5766 
10734 2 0 5814 5766 5765 
10735 2 0 5545 5836 5549 
10736 2 0 5697 5549 5836 
10737 2 0 5545 5722 5836 
10738 2 0 5722 5835 5836 
10739 2 0 5726 5847 5824 
10740 2 0 5767 5824 5847 
10741 2 0 5726 5796 5847 
10742 2 0 5767 5847 5796 
10743 2 0 5686 5745 5804 
10744 2 0 5491 5686 5804 
10745 2 0 5795 5747 5804 
10746 2 0 5491 5804 5639 
10747 2 0 5848 5454 5474 
10748 2 0 5849 5850 5620 
10749 2 0 5619 5620 5850 
10750 2 0 5851 5852 5853 
10751 2 0 5854 5454 5848 
10752 2 0 5542 5855 5620 
10753 2 0 5856 5619 5850 
10754 2 0 5857 5856 5850 
10755 2 0 5850 5849 5857 
10756 2 0 5858 5859 5860 
10757 2 0 1768 1766 5861 
10758 2 0 1774 5861 5862 
10759 2 0 1774 1768 5861 
10760 2 0 1774 5862 1791 
10761 2 0 5863 5864 5858 
10762 2 0 1750 5865 5866 
10763 2 0 1750 5866 5867 
10764 2 0 1791 5865 1750 
10765 2 0 1792 1750 5867 
10766 2 0 1792 5867 1726 
10767 2 0 5868 1726 5867 
10768 2 0 5865 1791 5862 
10769 2 0 5869 5854 5848 
10770 2 0 5870 1726 5868 
10771 2 0 5853 5871 5872 
10772 2 0 5857 5873 5874 
10773 2 0 5853 5875 5860 
10774 2 0 5871 5853 5852 
10775 2 0 5864 5859 5858 
10776 2 0 5874 5856 5857 
10777 2 0 5875 5853 5872 
10778 2 0 5876 5877 5860 
10779 2 0 5853 5860 5877 
10780 2 0 5858 5860 5875 
10781 2 0 5860 5859 5876 
10782 2 0 5878 5863 5879 
10783 2 0 5880 5859 5864 
10784 2 0 5881 5882 5883 
10785 2 0 5881 5884 5882 
10786 2 0 5885 5886 5887 
10787 2 0 5888 5879 5882 
10788 2 0 5882 5879 5883 
10789 2 0 5889 5890 5891 
10790 2 0 5890 5892 5887 
10791 2 0 5883 5879 5893 
10792 2 0 5894 5873 5857 
10793 2 0 5852 5851 5895 
10794 2 0 5890 5887 5891 
10795 2 0 5893 5896 5883 
10796 2 0 5881 5883 5896 
10797 2 0 5897 5874 5873 
10798 2 0 5898 5897 5873 
10799 2 0 5890 5899 5892 
10800 2 0 5900 5892 5899 
10801 2 0 5901 5897 5898 
10802 2 0 5902 5903 5904 
10803 2 0 5870 5905 1726 
10804 2 0 5906 5907 5908 
10805 2 0 5895 5909 5910 
10806 2 0 5911 1668 5912 
10807 2 0 1668 5913 5912 
10808 2 0 5904 5914 5915 
10809 2 0 5916 5885 5917 
10810 2 0 1723 1724 5918 
10811 2 0 5919 5920 5918 
10812 2 0 5911 5921 5922 
10813 2 0 5923 5924 1719 
10814 2 0 5919 5924 5925 
10815 2 0 5926 5851 5927 
10816 2 0 5928 5929 5930 
10817 2 0 5902 5931 5928 
10818 2 0 5885 5887 5932 
10819 2 0 5933 5934 5935 
10820 2 0 5936 5909 5937 
10821 2 0 5938 5939 5940 
10822 2 0 5941 5942 5943 
10823 2 0 5911 5912 5921 
10824 2 0 5944 5922 5921 
10825 2 0 5945 5939 5946 
10826 2 0 5880 5864 5878 
10827 2 0 5947 5948 5949 
10828 2 0 5892 5950 5887 
10829 2 0 5951 5952 5953 
10830 2 0 5954 5955 5956 
10831 2 0 5957 5958 5959 
10832 2 0 5958 5960 5959 
10833 2 0 5961 5962 5963 
10834 2 0 5964 5965 5894 
10835 2 0 5964 5966 5965 
10836 2 0 5967 5968 5965 
10837 2 0 5931 5969 5965 
10838 2 0 5894 5965 5969 
10839 2 0 5970 5971 5972 
10840 2 0 5973 5972 5971 
10841 2 0 5974 5975 5976 
10842 2 0 5656 5975 5621 
10843 2 0 5869 5977 5978 
10844 2 0 5979 5978 5977 
10845 2 0 5980 5981 5982 
10846 2 0 5983 5978 5979 
10847 2 0 5854 5869 5978 
10848 2 0 5984 5985 5986 
10849 2 0 5987 5988 5884 
10850 2 0 5989 5990 5991 
10851 2 0 5992 5990 5993 
10852 2 0 5914 5904 5903 
10853 2 0 5943 5914 5903 
10854 2 0 5983 5994 5978 
10855 2 0 5995 5996 5994 
10856 2 0 5983 5997 5994 
10857 2 0 5931 5965 5968 
10858 2 0 5997 5968 5967 
10859 2 0 5998 5999 6000 
10860 2 0 6001 6002 6000 
10861 2 0 6001 6000 6003 
10862 2 0 6004 5998 6005 
10863 2 0 5998 6002 6005 
10864 2 0 5880 6006 6007 
10865 2 0 5880 5878 6006 
10866 2 0 6008 6009 6010 
10867 2 0 6011 5984 6012 
10868 2 0 6013 5959 5960 
10869 2 0 6014 5990 6015 
10870 2 0 6016 6017 5877 
10871 2 0 6018 6019 6020 
10872 2 0 6021 5988 6022 
10873 2 0 5961 6023 5988 
10874 2 0 6021 5884 5988 
10875 2 0 5961 5988 5987 
10876 2 0 5979 6024 6025 
10877 2 0 6026 6027 6028 
10878 2 0 6029 6030 6031 
10879 2 0 6032 6033 6027 
10880 2 0 6011 6012 6034 
10881 2 0 6011 6034 5957 
10882 2 0 5970 6035 6006 
10883 2 0 6007 6006 6035 
10884 2 0 5970 5972 6035 
10885 2 0 5970 6036 6037 
10886 2 0 5960 6038 6039 
10887 2 0 6013 5960 6039 
10888 2 0 5942 6013 5915 
10889 2 0 6040 6041 5935 
10890 2 0 6042 6041 6043 
10891 2 0 5870 6044 5955 
10892 2 0 6014 6015 6045 
10893 2 0 6026 6028 6045 
10894 2 0 6040 5935 6046 
10895 2 0 6047 6048 5949 
10896 2 0 6049 6048 6012 
10897 2 0 5942 6050 6051 
10898 2 0 6013 5942 6051 
10899 2 0 6013 6051 5959 
10900 2 0 1723 6052 5938 
10901 2 0 6053 6052 5920 
10902 2 0 5951 5987 6054 
10903 2 0 6055 6045 6015 
10904 2 0 6056 5985 6011 
10905 2 0 6057 6056 5957 
10906 2 0 1726 5905 6058 
10907 2 0 1726 6058 5982 
10908 2 0 6054 5886 5916 
10909 2 0 5951 6054 5916 
10910 2 0 5932 5917 5885 
10911 2 0 5542 5544 6059 
10912 2 0 5974 6060 6059 
10913 2 0 1719 6061 1724 
10914 2 0 1719 5924 6061 
10915 2 0 5919 6061 5924 
10916 2 0 6007 6062 6063 
10917 2 0 6064 6018 6065 
10918 2 0 6066 5930 6065 
10919 2 0 6064 6065 5930 
10920 2 0 6067 6068 6069 
10921 2 0 6070 6062 6069 
10922 2 0 5945 5946 6069 
10923 2 0 6070 6069 5946 
10924 2 0 5923 1713 6071 
10925 2 0 5923 6071 5924 
10926 2 0 1724 6061 5918 
10927 2 0 5919 5918 6061 
10928 2 0 5910 6072 6073 
10929 2 0 6043 5922 6042 
10930 2 0 5933 5935 6042 
10931 2 0 5922 5944 6042 
10932 2 0 1723 6074 6052 
10933 2 0 5920 6052 6074 
10934 2 0 1723 5918 6074 
10935 2 0 5920 6074 5918 
10936 2 0 6075 6076 6002 
10937 2 0 6001 6075 6002 
10938 2 0 6077 6005 6002 
10939 2 0 5998 6000 6002 
10940 2 0 5954 6078 5955 
10941 2 0 6079 6080 6081 
10942 2 0 5939 6082 5940 
10943 2 0 6083 6084 6071 
10944 2 0 5924 6071 6084 
10945 2 0 6083 5925 6084 
10946 2 0 5924 6084 5925 
10947 2 0 6083 6071 6085 
10948 2 0 5947 6004 6086 
10949 2 0 6055 6015 6087 
10950 2 0 6053 6088 6052 
10951 2 0 5938 6052 6088 
10952 2 0 5938 6088 5939 
10953 2 0 5919 5925 6089 
10954 2 0 5926 6089 5925 
10955 2 0 6090 6068 6067 
10956 2 0 5945 6069 6068 
10957 2 0 5913 6082 6068 
10958 2 0 6091 6085 5980 
10959 2 0 6077 6092 6005 
10960 2 0 6093 6005 6092 
10961 2 0 6077 6028 6092 
10962 2 0 5967 5965 5966 
10963 2 0 5891 5887 5886 
10964 2 0 6054 5891 5886 
10965 2 0 5885 5916 5886 
10966 2 0 5943 6094 5941 
10967 2 0 5893 5879 5863 
10968 2 0 5864 5863 5878 
10969 2 0 5879 5888 5878 
10970 2 0 5906 6046 5934 
10971 2 0 5935 5934 6046 
10972 2 0 5902 6095 5931 
10973 2 0 5902 5904 6095 
10974 2 0 6096 6097 6098 
10975 2 0 5989 6099 6100 
10976 2 0 5915 6039 6101 
10977 2 0 5904 5915 6101 
10978 2 0 5881 5891 6054 
10979 2 0 5881 5896 5891 
10980 2 0 5889 5891 5896 
10981 2 0 5908 6102 5906 
10982 2 0 6021 6022 6102 
10983 2 0 6032 6103 6033 
10984 2 0 6093 6027 6033 
10985 2 0 6104 6105 6033 
10986 2 0 6093 6033 6086 
10987 2 0 6106 6107 6097 
10988 2 0 5926 5937 5909 
10989 2 0 5926 5925 5937 
10990 2 0 6083 5937 5925 
10991 2 0 6022 5988 6023 
10992 2 0 6106 6022 6023 
10993 2 0 5961 6108 6023 
10994 2 0 6106 6023 6107 
10995 2 0 6007 6035 6067 
10996 2 0 6090 6067 6035 
10997 2 0 6090 6035 5972 
10998 2 0 5948 6105 6109 
10999 2 0 5978 5994 5996 
11000 2 0 5854 5978 5996 
11001 2 0 5995 5976 5996 
11002 2 0 5976 6110 5996 
11003 2 0 5963 6111 6112 
11004 2 0 6113 5963 6112 
11005 2 0 6055 6087 6112 
11006 2 0 6087 6098 6112 
11007 2 0 5941 6050 5942 
11008 2 0 6114 6051 6050 
11009 2 0 5917 6103 6032 
11010 2 0 6104 6033 6103 
11011 2 0 5917 5932 6103 
11012 2 0 6104 6103 5932 
11013 2 0 5884 6054 5987 
11014 2 0 5884 5881 6054 
11015 2 0 5930 6066 5928 
11016 2 0 6077 6002 6076 
11017 2 0 6115 6076 6075 
11018 2 0 5968 6116 5929 
11019 2 0 5931 5968 5929 
11020 2 0 6117 5930 5929 
11021 2 0 5931 5929 5928 
11022 2 0 6095 5873 5969 
11023 2 0 6049 5999 6048 
11024 2 0 5982 6058 5980 
11025 2 0 5908 6118 6102 
11026 2 0 6021 5882 5884 
11027 2 0 5939 6088 5946 
11028 2 0 6053 5946 6088 
11029 2 0 5983 6119 5997 
11030 2 0 6117 5929 6116 
11031 2 0 5997 6116 5968 
11032 2 0 5966 6060 6120 
11033 2 0 5995 5966 6120 
11034 2 0 5974 5976 6120 
11035 2 0 5995 6120 5976 
11036 2 0 5958 5957 6121 
11037 2 0 5971 5970 6037 
11038 2 0 6093 6122 6005 
11039 2 0 6004 6005 6122 
11040 2 0 6093 6086 6122 
11041 2 0 6004 6122 6086 
11042 2 0 5957 6034 6121 
11043 2 0 6123 6047 6034 
11044 2 0 5957 5959 6057 
11045 2 0 6114 6056 6057 
11046 2 0 6011 5957 6056 
11047 2 0 6116 5997 6119 
11048 2 0 6117 6116 6119 
11049 2 0 5983 6025 6119 
11050 2 0 6117 6119 6025 
11051 2 0 6113 6112 6098 
11052 2 0 6100 6098 6087 
11053 2 0 5902 5928 5903 
11054 2 0 5995 5994 5966 
11055 2 0 5967 5966 5994 
11056 2 0 5967 5994 5997 
11057 2 0 6124 6038 5960 
11058 2 0 5894 6125 5964 
11059 2 0 5899 5901 5900 
11060 2 0 5977 6126 5979 
11061 2 0 5983 5979 6025 
11062 2 0 6064 6127 6025 
11063 2 0 6117 6025 6127 
11064 2 0 6064 5930 6127 
11065 2 0 6117 6127 5930 
11066 2 0 6037 6128 5971 
11067 2 0 5933 6128 5934 
11068 2 0 5851 5853 5927 
11069 2 0 5877 5927 5853 
11070 2 0 6109 6129 6124 
11071 2 0 6081 6096 6079 
11072 2 0 6004 5999 5998 
11073 2 0 6049 6000 5999 
11074 2 0 6026 6032 6027 
11075 2 0 6125 5855 6060 
11076 2 0 5964 6125 6060 
11077 2 0 5974 6120 6060 
11078 2 0 5964 6060 5966 
11079 2 0 6003 6009 6008 
11080 2 0 5984 6009 6012 
11081 2 0 5971 6128 5973 
11082 2 0 5931 6095 5969 
11083 2 0 6076 5993 6130 
11084 2 0 6077 6076 6130 
11085 2 0 6077 6130 6028 
11086 2 0 6083 5936 5937 
11087 2 0 6083 6085 5936 
11088 2 0 5951 6131 5952 
11089 2 0 5917 6032 6131 
11090 2 0 5951 5916 6131 
11091 2 0 5917 6131 5916 
11092 2 0 5952 6131 6032 
11093 2 0 6026 5952 6032 
11094 2 0 5973 6128 6132 
11095 2 0 5933 6132 6128 
11096 2 0 6090 5972 6133 
11097 2 0 5986 6010 5984 
11098 2 0 6107 6023 6108 
11099 2 0 6113 6107 6108 
11100 2 0 5961 5963 6108 
11101 2 0 6113 6108 5963 
11102 2 0 5947 6105 5948 
11103 2 0 6104 6109 6105 
11104 2 0 5947 6086 6105 
11105 2 0 6086 6033 6105 
11106 2 0 5973 6134 6133 
11107 2 0 5912 6133 6134 
11108 2 0 5973 5921 6134 
11109 2 0 5912 6134 5921 
11110 2 0 5880 6007 6063 
11111 2 0 5859 5880 5876 
11112 2 0 6063 5876 5880 
11113 2 0 6115 5993 6076 
11114 2 0 6014 6130 5993 
11115 2 0 6115 5992 5993 
11116 2 0 5857 5849 5894 
11117 2 0 6125 5894 5849 
11118 2 0 5914 5942 5915 
11119 2 0 6039 5915 6013 
11120 2 0 5914 5943 5942 
11121 2 0 6012 6123 6034 
11122 2 0 6121 6034 6047 
11123 2 0 6012 6048 6123 
11124 2 0 6047 6123 6048 
11125 2 0 6100 6087 5989 
11126 2 0 5991 6135 5989 
11127 2 0 5973 6133 5972 
11128 2 0 6093 6092 6027 
11129 2 0 6028 6027 6092 
11130 2 0 6067 6069 6062 
11131 2 0 6007 6067 6062 
11132 2 0 6070 6136 6062 
11133 2 0 5955 6137 5956 
11134 2 0 6031 6020 6138 
11135 2 0 5933 5944 6132 
11136 2 0 5933 6042 5944 
11137 2 0 6091 5980 6058 
11138 2 0 6000 6009 6003 
11139 2 0 5984 6010 6009 
11140 2 0 6000 6049 6009 
11141 2 0 6049 6012 6009 
11142 2 0 6080 6043 6041 
11143 2 0 6081 6080 6041 
11144 2 0 6042 5935 6041 
11145 2 0 6081 6041 6040 
11146 2 0 5985 6030 5986 
11147 2 0 5984 6011 5985 
11148 2 0 5912 5913 6139 
11149 2 0 6090 6133 6139 
11150 2 0 5912 6139 6133 
11151 2 0 6114 6050 6140 
11152 2 0 6056 6114 6140 
11153 2 0 6020 6031 6140 
11154 2 0 5877 5876 6016 
11155 2 0 5979 6126 6024 
11156 2 0 6141 6024 6126 
11157 2 0 6024 6141 6142 
11158 2 0 6143 6142 6141 
11159 2 0 5932 5887 5950 
11160 2 0 5900 5950 5892 
11161 2 0 6142 6025 6024 
11162 2 0 5950 5900 6129 
11163 2 0 6038 6129 5900 
11164 2 0 6038 6124 6129 
11165 2 0 6129 6109 5950 
11166 2 0 6097 6144 6106 
11167 2 0 6046 6144 6040 
11168 2 0 6040 6144 6081 
11169 2 0 5928 6066 5903 
11170 2 0 5898 6145 6101 
11171 2 0 5898 5873 6145 
11172 2 0 5949 6146 6047 
11173 2 0 5960 6146 6124 
11174 2 0 5900 6147 6038 
11175 2 0 6101 6147 5898 
11176 2 0 5989 6135 6099 
11177 2 0 6096 6098 6099 
11178 2 0 6098 6100 6099 
11179 2 0 6047 6146 6121 
11180 2 0 6025 6142 6064 
11181 2 0 6143 6019 6142 
11182 2 0 6124 6146 6109 
11183 2 0 6059 6148 5974 
11184 2 0 5975 5974 6148 
11185 2 0 5975 6148 5621 
11186 2 0 1681 6079 6096 
11187 2 0 6135 1681 6099 
11188 2 0 6099 1681 6096 
11189 2 0 5905 6149 6058 
11190 2 0 5905 6078 6149 
11191 2 0 6078 6150 6149 
11192 2 0 6022 6106 6151 
11193 2 0 6151 5906 6022 
11194 2 0 6085 6091 5936 
11195 2 0 6021 6102 6118 
11196 2 0 5882 6021 6118 
11197 2 0 5908 5888 6118 
11198 2 0 5882 6118 5888 
11199 2 0 6038 6147 6039 
11200 2 0 6101 6039 6147 
11201 2 0 6046 5906 6151 
11202 2 0 6102 6022 5906 
11203 2 0 6152 6153 6017 
11204 2 0 6016 6152 6017 
11205 2 0 5927 5877 6017 
11206 2 0 6106 6144 6151 
11207 2 0 6046 6151 6144 
11208 2 0 6154 6136 6070 
11209 2 0 6063 6062 6136 
11210 2 0 6154 6016 6136 
11211 2 0 6152 6155 5920 
11212 2 0 6053 5920 6155 
11213 2 0 6053 6155 6154 
11214 2 0 5656 6110 5975 
11215 2 0 5656 5454 6110 
11216 2 0 5854 6110 5454 
11217 2 0 6059 5855 5542 
11218 2 0 5849 5620 5855 
11219 2 0 6059 6060 5855 
11220 2 0 5849 5855 6125 
11221 2 0 6091 6072 6156 
11222 2 0 5909 5936 6156 
11223 2 0 6091 6156 5936 
11224 2 0 6045 6157 6026 
11225 2 0 5952 6026 6157 
11226 2 0 6045 6055 6157 
11227 2 0 5854 5996 6110 
11228 2 0 5975 6110 5976 
11229 2 0 6109 6158 5950 
11230 2 0 5932 5950 6158 
11231 2 0 6109 6104 6158 
11232 2 0 5932 6158 6104 
11233 2 0 6004 5947 5999 
11234 2 0 5908 6037 6036 
11235 2 0 5888 5908 6036 
11236 2 0 5888 6036 5878 
11237 2 0 5903 6159 5943 
11238 2 0 6094 5943 6159 
11239 2 0 5903 6066 6159 
11240 2 0 6094 6159 6066 
11241 2 0 6097 6096 6144 
11242 2 0 6081 6144 6096 
11243 2 0 5970 6006 6036 
11244 2 0 5878 6036 6006 
11245 2 0 5953 6111 5963 
11246 2 0 6055 6112 6111 
11247 2 0 5952 6160 5953 
11248 2 0 6089 6017 6153 
11249 2 0 5919 6089 6153 
11250 2 0 6152 5920 6153 
11251 2 0 5919 6153 5920 
11252 2 0 6095 5904 6145 
11253 2 0 6101 6145 5904 
11254 2 0 6037 5907 6128 
11255 2 0 5934 6128 5907 
11256 2 0 6037 5908 5907 
11257 2 0 5934 5907 5906 
11258 2 0 6130 6161 6028 
11259 2 0 6045 6028 6161 
11260 2 0 6130 6014 6161 
11261 2 0 6045 6161 6014 
11262 2 0 6111 5953 6160 
11263 2 0 6055 6111 6160 
11264 2 0 5952 6157 6160 
11265 2 0 6055 6160 6157 
11266 2 0 5949 5948 6146 
11267 2 0 6109 6146 5948 
11268 2 0 5987 5962 5961 
11269 2 0 5953 5963 5962 
11270 2 0 5987 5951 5962 
11271 2 0 5953 5962 5951 
11272 2 0 6072 6150 6073 
11273 2 0 5954 6073 6150 
11274 2 0 6072 6149 6150 
11275 2 0 5954 6150 6078 
11276 2 0 5945 6068 6082 
11277 2 0 5939 5945 6082 
11278 2 0 5913 1668 6082 
11279 2 0 1668 5940 6082 
11280 2 0 6089 5926 5927 
11281 2 0 6089 5927 6017 
11282 2 0 6087 6015 5990 
11283 2 0 5989 6087 5990 
11284 2 0 6014 5993 5990 
11285 2 0 5992 5991 5990 
11286 2 0 6154 6162 6053 
11287 2 0 5946 6053 6162 
11288 2 0 6154 6070 6162 
11289 2 0 5946 6162 6070 
11290 2 0 6048 6163 5949 
11291 2 0 5947 5949 6163 
11292 2 0 6048 5999 6163 
11293 2 0 5947 6163 5999 
11294 2 0 6020 6164 6018 
11295 2 0 6094 6018 6164 
11296 2 0 6020 5941 6164 
11297 2 0 6094 6164 5941 
11298 2 0 6059 5544 6148 
11299 2 0 5621 6148 5544 
11300 2 0 6154 6155 6016 
11301 2 0 6152 6016 6155 
11302 2 0 6085 5981 5980 
11303 2 0 1713 5982 5981 
11304 2 0 6085 6071 5981 
11305 2 0 1713 5981 6071 
11306 2 0 5955 6165 5870 
11307 2 0 5905 5870 6165 
11308 2 0 5955 6078 6165 
11309 2 0 5905 6165 6078 
11310 2 0 6072 6091 6149 
11311 2 0 6058 6149 6091 
11312 2 0 5909 5895 5851 
11313 2 0 5909 5851 5926 
11314 2 0 5909 6156 5910 
11315 2 0 6072 5910 6156 
11316 2 0 6166 5956 6137 
11317 2 0 6167 6166 6137 
11318 2 0 5955 6044 6137 
11319 2 0 6167 6137 6044 
11320 2 0 6113 6168 6107 
11321 2 0 6097 6107 6168 
11322 2 0 6113 6098 6168 
11323 2 0 6097 6168 6098 
11324 2 0 6063 6136 5876 
11325 2 0 6016 5876 6136 
11326 2 0 5894 5969 5873 
11327 2 0 6095 6145 5873 
11328 2 0 5944 5921 6132 
11329 2 0 5973 6132 5921 
11330 2 0 6056 6030 5985 
11331 2 0 6029 5986 6030 
11332 2 0 6056 6140 6030 
11333 2 0 6140 6031 6030 
11334 2 0 5913 6068 6139 
11335 2 0 6090 6139 6068 
11336 2 0 6066 6065 6094 
11337 2 0 6018 6094 6065 
11338 2 0 6064 6142 6019 
11339 2 0 6018 6064 6019 
11340 2 0 6143 6138 6019 
11341 2 0 6138 6020 6019 
11342 2 0 6020 6169 5941 
11343 2 0 6050 5941 6169 
11344 2 0 6020 6140 6169 
11345 2 0 6050 6169 6140 
11346 2 0 5959 6051 6057 
11347 2 0 6114 6057 6051 
11348 2 0 6121 6146 5958 
11349 2 0 5960 5958 6146 
11350 2 0 6147 6170 5898 
11351 2 0 5901 5898 6170 
11352 2 0 6147 5900 6170 
11353 2 0 5901 6170 5900 
11354 2 0 5897 6171 6172 
11355 2 0 5666 6173 5667 
11356 2 0 6174 5899 5890 
11357 2 0 5896 6175 5889 
11358 2 0 6176 5817 5681 
11359 2 0 6177 5863 6178 
11360 2 0 6179 5871 6180 
11361 2 0 6181 6178 5858 
11362 2 0 6179 6180 6182 
11363 2 0 2130 6183 6184 
11364 2 0 6185 6186 5856 
11365 2 0 6187 6188 2145 
11366 2 0 6188 6189 2177 
11367 2 0 6189 6188 6187 
11368 2 0 6189 2196 2177 
11369 2 0 6190 2145 2147 
11370 2 0 6184 6191 2130 
11371 2 0 2194 2130 6191 
11372 2 0 6185 5856 5874 
11373 2 0 2147 2194 6191 
11374 2 0 2147 6192 6190 
11375 2 0 6192 2147 6191 
11376 2 0 2145 6190 6187 
11377 2 0 5872 5871 6179 
11378 2 0 6193 6171 6194 
11379 2 0 6172 6185 5874 
11380 2 0 6180 6195 6182 
11381 2 0 6196 6197 6198 
11382 2 0 6199 6200 6177 
11383 2 0 6199 6177 6178 
11384 2 0 6198 6177 6196 
11385 2 0 5863 6177 5893 
11386 2 0 5897 6172 5874 
11387 2 0 6201 6181 5858 
11388 2 0 5890 5889 6202 
11389 2 0 5858 5875 6201 
11390 2 0 6203 6175 6197 
11391 2 0 6198 5893 6177 
11392 2 0 6198 6175 5896 
11393 2 0 6175 6198 6197 
11394 2 0 5896 5893 6198 
11395 2 0 5858 6178 5863 
11396 2 0 6204 6174 6202 
11397 2 0 6203 6205 6175 
11398 2 0 5889 6175 6205 
11399 2 0 6172 6171 6206 
11400 2 0 6194 6171 5897 
11401 2 0 5897 5901 6194 
11402 2 0 6207 6194 5901 
11403 2 0 6171 6193 6206 
11404 2 0 6205 6202 5889 
11405 2 0 2075 6208 2073 
11406 2 0 6209 6210 6211 
11407 2 0 6212 6213 6214 
11408 2 0 6215 6216 6217 
11409 2 0 6217 6216 6218 
11410 2 0 6219 6220 6221 
11411 2 0 6219 6221 6182 
11412 2 0 6222 6223 6224 
11413 2 0 6225 6226 6227 
11414 2 0 2122 6228 6229 
11415 2 0 6230 6231 6225 
11416 2 0 6230 2073 6231 
11417 2 0 6182 6232 6219 
11418 2 0 2073 6208 6231 
11419 2 0 6226 6233 6234 
11420 2 0 6220 6233 6235 
11421 2 0 6236 6237 6238 
11422 2 0 6239 6240 6241 
11423 2 0 6239 6241 6238 
11424 2 0 6242 6243 6244 
11425 2 0 6245 6246 6247 
11426 2 0 6248 6249 6208 
11427 2 0 6250 6251 6252 
11428 2 0 6239 6253 6254 
11429 2 0 6211 6240 6254 
11430 2 0 6239 6254 6240 
11431 2 0 6197 6255 6203 
11432 2 0 6256 6257 6251 
11433 2 0 6258 6251 6257 
11434 2 0 6256 6259 6257 
11435 2 0 6258 6257 6260 
11436 2 0 6186 6261 6176 
11437 2 0 6222 6262 6261 
11438 2 0 6250 6252 6263 
11439 2 0 6264 6265 6266 
11440 2 0 6267 6268 6269 
11441 2 0 6214 6270 6271 
11442 2 0 6212 6214 6271 
11443 2 0 6272 6273 6271 
11444 2 0 6212 6271 6274 
11445 2 0 6275 6276 6277 
11446 2 0 6278 6255 6279 
11447 2 0 6255 6280 6279 
11448 2 0 5666 6281 6173 
11449 2 0 6282 6283 6284 
11450 2 0 6285 6286 6287 
11451 2 0 6176 6261 6262 
11452 2 0 6288 6289 6284 
11453 2 0 6290 6223 6291 
11454 2 0 6290 6291 6274 
11455 2 0 6292 6293 6294 
11456 2 0 6295 6294 6296 
11457 2 0 6297 6298 6299 
11458 2 0 6300 6301 6302 
11459 2 0 6211 6302 6209 
11460 2 0 6303 6203 6304 
11461 2 0 6222 6261 6305 
11462 2 0 6306 6305 6261 
11463 2 0 6307 6308 6309 
11464 2 0 6310 6311 6312 
11465 2 0 6239 6312 6253 
11466 2 0 6250 6313 6314 
11467 2 0 6278 6313 6315 
11468 2 0 6316 6317 6318 
11469 2 0 6275 6246 6319 
11470 2 0 6275 6319 6276 
11471 2 0 6320 6321 6322 
11472 2 0 6323 6324 6322 
11473 2 0 6282 6325 6260 
11474 2 0 6326 6321 6327 
11475 2 0 6320 6327 6321 
11476 2 0 6326 6323 6321 
11477 2 0 6323 6322 6321 
11478 2 0 6328 6269 6329 
11479 2 0 6320 6330 6327 
11480 2 0 6331 6330 6332 
11481 2 0 6333 6308 6334 
11482 2 0 6335 6336 6337 
11483 2 0 6336 6338 6337 
11484 2 0 6237 6339 6238 
11485 2 0 6239 6238 6312 
11486 2 0 6340 6341 6342 
11487 2 0 6333 6343 2093 
11488 2 0 2130 6344 6345 
11489 2 0 2130 2109 6344 
11490 2 0 6346 6311 6347 
11491 2 0 6348 6349 6294 
11492 2 0 6292 6294 6349 
11493 2 0 5875 6350 6201 
11494 2 0 6212 6274 6351 
11495 2 0 6352 6353 6354 
11496 2 0 6352 6354 6204 
11497 2 0 6355 6356 6357 
11498 2 0 6358 6359 6332 
11499 2 0 6335 6359 6336 
11500 2 0 6360 6200 6361 
11501 2 0 6360 6196 6200 
11502 2 0 6196 6177 6200 
11503 2 0 6331 6332 6359 
11504 2 0 6341 6362 6335 
11505 2 0 6213 6363 6214 
11506 2 0 6364 6270 6363 
11507 2 0 6365 6366 6367 
11508 2 0 6368 6369 6367 
11509 2 0 6365 6367 6370 
11510 2 0 6315 6304 6203 
11511 2 0 6205 6203 6303 
11512 2 0 6205 6303 6202 
11513 2 0 6229 6371 2111 
11514 2 0 6267 6269 6372 
11515 2 0 6363 6373 6374 
11516 2 0 6364 6363 6374 
11517 2 0 6348 6294 6374 
11518 2 0 6364 6374 6294 
11519 2 0 6375 6336 6376 
11520 2 0 6358 6377 6376 
11521 2 0 6375 6376 6377 
11522 2 0 6378 6379 6380 
11523 2 0 6378 6380 6381 
11524 2 0 6217 6382 6244 
11525 2 0 6343 6383 6384 
11526 2 0 6385 6354 6377 
11527 2 0 6353 6377 6354 
11528 2 0 6223 6290 6386 
11529 2 0 6387 6224 6386 
11530 2 0 6223 6386 6224 
11531 2 0 6388 6389 6379 
11532 2 0 6380 6389 6245 
11533 2 0 6316 6318 6361 
11534 2 0 6390 6361 6318 
11535 2 0 6391 6392 6371 
11536 2 0 2111 6371 6392 
11537 2 0 6393 6394 6395 
11538 2 0 6334 6394 6276 
11539 2 0 6396 6397 6218 
11540 2 0 6355 6218 6397 
11541 2 0 6396 6398 6397 
11542 2 0 6355 6397 6356 
11543 2 0 6368 6344 6392 
11544 2 0 6387 6399 6281 
11545 2 0 6173 6281 6399 
11546 2 0 6173 6399 6400 
11547 2 0 6401 6275 6279 
11548 2 0 6278 6279 6277 
11549 2 0 6209 6302 6301 
11550 2 0 6300 6402 6301 
11551 2 0 6403 6301 6404 
11552 2 0 6405 6406 6299 
11553 2 0 6215 6407 6216 
11554 2 0 6405 6408 6406 
11555 2 0 6226 6225 6409 
11556 2 0 6410 6411 6412 
11557 2 0 6249 6248 6412 
11558 2 0 6236 6373 6213 
11559 2 0 6238 6413 6236 
11560 2 0 6172 6414 6185 
11561 2 0 6306 6185 6414 
11562 2 0 6172 6206 6414 
11563 2 0 6415 6247 6360 
11564 2 0 6196 6360 6280 
11565 2 0 6196 6280 6197 
11566 2 0 6300 6416 6327 
11567 2 0 6326 6327 6416 
11568 2 0 6300 6302 6416 
11569 2 0 6326 6416 6302 
11570 2 0 6305 6417 6418 
11571 2 0 6222 6305 6418 
11572 2 0 6222 6418 6223 
11573 2 0 6337 6289 6335 
11574 2 0 6341 6289 6342 
11575 2 0 6314 6419 6420 
11576 2 0 6256 6314 6420 
11577 2 0 6393 6395 6420 
11578 2 0 6395 6259 6420 
11579 2 0 6251 6258 6421 
11580 2 0 6375 6422 6252 
11581 2 0 6251 6421 6252 
11582 2 0 6306 6417 6305 
11583 2 0 6423 6418 6417 
11584 2 0 6306 6414 6417 
11585 2 0 6310 6339 6193 
11586 2 0 6193 6194 6310 
11587 2 0 6232 6370 6424 
11588 2 0 6219 6232 6424 
11589 2 0 6258 6338 6421 
11590 2 0 6375 6421 6338 
11591 2 0 6258 6337 6338 
11592 2 0 6375 6338 6336 
11593 2 0 6353 6425 6263 
11594 2 0 6352 6202 6303 
11595 2 0 6356 6397 6398 
11596 2 0 6426 6427 6398 
11597 2 0 6396 6317 6398 
11598 2 0 6317 6428 6398 
11599 2 0 6182 6221 6179 
11600 2 0 6410 6412 6357 
11601 2 0 6248 6357 6412 
11602 2 0 6290 6273 6265 
11603 2 0 6272 6429 6273 
11604 2 0 6290 6274 6273 
11605 2 0 6274 6271 6273 
11606 2 0 6399 6430 6400 
11607 2 0 6265 6430 6386 
11608 2 0 5683 6186 5681 
11609 2 0 6316 6361 6199 
11610 2 0 6361 6200 6199 
11611 2 0 6402 6431 6432 
11612 2 0 6280 6360 6247 
11613 2 0 6245 6247 6415 
11614 2 0 6245 6415 6380 
11615 2 0 5681 6186 6176 
11616 2 0 6227 6228 6225 
11617 2 0 6227 6371 6228 
11618 2 0 6371 6229 6228 
11619 2 0 6287 6433 6281 
11620 2 0 6387 6281 6433 
11621 2 0 6287 6224 6433 
11622 2 0 6387 6433 6224 
11623 2 0 6202 6352 6204 
11624 2 0 5890 6202 6174 
11625 2 0 6318 6434 6408 
11626 2 0 6396 6408 6434 
11627 2 0 6318 6317 6434 
11628 2 0 6396 6434 6317 
11629 2 0 5899 6207 5901 
11630 2 0 6247 6401 6279 
11631 2 0 6277 6279 6275 
11632 2 0 6247 6246 6401 
11633 2 0 6275 6401 6246 
11634 2 0 6316 6428 6317 
11635 2 0 6426 6398 6428 
11636 2 0 6287 6435 6224 
11637 2 0 6222 6224 6435 
11638 2 0 6287 6262 6435 
11639 2 0 6222 6435 6262 
11640 2 0 6290 6265 6386 
11641 2 0 6316 6199 6428 
11642 2 0 6348 6436 6349 
11643 2 0 6240 6437 6436 
11644 2 0 6348 6413 6436 
11645 2 0 6240 6436 6241 
11646 2 0 6235 6438 6220 
11647 2 0 6439 6440 6438 
11648 2 0 6412 6411 6438 
11649 2 0 6207 6310 6194 
11650 2 0 6214 6363 6270 
11651 2 0 6272 6271 6270 
11652 2 0 6364 6441 6270 
11653 2 0 6270 6441 6272 
11654 2 0 5816 6285 5832 
11655 2 0 6278 6203 6255 
11656 2 0 6278 6315 6203 
11657 2 0 6235 6409 6231 
11658 2 0 6225 6231 6409 
11659 2 0 6300 6442 6402 
11660 2 0 6432 6404 6402 
11661 2 0 6404 6301 6402 
11662 2 0 6247 6279 6280 
11663 2 0 6197 6280 6255 
11664 2 0 6391 6424 6370 
11665 2 0 6405 6443 6408 
11666 2 0 6318 6408 6443 
11667 2 0 6405 6444 6443 
11668 2 0 6423 6445 6291 
11669 2 0 6274 6291 6445 
11670 2 0 6423 6351 6445 
11671 2 0 6274 6445 6351 
11672 2 0 6235 6231 6249 
11673 2 0 6208 6249 6231 
11674 2 0 6237 6193 6339 
11675 2 0 6310 6312 6339 
11676 2 0 6312 6238 6339 
11677 2 0 6410 6427 6411 
11678 2 0 6439 6438 6411 
11679 2 0 6391 6446 6424 
11680 2 0 6227 6234 6446 
11681 2 0 6391 6371 6446 
11682 2 0 6227 6446 6371 
11683 2 0 6212 6447 6213 
11684 2 0 6236 6213 6447 
11685 2 0 6423 6448 6351 
11686 2 0 6449 6450 6448 
11687 2 0 6423 6417 6448 
11688 2 0 6414 6451 6417 
11689 2 0 6331 6402 6442 
11690 2 0 6300 6327 6442 
11691 2 0 6227 6226 6234 
11692 2 0 6219 6424 6234 
11693 2 0 6424 6446 6234 
11694 2 0 6390 6360 6361 
11695 2 0 6421 6375 6252 
11696 2 0 6336 6359 6376 
11697 2 0 6358 6376 6359 
11698 2 0 5872 6350 5875 
11699 2 0 6292 6437 6211 
11700 2 0 6240 6211 6437 
11701 2 0 6292 6349 6437 
11702 2 0 6349 6436 6437 
11703 2 0 6296 6293 6452 
11704 2 0 6213 6373 6363 
11705 2 0 6348 6374 6373 
11706 2 0 6242 6453 6243 
11707 2 0 2075 6244 6243 
11708 2 0 6248 6208 6243 
11709 2 0 2075 6243 6208 
11710 2 0 6225 6454 6230 
11711 2 0 2122 6230 6454 
11712 2 0 6225 6228 6454 
11713 2 0 2122 6454 6228 
11714 2 0 2093 6309 6333 
11715 2 0 6223 6418 6291 
11716 2 0 6423 6291 6418 
11717 2 0 6204 6354 6347 
11718 2 0 6373 6236 6413 
11719 2 0 6348 6373 6413 
11720 2 0 6238 6241 6413 
11721 2 0 6241 6436 6413 
11722 2 0 6216 6455 6218 
11723 2 0 6396 6218 6455 
11724 2 0 6396 6455 6408 
11725 2 0 6384 2093 6343 
11726 2 0 6248 6453 6357 
11727 2 0 6355 6357 6453 
11728 2 0 6248 6243 6453 
11729 2 0 6355 6453 6242 
11730 2 0 6221 6440 6350 
11731 2 0 6179 6221 6350 
11732 2 0 6456 6201 6350 
11733 2 0 6179 6350 5872 
11734 2 0 6277 6457 6278 
11735 2 0 6313 6278 6457 
11736 2 0 6277 6458 6457 
11737 2 0 6176 6262 5817 
11738 2 0 6319 6389 6388 
11739 2 0 6380 6379 6389 
11740 2 0 6319 6246 6389 
11741 2 0 6246 6245 6389 
11742 2 0 6394 6458 6276 
11743 2 0 6277 6276 6458 
11744 2 0 6394 6393 6458 
11745 2 0 6393 6457 6458 
11746 2 0 6441 6364 6295 
11747 2 0 6441 6459 6272 
11748 2 0 6295 6460 6441 
11749 2 0 6460 6459 6441 
11750 2 0 6333 6334 6461 
11751 2 0 6319 6388 6461 
11752 2 0 6378 6462 6379 
11753 2 0 6463 6384 6383 
11754 2 0 6299 6298 6464 
11755 2 0 6463 6464 6298 
11756 2 0 6333 6461 6343 
11757 2 0 6388 6343 6461 
11758 2 0 6201 6465 6181 
11759 2 0 6456 6466 6201 
11760 2 0 6334 6276 6461 
11761 2 0 6319 6461 6276 
11762 2 0 6456 6439 6466 
11763 2 0 6426 6465 6466 
11764 2 0 6465 6201 6466 
11765 2 0 6330 6320 6467 
11766 2 0 6426 6428 6465 
11767 2 0 6311 6468 6347 
11768 2 0 6311 6310 6468 
11769 2 0 6207 6468 6310 
11770 2 0 6469 6308 6307 
11771 2 0 6333 6309 6308 
11772 2 0 6469 6395 6308 
11773 2 0 6318 6443 6390 
11774 2 0 6307 6283 6469 
11775 2 0 6307 6470 6283 
11776 2 0 6470 6284 6283 
11777 2 0 6345 6471 6372 
11778 2 0 6367 6472 6471 
11779 2 0 6345 6344 6471 
11780 2 0 6370 6473 6365 
11781 2 0 6195 6365 6473 
11782 2 0 6370 6232 6473 
11783 2 0 6383 6379 6462 
11784 2 0 6463 6383 6462 
11785 2 0 6378 6464 6462 
11786 2 0 6463 6462 6464 
11787 2 0 6285 6474 5832 
11788 2 0 5666 5832 6474 
11789 2 0 5666 6474 6281 
11790 2 0 6193 6475 6206 
11791 2 0 6449 6451 6475 
11792 2 0 6193 6237 6475 
11793 2 0 6394 6334 6308 
11794 2 0 6395 6394 6308 
11795 2 0 6357 6427 6410 
11796 2 0 6426 6466 6427 
11797 2 0 6357 6356 6427 
11798 2 0 6356 6398 6427 
11799 2 0 6178 6465 6199 
11800 2 0 6428 6199 6465 
11801 2 0 6178 6181 6465 
11802 2 0 6392 6476 2111 
11803 2 0 2109 2111 6476 
11804 2 0 6392 6344 6476 
11805 2 0 2109 6476 6344 
11806 2 0 6364 6294 6295 
11807 2 0 6293 6296 6294 
11808 2 0 6360 6390 6415 
11809 2 0 6379 6383 6388 
11810 2 0 6343 6388 6383 
11811 2 0 6341 6335 6289 
11812 2 0 6288 6342 6289 
11813 2 0 6282 6284 6289 
11814 2 0 6442 6477 6331 
11815 2 0 6330 6331 6477 
11816 2 0 6442 6327 6477 
11817 2 0 6330 6477 6327 
11818 2 0 6304 6478 6263 
11819 2 0 6250 6263 6478 
11820 2 0 6304 6315 6478 
11821 2 0 6311 6324 6312 
11822 2 0 6253 6312 6324 
11823 2 0 6253 6324 6323 
11824 2 0 6303 6425 6352 
11825 2 0 6353 6352 6425 
11826 2 0 6303 6304 6425 
11827 2 0 6304 6263 6425 
11828 2 0 6411 6427 6466 
11829 2 0 6439 6411 6466 
11830 2 0 6344 6368 6471 
11831 2 0 6367 6471 6368 
11832 2 0 6340 6431 6341 
11833 2 0 6340 6432 6431 
11834 2 0 6331 6431 6402 
11835 2 0 6385 6322 6346 
11836 2 0 6354 6385 6347 
11837 2 0 6346 6347 6385 
11838 2 0 6347 6479 6204 
11839 2 0 6174 6204 6479 
11840 2 0 6347 6468 6479 
11841 2 0 6211 6480 6302 
11842 2 0 6326 6302 6480 
11843 2 0 6211 6254 6480 
11844 2 0 6326 6480 6254 
11845 2 0 6313 6419 6314 
11846 2 0 6393 6420 6419 
11847 2 0 6313 6457 6419 
11848 2 0 6393 6419 6457 
11849 2 0 6281 6474 6287 
11850 2 0 6285 6287 6474 
11851 2 0 6195 6473 6182 
11852 2 0 6232 6182 6473 
11853 2 0 5619 6481 5683 
11854 2 0 6186 5683 6481 
11855 2 0 5619 5856 6481 
11856 2 0 6186 6481 5856 
11857 2 0 6370 6369 6391 
11858 2 0 6392 6391 6369 
11859 2 0 6370 6367 6369 
11860 2 0 6392 6369 6368 
11861 2 0 6299 6407 6297 
11862 2 0 6215 6297 6407 
11863 2 0 6299 6406 6407 
11864 2 0 6406 6216 6407 
11865 2 0 6299 6464 6482 
11866 2 0 6378 6482 6464 
11867 2 0 6331 6362 6431 
11868 2 0 6341 6431 6362 
11869 2 0 6331 6359 6362 
11870 2 0 6359 6335 6362 
11871 2 0 6260 6259 6483 
11872 2 0 6282 6260 6483 
11873 2 0 6469 6283 6483 
11874 2 0 6282 6483 6283 
11875 2 0 6267 6472 6366 
11876 2 0 6367 6366 6472 
11877 2 0 6267 6372 6472 
11878 2 0 6372 6471 6472 
11879 2 0 6311 6346 6324 
11880 2 0 6346 6322 6324 
11881 2 0 6448 6417 6451 
11882 2 0 6449 6448 6451 
11883 2 0 6414 6206 6451 
11884 2 0 6206 6475 6451 
11885 2 0 6269 6484 6372 
11886 2 0 6345 6372 6484 
11887 2 0 6269 6328 6484 
11888 2 0 6452 6485 6403 
11889 2 0 6301 6403 6485 
11890 2 0 6452 6210 6485 
11891 2 0 6301 6485 6209 
11892 2 0 6381 6486 6487 
11893 2 0 6444 6381 6487 
11894 2 0 6390 6443 6487 
11895 2 0 6444 6487 6443 
11896 2 0 6385 6467 6322 
11897 2 0 6320 6322 6467 
11898 2 0 6235 6488 6438 
11899 2 0 6412 6438 6488 
11900 2 0 6235 6249 6488 
11901 2 0 6412 6488 6249 
11902 2 0 6390 6486 6415 
11903 2 0 6380 6415 6486 
11904 2 0 6390 6487 6486 
11905 2 0 6380 6486 6381 
11906 2 0 6456 6440 6439 
11907 2 0 6220 6438 6440 
11908 2 0 6456 6350 6440 
11909 2 0 6220 6440 6221 
11910 2 0 6409 6235 6233 
11911 2 0 6226 6409 6233 
11912 2 0 6220 6219 6233 
11913 2 0 6219 6234 6233 
11914 2 0 6236 6489 6237 
11915 2 0 6250 6490 6251 
11916 2 0 6256 6251 6490 
11917 2 0 6250 6314 6490 
11918 2 0 6256 6490 6314 
11919 2 0 6387 6430 6399 
11920 2 0 6264 6400 6430 
11921 2 0 6387 6386 6430 
11922 2 0 6264 6430 6265 
11923 2 0 6250 6478 6313 
11924 2 0 6315 6313 6478 
11925 2 0 6263 6252 6422 
11926 2 0 6353 6263 6422 
11927 2 0 6375 6377 6422 
11928 2 0 6353 6422 6377 
11929 2 0 6293 6210 6452 
11930 2 0 6209 6485 6210 
11931 2 0 6293 6292 6210 
11932 2 0 6292 6211 6210 
11933 2 0 6207 6479 6468 
11934 2 0 6207 5899 6479 
11935 2 0 6174 6479 5899 
11936 2 0 6253 6491 6254 
11937 2 0 6326 6254 6491 
11938 2 0 6253 6323 6491 
11939 2 0 6326 6491 6323 
11940 2 0 6447 6450 6489 
11941 2 0 6236 6447 6489 
11942 2 0 6449 6475 6489 
11943 2 0 6475 6237 6489 
11944 2 0 5816 6286 6285 
11945 2 0 6262 6287 6286 
11946 2 0 5816 5817 6286 
11947 2 0 6262 6286 5817 
11948 2 0 6306 6492 6185 
11949 2 0 6186 6185 6492 
11950 2 0 6306 6261 6492 
11951 2 0 6186 6492 6261 
11952 2 0 6242 6382 6355 
11953 2 0 6218 6355 6382 
11954 2 0 6242 6244 6382 
11955 2 0 6218 6382 6217 
11956 2 0 6459 6429 6272 
11957 2 0 6265 6273 6429 
11958 2 0 6459 6266 6429 
11959 2 0 6265 6429 6266 
11960 2 0 6358 6493 6377 
11961 2 0 6385 6377 6493 
11962 2 0 6358 6494 6493 
11963 2 0 6385 6493 6467 
11964 2 0 6337 6325 6289 
11965 2 0 6282 6289 6325 
11966 2 0 6337 6258 6325 
11967 2 0 6258 6260 6325 
11968 2 0 6467 6493 6494 
11969 2 0 6330 6467 6494 
11970 2 0 6358 6332 6494 
11971 2 0 6330 6494 6332 
11972 2 0 6495 6496 6497 
11973 2 0 6495 6329 6496 
11974 2 0 6269 6496 6329 
11975 2 0 6260 6257 6259 
11976 2 0 6469 6483 6259 
11977 2 0 6256 6420 6259 
11978 2 0 6469 6259 6395 
11979 2 0 6444 6498 6482 
11980 2 0 6299 6482 6498 
11981 2 0 6444 6405 6498 
11982 2 0 6299 6498 6405 
11983 2 0 6351 6448 6450 
11984 2 0 6212 6351 6450 
11985 2 0 6449 6489 6450 
11986 2 0 6212 6450 6447 
11987 2 0 6378 6499 6482 
11988 2 0 6444 6482 6499 
11989 2 0 6378 6381 6499 
11990 2 0 6444 6499 6381 
11991 2 0 6328 6183 6484 
11992 2 0 6345 6484 6183 
11993 2 0 6328 6184 6183 
11994 2 0 6345 6183 2130 
11995 2 0 6497 6496 6268 
11996 2 0 6269 6268 6496 
11997 2 0 6408 6455 6406 
11998 2 0 6216 6406 6455 
11999 2 0 6500 6501 5162 
12000 2 0 6502 6503 6504 
12001 2 0 6505 6506 6507 
12002 2 0 6508 6509 6510 
12003 2 0 6511 6512 6513 
12004 2 0 6514 6515 6516 
12005 2 0 6517 6518 5046 
12006 2 0 6518 6517 6519 
12007 2 0 6520 4969 5202 
12008 2 0 6521 6522 6523 
12009 2 0 6524 6525 6526 
12010 2 0 6527 6528 6525 
12011 2 0 6529 6530 6510 
12012 2 0 6531 6532 6533 
12013 2 0 6534 6535 6536 
12014 2 0 6537 6538 6539 
12015 2 0 6540 6541 6542 
12016 2 0 6543 6544 6545 
12017 2 0 6541 6546 6547 
12018 2 0 6548 6549 6550 
12019 2 0 6551 6552 6553 
12020 2 0 6518 6554 6555 
12021 2 0 6556 6557 6558 
12022 2 0 6558 6559 6560 
12023 2 0 6561 6562 6563 
12024 2 0 6564 6565 6566 
12025 2 0 6567 6516 6568 
12026 2 0 6546 6568 6516 
12027 2 0 6569 6555 6554 
12028 2 0 6556 6560 6565 
12029 2 0 6570 6571 6572 
12030 2 0 6573 6574 6575 
12031 2 0 6576 6577 6564 
12032 2 0 6578 6579 6580 
12033 2 0 4969 6544 5160 
12034 2 0 4964 6581 6580 
12035 2 0 6582 6583 6518 
12036 2 0 6584 6579 6519 
12037 2 0 5046 6583 5195 
12038 2 0 6583 6582 6585 
12039 2 0 5195 6583 6586 
12040 2 0 6587 5156 5158 
12041 2 0 6572 6571 6588 
12042 2 0 6589 6586 6585 
12043 2 0 6584 6519 6517 
12044 2 0 6588 5156 6587 
12045 2 0 6590 6539 6538 
12046 2 0 4964 6580 6579 
12047 2 0 6591 6592 6593 
12048 2 0 6594 6595 6596 
12049 2 0 2520 6597 6598 
12050 2 0 6500 5160 6543 
12051 2 0 2520 6595 6597 
12052 2 0 6592 6599 6600 
12053 2 0 6601 6602 6603 
12054 2 0 6603 6604 6605 
12055 2 0 6606 6607 6608 
12056 2 0 6609 6606 6610 
12057 2 0 6611 6612 6613 
12058 2 0 6614 6615 6616 
12059 2 0 6612 6617 6618 
12060 2 0 6595 6594 6597 
12061 2 0 6619 6620 6621 
12062 2 0 6608 6607 6622 
12063 2 0 6623 6624 6625 
12064 2 0 6626 6623 6625 
12065 2 0 6623 6626 6627 
12066 2 0 6524 6562 6509 
12067 2 0 6551 6628 6526 
12068 2 0 6551 6553 6628 
12069 2 0 6629 6627 6551 
12070 2 0 6630 6554 6579 
12071 2 0 6631 6628 6553 
12072 2 0 6632 6633 6634 
12073 2 0 6635 6636 6637 
12074 2 0 6518 6519 6554 
12075 2 0 6638 6639 6640 
12076 2 0 6641 6642 6532 
12077 2 0 6643 6600 6599 
12078 2 0 6584 4964 6579 
12079 2 0 6576 6564 6566 
12080 2 0 6644 6645 6646 
12081 2 0 6628 6563 6526 
12082 2 0 6544 6647 6545 
12083 2 0 6598 6597 6648 
12084 2 0 6649 6639 6638 
12085 2 0 6633 6529 6562 
12086 2 0 6545 6650 6651 
12087 2 0 6652 5162 6653 
12088 2 0 6572 6587 6654 
12089 2 0 6524 6563 6562 
12090 2 0 6655 5158 5159 
12091 2 0 6620 6619 6550 
12092 2 0 6632 6506 6633 
12093 2 0 6627 6626 6552 
12094 2 0 6550 6656 6620 
12095 2 0 6657 6652 6658 
12096 2 0 6549 6659 6656 
12097 2 0 6616 6548 6550 
12098 2 0 6550 6619 6660 
12099 2 0 6573 6661 6662 
12100 2 0 6643 6599 6663 
12101 2 0 6633 6505 6530 
12102 2 0 6664 6665 6581 
12103 2 0 6666 6667 6668 
12104 2 0 6529 6633 6530 
12105 2 0 6561 6669 6670 
12106 2 0 6591 6599 6592 
12107 2 0 6578 6630 6579 
12108 2 0 6667 6666 6671 
12109 2 0 6604 6672 6673 
12110 2 0 6563 6524 6526 
12111 2 0 6658 6595 6674 
12112 2 0 2520 6674 6595 
12113 2 0 6527 6508 6671 
12114 2 0 6658 6652 6653 
12115 2 0 6675 6574 6676 
12116 2 0 6610 6677 6678 
12117 2 0 6658 6674 6679 
12118 2 0 6680 6681 6575 
12119 2 0 6675 6575 6574 
12120 2 0 6607 6682 6622 
12121 2 0 6683 6617 6611 
12122 2 0 6554 6519 6579 
12123 2 0 5046 6518 6583 
12124 2 0 6576 6566 6684 
12125 2 0 6564 6577 6556 
12126 2 0 6526 6525 6629 
12127 2 0 6551 6627 6552 
12128 2 0 6527 6524 6509 
12129 2 0 6524 6527 6525 
12130 2 0 6683 6625 6624 
12131 2 0 6617 6685 6618 
12132 2 0 6686 6558 6557 
12133 2 0 6630 6557 6569 
12134 2 0 6513 6684 6540 
12135 2 0 6576 6512 6555 
12136 2 0 6569 6556 6577 
12137 2 0 6578 6557 6630 
12138 2 0 6687 6571 6570 
12139 2 0 6547 6570 6688 
12140 2 0 6658 6679 6657 
12141 2 0 6689 6690 6593 
12142 2 0 6511 6688 6654 
12143 2 0 6542 6513 6540 
12144 2 0 6544 6520 6571 
12145 2 0 6522 6521 6644 
12146 2 0 6617 6645 6685 
12147 2 0 6505 6633 6506 
12148 2 0 6582 6555 6512 
12149 2 0 6589 6654 6655 
12150 2 0 6648 6675 6676 
12151 2 0 6510 6509 6529 
12152 2 0 6562 6529 6509 
12153 2 0 6673 6605 6604 
12154 2 0 6691 6660 6619 
12155 2 0 6508 6527 6509 
12156 2 0 6666 6527 6671 
12157 2 0 6629 6523 6627 
12158 2 0 6692 6614 6685 
12159 2 0 6550 6660 6616 
12160 2 0 6555 6569 6577 
12161 2 0 6554 6630 6569 
12162 2 0 6576 6555 6577 
12163 2 0 6555 6582 6518 
12164 2 0 6557 6578 6686 
12165 2 0 6569 6557 6556 
12166 2 0 6567 6568 6693 
12167 2 0 6547 6516 6515 
12168 2 0 6514 6694 6695 
12169 2 0 6696 6687 6515 
12170 2 0 6570 6547 6515 
12171 2 0 6547 6697 6542 
12172 2 0 6500 6543 6501 
12173 2 0 6594 6698 6699 
12174 2 0 6542 6541 6547 
12175 2 0 6513 6542 6697 
12176 2 0 6513 6697 6511 
12177 2 0 6513 6576 6684 
12178 2 0 6687 6647 6571 
12179 2 0 6571 6520 6588 
12180 2 0 6522 6627 6523 
12181 2 0 6623 6646 6624 
12182 2 0 6646 6623 6522 
12183 2 0 6627 6522 6623 
12184 2 0 6645 6692 6685 
12185 2 0 6617 6683 6624 
12186 2 0 6645 6644 6692 
12187 2 0 6646 6645 6624 
12188 2 0 6624 6645 6617 
12189 2 0 6615 6692 6521 
12190 2 0 6692 6615 6614 
12191 2 0 6511 6585 6582 
12192 2 0 6589 6655 6586 
12193 2 0 6655 6654 6587 
12194 2 0 6511 6654 6589 
12195 2 0 6700 6699 6698 
12196 2 0 6594 6701 6597 
12197 2 0 6672 6621 6673 
12198 2 0 6660 6691 6702 
12199 2 0 6617 6612 6611 
12200 2 0 6606 6612 6607 
12201 2 0 6682 6618 6685 
12202 2 0 6612 6618 6607 
12203 2 0 6694 6567 6693 
12204 2 0 6516 6567 6514 
12205 2 0 6570 6515 6687 
12206 2 0 6688 6570 6572 
12207 2 0 6516 6547 6546 
12208 2 0 6501 6596 6653 
12209 2 0 6594 6596 6698 
12210 2 0 6537 6650 6696 
12211 2 0 6596 6501 6698 
12212 2 0 6544 6543 5160 
12213 2 0 6501 6543 6651 
12214 2 0 6511 6697 6688 
12215 2 0 6585 6511 6589 
12216 2 0 6522 6644 6646 
12217 2 0 6521 6692 6644 
12218 2 0 6616 6615 6548 
12219 2 0 6702 6703 6660 
12220 2 0 6685 6614 6682 
12221 2 0 6648 6597 6701 
12222 2 0 6704 6672 6604 
12223 2 0 6607 6618 6682 
12224 2 0 6696 6515 6514 
12225 2 0 6544 6571 6647 
12226 2 0 6572 6654 6688 
12227 2 0 6547 6688 6697 
12228 2 0 6650 6545 6647 
12229 2 0 6651 6543 6545 
12230 2 0 6705 6695 6694 
12231 2 0 6651 6539 6706 
12232 2 0 6696 6650 6647 
12233 2 0 6651 6650 6537 
12234 2 0 6687 6696 6647 
12235 2 0 6696 6514 6695 
12236 2 0 6501 6651 6706 
12237 2 0 6501 6653 5162 
12238 2 0 6521 6523 6503 
12239 2 0 6668 6502 6504 
12240 2 0 6615 6707 6548 
12241 2 0 6668 6708 6502 
12242 2 0 6707 6615 6521 
12243 2 0 6703 6616 6660 
12244 2 0 6682 6614 6703 
12245 2 0 6680 6701 6709 
12246 2 0 6701 6594 6709 
12247 2 0 6672 6619 6621 
12248 2 0 6710 6702 6704 
12249 2 0 6704 6691 6672 
12250 2 0 6672 6691 6619 
12251 2 0 6604 6603 6602 
12252 2 0 6711 6622 6712 
12253 2 0 6704 6702 6691 
12254 2 0 6702 6713 6703 
12255 2 0 6703 6713 6712 
12256 2 0 6616 6703 6614 
12257 2 0 6706 6700 6698 
12258 2 0 6501 6706 6698 
12259 2 0 6651 6537 6539 
12260 2 0 6538 6537 6695 
12261 2 0 6593 6690 6591 
12262 2 0 6709 6594 6699 
12263 2 0 6575 6675 6680 
12264 2 0 6701 6675 6648 
12265 2 0 6600 6533 6592 
12266 2 0 6574 6573 6662 
12267 2 0 6714 6603 6605 
12268 2 0 6715 6716 6717 
12269 2 0 6704 6604 6602 
12270 2 0 6610 6678 6609 
12271 2 0 6718 6705 6719 
12272 2 0 6720 6721 6719 
12273 2 0 6590 6722 6539 
12274 2 0 6712 6622 6682 
12275 2 0 6608 6622 6711 
12276 2 0 6703 6712 6682 
12277 2 0 6710 6723 6713 
12278 2 0 6711 6724 6725 
12279 2 0 6606 6609 6613 
12280 2 0 6537 6696 6695 
12281 2 0 6538 6718 6590 
12282 2 0 6567 6694 6514 
12283 2 0 6695 6705 6538 
12284 2 0 6693 6726 6694 
12285 2 0 6705 6694 6726 
12286 2 0 6718 6719 6721 
12287 2 0 6727 6636 6649 
12288 2 0 6728 6531 6729 
12289 2 0 6730 6592 6533 
12290 2 0 6593 6730 6689 
12291 2 0 6564 6556 6565 
12292 2 0 4969 6520 6544 
12293 2 0 5156 6588 5202 
12294 2 0 6572 6588 6587 
12295 2 0 5202 6588 6520 
12296 2 0 5158 6655 6587 
12297 2 0 5195 6586 5159 
12298 2 0 6585 6586 6583 
12299 2 0 5159 6586 6655 
12300 2 0 6526 6629 6551 
12301 2 0 6558 6560 6556 
12302 2 0 6686 6731 6558 
12303 2 0 6648 6676 6598 
12304 2 0 6513 6512 6576 
12305 2 0 6582 6512 6511 
12306 2 0 6521 6503 6707 
12307 2 0 6502 6707 6503 
12308 2 0 6666 6504 6528 
12309 2 0 6504 6666 6668 
12310 2 0 6666 6528 6527 
12311 2 0 6732 6668 6667 
12312 2 0 6659 6708 6732 
12313 2 0 6668 6732 6708 
12314 2 0 6550 6549 6656 
12315 2 0 6659 6549 6708 
12316 2 0 6502 6708 6549 
12317 2 0 6730 6593 6592 
12318 2 0 6689 6720 6690 
12319 2 0 6677 6733 6734 
12320 2 0 6723 6712 6713 
12321 2 0 6603 6714 6717 
12322 2 0 6735 6736 6737 
12323 2 0 6715 6661 6738 
12324 2 0 6601 6739 6740 
12325 2 0 6711 6723 6724 
12326 2 0 6601 6741 6739 
12327 2 0 6608 6742 6610 
12328 2 0 6610 6742 6677 
12329 2 0 6711 6742 6608 
12330 2 0 6742 6743 6677 
12331 2 0 6734 6678 6677 
12332 2 0 6606 6613 6612 
12333 2 0 6610 6606 6608 
12334 2 0 6744 6745 6700 
12335 2 0 6726 6719 6705 
12336 2 0 6718 6538 6705 
12337 2 0 6689 6746 6720 
12338 2 0 6729 6600 6643 
12339 2 0 6531 6600 6729 
12340 2 0 6747 6733 6748 
12341 2 0 6641 6728 6749 
12342 2 0 6533 6600 6531 
12343 2 0 6532 6642 6533 
12344 2 0 6641 6531 6728 
12345 2 0 6689 6730 6750 
12346 2 0 6701 6680 6675 
12347 2 0 6681 6751 6575 
12348 2 0 6752 6573 6575 
12349 2 0 6738 6753 6716 
12350 2 0 6752 6575 6751 
12351 2 0 6749 6754 6751 
12352 2 0 6603 6741 6601 
12353 2 0 6573 6738 6661 
12354 2 0 6738 6573 6752 
12355 2 0 6752 6753 6738 
12356 2 0 6717 6741 6603 
12357 2 0 6753 6752 6755 
12358 2 0 6715 6738 6716 
12359 2 0 6756 6753 6755 
12360 2 0 6753 6756 6757 
12361 2 0 6752 6754 6755 
12362 2 0 6756 6737 6739 
12363 2 0 6641 6751 6681 
12364 2 0 6751 6641 6749 
12365 2 0 6715 6717 6714 
12366 2 0 6717 6716 6741 
12367 2 0 6757 6716 6753 
12368 2 0 6741 6757 6739 
12369 2 0 6642 6641 6681 
12370 2 0 6531 6641 6532 
12371 2 0 6752 6751 6754 
12372 2 0 6740 6724 6758 
12373 2 0 6702 6710 6713 
12374 2 0 6724 6723 6758 
12375 2 0 6711 6712 6723 
12376 2 0 6740 6602 6601 
12377 2 0 6710 6602 6758 
12378 2 0 6743 6742 6725 
12379 2 0 6743 6733 6677 
12380 2 0 6759 6760 6663 
12381 2 0 6759 6747 6748 
12382 2 0 6733 6761 6762 
12383 2 0 6755 6763 6756 
12384 2 0 6764 6761 6743 
12385 2 0 6739 6757 6756 
12386 2 0 6716 6757 6741 
12387 2 0 6735 6765 6761 
12388 2 0 6765 6735 6749 
12389 2 0 6763 6754 6735 
12390 2 0 6724 6740 6739 
12391 2 0 6602 6740 6758 
12392 2 0 6764 6766 6739 
12393 2 0 6766 6743 6725 
12394 2 0 6711 6725 6742 
12395 2 0 6766 6725 6724 
12396 2 0 6739 6766 6724 
12397 2 0 6766 6764 6743 
12398 2 0 6602 6710 6704 
12399 2 0 6723 6710 6758 
12400 2 0 6747 6734 6733 
12401 2 0 6761 6733 6743 
12402 2 0 6762 6748 6733 
12403 2 0 6736 6761 6764 
12404 2 0 6737 6736 6764 
12405 2 0 6736 6735 6761 
12406 2 0 6739 6737 6764 
12407 2 0 6737 6756 6763 
12408 2 0 6754 6749 6735 
12409 2 0 6728 6729 6765 
12410 2 0 6749 6728 6765 
12411 2 0 6754 6763 6755 
12412 2 0 6737 6763 6735 
12413 2 0 6767 6768 6769 
12414 2 0 6770 6768 6771 
12415 2 0 6535 6772 6773 
12416 2 0 6525 6528 6774 
12417 2 0 6525 6774 6629 
12418 2 0 6769 6535 6534 
12419 2 0 6773 6536 6535 
12420 2 0 6727 6507 6775 
12421 2 0 6727 6775 6636 
12422 2 0 6637 6776 6777 
12423 2 0 6637 6636 6776 
12424 2 0 6778 6771 6779 
12425 2 0 6780 6779 6771 
12426 2 0 6778 6781 6771 
12427 2 0 6781 6770 6771 
12428 2 0 6503 6523 6774 
12429 2 0 6629 6774 6523 
12430 2 0 6634 6782 6632 
12431 2 0 6634 6783 6782 
12432 2 0 6777 6782 6783 
12433 2 0 6535 6768 6770 
12434 2 0 6780 6771 6768 
12435 2 0 6535 6769 6768 
12436 2 0 6780 6768 6767 
12437 2 0 6781 6731 6784 
12438 2 0 6686 6578 6784 
12439 2 0 6580 6784 6578 
12440 2 0 6580 6665 6784 
12441 2 0 6781 6784 6770 
12442 2 0 6729 6762 6765 
12443 2 0 6761 6765 6762 
12444 2 0 6549 6785 6502 
12445 2 0 6707 6502 6785 
12446 2 0 6549 6548 6785 
12447 2 0 6707 6785 6548 
12448 2 0 6777 6776 6782 
12449 2 0 6632 6782 6776 
12450 2 0 6561 6786 6787 
12451 2 0 6562 6561 6787 
12452 2 0 6634 6633 6787 
12453 2 0 6562 6787 6633 
12454 2 0 6528 6504 6774 
12455 2 0 6503 6774 6504 
12456 2 0 6507 6506 6775 
12457 2 0 6632 6775 6506 
12458 2 0 6563 6788 6561 
12459 2 0 6669 6561 6788 
12460 2 0 6669 6788 6631 
12461 2 0 6709 6789 6680 
12462 2 0 6681 6680 6789 
12463 2 0 6709 6642 6789 
12464 2 0 6681 6789 6642 
12465 2 0 6632 6790 6775 
12466 2 0 6636 6775 6790 
12467 2 0 6632 6776 6790 
12468 2 0 6636 6790 6776 
12469 2 0 6778 6731 6781 
12470 2 0 6686 6784 6731 
12471 2 0 6778 6559 6731 
12472 2 0 6559 6558 6731 
12473 2 0 6791 6665 6664 
12474 2 0 6580 6581 6665 
12475 2 0 6791 6773 6772 
12476 2 0 6665 6791 6772 
12477 2 0 6535 6770 6772 
12478 2 0 6642 6792 6533 
12479 2 0 6533 6792 6730 
12480 2 0 6744 6793 6750 
12481 2 0 6744 6722 6793 
12482 2 0 6718 6793 6590 
12483 2 0 6750 6730 6792 
12484 2 0 6744 6750 6792 
12485 2 0 6642 6709 6792 
12486 2 0 6699 6700 6745 
12487 2 0 6709 6699 6745 
12488 2 0 6744 6792 6745 
12489 2 0 6709 6745 6792 
12490 2 0 6770 6794 6772 
12491 2 0 6665 6772 6794 
12492 2 0 6770 6784 6794 
12493 2 0 6665 6794 6784 
12494 2 0 6595 6658 6596 
12495 2 0 6653 6596 6658 
12496 2 0 6750 6793 6689 
12497 2 0 6706 6539 6722 
12498 2 0 6700 6706 6722 
12499 2 0 6590 6793 6722 
12500 2 0 6700 6722 6744 
12501 2 0 6718 6746 6793 
12502 2 0 6689 6793 6746 
12503 2 0 6718 6721 6746 
12504 2 0 6721 6720 6746 
12505 2 0 6639 6795 6635 
12506 2 0 6636 6635 6795 
12507 2 0 6639 6649 6795 
12508 2 0 6636 6795 6649 
12509 2 0 6563 6628 6788 
12510 2 0 6631 6788 6628 
12511 2 0 6762 6760 6748 
12512 2 0 6762 6729 6760 
12513 2 0 6643 6760 6729 
12514 2 0 6634 6786 6783 
12515 2 0 6670 6783 6786 
12516 2 0 6634 6787 6786 
12517 2 0 6670 6786 6561 
12518 2 0 6748 6760 6759 
12519 2 0 6643 6663 6760 
12520 2 0 6796 6797 6798 
12521 2 0 6799 6800 6801 
12522 2 0 6802 6803 6804 
12523 2 0 6805 6806 6807 
12524 2 0 6808 5411 6809 
12525 2 0 6810 5433 6811 
12526 2 0 6812 6667 6671 
12527 2 0 6813 6814 6815 
12528 2 0 6816 6817 6818 
12529 2 0 6819 6820 6821 
12530 2 0 6822 5411 5264 
12531 2 0 6815 6809 6822 
12532 2 0 6823 6824 6732 
12533 2 0 6825 6826 6827 
12534 2 0 6828 6829 6830 
12535 2 0 5265 5273 6831 
12536 2 0 6832 6833 6834 
12537 2 0 6835 6836 6837 
12538 2 0 6838 6839 6840 
12539 2 0 5433 5435 6811 
12540 2 0 6841 6842 6843 
12541 2 0 6844 6843 6842 
12542 2 0 6845 6846 6847 
12543 2 0 6848 5354 6849 
12544 2 0 6842 6841 6850 
12545 2 0 6851 6852 6853 
12546 2 0 6854 6845 6855 
12547 2 0 6810 5273 5433 
12548 2 0 6854 5421 5354 
12549 2 0 6803 6856 6857 
12550 2 0 6804 6858 2520 
12551 2 0 6859 6807 6836 
12552 2 0 6860 6676 6861 
12553 2 0 6802 6804 6862 
12554 2 0 6803 6863 6856 
12555 2 0 6676 6574 6861 
12556 2 0 6812 6859 6836 
12557 2 0 6864 6865 6866 
12558 2 0 6803 6858 6804 
12559 2 0 6837 6806 6796 
12560 2 0 6867 6868 6869 
12561 2 0 6870 6871 6872 
12562 2 0 6873 6861 6874 
12563 2 0 6875 6876 6877 
12564 2 0 6863 6803 6878 
12565 2 0 6863 6878 6879 
12566 2 0 6880 6881 6882 
12567 2 0 6883 6884 6885 
12568 2 0 6799 6886 6887 
12569 2 0 6620 6884 6621 
12570 2 0 6841 6843 6809 
12571 2 0 6808 6809 6888 
12572 2 0 6884 6620 6889 
12573 2 0 6890 6891 6889 
12574 2 0 6887 6892 6893 
12575 2 0 6732 6667 6823 
12576 2 0 6656 6824 6890 
12577 2 0 6894 6885 6889 
12578 2 0 6732 6824 6659 
12579 2 0 6891 6895 6896 
12580 2 0 6605 6673 6880 
12581 2 0 6810 6897 6898 
12582 2 0 6899 6900 6901 
12583 2 0 6671 6859 6812 
12584 2 0 6902 6903 6904 
12585 2 0 6905 6806 6805 
12586 2 0 4945 6867 6904 
12587 2 0 6906 6907 6908 
12588 2 0 6843 6888 6809 
12589 2 0 6888 6868 6909 
12590 2 0 6869 6868 6844 
12591 2 0 6844 6842 6910 
12592 2 0 6815 6822 6831 
12593 2 0 6911 6908 6907 
12594 2 0 6912 6814 6913 
12595 2 0 6914 6845 6854 
12596 2 0 6898 6831 5273 
12597 2 0 6852 6915 6853 
12598 2 0 6852 6916 6917 
12599 2 0 6918 6919 6877 
12600 2 0 6920 6853 6915 
12601 2 0 6841 6814 6912 
12602 2 0 6807 6837 6836 
12603 2 0 6840 6921 6922 
12604 2 0 6923 6924 6925 
12605 2 0 6926 6846 6927 
12606 2 0 6837 6807 6806 
12607 2 0 6510 6530 6805 
12608 2 0 6812 6928 6823 
12609 2 0 6806 6905 6929 
12610 2 0 6797 6930 6931 
12611 2 0 6874 6574 6662 
12612 2 0 6929 6830 6931 
12613 2 0 6932 6933 6934 
12614 2 0 6934 6935 6936 
12615 2 0 6874 6861 6574 
12616 2 0 6887 6893 6937 
12617 2 0 6938 6939 6940 
12618 2 0 6941 6881 6942 
12619 2 0 6942 6883 6885 
12620 2 0 6943 6944 6945 
12621 2 0 6818 6946 6816 
12622 2 0 6929 6930 6806 
12623 2 0 6947 6946 6948 
12624 2 0 6949 6950 6951 
12625 2 0 6620 6656 6889 
12626 2 0 6887 6952 6800 
12627 2 0 6835 6953 6954 
12628 2 0 6929 6931 6930 
12629 2 0 6951 6955 6943 
12630 2 0 6671 6508 6859 
12631 2 0 6855 5435 5421 
12632 2 0 6956 6957 6958 
12633 2 0 6959 6960 6961 
12634 2 0 6892 6886 6962 
12635 2 0 6887 6937 6952 
12636 2 0 6812 6823 6667 
12637 2 0 6836 6835 6928 
12638 2 0 6953 6837 6796 
12639 2 0 6837 6953 6835 
12640 2 0 6835 6963 6928 
12641 2 0 6928 6833 6823 
12642 2 0 6817 6923 6925 
12643 2 0 6954 6953 6923 
12644 2 0 6916 6852 6851 
12645 2 0 6845 6847 6811 
12646 2 0 6803 6857 6858 
12647 2 0 6802 6878 6803 
12648 2 0 6826 6825 6921 
12649 2 0 6920 6915 6964 
12650 2 0 6914 6919 6927 
12651 2 0 6832 6891 6890 
12652 2 0 6841 6809 6815 
12653 2 0 6830 6929 6828 
12654 2 0 6862 6860 6965 
12655 2 0 6845 6914 6846 
12656 2 0 6855 6811 5435 
12657 2 0 6838 6964 6839 
12658 2 0 6926 6966 6967 
12659 2 0 6854 6855 5421 
12660 2 0 6811 6855 6845 
12661 2 0 6927 6846 6914 
12662 2 0 6847 6846 6926 
12663 2 0 6877 6919 6968 
12664 2 0 6927 6969 6970 
12665 2 0 6967 6847 6926 
12666 2 0 6811 6847 6897 
12667 2 0 6826 6921 6971 
12668 2 0 6927 6919 6969 
12669 2 0 6968 6914 6854 
12670 2 0 6919 6918 6971 
12671 2 0 6848 6854 5354 
12672 2 0 6968 6919 6914 
12673 2 0 6875 6877 6972 
12674 2 0 6875 6972 6973 
12675 2 0 6974 6975 6876 
12676 2 0 6848 6972 6968 
12677 2 0 6848 6976 6972 
12678 2 0 6797 6796 6930 
12679 2 0 6806 6930 6796 
12680 2 0 6889 6885 6884 
12681 2 0 6883 6977 6884 
12682 2 0 6912 6850 6841 
12683 2 0 6888 6843 6868 
12684 2 0 6850 6900 6842 
12685 2 0 4945 6909 6868 
12686 2 0 6808 6888 6909 
12687 2 0 6866 6978 6979 
12688 2 0 6980 6981 6893 
12689 2 0 6982 6983 6947 
12690 2 0 6916 6851 6984 
12691 2 0 6852 6917 6915 
12692 2 0 6984 6908 6911 
12693 2 0 6911 6850 6912 
12694 2 0 6850 6911 6907 
12695 2 0 6984 6911 6916 
12696 2 0 6967 6915 6917 
12697 2 0 6964 6966 6970 
12698 2 0 6838 6920 6964 
12699 2 0 6839 6969 6921 
12700 2 0 6966 6964 6915 
12701 2 0 6964 6970 6839 
12702 2 0 6971 6969 6919 
12703 2 0 6985 6975 6974 
12704 2 0 6826 6918 6975 
12705 2 0 6969 6971 6921 
12706 2 0 6832 6823 6833 
12707 2 0 6823 6832 6824 
12708 2 0 6954 6816 6983 
12709 2 0 6952 6982 6947 
12710 2 0 6860 6861 6965 
12711 2 0 6802 6862 6986 
12712 2 0 6848 6968 6854 
12713 2 0 6877 6968 6972 
12714 2 0 6987 6894 6988 
12715 2 0 6894 6987 6885 
12716 2 0 6979 6939 6938 
12717 2 0 6977 6621 6884 
12718 2 0 6941 6938 6940 
12719 2 0 6989 6987 6981 
12720 2 0 6883 6942 6881 
12721 2 0 6942 6885 6987 
12722 2 0 6883 6881 6977 
12723 2 0 6987 6989 6942 
12724 2 0 6989 6938 6941 
12725 2 0 6977 6881 6880 
12726 2 0 6621 6977 6673 
12727 2 0 6892 6887 6886 
12728 2 0 6990 6981 6980 
12729 2 0 6988 6981 6987 
12730 2 0 6937 6893 6981 
12731 2 0 6864 6892 6962 
12732 2 0 6893 6892 6980 
12733 2 0 6887 6800 6799 
12734 2 0 6948 6800 6947 
12735 2 0 6800 6952 6947 
12736 2 0 6814 6841 6815 
12737 2 0 6916 6911 6912 
12738 2 0 6967 6966 6915 
12739 2 0 6926 6927 6970 
12740 2 0 6969 6839 6970 
12741 2 0 6926 6970 6966 
12742 2 0 6860 6598 6676 
12743 2 0 6991 6992 6993 
12744 2 0 6978 6994 6995 
12745 2 0 6996 6714 6605 
12746 2 0 6881 6941 6882 
12747 2 0 6880 6996 6605 
12748 2 0 6896 6997 6894 
12749 2 0 6937 6981 6988 
12750 2 0 6815 6898 6813 
12751 2 0 6813 6913 6814 
12752 2 0 6998 6897 6967 
12753 2 0 6916 6913 6917 
12754 2 0 6989 6941 6942 
12755 2 0 6940 6999 6882 
12756 2 0 6891 6896 6894 
12757 2 0 6937 6997 6952 
12758 2 0 6982 6896 6895 
12759 2 0 6895 7000 6834 
12760 2 0 6946 6818 6948 
12761 2 0 6946 6947 6983 
12762 2 0 6923 6816 6954 
12763 2 0 6817 6816 6923 
12764 2 0 6983 6816 6946 
12765 2 0 7001 6991 6993 
12766 2 0 6990 6989 6981 
12767 2 0 6989 6990 6938 
12768 2 0 6940 6939 7002 
12769 2 0 7003 6871 6996 
12770 2 0 6889 6891 6894 
12771 2 0 6965 6986 6862 
12772 2 0 6993 6986 7004 
12773 2 0 7005 6958 6957 
12774 2 0 6974 6991 6985 
12775 2 0 6991 7001 6985 
12776 2 0 6866 6980 6864 
12777 2 0 6990 6980 6866 
12778 2 0 6940 6882 6941 
12779 2 0 6889 6656 6890 
12780 2 0 6824 6656 6659 
12781 2 0 6832 6890 6824 
12782 2 0 6985 6958 7006 
12783 2 0 6958 6985 7001 
12784 2 0 6975 6985 7006 
12785 2 0 7001 7007 6958 
12786 2 0 6975 6918 6876 
12787 2 0 6918 6826 6971 
12788 2 0 7006 7005 6827 
12789 2 0 7008 7009 6865 
12790 2 0 6865 7009 6866 
12791 2 0 7004 6986 6965 
12792 2 0 6965 7010 7004 
12793 2 0 7009 6994 6978 
12794 2 0 7011 7004 7010 
12795 2 0 6961 6950 7007 
12796 2 0 6958 7005 7006 
12797 2 0 7012 7005 6957 
12798 2 0 6825 7012 6922 
12799 2 0 6975 6827 6826 
12800 2 0 7006 6827 6975 
12801 2 0 6825 6827 7005 
12802 2 0 7012 6825 7005 
12803 2 0 6825 6922 6921 
12804 2 0 6979 6938 6990 
12805 2 0 7002 6939 6995 
12806 2 0 7013 7003 6999 
12807 2 0 7014 6932 7015 
12808 2 0 6810 6898 5273 
12809 2 0 6811 6897 6810 
12810 2 0 6870 7016 6715 
12811 2 0 7017 6902 6869 
12812 2 0 6902 6904 6867 
12813 2 0 6868 6867 4945 
12814 2 0 6902 6867 6869 
12815 2 0 6836 6928 6812 
12816 2 0 6963 6835 6954 
12817 2 0 5411 6822 6809 
12818 2 0 6831 5264 5265 
12819 2 0 6998 6967 6917 
12820 2 0 6847 6967 6897 
12821 2 0 6913 6998 6917 
12822 2 0 6998 6813 6898 
12823 2 0 6839 6921 6840 
12824 2 0 6977 6880 6673 
12825 2 0 6880 7003 6996 
12826 2 0 6882 7003 6880 
12827 2 0 6995 7018 7002 
12828 2 0 6715 7016 6661 
12829 2 0 7003 6882 6999 
12830 2 0 6870 6872 7019 
12831 2 0 7020 6870 6715 
12832 2 0 7021 6874 7022 
12833 2 0 7019 7016 6870 
12834 2 0 6715 6714 7020 
12835 2 0 7020 6714 6996 
12836 2 0 7019 7023 7016 
12837 2 0 6998 6898 6897 
12838 2 0 6913 6916 6912 
12839 2 0 6998 6913 6813 
12840 2 0 6818 6801 6948 
12841 2 0 6948 6801 6800 
12842 2 0 6834 6982 6895 
12843 2 0 6963 6833 6928 
12844 2 0 6954 6983 6963 
12845 2 0 6963 6983 6834 
12846 2 0 6918 6877 6876 
12847 2 0 6974 6876 6875 
12848 2 0 6892 6864 6980 
12849 2 0 6865 6864 6962 
12850 2 0 6994 7008 7024 
12851 2 0 6995 6939 6979 
12852 2 0 6866 7009 6978 
12853 2 0 7008 6994 7009 
12854 2 0 6995 6994 7018 
12855 2 0 7025 7026 7011 
12856 2 0 6961 7027 6959 
12857 2 0 6861 6873 7010 
12858 2 0 7028 6959 7026 
12859 2 0 7027 7026 6959 
12860 2 0 7026 7025 7028 
12861 2 0 6873 7029 7010 
12862 2 0 7030 6872 7031 
12863 2 0 7028 7025 7030 
12864 2 0 7019 7030 7023 
12865 2 0 7010 6965 6861 
12866 2 0 6949 6956 7007 
12867 2 0 7021 6873 6874 
12868 2 0 7022 6874 6662 
12869 2 0 7030 7021 7023 
12870 2 0 7030 7025 7021 
12871 2 0 6960 6950 6961 
12872 2 0 5264 6831 6822 
12873 2 0 6815 6831 6898 
12874 2 0 6940 7002 6999 
12875 2 0 7002 7032 7033 
12876 2 0 7033 7013 6999 
12877 2 0 7018 7032 7002 
12878 2 0 6963 6834 6833 
12879 2 0 6982 6834 6983 
12880 2 0 7034 6994 7024 
12881 2 0 7034 7035 7018 
12882 2 0 7032 7018 7035 
12883 2 0 7033 7032 7036 
12884 2 0 6994 7034 7018 
12885 2 0 7032 7035 7036 
12886 2 0 6999 7002 7033 
12887 2 0 7031 7037 7030 
12888 2 0 7038 7036 7035 
12889 2 0 6662 6661 7022 
12890 2 0 7023 7021 7022 
12891 2 0 7016 7022 6661 
12892 2 0 7019 6872 7030 
12893 2 0 7033 6872 7013 
12894 2 0 7024 7039 7034 
12895 2 0 7038 7035 7034 
12896 2 0 6945 7040 7039 
12897 2 0 6844 6910 7017 
12898 2 0 6869 6844 7017 
12899 2 0 6844 6868 6843 
12900 2 0 6866 6979 6990 
12901 2 0 6995 6979 6978 
12902 2 0 7022 7016 7023 
12903 2 0 6910 6899 7017 
12904 2 0 7041 6899 6901 
12905 2 0 7042 6821 6820 
12906 2 0 7043 7042 6820 
12907 2 0 6899 7044 7017 
12908 2 0 6902 7017 7045 
12909 2 0 6505 6507 7046 
12910 2 0 7047 6905 7046 
12911 2 0 6505 7046 6905 
12912 2 0 6933 7046 6507 
12913 2 0 6932 7048 6933 
12914 2 0 7014 7049 6932 
12915 2 0 7014 6829 7049 
12916 2 0 7050 7051 7052 
12917 2 0 7053 7052 7051 
12918 2 0 7045 7017 7044 
12919 2 0 7053 7054 7044 
12920 2 0 6899 7041 7044 
12921 2 0 7053 7044 7041 
12922 2 0 7045 7044 7054 
12923 2 0 7055 7045 7054 
12924 2 0 7053 7051 7054 
12925 2 0 7055 7056 6820 
12926 2 0 7043 6820 7056 
12927 2 0 7043 7056 7057 
12928 2 0 7058 7059 6903 
12929 2 0 7060 7061 6903 
12930 2 0 7061 6904 6903 
12931 2 0 6832 6834 7000 
12932 2 0 6895 6891 7000 
12933 2 0 6832 7000 6891 
12934 2 0 7050 7057 7056 
12935 2 0 6902 7058 6903 
12936 2 0 7050 7056 7051 
12937 2 0 6829 6828 7049 
12938 2 0 7047 7049 6828 
12939 2 0 6902 7045 7058 
12940 2 0 7055 7058 7045 
12941 2 0 6982 6997 6896 
12942 2 0 6988 6894 6997 
12943 2 0 6982 6952 6997 
12944 2 0 6988 6997 6937 
12945 2 0 7007 6956 6958 
12946 2 0 6950 6949 7007 
12947 2 0 7036 7038 7062 
12948 2 0 6959 7028 7062 
12949 2 0 7055 7059 7058 
12950 2 0 7060 6903 7059 
12951 2 0 7055 6820 7059 
12952 2 0 7027 6961 7001 
12953 2 0 7007 7001 6961 
12954 2 0 6973 6878 7063 
12955 2 0 6973 7063 6875 
12956 2 0 6944 7064 7040 
12957 2 0 6945 6944 7040 
12958 2 0 7038 7034 7040 
12959 2 0 7034 7039 7040 
12960 2 0 6993 7004 7065 
12961 2 0 7027 7001 7065 
12962 2 0 6993 7065 7001 
12963 2 0 7027 7065 7026 
12964 2 0 6850 6907 6900 
12965 2 0 6899 6910 6900 
12966 2 0 6910 6842 6900 
12967 2 0 6973 6976 6878 
12968 2 0 6879 6878 6976 
12969 2 0 6879 6976 6849 
12970 2 0 6878 6802 7063 
12971 2 0 6986 7063 6802 
12972 2 0 7062 7064 6959 
12973 2 0 7004 7011 7065 
12974 2 0 7026 7065 7011 
12975 2 0 6907 6906 6900 
12976 2 0 6906 6901 6900 
12977 2 0 7021 7029 6873 
12978 2 0 7011 7010 7029 
12979 2 0 7021 7025 7029 
12980 2 0 7011 7029 7025 
12981 2 0 7036 7031 7033 
12982 2 0 6872 7033 7031 
12983 2 0 7028 7037 7062 
12984 2 0 7036 7062 7037 
12985 2 0 7028 7030 7037 
12986 2 0 7036 7037 7031 
12987 2 0 7020 6996 6871 
12988 2 0 6870 7020 6871 
12989 2 0 7003 7013 6871 
12990 2 0 7013 6872 6871 
12991 2 0 6905 7066 6505 
12992 2 0 6530 6505 7066 
12993 2 0 6905 6805 7066 
12994 2 0 6530 7066 6805 
12995 2 0 7055 7054 7056 
12996 2 0 7051 7056 7054 
12997 2 0 6860 7067 6598 
12998 2 0 6860 6862 7067 
12999 2 0 6804 7067 6862 
13000 2 0 6875 6992 6974 
13001 2 0 6875 7063 6992 
13002 2 0 6986 6992 7063 
13003 2 0 6807 7068 6805 
13004 2 0 6510 6805 7068 
13005 2 0 6510 7068 6508 
13006 2 0 6960 7064 6944 
13007 2 0 7038 7040 7064 
13008 2 0 6960 6959 7064 
13009 2 0 7038 7064 7062 
13010 2 0 6960 6955 6950 
13011 2 0 6951 6950 6955 
13012 2 0 6960 6944 6955 
13013 2 0 6944 6943 6955 
13014 2 0 7015 7069 6936 
13015 2 0 6934 6936 7069 
13016 2 0 7015 6932 7069 
13017 2 0 6934 7069 6932 
13018 2 0 6986 6993 6992 
13019 2 0 6974 6992 6991 
13020 2 0 7047 7048 7049 
13021 2 0 6932 7049 7048 
13022 2 0 7047 7046 7048 
13023 2 0 7046 6933 7048 
13024 2 0 6798 6924 6796 
13025 2 0 6953 6796 6924 
13026 2 0 6798 6925 6924 
13027 2 0 6953 6924 6923 
13028 2 0 6807 6859 7068 
13029 2 0 6508 7068 6859 
13030 2 0 6820 7070 7059 
13031 2 0 7060 7059 7070 
13032 2 0 6820 6819 7070 
13033 2 0 7060 7070 6819 
13034 2 0 6849 6976 6848 
13035 2 0 6973 6972 6976 
13036 2 0 6905 7071 6929 
13037 2 0 6828 6929 7071 
13038 2 0 6905 7047 7071 
13039 2 0 6828 7071 7047 
13040 2 0 6598 7067 2520 
13041 2 0 6804 2520 7067 
13042 2 0 4301 7072 7073 
13043 2 0 7074 7072 7075 
13044 2 0 7072 7074 7073 
13045 2 0 7075 7076 7074 
13046 2 0 7076 7075 7077 
13047 2 0 7076 7077 7078 
13048 2 0 7079 7080 7081 
13049 2 0 7081 7078 7079 
13050 2 0 7080 7082 7081 
13051 2 0 7079 7078 7077 
13052 2 0 7080 7083 7082 
13053 2 0 7084 7082 7083 
13054 2 0 7084 7083 7085 
13055 2 0 7086 7085 4199 
13056 2 0 7085 7086 7084 
13057 2 0 4109 7087 7088 
13058 2 0 7088 7089 7090 
13059 2 0 7089 7088 7087 
13060 2 0 7090 7089 7091 
13061 2 0 7091 7092 7093 
13062 2 0 7094 7093 7092 
13063 2 0 7094 7092 7095 
13064 2 0 7091 7093 7090 
13065 2 0 7096 7097 7098 
13066 2 0 7097 7096 7095 
13067 2 0 7098 7097 7099 
13068 2 0 7100 7101 4152 
13069 2 0 7101 7100 7099 
13070 2 0 7099 7100 7098 
13071 2 0 7095 7096 7094 
13072 2 0 7102 7103 7104 
13073 2 0 3967 7105 7106 
13074 2 0 7107 7094 7096 
13075 2 0 7108 7109 7110 
13076 2 0 7111 7112 7113 
13077 2 0 7114 3990 7115 
13078 2 0 7116 7117 7118 
13079 2 0 7119 7107 7120 
13080 2 0 7121 7102 7122 
13081 2 0 7121 7122 7120 
13082 2 0 7121 7123 7102 
13083 2 0 7121 7124 7123 
13084 2 0 7125 7126 7127 
13085 2 0 4109 7128 7129 
13086 2 0 7130 7131 7132 
13087 2 0 7133 7134 7135 
13088 2 0 7133 7135 7136 
13089 2 0 7137 7138 7136 
13090 2 0 7139 7140 7141 
13091 2 0 7139 7110 7142 
13092 2 0 7143 7144 7130 
13093 2 0 4103 7145 7146 
13094 2 0 7147 7148 7149 
13095 2 0 7150 7115 7151 
13096 2 0 7116 7152 7151 
13097 2 0 7153 7154 7141 
13098 2 0 7155 7154 7156 
13099 2 0 7154 7153 7156 
13100 2 0 7124 7157 7123 
13101 2 0 7096 7158 7107 
13102 2 0 7137 7107 7158 
13103 2 0 7137 7158 7159 
13104 2 0 7160 7125 7127 
13105 2 0 7161 7125 7112 
13106 2 0 7139 7142 7162 
13107 2 0 7139 7162 7163 
13108 2 0 7096 7098 7158 
13109 2 0 4092 7143 4103 
13110 2 0 7155 7110 7154 
13111 2 0 7164 7165 7166 
13112 2 0 7159 7138 7137 
13113 2 0 7133 7136 7138 
13114 2 0 7159 7167 7138 
13115 2 0 7133 7138 7156 
13116 2 0 7168 7169 7132 
13117 2 0 7168 7170 7169 
13118 2 0 7171 7172 7173 
13119 2 0 7135 7134 7173 
13120 2 0 7171 7173 7134 
13121 2 0 7100 4152 7174 
13122 2 0 7175 7176 7177 
13123 2 0 7178 7104 7103 
13124 2 0 7179 7178 7103 
13125 2 0 7102 7123 7103 
13126 2 0 7123 7180 7103 
13127 2 0 7181 7182 7183 
13128 2 0 7131 7184 7132 
13129 2 0 7184 7185 7132 
13130 2 0 7168 7132 7185 
13131 2 0 7119 7120 7186 
13132 2 0 7187 7188 7189 
13133 2 0 7190 7191 7104 
13134 2 0 7102 7104 7191 
13135 2 0 7192 7193 7194 
13136 2 0 7107 7195 7120 
13137 2 0 7121 7120 7195 
13138 2 0 7107 7137 7195 
13139 2 0 7181 7196 7157 
13140 2 0 7181 7157 7182 
13141 2 0 4092 7197 7143 
13142 2 0 7150 7198 7197 
13143 2 0 4092 7199 7197 
13144 2 0 7199 7200 7197 
13145 2 0 7166 7201 7202 
13146 2 0 7203 7204 7205 
13147 2 0 7090 7206 7207 
13148 2 0 7090 7093 7206 
13149 2 0 7093 7208 7206 
13150 2 0 7113 7209 7210 
13151 2 0 7150 7151 7198 
13152 2 0 7130 7211 7162 
13153 2 0 7163 7162 7211 
13154 2 0 7130 7132 7211 
13155 2 0 4109 7212 7128 
13156 2 0 7213 7214 7215 
13157 2 0 4109 7088 7212 
13158 2 0 7088 7216 7212 
13159 2 0 7217 7218 7219 
13160 2 0 7203 7220 7186 
13161 2 0 7163 7221 7139 
13162 2 0 7140 7139 7221 
13163 2 0 7163 7222 7221 
13164 2 0 7198 7223 7131 
13165 2 0 7155 7174 7110 
13166 2 0 7108 7110 7174 
13167 2 0 7108 7174 4152 
13168 2 0 7224 7213 7219 
13169 2 0 7204 7225 7192 
13170 2 0 7226 7205 7204 
13171 2 0 7186 7225 7203 
13172 2 0 7124 7121 7137 
13173 2 0 7149 7227 7147 
13174 2 0 7155 7167 7174 
13175 2 0 7158 7098 7159 
13176 2 0 7155 7156 7167 
13177 2 0 7156 7138 7167 
13178 2 0 7110 7109 7142 
13179 2 0 7146 7142 7109 
13180 2 0 7215 7216 7207 
13181 2 0 7090 7207 7216 
13182 2 0 7215 7212 7216 
13183 2 0 7090 7216 7088 
13184 2 0 7120 7122 7228 
13185 2 0 7120 7228 7186 
13186 2 0 7207 7220 7229 
13187 2 0 7215 7207 7229 
13188 2 0 7205 7230 7229 
13189 2 0 7215 7229 7213 
13190 2 0 7119 7208 7107 
13191 2 0 7094 7107 7208 
13192 2 0 7119 7206 7208 
13193 2 0 7094 7208 7093 
13194 2 0 7132 7169 7211 
13195 2 0 7163 7211 7169 
13196 2 0 7121 7195 7137 
13197 2 0 7167 7159 7100 
13198 2 0 7114 7200 7199 
13199 2 0 7150 7197 7200 
13200 2 0 7114 7115 7200 
13201 2 0 7150 7200 7115 
13202 2 0 7136 7124 7137 
13203 2 0 7189 7231 7187 
13204 2 0 7115 7117 7151 
13205 2 0 7116 7151 7117 
13206 2 0 7232 7218 7233 
13207 2 0 7187 7234 7235 
13208 2 0 7133 7236 7134 
13209 2 0 7133 7156 7236 
13210 2 0 7236 7156 7153 
13211 2 0 7165 7237 7238 
13212 2 0 7176 7237 7221 
13213 2 0 7226 7239 7230 
13214 2 0 7205 7226 7230 
13215 2 0 7134 7236 7202 
13216 2 0 7153 7202 7236 
13217 2 0 7177 7222 7170 
13218 2 0 7235 7240 7147 
13219 2 0 7102 7241 7122 
13220 2 0 7102 7191 7241 
13221 2 0 7202 7153 7164 
13222 2 0 7140 7165 7164 
13223 2 0 7122 7241 7228 
13224 2 0 7115 7126 7117 
13225 2 0 7117 7126 7118 
13226 2 0 7157 7242 7182 
13227 2 0 7135 7182 7242 
13228 2 0 7135 7242 7136 
13229 2 0 7243 7244 7148 
13230 2 0 7160 7210 7209 
13231 2 0 7125 7160 7209 
13232 2 0 7113 7112 7209 
13233 2 0 7125 7209 7112 
13234 2 0 7235 7188 7187 
13235 2 0 7235 7147 7188 
13236 2 0 7115 3990 7126 
13237 2 0 3990 7127 7126 
13238 2 0 7106 7105 7188 
13239 2 0 7105 7189 7188 
13240 2 0 7202 7164 7166 
13241 2 0 7238 7166 7165 
13242 2 0 7106 7188 7227 
13243 2 0 7147 7227 7188 
13244 2 0 7136 7242 7124 
13245 2 0 7157 7124 7242 
13246 2 0 7245 7235 7234 
13247 2 0 7246 7247 7234 
13248 2 0 7187 7231 7234 
13249 2 0 7246 7234 7231 
13250 2 0 7157 7180 7123 
13251 2 0 7179 7103 7180 
13252 2 0 7157 7196 7180 
13253 2 0 7179 7180 7196 
13254 2 0 7219 7248 7224 
13255 2 0 7249 7224 7248 
13256 2 0 7219 7250 7248 
13257 2 0 7249 7248 7148 
13258 2 0 7202 7251 7134 
13259 2 0 7171 7134 7251 
13260 2 0 7202 7201 7251 
13261 2 0 7171 7251 7201 
13262 2 0 7249 7252 7224 
13263 2 0 7128 7214 7252 
13264 2 0 7249 7240 7252 
13265 2 0 7245 7247 7252 
13266 2 0 7119 7186 7220 
13267 2 0 7206 7119 7220 
13268 2 0 7206 7220 7207 
13269 2 0 7143 7145 4103 
13270 2 0 7142 7146 7145 
13271 2 0 7143 7130 7145 
13272 2 0 7153 7141 7164 
13273 2 0 7140 7164 7141 
13274 2 0 7128 7247 7129 
13275 2 0 7246 7129 7247 
13276 2 0 7128 7252 7247 
13277 2 0 7245 7234 7247 
13278 2 0 7130 7162 7145 
13279 2 0 7142 7145 7162 
13280 2 0 7131 7144 7198 
13281 2 0 7197 7198 7144 
13282 2 0 7131 7130 7144 
13283 2 0 7197 7144 7143 
13284 2 0 7219 7218 7250 
13285 2 0 7243 7148 7250 
13286 2 0 7148 7248 7250 
13287 2 0 7253 7226 7254 
13288 2 0 7192 7194 7254 
13289 2 0 7253 7254 7194 
13290 2 0 7212 7215 7214 
13291 2 0 7128 7212 7214 
13292 2 0 7213 7224 7214 
13293 2 0 7224 7252 7214 
13294 2 0 7125 7255 7126 
13295 2 0 7118 7126 7255 
13296 2 0 7125 7161 7255 
13297 2 0 7118 7255 7161 
13298 2 0 7244 7149 7148 
13299 2 0 7217 7230 7239 
13300 2 0 7218 7217 7239 
13301 2 0 7218 7239 7233 
13302 2 0 7217 7256 7230 
13303 2 0 7217 7219 7256 
13304 2 0 7213 7256 7219 
13305 2 0 7185 7184 7257 
13306 2 0 7226 7253 7239 
13307 2 0 7233 7239 7253 
13308 2 0 7151 7258 7198 
13309 2 0 7259 7198 7258 
13310 2 0 7151 7152 7258 
13311 2 0 7259 7258 7152 
13312 2 0 7176 7221 7222 
13313 2 0 7177 7176 7222 
13314 2 0 7163 7169 7222 
13315 2 0 7169 7170 7222 
13316 2 0 7140 7221 7237 
13317 2 0 7165 7140 7237 
13318 2 0 7176 7175 7237 
13319 2 0 7175 7238 7237 
13320 2 0 7203 7205 7220 
13321 2 0 7205 7229 7220 
13322 2 0 7192 7254 7204 
13323 2 0 7226 7204 7254 
13324 2 0 7213 7229 7256 
13325 2 0 7230 7256 7229 
13326 2 0 7174 7167 7100 
13327 2 0 7098 7100 7159 
13328 2 0 7135 7173 7182 
13329 2 0 7218 7260 7250 
13330 2 0 7243 7250 7260 
13331 2 0 7218 7232 7260 
13332 2 0 7243 7260 7232 
13333 2 0 7245 7252 7240 
13334 2 0 7235 7245 7240 
13335 2 0 7249 7148 7240 
13336 2 0 7148 7147 7240 
13337 2 0 7190 7194 7193 
13338 2 0 7191 7190 7193 
13339 2 0 7192 7241 7193 
13340 2 0 7191 7193 7241 
13341 2 0 7182 7173 7183 
13342 2 0 7172 7183 7173 
13343 2 0 7154 7261 7141 
13344 2 0 7139 7141 7261 
13345 2 0 7154 7110 7261 
13346 2 0 7139 7261 7110 
13347 2 0 7184 7223 7257 
13348 2 0 7259 7257 7223 
13349 2 0 7184 7131 7223 
13350 2 0 7259 7223 7198 
13351 2 0 7228 7225 7186 
13352 2 0 7204 7203 7225 
13353 2 0 7228 7241 7225 
13354 2 0 7241 7192 7225 
13355 2 0 7106 7262 3967 
13356 2 0 7178 7263 7104 
13357 2 0 7075 7264 7077 
13358 2 0 7168 7265 7170 
13359 2 0 7079 7266 7080 
13360 2 0 7111 7267 7112 
13361 2 0 7268 7269 7270 
13362 2 0 7271 7272 7273 
13363 2 0 7274 7275 7276 
13364 2 0 7277 7278 7279 
13365 2 0 7280 7270 7281 
13366 2 0 7269 7281 7270 
13367 2 0 7282 7283 7284 
13368 2 0 7285 7286 4204 
13369 2 0 7282 7284 7287 
13370 2 0 7282 7287 7288 
13371 2 0 7289 7290 7265 
13372 2 0 7276 7291 7274 
13373 2 0 7264 7292 7293 
13374 2 0 7264 7291 7292 
13375 2 0 7294 7295 7296 
13376 2 0 7297 7281 7288 
13377 2 0 7269 7298 7281 
13378 2 0 7277 7299 7300 
13379 2 0 7268 7270 7300 
13380 2 0 7294 7300 7270 
13381 2 0 7294 7296 7301 
13382 2 0 7301 7302 7278 
13383 2 0 7116 7303 7152 
13384 2 0 7266 7298 7269 
13385 2 0 7289 7265 7304 
13386 2 0 7304 7272 7289 
13387 2 0 7288 7287 7305 
13388 2 0 7185 7257 7306 
13389 2 0 7275 7307 7276 
13390 2 0 7238 7308 7166 
13391 2 0 7279 7278 7309 
13392 2 0 7310 7309 7278 
13393 2 0 7185 7311 7168 
13394 2 0 7265 7168 7311 
13395 2 0 7185 7306 7311 
13396 2 0 7284 7263 7287 
13397 2 0 7179 7312 7263 
13398 2 0 7284 7104 7263 
13399 2 0 7179 7263 7178 
13400 2 0 7313 7314 7292 
13401 2 0 7293 7292 7315 
13402 2 0 7314 7283 7315 
13403 2 0 7294 7301 7300 
13404 2 0 7277 7300 7301 
13405 2 0 7277 7301 7278 
13406 2 0 7171 7201 7316 
13407 2 0 7296 7295 7316 
13408 2 0 7171 7316 7295 
13409 2 0 7274 7317 7275 
13410 2 0 7265 7318 7170 
13411 2 0 7177 7170 7318 
13412 2 0 7265 7290 7318 
13413 2 0 7177 7318 7290 
13414 2 0 4171 7319 4304 
13415 2 0 7284 7320 7104 
13416 2 0 7190 7104 7320 
13417 2 0 7190 7320 7321 
13418 2 0 7190 7321 7194 
13419 2 0 7181 7305 7196 
13420 2 0 7238 7175 7322 
13421 2 0 7291 7313 7292 
13422 2 0 7315 7292 7314 
13423 2 0 7291 7276 7313 
13424 2 0 7323 7321 7313 
13425 2 0 7324 7268 7085 
13426 2 0 7085 7299 4199 
13427 2 0 7172 7325 7183 
13428 2 0 7326 7327 7328 
13429 2 0 7072 7326 7328 
13430 2 0 7264 7075 7328 
13431 2 0 7072 7328 7075 
13432 2 0 7080 7324 7083 
13433 2 0 7080 7266 7324 
13434 2 0 7269 7324 7266 
13435 2 0 7329 7330 7331 
13436 2 0 7332 7333 7267 
13437 2 0 7334 7317 7335 
13438 2 0 7275 7317 7334 
13439 2 0 7336 7335 7317 
13440 2 0 7269 7268 7324 
13441 2 0 7152 7337 7259 
13442 2 0 7265 7311 7304 
13443 2 0 7274 7338 7317 
13444 2 0 7339 7317 7338 
13445 2 0 7274 7327 7338 
13446 2 0 7339 7338 7326 
13447 2 0 7340 7341 7279 
13448 2 0 7273 7340 7271 
13449 2 0 7279 7342 7271 
13450 2 0 7289 7271 7342 
13451 2 0 7279 7309 7342 
13452 2 0 7309 7343 7342 
13453 2 0 7341 4199 7344 
13454 2 0 7277 7279 7344 
13455 2 0 7297 7345 7280 
13456 2 0 7305 7345 7288 
13457 2 0 7280 7281 7297 
13458 2 0 7346 7347 7348 
13459 2 0 7347 7349 7348 
13460 2 0 7322 7350 7310 
13461 2 0 7289 7343 7290 
13462 2 0 7280 7351 7270 
13463 2 0 7294 7270 7351 
13464 2 0 7294 7351 7295 
13465 2 0 7337 7152 7303 
13466 2 0 7233 7253 7352 
13467 2 0 7077 7353 7079 
13468 2 0 7077 7264 7353 
13469 2 0 7293 7353 7264 
13470 2 0 7326 7338 7327 
13471 2 0 7264 7328 7327 
13472 2 0 7274 7291 7327 
13473 2 0 7264 7327 7291 
13474 2 0 7083 7324 7085 
13475 2 0 7325 7354 7280 
13476 2 0 7336 7317 7339 
13477 2 0 7344 7279 7341 
13478 2 0 7271 7340 7279 
13479 2 0 7293 7355 7353 
13480 2 0 7079 7353 7266 
13481 2 0 7310 7343 7309 
13482 2 0 7289 7342 7343 
13483 2 0 7308 7356 7166 
13484 2 0 7319 7272 7304 
13485 2 0 7271 7289 7272 
13486 2 0 7319 4171 7272 
13487 2 0 4171 7273 7272 
13488 2 0 7319 7357 7306 
13489 2 0 7311 7306 7357 
13490 2 0 7319 7304 7357 
13491 2 0 7311 7357 7304 
13492 2 0 7358 7359 7335 
13493 2 0 7267 7360 7112 
13494 2 0 7267 7333 7360 
13495 2 0 7297 7288 7345 
13496 2 0 7325 7280 7345 
13497 2 0 7305 7181 7345 
13498 2 0 7303 7361 7362 
13499 2 0 7363 7364 7348 
13500 2 0 7112 7365 7161 
13501 2 0 7112 7360 7365 
13502 2 0 7360 7286 7365 
13503 2 0 7310 7278 7302 
13504 2 0 7302 7366 7310 
13505 2 0 7301 7296 7302 
13506 2 0 7352 7323 7276 
13507 2 0 7352 7253 7323 
13508 2 0 7331 7367 7368 
13509 2 0 7335 7336 7358 
13510 2 0 7296 7308 7366 
13511 2 0 7322 7310 7366 
13512 2 0 7296 7366 7302 
13513 2 0 7284 7369 7320 
13514 2 0 7321 7320 7369 
13515 2 0 7284 7283 7369 
13516 2 0 7314 7313 7321 
13517 2 0 7276 7323 7313 
13518 2 0 7337 7370 7259 
13519 2 0 7337 7363 7370 
13520 2 0 7253 7194 7323 
13521 2 0 7321 7323 7194 
13522 2 0 7181 7371 7345 
13523 2 0 7325 7345 7371 
13524 2 0 7181 7183 7371 
13525 2 0 7325 7371 7183 
13526 2 0 7372 4204 7286 
13527 2 0 7333 7372 7286 
13528 2 0 7285 7365 7286 
13529 2 0 7333 7286 7360 
13530 2 0 7275 7373 7232 
13531 2 0 7243 7232 7373 
13532 2 0 7275 7334 7373 
13533 2 0 7243 7373 7334 
13534 2 0 7259 7374 7257 
13535 2 0 7306 7257 7374 
13536 2 0 7259 7370 7374 
13537 2 0 7306 7374 7370 
13538 2 0 7285 7361 7118 
13539 2 0 7116 7118 7361 
13540 2 0 7285 7362 7361 
13541 2 0 7116 7361 7303 
13542 2 0 7262 7106 7375 
13543 2 0 7262 7375 7376 
13544 2 0 7177 7377 7175 
13545 2 0 7322 7175 7377 
13546 2 0 7177 7290 7377 
13547 2 0 7335 7359 7334 
13548 2 0 7243 7334 7359 
13549 2 0 7243 7359 7244 
13550 2 0 7339 7368 7336 
13551 2 0 7266 7355 7298 
13552 2 0 7298 7378 7282 
13553 2 0 7363 7379 7370 
13554 2 0 7306 7370 7379 
13555 2 0 7363 7349 7379 
13556 2 0 7306 7379 7319 
13557 2 0 7283 7314 7369 
13558 2 0 7321 7369 7314 
13559 2 0 7171 7380 7172 
13560 2 0 7325 7172 7380 
13561 2 0 7171 7295 7380 
13562 2 0 7282 7378 7283 
13563 2 0 7315 7283 7378 
13564 2 0 7362 7348 7364 
13565 2 0 7303 7362 7364 
13566 2 0 7363 7337 7364 
13567 2 0 7303 7364 7337 
13568 2 0 7368 7381 7382 
13569 2 0 7331 7368 7382 
13570 2 0 7383 7329 7382 
13571 2 0 7331 7382 7329 
13572 2 0 7376 7384 7330 
13573 2 0 7331 7330 7384 
13574 2 0 7385 7367 7384 
13575 2 0 7106 7386 7375 
13576 2 0 7385 7375 7386 
13577 2 0 7106 7227 7386 
13578 2 0 7385 7386 7227 
13579 2 0 7348 7362 7346 
13580 2 0 7378 7298 7355 
13581 2 0 7315 7378 7355 
13582 2 0 7266 7353 7355 
13583 2 0 7315 7355 7293 
13584 2 0 7161 7365 7118 
13585 2 0 7285 7118 7365 
13586 2 0 7308 7238 7366 
13587 2 0 7322 7366 7238 
13588 2 0 7358 7149 7359 
13589 2 0 7244 7359 7149 
13590 2 0 7339 7381 7368 
13591 2 0 7383 7382 7381 
13592 2 0 7383 7381 4301 
13593 2 0 7352 7276 7307 
13594 2 0 7233 7352 7307 
13595 2 0 7275 7232 7307 
13596 2 0 7233 7307 7232 
13597 2 0 7268 7299 7085 
13598 2 0 7344 4199 7299 
13599 2 0 7268 7300 7299 
13600 2 0 7344 7299 7277 
13601 2 0 7326 7387 7339 
13602 2 0 7326 7072 7387 
13603 2 0 4301 7387 7072 
13604 2 0 7290 7350 7377 
13605 2 0 7322 7377 7350 
13606 2 0 7290 7343 7350 
13607 2 0 7343 7310 7350 
13608 2 0 7319 7349 4304 
13609 2 0 7347 4304 7349 
13610 2 0 7319 7379 7349 
13611 2 0 7363 7348 7349 
13612 2 0 7296 7356 7308 
13613 2 0 7201 7166 7356 
13614 2 0 7296 7316 7356 
13615 2 0 7201 7356 7316 
13616 2 0 7295 7354 7380 
13617 2 0 7325 7380 7354 
13618 2 0 7295 7351 7354 
13619 2 0 7351 7280 7354 
13620 2 0 7358 7388 7149 
13621 2 0 7227 7149 7388 
13622 2 0 7358 7385 7388 
13623 2 0 7227 7388 7385 
13624 2 0 7285 4204 7362 
13625 2 0 7346 7362 4204 
13626 2 0 7288 7389 7282 
13627 2 0 7298 7282 7389 
13628 2 0 7288 7281 7389 
13629 2 0 7298 7389 7281 
13630 2 0 7358 7367 7385 
13631 2 0 7331 7384 7367 
13632 2 0 7358 7336 7367 
13633 2 0 7336 7368 7367 
13634 2 0 7385 7384 7375 
13635 2 0 7376 7375 7384 
13636 2 0 7339 7387 7381 
13637 2 0 4301 7381 7387 
13638 2 0 7305 7312 7196 
13639 2 0 7179 7196 7312 
13640 2 0 7305 7287 7312 
13641 2 0 7287 7263 7312 
13642 2 0 7113 7210 7390 
13643 2 0 7391 7390 4741 
13644 2 0 7111 7113 7391 
13645 2 0 7391 7113 7390 
13646 2 0 4741 7392 7391 
13647 2 0 4741 4720 7392 
13648 2 0 7393 7394 4634 
13649 2 0 7394 7393 4720 
13650 2 0 4720 7393 7392 
13651 2 0 7111 7391 7267 
13652 2 0 7391 7392 4915 
13653 2 0 7395 7391 4915 
13654 2 0 7395 7267 7391 
13655 2 0 7392 4886 4915 
13656 2 0 4886 7392 7393 
13657 2 0 7393 4634 7396 
13658 2 0 7393 7396 4886 
13659 2 0 7395 7332 7267 
$EndElements
