7396 13659
0.1325063001188072 -0.1916053704772338 -1.673498850247673
0.1608208894279042 -0.1958966374395852 -1.551685240822625
0.004438399637808415 -0.1755933645920547 -1.579169584080935
-0.02438115491973569 -0.1626893876081375 -1.643968090232239
0.03784700104132745 -0.1744346637552477 -1.687750703645228
0.4615780460173058 -0.2211522383453772 -1.865560648236459
0.4155580756758893 -0.2162756240209221 -1.752744617104844
0.2951258177496689 -0.2077114220905715 -1.866703515344895
0.6305177135752157 -0.2202589332649456 -1.65461433126
0.8851504101483335 -0.2095531829062999 -1.41603454610706
0.5424892609815168 -0.2115862624487046 -1.472949992750803
0.4110509920799105 -0.2129951169706509 -1.626771765002285
0.2623849885036366 -0.205154570657138 -1.742433934975425
0.3217746509440724 -0.2057418519844073 -1.502716531602269
0.1335808721691211 -0.1873305610418433 -1.781543233323262
0.680478819198583 -0.2293975616636898 -1.864717022312879
0.8387110902657416 -0.2231103090434765 -1.688017921505612
0.9479573280496693 -0.2311478169430841 -1.864268222778541
1.078891647446383 -0.2178860719174057 -1.638024367815488
3.372480871774446 -0.07519049225197799 -1.368903941778018
3.508695178798566 -0.06900916261908642 -1.492768955236571
3.533849821565403 -0.05716012143079138 -1.236456892259673
2.407455446295742 -0.1570943628218229 -1.644819067270145
2.648807505782389 -0.1517786930350797 -1.867741704791448
2.6583150303427 -0.1411361660019175 -1.662104253517481
2.804130429654646 -0.1349762890559655 -1.751357691244711
2.945663877395783 -0.120728550431968 -1.669065510028422
2.817777331325695 -0.1265902642664996 -1.592468626355771
2.957466075718945 -0.128822487226286 -1.868970030405042
3.184737864396018 -0.1107604237732506 -1.869955500077054
3.099662854560383 -0.1133318787117761 -1.769648928010179
0.05811251134495606 -0.1859490805543726 -1.493506515020758
0.2104218274279724 -0.198283084921347 -1.432763903783265
0.1382456227187672 -0.1923333073315466 -1.345358963641712
3.253121186235506 -0.1010080227507256 -1.769648928010179
3.380520525082852 -0.09061743556843253 -1.774453985806051
3.334934178941038 -0.08949943566304673 -1.650810335374206
3.471545773157841 -0.08650831144969351 -1.871301096853513
3.290398205405666 -0.1020216913457588 -1.870437531762632
0.242276507391973 -0.1928272702801638 -1.159605095652323
0.5500276071064323 -0.2028947571101034 -1.259332948866918
0.4542892646169235 -0.1904983827542755 -0.9866905998967195
0.3424343759823928 -0.2018316436729474 -1.338563782636768
0.1726202958295814 -0.1890766547887887 -1.868155891403672
0.2569296198672815 -0.204102678032045 -1.622920999806856
3.375062453087029 -0.08140563714478385 -1.529818452530447
3.491225230241469 -0.07723834487896529 -1.670778183842008
3.214845360864613 -0.09275010513620172 -1.496761094958204
2.638694697001613 -0.1344475277963336 -1.495304988873088
2.244183779846622 -0.1789783738113511 -1.866333806722049
0.7140551522801406 -0.1870854649754589 -0.9207947314046159
0.7799610916353602 -0.1972814623297601 -1.144049806508895
2.374871496714653 -0.1454829681004892 -1.373763878837925
0.9714095320122437 -0.1830170932895801 -0.9215139888414851
2.009159627120173 -0.1778127001618978 -1.584411379588349
1.11619893219843 -0.1926564744199832 -1.173958124089555
1.315303030258661 -0.200625830032475 -1.433147406434333
1.498642390980178 -0.1723357376927054 -1.031020956083643
1.294738427102631 -0.2247781712458578 -1.864290355375597
1.69000566899609 -0.180637767618895 -1.338220642837522
2.07610420120696 -0.1562299302187312 -1.244436945278147
1.747623211323281 -0.2068579039139752 -1.864990575105582
1.776514686540009 -0.16525430046352 -1.125316685015905
1.232407550303965 -0.1781530329398423 -0.9619166495901887
1.596844824062944 -0.2001012490504193 -1.619152000950888
0.08411955449981079 -0.145636056035916 -1.871301096853513
0.02987615737025379 -0.1396223322723954 -1.794029793433467
-0.02436723975930409 -0.1336086085088747 -1.716758490013419
0.8974955412575135 -0.03147571697620362 -1.878290112734713
0.7740384601120756 -0.01599469716689823 -1.702044060943895
0.9863150667281273 0.01049661994084809 -1.486136895202911
3.279551718622859 -0.05032317180333403 -1.381453870377171
0.6525166361456404 -0.04253643830852659 -1.877815759638953
0.4474352769353107 -0.05805131826942182 -1.876981298256408
0.5604323053818969 -0.02203341967669645 -1.674783266405885
0.3728466835298744 -0.04032594927139339 -1.713315906525353
3.198320348585228 -0.03365639371985904 -1.158048245574544
0.393654943850384 -0.01083125514229225 -1.511398000356083
0.5633552164941802 0.002890950421197099 -1.46824170656574
1.977672112769383 0.01854041003764503 -1.193974598288746
1.603705899268319 0.03016572279266934 -1.181968854237
1.769290815751743 0.0485824351151584 -0.8645963293858931
0.6976503644298322 0.02097964143552539 -1.33898775021536
0.7222046562694595 0.000798631834410492 -1.534783331145058
3.319179295430843 -0.06549847946318139 -1.623681597104028
2.984171865240109 -0.03215635335695191 -1.33066312306531
3.068505307935284 -0.0525158908540644 -1.616056404860102
3.229234506258623 -0.07440539506766011 -1.872443000836892
2.327491256782644 0.005505215027325316 -1.197039920040522
2.29738207473 0.02198748080251658 -0.9611545668398387
2.581995455420502 0.005596429029623973 -1.020552331510663
1.521719350158637 0.05861566585383066 -0.8307753766925365
0.7700179748047529 0.04372564642970408 -1.120757001282088
1.04225572481447 0.0705639447933458 -0.8075452444736342
1.224814644628484 0.04447958191191579 -1.092402789382342
0.4837040584150147 0.02020040358727077 -1.290979741384632
0.5535254252177217 0.0599225752259362 -0.9319144379604649
2.722839297670386 -0.0348364336013612 -1.580089997271145
1.355983477637743 0.008162726121306359 -1.509926631875437
1.586095944872412 -0.024683771242449 -1.877924617677671
1.202106417844931 -0.02503358309161765 -1.878368777593593
0.8000970310652233 0.07003301296868003 -0.8373309915336404
1.791826458349206 -0.0005414339059781356 -1.531078106133569
2.026950293196783 0.03632412162283109 -0.9087947783968908
2.040735593476125 -0.03184152545029499 -1.876869336776331
0.2710675669041372 0.003644627392955709 -1.342235848929388
0.3585827755247351 0.03389633252536087 -1.130895778695836
1.28089564970929 0.06618219443386825 -0.8097001830361525
0.1964911160843646 -0.02433702800452896 -1.499150132254939
0.2439799142019652 -0.03902814724094911 -1.62401080214943
0.2887841678522663 -0.07683000623023073 -1.875861980879798
0.1967314217000292 -0.05893973008386667 -1.707918931726939
0.02708600685448804 -0.1046347106161881 -1.741624790426456
0.114887495179776 -0.07874062849438448 -1.737832474928303
0.1700426521710325 -0.09938711455006748 -1.874429785539898
2.256471363177247 -0.01344191698615778 -1.524599795769533
2.633022397188197 -0.01354519998259768 -1.294860925161653
2.914781943422139 -0.06042150965565261 -1.873804455553818
2.503426359771134 -0.04496768851489735 -1.875386942123242
2.8817465378086 -0.01286978767335466 -1.086053802728383
0.1410077156663704 -0.1511584838880491 -1.952349706095879
3.922136789656971 -0.3729294172484242 -5.142327549772574
3.780926016578387 -0.3939360059068059 -5.263307280436788
3.972725408662205 -0.3847110069434603 -5.303872857942586
3.148265327375225 -0.4264372760492155 -5.289481773055831
3.09761811066145 -0.437917163828115 -5.446945668291668
3.190461793975407 -0.436363108796634 -5.442974404571767
3.297143736411914 -0.4177279498614437 -5.239102076258886
3.283327045175559 -0.4338485307358734 -5.440035355660395
1.105530876031386 -0.2447897325626545 -3.326506633066264
1.179003997607273 -0.2861698817707681 -3.213446147832965
1.048794219539327 -0.2392820120523837 -3.245673872656242
4.267155448375175 -0.3522228501158666 -5.201535742234197
4.301305248558036 -0.3635545376922374 -5.34414889084522
4.462317694242313 -0.3421637765621782 -5.266660506221411
3.654436343709009 -0.4170683127998546 -5.434256459246541
3.749999999999999 -0.4114779068619357 -5.433723169486609
1.813332520853256 -0.344033662185347 -4.090426350710028
1.672897440951987 -0.2998669376653641 -4.134834237166497
1.729634097444045 -0.3053746581756348 -4.215666997576517
1.586687409274063 -0.3235468924884383 -3.771961656934983
1.445950814983746 -0.2778360556242802 -3.811503195526403
1.502687471475807 -0.2833437761345512 -3.892335955936426
2.562166915044362 -0.3141190300739146 -3.593449281015043
2.891044617251018 -0.2954215092242514 -3.58077752509956
2.647937118552981 -0.2725103202868931 -3.166902644423235
2.580683944824946 -0.3879904658296989 -5.428158403726863
2.637572105991505 -0.393512893681832 -5.509207012969228
2.666861893827774 -0.4191349439506242 -5.422803560351891
2.64016165978082 -0.4 -5.508031874519319
3.300091271015415 -0.2554046771001139 -3.443361231339407
3.460698955395471 -0.2034412301846458 -3.034451300493456
3.044116931164002 -0.2466315084979882 -3.160324967936331
4.137408123768493 -0.3880419486899741 -5.463733916082418
4.148340906477711 -0.3741596145609293 -5.328999321867068
4.040238523310056 -0.3941185582003895 -5.453155422822884
2.881063873483064 -0.4268311448475071 -5.254806193205279
2.774838296987652 -0.4285728602867208 -5.369414972971222
2.912130752554796 -0.436982892836493 -5.459847498366836
3.007105853101135 -0.4315854236684005 -5.334834480060589
3.004837886127255 -0.4382572505965561 -5.45235852200519
3.279720780675828 -0.1077276374473626 -1.918652624837942
3.172035579412257 -0.1299113441057503 -2.05311925792363
3.373482742581501 -0.1046347106161879 -1.967001889427827
3.376014827683876 -0.4305518100425076 -5.437857171451124
3.598891879782083 -0.3204821835422324 -4.34980605082464
3.942130633102233 -0.2901663922456619 -4.306726915103274
3.770810549307036 -0.2739466858916876 -4.002688702195993
4.407182035266601 -0.3279367559535498 -5.077711491305872
3.4688381201711 -0.4265902199889683 -5.436244362097282
3.447627516210733 -0.4155858748029441 -5.293250820031867
3.614389603537977 -0.3975653560875816 -5.190019673984212
3.559174124015177 -0.413911574741091 -5.339352263125764
3.846879937709352 -0.4057410753084513 -5.437021090394524
3.943572528314426 -0.4 -5.44409665809644
4.234418879387035 -0.3818065013562404 -5.475612861021614
4.524208905912726 -0.3623397519755338 -5.520436097103715
4.504310211838219 -0.3529993850294373 -5.410568187402202
4.427836815612975 -0.3689225280375653 -5.503590773271785
4.53638722022075 -0.3612764287394336 -5.520495578276167
4.331240438712081 -0.3754261754325965 -5.48883131039788
2.403151490249104 -0.39685041904535 -4.904170733207842
2.290802694833843 -0.3846762385258501 -4.88734227341345
2.297000662364646 -0.3604518632783442 -5.023994601676748
2.728626356991107 -0.425488945967322 -5.485553138057476
3.589332969287002 -0.2590580575815138 -3.705403088688791
3.984654457992833 -0.2189091563698445 -3.629716292124616
3.848861294630876 -0.1838695437207525 -3.16435530930207
3.719667285443372 -0.1505327546922289 -2.721609521503996
3.39520181879283 -0.3038998735355192 -4.02417746609686
4.120443451022227 -0.2539476929203025 -4.095062983284667
2.387957644471478 -0.1980169256455818 -2.17244178843927
1.989411201664672 -0.2256327115407884 -2.225142527049121
2.867638663272141 -0.2231847375061515 -2.782735375172021
3.200104546957933 -0.1986279278389689 -2.777515384567678
3.642442178596059 -0.2233767268526251 -3.384920470664565
3.205132932768175 -0.2915459912390533 -3.755047851343489
2.2319088541883 -0.2413158366228553 -2.551983162753898
3.076227827679312 -0.3820782447171655 -4.688605843250231
3.211874100560933 -0.3912271985669967 -4.872191929031684
3.389798088378464 -0.3640145932364439 -4.670010796612751
1.298154881584498 -0.2835772475396008 -2.78773182269727
1.369389590596269 -0.2934727258302139 -2.973774667508178
1.601454144009869 -0.2829895870472995 -2.781773865592568
2.089941929672578 -0.311351027960363 -3.334108953810991
1.989080660759978 -0.3299770377059968 -3.578219409309792
2.308739122052752 -0.3135055956201479 -3.45543978629516
0.7539468102123252 -0.2430194117561189 -2.154158592056764
0.8443381768910041 -0.2395698304429656 -2.020772391202847
0.6300193168567018 -0.2336529844526558 -2.0198207742396
1.165554268303958 -0.2849223968267963 -2.963331185521634
1.539116071948213 -0.2999703265547587 -3.056714233954289
2.517566380761352 -0.4060995395483675 -5.00606308842342
2.690913793901458 -0.4090180960778407 -4.946409084050901
2.546258029374542 -0.4035654013661582 -4.885009355076368
2.111490974983938 -0.3381160832683187 -3.725031928965361
2.34044801416467 -0.3409113331485086 -3.828479218733816
3.574333778504304 -0.3765021391970731 -4.931248957028003
3.452684739328189 -0.4020566023584567 -5.138595577590137
2.057967473509532 -0.3489459810988607 -3.905177598635806
1.8962669093904 -0.3408359544175495 -3.78503333681719
0.588198383652312 -0.2343458991263235 -2.187062934081272
0.4731652251826845 -0.2241659761214341 -2.048450418041905
2.170410426477828 -0.3576321342227066 -4.053521264098181
2.245553656817556 -0.3650970774041677 -4.183162829229754
2.418385792212717 -0.3574924363465883 -4.086276258899137
1.17853868872818 -0.2493429679806674 -2.184649373161268
1.053761923744919 -0.2409237306289296 -2.03407046617362
0.9396886673507155 -0.251201684328491 -2.23142956167862
3.537698674215016 -0.1035781842714833 -2.098006022862728
3.422343778810723 -0.1357900431732466 -2.320020069878041
3.618160054468563 -0.1243401690982207 -2.373745876527111
3.269229658314959 -0.1636686407589107 -2.474889192868489
3.471675274382373 -0.1632313841981631 -2.63689970994411
3.77581550653635 -0.3736439587173519 -5.04204146627827
3.837936915836609 -0.3482949077198349 -4.821073881583684
2.928457784800557 -0.3744281548445866 -4.518565964549235
2.810888591658698 -0.3945442763507976 -4.732634077969877
2.655951488052822 -0.3842690991956613 -4.540063682210954
2.64184244027231 -0.398607821900993 -4.762445379526863
2.569958306783499 -0.3674458683686161 -4.274470129032363
2.324992341446631 -0.3724573378241649 -4.310542968166113
2.288356443301313 -0.3807681741780476 -4.499226774950241
2.452906237992344 -0.3807709030236968 -4.45332528202637
2.749225500507917 -0.4234743495569581 -5.239805921288159
2.675108774539662 -0.4174254352733582 -5.143746381488459
2.644515976241525 -0.4185672452917914 -5.309635229248144
2.586742161617582 -0.4120405540869651 -5.098549552590143
3.006613836356009 -0.1820016639291365 -2.455247902984877
1.783382366766868 -0.2960967068246614 -3.020615995006675
1.676331536891085 -0.3096075751583166 -3.220657155400291
3.191832695021134 -0.1476100067596457 -2.248887473632968
3.33673935655189 -0.1226658768756551 -2.116424312881246
0.7466077200513676 -0.2470670976872172 -2.314381584129291
0.5945394009051708 -0.2339289970452531 -2.343663114398842
0.680804778861904 -0.2422213852967123 -2.44125941238699
0.7083742805869663 -0.206235688990758 -2.760677310196103
0.7912249178070854 -0.2512713023501514 -2.646079599612475
0.651637624094906 -0.2007279684804871 -2.67984454978608
4.335137574576634 -0.3093466448346243 -4.830816285365071
4.230011426609591 -0.3382386683656839 -5.029766160773758
4.038411029732226 -0.3456712576782042 -4.949633622950622
4.089435859823731 -0.3622484416992354 -5.160141791902415
1.091739511041638 -0.2770727130507549 -2.794423616484161
0.9326071476360477 -0.2647183309644205 -2.818352988458464
1.020479404097636 -0.2730024929553173 -2.915049975859666
2.147942794812585 -0.3741252797896223 -4.554496374549123
2.25218771030234 -0.3829486274653789 -4.642214486550902
1.396594046571146 -0.2711538639552215 -2.561397701646813
1.141668337891261 -0.2722185058781379 -2.605462372332865
2.801840884232655 -0.4171674187791103 -5.084829507807425
3.215404620767426 -0.34615502520685 -4.357166994416422
1.88371429198236 -0.3087445524301507 -3.232161131920112
1.812367819910103 -0.3216506717294619 -3.428997264585595
1.611835575318092 -0.3182613840343702 -3.417976554022818
3.652895596224502 -0.347305275326567 -4.672770013265522
3.350802553112797 -0.3946966937857533 -4.992639441809774
3.046679079227119 -0.4022578102543986 -4.926203062047833
1.345964782841537 -0.2999315735599821 -3.182356708367794
1.234400620712321 -0.2915519395007846 -3.094568512297108
1.104944276356115 -0.2788345326443529 -3.127918040845744
0.678589698737367 -0.2376242588483381 -2.565337720167538
0.5949009676028457 -0.1952202479702161 -2.599011789376056
1.456767292803497 -0.3082642722285331 -3.693083988247829
1.389214158491686 -0.2723283351140092 -3.730670435116379
1.970382261337166 -0.3533158755645762 -4.043217995090004
1.97394315799981 -0.3570421797039754 -4.168310712995012
3.158279688926354 -0.4108449480883511 -5.086428762786499
3.028801023143078 -0.4226856063376389 -5.200196980590112
0.9105372849640428 -0.2576509492835303 -2.917368375350158
0.8218475935710856 -0.2172511300112999 -2.922342831016149
0.8785842500631459 -0.2227588505215708 -3.003175591426172
1.275740845507566 -0.2613128940934673 -3.569004914296332
1.291754938208151 -0.293031405807077 -3.458185193973157
1.219004189015505 -0.2558051735831964 -3.488172153886309
1.383078780526937 -0.3049935271056142 -3.490527135991744
1.347998484378378 -0.3024854515088141 -3.348859676768446
2.183527349380525 -0.3494364222578023 -4.862329080856701
2.202864678243475 -0.377298076617947 -4.745477856957335
2.126790692888464 -0.3439287017475312 -4.781496320446675
2.327549862145726 -0.3898526939985021 -4.767407472370283
1.162267532523446 -0.2502974530729255 -3.407339393476287
1.222776826698025 -0.2893809325267708 -3.302185979219788
1.786370753936106 -0.3108823786859057 -4.29649975798654
1.837183327927575 -0.344468613497635 -4.207792232044513
0.4814276546187263 -0.1842048069496743 -2.437346268556011
0.5920465307612827 -0.2272415930533851 -2.475096714475508
0.5381643111107877 -0.1897125274599454 -2.518179028966036
2.164399687820593 -0.3729988867244564 -4.411471041478825
2.053630806349295 -0.3646036886503399 -4.503905454879088
2.013317379904346 -0.3329132607269895 -4.619830799626632
1.956580723412287 -0.3274055402167186 -4.53899803921661
1.477114712125897 -0.3125641024828302 -3.419592023003829
1.487778530262014 -0.3083746300744938 -3.260676207506377
1.977977470170043 -0.276773234845656 -2.835275259893397
1.656059479780772 -0.3262769416135112 -3.600042009652483
1.502089148967912 -0.3162246634906817 -3.563843149038162
2.467210631840826 -0.376975024809157 -5.266492882906816
2.487461535942616 -0.4035509174309047 -5.142337390095328
2.410473975348765 -0.371467304298886 -5.185660122496793
0.8281825394506315 -0.2520031198197569 -2.7679482765056
0.9562097070116715 -0.2668335213314387 -2.690202297048257
0.7651109370790266 -0.211743409501029 -2.841510070606127
1.332477501999626 -0.2668206146037383 -3.649837674706356
1.389044015900038 -0.3020893041180995 -3.595412118794872
2.240264005872585 -0.3549441427680732 -4.943161841266725
2.668864953661873 -0.3391129513893931 -3.952063430413351
2.131698452491455 -0.3699468112285334 -4.663126073069787
2.070054036396405 -0.3384209812372604 -4.700663560036654
2.410562188171714 -0.3960132540370638 -5.049002572789539
2.353737318856705 -0.3659595837886151 -5.10482736208677
2.523947288332886 -0.3824827453194279 -5.34732564331684
0.9920575630472666 -0.2337742915421127 -3.164841112246219
2.494104988223719 -0.3964404409345996 -4.747257545624718
2.643061122239806 -0.2056698775906948 -2.433973596457707
2.714423985569445 -0.1692087070252494 -2.099773277837718
1.422077297478635 -0.2489187315072693 -2.239835318300892
2.984978475386694 -0.1526475305187393 -2.135265308266308
2.846159344208208 -0.1749175457895717 -2.258784793567111
0.2543243582209587 -0.199085791660066 -1.950836280786807
0.2792128623301948 -0.1976536480721052 -2.034969707940518
0.3643756850915627 -0.2139498046525516 -1.96688341501015
0.8833966190349661 -0.2565110465761699 -2.409543820447893
0.9306054105103063 -0.2627627186750091 -2.555993587236013
2.101981499437842 -0.3657432854207722 -4.262181451644969
2.0238620867682 -0.3629671277956296 -4.391121065042519
1.032997127535248 -0.2716207392245473 -3.042410013143506
0.9353209065552062 -0.2282665710318418 -3.084008351836196
1.867205101096239 -0.2609569983838108 -2.583337130273698
1.65098724754027 -0.2566629706936469 -2.430961937356087
0.4246909981266661 -0.1786970864394033 -2.356513508145988
0.4830425475946916 -0.220554591805602 -2.270181407459626
0.3679543416346047 -0.1731893659291323 -2.275680747735962
0.1977443721584284 -0.1566662043983198 -2.033182466505899
0.1885075719037333 -0.1834198215440783 -1.952667165289953
2.881147331086199 -0.4051722619537858 -4.905301074968282
2.956288807917784 -0.4155129054148243 -5.076197438690378
0.3112176851425456 -0.1676816454188614 -2.194847987325941
0.3518693259616626 -0.2081100615401733 -2.089433709107097
0.2544810286504876 -0.1621739249085907 -2.11401522691592
1.642311823105423 -0.2321673285187111 -2.114016791106938
2.840149091353602 -0.3588509932675977 -4.282073493939427
3.010322736561053 -0.3269161489699089 -4.009564096616348
2.043967094049429 -0.2945118189856613 -3.092389813551045
1.234006205511562 -0.2622436265419828 -2.40021673280524
1.048103912229299 -0.2614853705613034 -2.410145262120889
2.819897767622257 -0.4333454699915064 -5.47038623038913
3.44025509749097 -0.1042008718347073 -2.019822699708551
4.401285622652361 -0.3601845096197445 -5.393667321616377
1.803283421524841 -0.3319468816592053 -3.630112049859683
1.724474241278934 -0.3334609725597831 -3.740439512314174
1.731050151092137 -0.3362964878521206 -3.860219175620466
3.561645778504512 -0.4220694432871142 -5.435072550230267
3.066302484785782 -0.1304655446143859 -1.97292820860555
1.853295029151379 -0.3453418770950398 -3.948381734085498
1.546855667146041 -0.3202980756363286 -3.666949509430845
2.416463699341123 -0.3891206041320804 -4.620082106812159
2.304726908911471 -0.2771346077412716 -3.010526245659591
2.539354740706475 -0.2410448481175216 -2.746309419695027
0.4278954829578056 -0.2162450977660129 -2.176924549377042
1.616160784459927 -0.2943592171550931 -4.054001476756473
1.697944424063135 -0.3327366578527975 -3.977995315702729
1.559424127967867 -0.2888514966448221 -3.97316871634645
1.843107410428166 -0.3163900991961767 -4.377332518396564
1.92768200730977 -0.3538386987256585 -4.294206264279357
0.4927700506654535 -0.2161494362512746 -2.353368927544799
2.564066853830093 -0.4109498966513877 -5.231377233668939
0.7823157899985279 -0.2518230604077944 -2.498638395029666
4.0893438663453 -0.3196235968695723 -4.725630044680125
3.895886440683944 -0.318575696634827 -4.558778579828526
0.9518536961026836 -0.2602598289385373 -2.992397629079618
4.24104275648495 -0.2850667334120509 -4.50835485990334
1.24051652596792 -0.2877290744205021 -3.393959076570119
1.611017938016702 -0.3236429299021771 -3.888705797557196
1.694847327056365 -0.3281269496049264 -4.064257083912317
1.976981801397339 -0.3535662031551254 -4.475470555755432
1.899844066920226 -0.3218978197064477 -4.458165278806587
1.918932400493323 -0.3488767562016149 -4.383697094513421
0.8265856010177635 -0.245289292547877 -2.847260133693558
2.251144451692299 -0.3816367012738909 -4.816348164466496
3.185080283014238 -0.322184954258349 -5.459063498037596
3.174753469500362 -0.3061393887753803 -5.277694671949353
3.278906061821207 -0.3209747804784608 -5.45698643184951
3.026874722992376 -0.09530421209049056 -2.349087858342747
3.272542882699165 -0.0940821939391549 -2.158690648973904
2.712430267415216 -0.0743266229834274 -2.209674132482756
1.176991080579673 -0.1817028941922899 -3.212028284514249
1.63085332957861 -0.2293556415226412 -3.862186655854249
3.363224568021383 -0.121062457266043 -2.526770715476341
3.45828935911736 -0.1477764043867923 -2.887025265909273
3.114502666703747 -0.1249060176185853 -2.756055232091403
2.739537874280359 -0.1013586235954232 -2.602326700508097
3.486643380481791 -0.3073264941648826 -5.269586110187185
3.671002100018968 -0.3138147235436278 -5.307002165727867
3.560228699134722 -0.3221897808573862 -5.452928625358067
3.094575471339176 -0.2248913024639372 -4.244928459284259
3.127362701113857 -0.1915334675338046 -3.756832340157998
3.452597419418213 -0.2250800425909619 -4.099997055944566
3.091300204281837 -0.3245257647293927 -5.461912786016997
3.038818337335571 -0.3149049144528791 -5.34976064074587
3.466406842577948 -0.3211207091487526 -5.45408561426026
3.372588781107346 -0.320674671862945 -5.455393291061442
3.326969599292913 -0.3030031976032284 -5.238118211797049
3.846885521472251 -0.328705686620592 -5.453313081650508
3.846572430792316 -0.319173456512434 -5.313262154997885
3.943125927331877 -0.3321122049097399 -5.459593766843304
4.23131830195617 -0.3447246670089907 -5.486687460958398
4.242289474480556 -0.3400402029811594 -5.404856736438129
4.327155082008298 -0.3496021334929173 -5.497341156691317
4.002244101702973 -0.3245134041165075 -5.313412329529596
4.13156009971071 -0.3314762373206135 -5.343456975540001
4.039220708237742 -0.3359546072607907 -5.467600628084309
4.519049701622615 -0.3603725270801806 -5.520579934164919
4.422909767043146 -0.3548040975967548 -5.508618166575658
3.370030801276657 -0.2488870634344351 -4.490103259379667
3.589970343640038 -0.2708706528098804 -4.71730829076458
3.247569568246127 -0.2690145862469063 -4.807436830471103
3.75 -0.3258949799957331 -5.450697585788975
3.654045927192245 -0.3237878353648607 -5.451830202164155
3.602942538295645 -0.3004005562186403 -5.140538586797089
2.866180325514248 -0.1309226282558337 -2.981503027091748
2.437581767884827 -0.1123921772912472 -2.877940811488775
1.395012062691822 -0.04299634275116258 -2.102345535290282
0.7161731254966616 -0.153559826527743 -2.647284188286197
0.7880481653492682 -0.1225689363664938 -2.550463636486822
0.8471771035193153 -0.1363773817633893 -2.680050080687665
1.068780497189595 -0.172063932842387 -3.066084401016197
1.525447182846987 -0.2179799770519565 -3.709537259647944
3.956768714114684 -0.2843752886497462 -4.716517774869445
2.812373643093807 -0.3426946501546058 -5.480306393475026
2.772893697501217 -0.330877029354976 -5.369539102126516
2.904252353504793 -0.3341025714293392 -5.471799598757241
2.894607731516486 -0.3138457371740289 -5.290989548217499
2.103816036280558 -0.2717630300503844 -4.49547748755823
2.011543074580154 -0.2742592416924837 -4.434617334416489
2.146461168428978 -0.2453995952581604 -4.33851642366331
2.762202440502268 -0.1534609447071396 -3.350318948096562
3.261599407497907 -0.1616770884918542 -3.237233937278057
3.804577226667872 -0.2564998192139471 -4.377552135388146
2.365742619146169 -0.07179376971472803 -2.330153658263994
2.456582488279266 -0.1714740597863837 -3.654026451935414
2.329991895429111 -0.1408267536913373 -3.278319123638433
3.781015449261915 -0.2292066955673784 -3.960372001536565
3.554166293878732 -0.1970077537320778 -3.604976288331104
1.086881617403394 -0.05129831690560427 -2.13343889220232
1.358951681450561 -0.06341746262903193 -2.325489226328175
1.446312593293415 -0.08716289682977023 -2.596072401557852
1.176063967360994 -0.07891449872307711 -2.432242854808726
2.730256533835127 -0.3136752674926293 -5.211271877517071
2.603996814287984 -0.3054398727843519 -5.073813922954365
2.763674597716702 -0.2883229899083815 -5.001189906316556
1.558030101340911 -0.1739565974455055 -3.437707856049494
1.562274916721615 -0.1500581006402971 -3.242043829333153
1.772876983577913 -0.1604866208800089 -3.42505912933205
2.140315851247945 -0.1814003364950014 -3.743882364927295
1.946160615678483 -0.2010229806115206 -3.8660057956267
1.891203035092699 -0.1817573626735798 -3.669363306757699
1.690926805662483 -0.1201516859222112 -2.998301925918389
1.440080903211801 -0.1346459795350225 -3.050518732526141
4.076380526356371 -0.3048265144865622 -4.959458265446036
4.128167512491634 -0.3209815601726315 -5.180413905487954
3.951942392841383 -0.3124480819260091 -5.157026919258841
3.881768165826344 -0.2988774280586461 -4.988865124434606
2.796209056505156 -0.2365092519803346 -4.440952751386424
3.029752355549086 -0.2516158474885353 -4.615152290674835
2.787473734920082 -0.2633325760601552 -4.749438801159179
2.290533291746829 -0.1965245373396469 -3.935947462636792
2.545083576159928 -0.1979787470756935 -3.976376093544523
2.395091711412764 -0.213418123119548 -4.137689578377969
2.575816145276197 -0.2248961616952564 -4.292526031445055
4.242840374553753 -0.317350405311968 -5.039127314726835
2.211885648175548 -0.2214275880045744 -4.164032900902307
2.342150342020292 -0.2317487364971732 -4.309802787054158
0.6512319669609762 -0.077527948287828 -2.151466580557137
0.5934458644921213 -0.1068357185129227 -2.300410847029331
0.4994981350273605 -0.1040644386874922 -2.205948934748832
1.320690878500087 -0.2039515998769504 -3.455565837055774
2.144377797800774 -0.2974377071413797 -4.672978077724867
2.259426813622255 -0.2994335842084553 -4.784904519188279
2.223055485746624 -0.2906819223706315 -4.704470350303863
2.370036463172553 -0.2711418489937959 -4.669659121051775
2.580237246946834 -0.330595619509492 -5.229092763075299
0.9606732956890959 -0.1556730524107499 -2.884048927026061
1.419244201528579 -0.2035598763416474 -3.539181376306263
1.858544293028698 -0.2520254424369753 -4.181066655580115
2.482302363945131 -0.278498995209521 -4.790492348067115
2.481612665546653 -0.2997490188701618 -4.954239648878614
2.36279666626903 -0.2970164710340494 -4.852091910616783
3.436279442215421 -0.2870312450655237 -5.006048287726196
2.000329327421248 -0.13996002246931 -3.267549890280345
2.036564951160967 -0.1591878718893278 -3.485573190738589
2.620946730580402 -0.2791644365118498 -4.861069364254037
2.870876622374806 -0.2980447886134354 -5.131455033302422
3.03060047668601 -0.2984211205615709 -5.173559263511226
2.982920831152851 -0.2779056709549486 -4.936933982476466
1.682912852624775 -0.06146227697894124 -2.330024598737721
1.679110271178888 -0.2017011430170379 -3.72097034174092
1.774987843360198 -0.2086333780486144 -3.83333518604144
1.761344051653412 -0.09265162733688849 -2.703653635685543
2.029514806150593 -0.1144944321255908 -2.969428003293199
0.5426889335726732 -0.1362855716311234 -2.401614531870532
0.681307031302719 -0.1165173435749145 -2.428689642653736
1.377390864281585 -0.1745575186742518 -3.325584320035799
1.26272748117588 -0.196072561012717 -3.36324419562506
1.33218410587999 -0.1617641131305294 -3.205402521956391
1.232382604474133 -0.1513555370787695 -3.064725414492631
0.9844682186345181 -0.1036820687840989 -2.554659555643838
0.853977904708912 -0.1591663338575018 -2.805904128894926
0.988615430318599 -0.1267230313819797 -2.726166024762026
1.675706203216933 -0.2407922995883279 -3.962716041057188
2.642896181342867 -0.3389171809535774 -5.328943295430286
1.201773133554153 -0.1949151180955914 -3.301897938234141
0.4803405586539639 -0.1293331001081496 -2.310228693522169
2.09843319562986 -0.2916157739796463 -4.602087900061703
2.233124533649019 -0.2710213177908408 -4.58401107214446
0.6563449600946035 -0.1440990266686633 -2.547592522956836
1.99202007228431 -0.2596099222035557 -4.333464925105333
2.446769029001727 -0.3227559476697641 -5.073429793504321
1.555277910264242 -0.2308179169148247 -3.803537058924527
1.117949437823134 -0.1454370760828691 -2.94464894825886
0.9884238382801438 -0.173048833260093 -2.997974649992508
1.447278985525342 -0.2185466683231903 -3.643834739955492
1.58643290738203 -0.1897656607911826 -3.574109277643933
2.360374253120822 -0.3201068439128137 -4.983071485487558
1.101358199821115 -0.1841199713811637 -3.156445625548662
1.900590918088921 -0.2640568007530047 -4.28338182508654
2.02917344414326 -0.2352337033845092 -4.190480847221942
1.515961405311425 -0.1093510948195814 -2.841597445339414
3.199175806601732 -0.2881604096121145 -5.061665808991384
2.72055484625191 -0.356582653312948 -5.493074434481032
2.667436078954176 -0.3530681965994232 -5.427466210590051
2.571252120717602 -0.2532639047460624 -4.594605665099916
2.392094423606613 -0.2475250303310448 -4.477300735109509
3.6966726272913 -0.2890275238038623 -4.936532813588025
3.771244735885835 -0.305890828608552 -5.151591639313731
0.2350721677321425 -0.1033076568233046 -1.956213945154109
0.3605757655990005 -0.08370302058492655 -1.974860686032104
1.913846397476108 -0.2254635864694074 -4.045764031747399
2.08570304074247 -0.2086262912371551 -3.995322846068328
1.104789447837942 -0.1278961253642612 -2.811700572141289
1.296528772386089 -0.1205445890092634 -2.860193982755312
1.757038689483636 -0.2498392081595932 -4.082016698293547
2.500600773995192 -0.3306557874593078 -5.162720568016739
4.277593957665193 -0.3348184030338842 -5.295752463121587
4.135047293580002 -0.3401572132481211 -5.476699767334805
1.18882791866145 -0.1028703273527864 -2.655946173225574
0.3508508648064256 -0.1076153439294473 -2.088668432657932
0.8488344462462076 -0.07064015654651154 -2.213700382988472
0.7214075043062951 -0.09189238171568033 -2.300505732564162
2.818973095688915 -0.2083154281589152 -4.084057338945954
2.753684880794028 -0.1816459265012614 -3.742388376336327
4.378147424233829 -0.3452628054079862 -5.388187372238388
1.793836584985031 -0.1360010680929765 -3.188131217898728
2.233765515076607 -0.2535512557118088 -4.452779685931774
4.310388814726533 -0.3293132685336518 -5.181254225215222
1.439358673075469 -0.1800233274004544 -3.406325759042565
0.8391089098124805 -0.09656070887525997 -2.411636870641873
0.4859252706534034 -0.08073876989992509 -2.056736688610258
1.799848601023031 -0.2241140227848811 -3.96035153326724
0.8090839658710923 -0.05258413903821296 -2.039828451044489
0.4034007971288951 -0.1140143726651425 -2.168207871693895
2.061973066358601 -0.0835785611292103 -2.574707510531662
2.997604370087954 -0.3283280931590811 -5.465951305624967
0.27612787531413 -0.1126253012052739 -2.035343484176177
2.258818054772411 -0.3156061840219402 -4.866340740979521
0.9897457250978499 -0.07815472262003985 -2.347313144805206
1.959016480574421 -0.0529494161348715 -2.188342501317109
1.726335847511431 -0.1821303486614173 -3.59653281821305
2.23817194894509 -0.1622576908165012 -3.543843916431414
1.926929533925288 -0.2841844024829024 -4.403801624346187
0.6095184519274639 -0.06038879549494051 -1.997763141983394
0.598425612022653 -0.1411491150692766 -2.477688987629191
2.030815995542994 -0.2982108931911954 -4.565938797665225
0.7736547599233414 -0.1652624466363264 -2.75294173022227
4.522100822989612 -0.3615257987306933 -5.520495578276167
4.519026541337417 -0.3603753729866634 -5.520579763454669
3.290398205405666 -0.1020216913457588 1.870437531762632
3.253121186235506 -0.1010080227507256 1.769648928010179
3.379507333426887 -0.09021029438368364 1.761903698872428
0.2951295585692733 -0.2077118361852853 1.866703481827718
0.2307760687693125 -0.2018937578197907 1.757143910281774
0.3595278240016753 -0.212819455222234 1.747203656084109
3.331872761489498 -0.0891747821694604 1.636488511024313
3.471545773157841 -0.08650831144969351 1.871301096853513
3.491225230241469 -0.07723834487896529 1.670778183842008
3.214845360864613 -0.09275010513620172 1.496761094958204
3.381833138822897 -0.08075291830642864 1.527188905655581
3.372484521702364 -0.0751900850498759 1.368900962772133
3.533849821565403 -0.05716012143079138 1.236456892259673
3.508695178798565 -0.06900916261908638 1.492768955236571
2.957464464971428 -0.12882261177151 1.86897002366306
3.099662854560383 -0.1133318787117761 1.769648928010179
3.184737864396018 -0.1107604237732506 1.869955500077054
2.716800288816969 -0.138867400880701 1.700452551205375
2.817778707774536 -0.1265902025699519 1.592469421849667
2.945663871572292 -0.1207285507059184 1.669065506435616
0.4615872082699068 -0.2211527650674292 1.865560600228543
0.3536030166824674 -0.2060915079758493 1.464779008018767
0.4593746940480652 -0.2140410317913433 1.599365215226672
0.28730103195315 -0.2063060642146438 1.628646277462789
0.9713969636127506 -0.1830173035099738 0.9215127598918026
0.8965548282048823 -0.1990268784874847 1.208776869680539
0.7140599457773951 -0.1870853979828796 0.9207943039917202
-0.02436723975930409 -0.1336086085088747 1.716758490013419
0.1181787492258852 -0.1894711382903373 1.679425762909247
0.02987615737025379 -0.1396223322723954 1.794029793433467
0.1742035396354726 -0.1970705000684654 1.55573602472563
0.004438399634464338 -0.175593364591092 1.579169584087034
0.05811251134495606 -0.1859490805543726 1.493506515020758
-0.02438115490861815 -0.1626893876168208 1.643968090198304
0.1726214289326642 -0.189076897563857 1.868155873046942
0.1221066326320745 -0.1841058704453238 1.794647204271403
0.1382037950424388 -0.1923318468763521 1.345440672541192
0.1978704311791564 -0.197605053370624 1.438381588664422
0.3074802632106384 -0.1999859702410573 1.317682624224748
2.648519349905165 -0.1517992666152451 1.86774061802857
0.2422828754688929 -0.192826985204871 1.159588994632492
0.5708255775736379 -0.2041620185465231 1.285013963045591
0.4543009718354612 -0.1904982336062792 0.9866849846796364
0.6122480436595632 -0.2189271920867088 1.628757730738588
0.830637913536483 -0.2159443341894294 1.537094115049031
1.232400864189243 -0.1781531701579234 0.9619152697247766
1.180456385211984 -0.2044785052991941 1.429708702116665
0.9479889493485071 -0.2311476249750851 1.864268197609853
0.6804961306382602 -0.2293979274804067 1.86471697560965
1.49863190491494 -0.1723359934324586 1.031017944626353
1.294796138597139 -0.2247764925088087 1.864290402315851
1.572439676090761 -0.1932491602819334 1.475374137619733
1.776491423907989 -0.1652528117567232 1.125267767494829
2.638694697001613 -0.1344475277963336 1.495304988873088
2.076081654028282 -0.1562306774216702 1.244427615232159
1.898190498808856 -0.1738687373014188 1.400192356088155
2.374868086379806 -0.1454831010632895 1.373762347822894
2.181955361093659 -0.1650734971152302 1.529752114827732
2.444043824727939 -0.1554963808541656 1.660209440457015
1.747718257513253 -0.2068532809974145 1.864990782328636
2.243925840903325 -0.1789945593704471 1.866332989876283
1.936379924624636 -0.1851937542068649 1.647950102697239
0.08411955449981079 -0.145636056035916 1.871301096853513
0.4805387083012447 0.01696799540096451 1.318310138970725
0.6382431432090843 0.03676971213015439 1.174516757977733
0.3618517773782658 0.03468419440830668 1.125088676426945
0.2725417862876035 0.004255824142150211 1.338290689065183
0.02708600685448804 -0.1046347106161881 1.741624790426456
0.4128308440397321 -0.008111964810823533 1.499253294746588
0.1964911160843646 -0.02433702800452896 1.499150132254939
0.2440208212276543 -0.03922299435100196 1.625265062337181
0.8645617944981691 0.05213343060040347 1.034332938390541
0.8052473473286541 0.07012501416791397 0.8361293627889894
0.5592450852369137 0.06034638880319022 0.9284038053957804
0.114691667322772 -0.07878925881825047 1.73786860053239
0.1700426521710325 -0.09938711455006748 1.874429785539898
0.2887841678522663 -0.07683000623023073 1.875861980879798
0.3777840066750034 -0.03918860127840425 1.708519616606272
0.1962573349430101 -0.05906202770332167 1.708226453579841
0.6525166361456404 -0.04253643830852659 1.877815759638953
0.7421762662275332 -0.01673540150355548 1.698717426401628
0.5439879288162354 -0.03338995831204579 1.755913736698204
1.046972673537739 0.0705201167931197 0.8072992510490971
1.285158078544706 0.06607622753268852 0.8098823996109252
1.537347476282034 0.04197914936169891 1.047160555899993
1.525612080604299 0.058475385269889 0.8312022494863178
1.772977534129659 0.04841627197017266 0.8652089929264766
0.4474352769353107 -0.05805131826942182 1.876981298256408
1.930084459380461 0.01994228553277366 1.196095412436004
2.030197037619283 0.03616020473366206 0.9093924315490111
2.293355391590139 -0.008391859542619376 1.429286146592542
2.299914722375902 0.02184713763723701 0.96166604191198
3.229234506258623 -0.07440539506766011 1.872443000836892
3.357530497717474 -0.07331095932577252 1.73275880204441
3.273038929318441 -0.05710072898594953 1.512855755545617
3.386163013442065 -0.05409815013135379 1.341889746526133
3.198858633899415 -0.0336927487170454 1.158170732578681
3.003688149876326 -0.04167376215818329 1.480129076356967
0.5541307221671317 -0.01448167042551299 1.611096075777915
0.695993369686206 0.008941476965470574 1.45265574936692
0.8974955412575135 -0.03147571697620362 1.878290112734713
0.9784740361531772 -0.0019006527755136 1.612765749617786
2.914781943422139 -0.06042150965565261 1.873804455553818
2.583958447038895 0.005479182652079142 1.02097585529118
0.9345924979269575 0.02672689551616812 1.311099422531373
1.202221802725881 0.04097765056362362 1.138109374000357
1.202106417844931 -0.02503358309161765 1.878368777593593
2.688776488903405 -0.01682856371480851 1.307923745725376
2.674232406554907 -0.03378940595586825 1.59610972351409
1.586095944872412 -0.024683771242449 1.877924617677671
1.308884090259765 0.007825039099437891 1.518024460075831
1.55506512335571 0.0219020071634246 1.303963244864708
2.883066861168879 -0.01295323395923632 1.086339270829864
1.802233235569023 -0.002192365564471999 1.549933525538957
2.503426359771134 -0.04496768851489735 1.875386942123242
2.040735593476125 -0.03184152545029499 1.876869336776331
3.373482742581501 -0.104634710616188 1.967001889427828
3.297402758602846 -0.4200877981160432 5.268678371118303
3.19046176678733 -0.4363631094020184 5.442974405581305
3.130146531126745 -0.4227909966656376 5.232881567295278
3.279720159244291 -0.1077276573805633 1.918652302956945
3.16920763223465 -0.1301646425216634 2.053375820993093
1.163060846162092 -0.2456620158550578 2.124460349270186
3.468370034041103 -0.3132652479788144 4.177001527529964
3.146209652856322 -0.3430794436700877 4.278024613118324
3.063993503727867 -0.3083138992750082 3.838418424038416
4.11916950449681 -0.2536189680295854 4.090697189069008
4.239849936531341 -0.2847589421499592 4.504267085142082
3.888015464579114 -0.3000136123457446 4.362748963314104
0.1410077156663704 -0.1511584838880491 1.952349706095879
3.283326961568649 -0.4338485333769235 5.440035357904128
1.172068232864853 -0.2853090677390909 3.212127041823981
1.105530876031386 -0.2447897325626545 3.326506633066264
1.048794219539327 -0.2392820120523837 3.245673872656242
4.008528268057811 -0.3610090342978811 5.08409612009943
4.124708355980102 -0.3680352964172077 5.24742552093881
3.929067286480408 -0.3843340583104746 5.267460334515771
3.830062483270678 -0.3696673650340997 5.039507114802577
4.040236383427428 -0.3941186901169674 5.453155204521454
3.943572528314426 -0.4 5.44409665809644
3.846879937709352 -0.4057410753084513 5.437021090394524
3.473121964819515 -0.4160491918269117 5.313246967717983
3.376014780208561 -0.430551811908514 5.437857172403564
4.234417190261462 -0.381806611421313 5.475612643400263
4.296103262277397 -0.3627177191371612 5.331407980497492
4.331235704108717 -0.3754264910338923 5.488830628554756
4.524208905912726 -0.3623397519755338 5.520436097103715
4.427833431381664 -0.3689227576638283 5.503590220761916
4.504291368452126 -0.3529945227452593 5.410503611421682
4.53638722022075 -0.3612764287394336 5.520495578276167
4.172842841504093 -0.3770947621330427 5.378483302478193
2.637572105991505 -0.393512893681832 5.509207012969228
2.580683944824946 -0.387990465829699 5.428158403726863
2.6630552002975 -0.4183487787533225 5.428446442022164
2.64016165978082 -0.4 5.508031874519319
2.126790692888464 -0.3439287017475312 4.781496320446675
2.267502356114784 -0.3847957316605261 4.751310236423668
2.183527349380525 -0.3494364222578023 4.862329080856701
3.749999999999999 -0.4114779068619357 5.433723169486609
3.755441564686042 -0.393605731340352 5.241975188912026
2.912130752774225 -0.4369828928419009 5.459847498345774
2.884184921491479 -0.4315492280063548 5.349170153397649
3.004837873565344 -0.4382572505452446 5.452358522858347
3.561645754224327 -0.4220694445358976 5.435072550484692
3.639986036938276 -0.4091293642606288 5.335667450861471
4.334430864255202 -0.3091642876724152 4.828394400480662
3.992000783132836 -0.3311125309395547 4.763629047239437
2.728626356994421 -0.4254889459677406 5.485553138056811
3.097618108070137 -0.4379171638560234 5.446945668420823
3.042655116710006 -0.4318480739019814 5.342832599079635
1.471841775745558 -0.2368186619614963 2.095515752967709
3.655677582163991 -0.3378288792757504 4.574611203041766
3.848146706380784 -0.1836851537642413 3.161906426883078
3.983660186381778 -0.2186525978564642 3.62630893933411
3.628576497220984 -0.2316344378508901 3.457235213080796
2.18183967942546 -0.2941436780061323 3.151310954911365
2.3900148037736 -0.2577437102730519 2.836898484193385
2.534951995713516 -0.2894852261501949 3.289047646665099
3.413964743436098 -0.2759985791384878 3.74473232239632
3.76028929798032 -0.2674968786258025 3.928538804378052
2.738966964016526 -0.3105478278444941 3.654586437126095
2.453120383784855 -0.3258332093678697 3.679497325460053
3.49642142040605 -0.1994015792158111 3.022521327943747
3.315529063772809 -0.3568568192771722 4.541704590811976
3.208375934971303 -0.2488731614982743 3.305812682887393
3.719288209355424 -0.1504349391692867 2.720310433858607
3.120027189983835 -0.2076177341239037 2.808349144805881
2.596361255931807 -0.3677859644575596 4.28827048192993
2.375158373116963 -0.3770098389794939 4.389252393977291
2.37263894483246 -0.3628435979106314 4.154502556314429
2.519554994579935 -0.3841207053918294 4.51294450319627
1.962048063284458 -0.3555070077965706 4.129833836090943
1.867505883969112 -0.3481603321091215 4.041622665089108
2.038359946300963 -0.3503569861028321 3.936157754928821
0.925593120496272 -0.2470648086888661 2.150223766078096
2.223914048249366 -0.378436450946577 4.505491109191892
2.193944003943797 -0.3707881219533324 4.316701934682897
0.7088984981866369 -0.2451586211214556 2.443836900862451
0.7557684970685046 -0.2470122439188987 2.287969308194159
0.8639425940830103 -0.2569853251108121 2.46363678020911
0.8291593125651011 -0.2560071749986931 2.607400214382606
0.9896745871835051 -0.2665881442111215 2.589567621430941
3.618001045710956 -0.1242991390114591 2.373200956076881
3.45111834989361 -0.1663074219453958 2.650767920124319
3.417291781650929 -0.1372022377591526 2.329926607364909
3.537654876580008 -0.1035668828765704 2.097855929073262
0.7169513327304384 -0.239566382647857 2.093838788275317
2.302669434521624 -0.3488152572831761 3.928452095687523
2.647683600282577 -0.342403265397707 3.981632277223401
2.148567385863422 -0.337972119987773 3.730210041592144
1.914789466305848 -0.3400520059363485 3.7614798444445
1.952780350112814 -0.3300412256518861 3.575658161639925
2.22237550823745 -0.317593336141808 3.469800570278758
4.40687782165441 -0.3278582576928875 5.076668956158652
4.185375930571074 -0.3405992236311877 5.01669779483352
3.244993473168843 -0.167228516598118 2.491529734105669
2.985753939005051 -0.1801043192809762 2.419487815072845
3.19018824615059 -0.1479148854772683 2.250654784420723
3.318619694259322 -0.1203718301351874 2.078200689264086
0.5030318368492089 -0.2266562294529313 2.146558336959028
0.403052126439968 -0.2124961448405404 2.167864967431141
0.4410335592273414 -0.2212378044525838 2.033092084144531
0.3389075475853565 -0.2062618279730897 2.081298591536264
0.3112176851425456 -0.1676816454188614 2.194847987325941
2.523947288332886 -0.3824827453194279 5.34732564331684
2.467210631840826 -0.376975024809157 5.266492882906816
2.581772731421773 -0.4128904280806447 5.227704957570174
2.633939893882214 -0.4144420157125456 5.10262790008945
2.745184155028932 -0.4232370203686543 5.2371033456452
1.672897440951987 -0.2998669376653641 4.134834237166497
1.616160784459927 -0.2943592171550931 4.054001476756473
1.739036704815732 -0.3371500285434769 4.001270909356246
1.400927333343681 -0.306010962303007 3.31846827941256
1.470833666293794 -0.3128449166646988 3.458245415780436
1.308165849647352 -0.2972573254600722 3.421382134116961
2.082729270981067 -0.3682655619892147 4.444805071854034
2.022869128258284 -0.3622953714759278 4.289319206616943
2.353737318856705 -0.3659595837886151 5.10482736208677
2.430181496471679 -0.3978387263417625 5.076098950687802
2.410473975348765 -0.371467304298886 5.185660122496793
2.504762079381844 -0.4057357944319201 5.137298797367504
2.522869472979226 -0.4061612788907446 4.995130393393977
0.8164090175552396 -0.2376557294355161 1.989715622736128
1.247756334140067 -0.2920283543465535 3.073963298354176
1.445343200158265 -0.3028815325679173 3.152056414016386
1.296666718601039 -0.2974199875424294 3.2094488611794
1.230984094809707 -0.2900798106644178 3.315365881057353
2.803742042004187 -0.417598626286284 5.092502472239117
2.878525471328387 -0.4074289061586279 4.937451377250958
3.015673919171285 -0.4136772838556546 5.067407491326276
2.932128847885037 -0.4250987759760624 5.221980775205552
1.549270362655614 -0.3203814441856845 3.698363554965474
1.451593146512312 -0.3105744587641037 3.61721334400699
1.590764598524018 -0.3217703136652048 3.54902428052144
1.732406811617937 -0.3317480535125137 3.673937720907802
1.637611880284451 -0.3140086773502414 3.310199159080334
3.428163507179611 -0.4045815782376937 5.153128304862824
3.626643863438688 -0.3861773191471929 5.07265535051431
3.58655295830192 -0.4019947165940868 5.221360388458894
2.195073411980493 -0.3781592780497268 4.664606188018078
2.357988648074009 -0.387221501512705 4.611084216467238
2.415911851679878 -0.3948701407588532 4.770326386636631
0.8785842500631459 -0.2227588505215708 3.003175591426172
0.8797684066345465 -0.2544309750985799 2.878684708300471
0.9875011092958884 -0.2691568297031557 2.924190176221988
0.9590210494526001 -0.2676703109852369 2.776207619933403
0.8218475935710856 -0.2172511300112999 2.922342831016149
1.559424127967867 -0.2888514966448221 3.97316871634645
1.637303723579843 -0.3260722681399492 3.925654386704269
1.628093017558278 -0.3275303628890956 3.801311883240653
1.756592390283873 -0.3376205686204803 3.842442513990263
3.092699129742207 -0.3913060693241844 4.809749621409298
3.237126132668646 -0.403956113798885 5.039106389585796
1.162267532523446 -0.2502974530729255 3.407339393476287
0.3679543416346047 -0.1731893659291323 2.275680747735962
0.4934208619900008 -0.2222682901904248 2.270232866232912
0.4246909981266661 -0.1786970864394033 2.356513508145988
1.106267402135587 -0.2748237238581852 2.697196563007235
1.106605303193796 -0.2788925443019956 2.837750585187751
0.4814276546187263 -0.1842048069496743 2.437346268556011
0.5943139486964337 -0.2279880252417242 2.471757660731832
0.5381643111107877 -0.1897125274599454 2.518179028966036
2.297000662364646 -0.3604518632783442 5.023994601676748
2.362888317288729 -0.3917371181194755 4.97880180459078
2.415571827969848 -0.3977499080110591 4.900844385581449
1.956580723412287 -0.3274055402167186 4.53899803921661
1.899844066920226 -0.3218978197064477 4.458165278806587
1.962561974250781 -0.3549398202254813 4.411113308042163
0.5949009676028457 -0.1952202479702161 2.599011789376056
0.6615552111556113 -0.2347060773385113 2.561187074872671
0.651637624094906 -0.2007279684804871 2.67984454978608
1.332477501999626 -0.2668206146037383 3.649837674706356
1.389214158491686 -0.2723283351140092 3.730670435116379
1.445950814983746 -0.2778360556242802 3.811503195526403
1.531773643838241 -0.3148759170845712 3.805118991135859
1.502687471475807 -0.2833437761345512 3.892335955936426
0.7083742805869663 -0.206235688990758 2.760677310196103
0.8245579191631481 -0.2502551619434156 2.786708917827613
0.7651109370790266 -0.211743409501029 2.841510070606127
2.070054036396405 -0.3384209812372604 4.700663560036654
2.30181246466084 -0.3872048806705814 4.855918696869709
2.240264005872585 -0.3549441427680732 4.943161841266725
1.104366356902559 -0.280685008727883 3.000808339980338
1.014376148278262 -0.2676104611255429 3.059966759344781
2.639237928378961 -0.4178928258607085 5.328479554935258
1.099364579216018 -0.2777447248222694 3.135849685585716
0.9920575630472666 -0.2337742915421127 3.164841112246219
1.224829441272232 -0.2866940121686592 2.914886795962594
1.900242073930283 -0.3490827991358802 4.325064822367809
1.889793106354858 -0.3503821833696981 4.241438627328767
1.786370753936106 -0.3108823786859057 4.29649975798654
1.843107410428166 -0.3163900991961767 4.377332518396564
1.614516036615406 -0.2835859654619921 2.793696508619829
1.648011112469891 -0.2989288244014007 3.03820030825187
1.404630338621347 -0.2930003914321234 2.949018278305052
3.688603636408729 -0.3620874859862249 4.855888021443194
3.405391951490315 -0.3746701138099783 4.798716787071752
2.991861622045568 -0.1524627501495349 2.138778599666111
1.749272241221574 -0.3247667916949256 3.497471934493782
1.936538903463825 -0.3165155271860681 3.360414381138114
4.299484341233343 -0.3481146296862669 5.187037170312275
2.568594211088333 -0.3939253326937744 4.681478304840807
2.751879538143803 -0.4273369006152476 5.372170304042244
2.81989776774223 -0.4333454699983568 5.470386230372753
0.2352608044886489 -0.1956277940701283 1.948218391957918
0.3533995450015534 -0.2128279343375215 1.960047965025344
1.864349926822397 -0.3449309519796877 3.91600941417764
2.114321741698895 -0.3702546415360821 4.585218823184477
2.013317379904346 -0.3329132607269895 4.619830799626632
1.369468132933562 -0.3016419062225786 3.541139740835684
1.275740845507566 -0.2613128940934673 3.569004914296332
1.729634097444045 -0.3053746581756348 4.215666997576517
1.827784473406563 -0.3443106867898092 4.172198267949081
0.1977443721584284 -0.1566662043983198 2.033182466505899
1.37088108057105 -0.2572020758047868 2.343186459998599
0.5713024123663242 -0.2306765769203245 2.017362174738544
2.869055011198646 -0.352842552223919 4.224938043237439
1.219004189015505 -0.2558051735831964 3.488172153886309
0.620044396322202 -0.2368258686746781 2.347937930710689
0.6141012707935716 -0.2364683624396842 2.200658007939672
2.987995130980396 -0.3736459295451258 4.539632037012224
2.733450160124582 -0.3799886325663117 4.504561489442002
0.2544810286504876 -0.1621739249085907 2.11401522691592
1.864118542043076 -0.3029183066803336 3.141793589254013
2.134619079086371 -0.361037045216239 4.12629085303614
2.576908051388008 -0.4025627390481989 4.8460322815338
2.683312639797827 -0.2123388346828065 2.534138346331972
2.753090927946629 -0.170926612551022 2.146781886999983
1.223474619324797 -0.2702332552724224 2.541623988476625
1.067972155621355 -0.2600691480881703 2.374475615982597
1.759907663911994 -0.3366091641631513 4.116439206958538
3.468838029533715 -0.4265902241438913 5.436244363445626
2.698693391143165 -0.4090950911077036 4.94675552467825
4.403308528899797 -0.3598764043360701 5.392293897863672
3.462882227492988 -0.3879929208925725 4.985004991586029
3.654436337052259 -0.4170683131744911 5.434256459295344
4.462212539594701 -0.3421366428094225 5.266300142938388
1.320489590158784 -0.2814655006290703 2.739625292754788
1.751971047166082 -0.2412023002636935 2.280644112642058
3.065543758253618 -0.1307186201511666 1.974895238628882
0.7204024313871856 -0.2402499110534011 2.643715822203982
0.7529976569224581 -0.2487643152932948 2.543075137224776
1.848677069551569 -0.2607125520052985 2.571380388899438
1.979870975060912 -0.2777596809307973 2.848646078415467
0.8730850061350097 -0.2597833399903906 2.698175757178088
2.796439313242713 -0.3955991294120455 4.743223884074431
2.038866151528629 -0.3603888034358375 4.548455765634045
0.8921455278000976 -0.2540720376780841 2.327427497471019
0.2734514659282154 -0.197104071526409 2.026900242149059
4.137405690513394 -0.3880421030714981 5.463733635352367
0.9353209065552062 -0.2282665710318418 3.084008351836196
1.289224359084499 -0.288753220851424 3.504334011095026
0.777076520425552 -0.246638723214916 2.706837460459436
1.521594037989336 -0.2689760582121984 2.555054118814447
0.5211837188957897 -0.2204042541003593 2.377079560247396
2.797945012833006 -0.2455986768395116 2.972885144848369
2.884095072562897 -0.2772688392082095 3.376438027210424
2.185905393377048 -0.2347654671118176 2.448887181376779
2.428159329499783 -0.2007850691570541 2.230263828576998
2.039214703879888 -0.213174576938655 2.112162007770722
0.9472252943827532 -0.2564209811373817 3.020428009515856
2.508212400072648 -0.175149835379746 2.011057875440344
3.447920408006615 -0.1047035051348092 2.031416426657474
3.371981870479198 -0.127548175747662 2.195007055116684
1.460819480257681 -0.3075362548204232 3.716100181809781
1.376273915230365 -0.04776555913312058 2.155034981478912
1.349325686165739 -0.197292664253022 3.445141191546514
2.703755768423518 -0.329047135219502 5.310815881994992
2.871289353156782 -0.3182596213189134 5.320861937037852
2.736550234023116 -0.3088516111563064 5.174890844372554
3.801667961190656 -0.3156528921269943 5.28175813834387
3.976926965002528 -0.3240020076184157 5.319691898905715
3.893808425346764 -0.3104632610398125 5.158938604530146
2.028202369305224 -0.27005784679909 4.424971371234212
3.071572099178061 -0.135476200780888 2.944194430842138
3.003347347881268 -0.0984759285486132 2.41331408541903
2.652914159567282 -0.09878293061960722 2.604356094616646
1.280213042361937 -0.1680492213478528 3.212347299324358
1.281048029832543 -0.1889343088856666 3.340734492424819
1.421430172666215 -0.1667862807998067 3.299890221403682
3.264493066827989 -0.0947368453997586 2.175360605600035
2.669625984168224 -0.07278030897646853 2.208850955766186
3.062649950889361 -0.3090367962897055 5.294197105969062
3.185089420799359 -0.3221847857319116 5.459063267629654
3.237400143859154 -0.3040763935416867 5.255633613368172
3.663151483934506 -0.3132291536210967 5.301419861666971
3.75 -0.3258949799957331 5.450697585788975
2.928645183384164 -0.3013226382007798 5.181414123369718
3.65404593601774 -0.3237878355375898 5.451830202060359
3.560228755487886 -0.3221897816671114 5.452928624681508
2.997608273297609 -0.3283278984449536 5.465951107756141
2.780463200641339 -0.3350029352504432 5.404478061938202
2.904253002994563 -0.3341025224817725 5.471799549703816
3.0913044540506 -0.3245256282830102 5.461912631283837
3.530288706436592 -0.3082368924294838 5.271644292594878
3.376690432648706 -0.3097310409499761 5.318600517390035
3.466406942146978 -0.3211207099705138 5.454085612975662
3.278911599444605 -0.3209747380416096 5.456986327435332
3.846885536510753 -0.3287056871125669 5.453313082437245
4.135047358015775 -0.3401572161902731 5.476699773740744
4.149922723513396 -0.3321027298388575 5.341444507061335
4.03922074860958 -0.3359546089576838 5.467600631730805
3.943125952264756 -0.3321122058540579 5.459593768741974
3.691255823778434 -0.2974437166557104 5.063091042722964
3.443194026409702 -0.2948021721279985 5.110537300749776
4.327155097665026 -0.3496021343167872 5.497341158491934
4.300351615232607 -0.3391796876968124 5.349193486683857
4.23131854733937 -0.3447246790722333 5.486687487256058
4.259047292229255 -0.3278257364010632 5.196670869469852
4.519049701622615 -0.3603725270801806 5.520579934164919
4.422909784474319 -0.3548040985754475 5.50861816870173
2.978888972439783 -0.166417736502381 3.453414089443497
3.414037596168845 -0.1723571431846136 3.308814919681669
3.871395158883388 -0.261211528497787 4.407380153953585
3.340940689162202 -0.1230827967107921 2.575727338503548
2.255622025612566 -0.06406500448141415 2.259443167263034
2.273014079535959 -0.09979503816462573 2.748486789930016
2.029840121929051 -0.1192917083950591 3.027620105494759
2.33575929450436 -0.1321198474224148 3.165340959641098
1.764739425045833 -0.05464549383438437 2.240519388719376
3.691542254902743 -0.2073813141075729 3.674889746032389
3.626817913025519 -0.2299277764467107 4.074629107850265
2.68391116771492 -0.1293447613018113 3.03522154207756
2.592994995891621 -0.1523817071874868 3.384420835615809
1.479564472801067 -0.07633901240537629 2.487195004064685
1.795783270118024 -0.0930579059520607 2.710116622204884
3.465590269634678 -0.1507409819311506 2.929369475533228
2.004118706241014 -0.07618303931629597 2.48731614818856
2.903743694420916 -0.1973559985556926 3.918745825387205
2.659118545571299 -0.1748538405171112 3.671483093753764
3.287468410623576 -0.1968331269737458 3.759604508445608
1.040625930203295 -0.05375840381467301 2.143043750173046
2.49915248613463 -0.19187780914454 3.902810289676986
1.211994869898267 -0.07196938329476661 2.37715728711532
0.6507367821221889 -0.08073029802619608 2.174084527808346
0.8345720120419046 -0.07745592280050548 2.261833842143318
0.7928297925416992 -0.05575932041204022 2.05970912279247
2.063285209583108 -0.1746255077008044 3.65507277613687
2.102849811113027 -0.1480259248304355 3.369542927912681
1.915135507933004 -0.162755010194433 3.49431319727875
1.865026807055964 -0.1426447072092412 3.274158703782865
1.768324406145816 -0.123183480291911 3.046898312012032
1.619386911441371 -0.1484512273763058 3.252757808135809
0.8427877180435628 -0.1169836793482834 2.556643185005011
0.9722442157721372 -0.1160259027242026 2.639593423255763
0.9977642900168679 -0.08723420024568286 2.428902144675193
2.405993368145328 -0.2658169828416002 4.645252897211716
2.582212862626288 -0.2421954066065996 4.482905869995602
2.37495683602002 -0.2445699962643717 4.443142494741912
2.860822327433748 -0.2511442617676305 4.617024641853955
2.594348391753252 -0.2653073531063163 4.720665027014306
2.669523569461616 -0.2142100012292349 4.171919219457715
2.944494638303126 -0.2253182455508406 4.286015164861025
3.291859005495051 -0.2769104593824712 4.903730539223844
2.999688785594888 -0.2724803191222239 4.874243209156405
3.120941212083343 -0.2895023386120794 5.079706341840046
4.188625519175494 -0.311382111609796 4.983722887768226
4.051809595581068 -0.2883899184521356 4.714263987160073
3.947883519405591 -0.2997491606228505 4.963265627251969
4.074493290936074 -0.3176908631949853 5.163920459610678
0.8006371316983636 -0.1021187267394196 2.426047979219704
0.7015109723822435 -0.135103985342396 2.547494724345519
0.6066275343921878 -0.1438922956083112 2.49728426131663
0.496765132384375 -0.1079835617681444 2.224651197384731
0.5829224908121516 -0.1094327033537967 2.306556662591317
0.8305325033543554 -0.1414205075076718 2.694395222892439
0.8857879843501042 -0.1520910729606861 2.799675198521219
1.761749670157973 -0.2015240939601944 3.771508298222186
1.59052638000415 -0.2112049598340841 3.722114682535336
1.666283550501535 -0.221311601441996 3.843544433537571
1.928223390666487 -0.2193455645347082 4.007891724194013
1.792062232944701 -0.2213806396741799 3.936122238177096
1.834260755300403 -0.2415483685210643 4.099197189414728
2.247114360609018 -0.2857234497060324 4.692884532224806
2.319230775990595 -0.2937294299540776 4.798358904142638
2.443141062636546 -0.3093534798372163 4.991455909514616
0.5937106688991567 -0.06344440122641777 2.011202090749885
0.4446836351784335 -0.08199026975538509 2.032819349520588
1.573583046260222 -0.1206111300599011 2.971219709177397
1.466032292341001 -0.1019153050858156 2.752368174174704
1.321904116261798 -0.1241572496300008 2.903514914610436
2.56455525717033 -0.2861681003596604 4.896858351333856
2.752710434096005 -0.2735413615199628 4.850554236748877
1.434575334787811 -0.143077718475471 3.120166121456108
1.960958604530416 -0.1969837705598327 3.837025362860213
2.086105124685357 -0.2079773671816518 3.989531901693733
2.224492265347148 -0.1886418507472223 3.838483964126339
0.5455739413082989 -0.1370980970672337 2.407864284635548
0.6632545479430315 -0.1177668171217046 2.420951291235452
1.507040845899033 -0.1776211682753882 3.434237621693088
2.093470359838391 -0.2412503076369977 4.275176313320504
2.178577750669441 -0.2538288424732876 4.422725843376723
1.640875948133531 -0.2428141495381773 3.94128981036673
1.114329939961032 -0.1789654600833559 3.142476409453347
1.143609021891878 -0.1929741629842863 3.237957508283753
1.709655637061484 -0.2489452083502972 4.034717552015145
1.398462667476965 -0.2097545387683322 3.555011326819194
1.01966211661552 -0.1304762955102109 2.773579447779674
1.202542680574518 -0.1010038506904278 2.645829395199746
0.4775188971206277 -0.1324270103999963 2.319916815452675
1.948527192617049 -0.270204659361072 4.358007714681048
2.339461223302818 -0.3120244715841637 4.922573293678646
2.441709337147806 -0.2865513075852557 4.831540624553916
2.080546451607856 -0.2807054911903945 4.529078269974423
2.572768350380618 -0.3199642119470702 5.156621330366288
2.596702209934746 -0.3326541392823282 5.254577494879579
0.9496133972729088 -0.1600572740892499 2.897824667618617
1.013509711627247 -0.1655531226477583 2.983097679616416
1.557840598413674 -0.2395086493665823 3.847273375270515
2.219573801126144 -0.3070872951396624 4.789496512628675
1.048789346968791 -0.1770195235175227 3.07325501595206
1.934954463062331 -0.255041743721055 4.26073416963776
2.007757217046091 -0.2301845012846294 4.138846825351737
1.849720863590032 -0.2581827688132859 4.207619151183256
2.475864866999141 -0.3229618805576918 5.099211718283611
2.627266089172106 -0.2977475091979112 5.025794573020159
1.251130581700155 -0.2113336528460182 3.423629607927564
2.271844535459147 -0.2325459733433813 4.290794434486131
2.449742302222093 -0.2192304773064985 4.210721422989647
2.245341407386775 -0.2126039780499363 4.090961680449877
1.161745857137117 -0.1478596982101793 2.991982722614773
1.118462048950724 -0.132774345986954 2.856222556264217
0.2325864658887211 -0.1037693901077839 1.955610761414161
2.817129444743457 -0.2887724999652279 5.022872504361701
3.280927801061861 -0.2910827218856034 5.0911399034358
3.538060872127446 -0.2780856498629798 4.845190555575128
2.330335678998498 -0.1640479495316836 3.567231753994598
1.456440859583474 -0.2200826883005278 3.659863791462762
1.549841537347195 -0.1925926071313079 3.569615933006705
2.132757935064385 -0.2905885693672707 4.627668732680031
2.239422127580954 -0.2667104467327391 4.557032743555809
3.16835086740537 -0.2432284530865226 4.477065420558965
0.3406176546365065 -0.1099074772653329 2.088972427824177
0.6984785073619857 -0.0962469755625758 2.314437849816486
2.645748474752748 -0.3495959377375699 5.390260591373321
2.720561767766316 -0.3565812574254233 5.493073252650822
3.372588923888626 -0.3206746720032537 5.455393288848292
2.812376409834822 -0.3426943313533098 5.48030608402008
0.348598105651547 -0.08462269286495848 1.969958024867164
4.399390900766144 -0.3468742858400747 5.397602715578071
0.5198033379837874 -0.08645171407287604 2.11865003983896
0.4073748138879973 -0.1123699444378596 2.16451600877709
1.269651277446969 -0.1495539245985681 3.076244760139013
3.772674329912791 -0.2792711703053266 4.750228733386485
3.532734027436187 -0.2524359832902346 4.470494309721428
0.7426615722166434 -0.1489320006016038 2.652699802312152
3.35178848075291 -0.2613902665873759 4.674734066596845
3.127706813859616 -0.2606360911536533 4.718504249733074
1.191232951824085 -0.1981492341430366 3.307215191038783
0.272685613264233 -0.1133705975564569 2.034639078670862
1.487259871715479 -0.2344573341925637 3.756190518179801
2.14299978632876 -0.3050321155125849 4.7067978619619
3.250224584384966 -0.2223313829769564 4.154003188650239
2.756358839639601 -0.2336340230986799 4.406120514128331
1.712262588988161 -0.1660850813491052 3.45156673374105
1.839570699298898 -0.1812877338936162 3.643400311197015
1.678022244841956 -0.1893624756437963 3.627915334822193
1.75693093408577 -0.2635072243910473 4.147238825147559
1.867779161657712 -0.2794560134492565 4.324779483449128
2.475785395527325 -0.339741601594142 5.184360416371901
2.263362570787974 -0.3187963066898124 4.884778229652361
2.966811395890461 -0.2876711573450824 5.045325062259425
0.792915605653586 -0.1665846863171266 2.777925515037537
0.6715753444656574 -0.1579804390651077 2.618993151293875
4.519026541337417 -0.3603753729866634 5.520579763454669
4.522100822989612 -0.3615257987306933 5.520495578276167
-0.08850717079093968 -0.1866841397611898 -1.493480846187634
-0.1401030787979225 -0.1715720158550372 -1.595628791706099
-0.07085310336515846 -0.104634710616188 -1.729335332631184
-0.02438501277433712 -0.1626895602347565 -1.643968223589322
-1.684830025817277 -0.1325414152140594 -1.515551954200128
-1.737195476175874 -0.1463021875302843 -1.494891015033116
-1.731976083906046 -0.104634710616188 -1.520896633154239
-1.634262967403641 -0.104634710616188 -1.533157733123471
-1.5417907799488 -0.1608461683256184 -1.49438312803227
-1.639561376481033 -0.1544866326370991 -1.494605207912123
-1.536549850901237 -0.104634710616188 -1.545418833092703
-1.443948916086763 -0.1659988038423448 -1.494203194035115
-1.438836734398832 -0.104634710616188 -1.557679933061936
-1.927628310628097 -0.104634710616188 -1.496346075389736
-1.829689200408451 -0.104634710616188 -1.508635533185007
-1.834482906701369 -0.1347160287077291 -1.495295612614654
-1.243410501394023 -0.104634710616188 -1.582202133000399
-1.150142606775925 -0.1767844398823623 -1.49382655132514
-1.24815063790987 -0.1738084177168548 -1.493930476309184
-1.145697384891617 -0.104634710616188 -1.594463232969632
-1.047984268389212 -0.104634710616188 -1.606724332938864
-1.049607316090697 -0.1793229868049769 -1.493737903313212
-1.341123617896427 -0.104634710616188 -1.569941033031167
-1.346063861844021 -0.1702557110755267 -1.494054539558878
2.817805816401625 -0.1265932029676277 -1.59246876718985
2.880739196110949 -0.1271533630033444 -1.49555970672046
3.297644559768314 -0.1137788848441971 -1.496026753789328
3.295235396040309 -0.1099947150057163 -1.646957125266744
3.458107872051782 -0.104634710616188 -1.637620405679457
3.564941547176137 -0.104634710616188 -1.496346075389736
2.945752290995661 -0.1207285543092008 -1.669065738219771
3.147033104232649 -0.1153411238557581 -1.62973362117508
3.087578210471747 -0.120649061672958 -1.495786841927923
-0.2479761836725736 -0.1870347362161183 -1.493468603089647
-0.2584527767899025 -0.1628515136973072 -1.623229273632224
-0.1685662198675651 -0.104634710616188 -1.717074232661952
-0.2662793363699717 -0.104634710616188 -1.70481313269272
-0.4617055693747801 -0.104634710616188 -1.680290932754256
-0.5003730824374817 -0.1674437693273846 -1.585293506439955
-0.5594186858771868 -0.104634710616188 -1.668029832785024
-0.5630571734709658 -0.1861562569970552 -1.493499280259959
-0.4133677869232584 -0.1868565505571 -1.493474825469972
-0.3639924528723755 -0.104634710616188 -1.692552032723488
-0.3611278629755256 -0.1684916791441763 -1.593349295513223
3.228503423360094 -0.109092347698245 -1.769648928010179
-0.9416259216340369 -0.181556328168206 -1.49365991331427
-0.8928956183600836 -0.1608801210293943 -1.565753699483998
-0.8252265257720126 -0.1834621318340985 -1.493593361183756
-0.8525580353844018 -0.104634710616188 -1.631246532877328
-0.9502711518868076 -0.104634710616188 -1.618985432908095
-0.9971203390358473 -0.1586167338252423 -1.559775151351845
-0.7833376087774224 -0.1633193835252398 -1.570857117029171
-0.699652863763551 -0.1850082403413247 -1.493539369884966
-0.7548449188819971 -0.104634710616188 -1.64350763284656
-0.102024206997102 -0.1499543276834302 -1.676987866350983
-0.6206298084971783 -0.1656048324075779 -1.580277762281249
-0.6571318023795906 -0.104634710616188 -1.655768732815792
3.358266009535764 -0.104634710616188 -1.769648928010179
-0.6868075088943663 -0.1578716320017068 -1.595136642780058
-1.138811670241791 -0.03217428741390141 -1.498876449125658
-1.63571332276088 -0.05450346383307612 -1.498096697102983
-1.536532895856543 -0.04811921263604706 -1.498319640067412
-1.337986486869932 -0.03869581030496435 -1.498648712528044
-1.437281245366055 -0.04295488391249109 -1.498499982400347
-1.23866363755068 -0.03514922543179164 -1.498772562000883
-1.833453057968154 -0.07439903674733105 -1.497401928387338
-1.734757089137152 -0.06273145261923825 -1.497809369403201
-1.032665414875502 -0.02956398040361348 -1.498967603055067
0.09041823142206615 -0.03897454931361347 -1.618068510156801
0.2439530866967531 -0.03903057391748434 -1.62401027167913
0.1967283109429942 -0.05893720965142421 -1.707919608413377
0.1148871887783085 -0.0787392504601476 -1.737833389322618
0.02203721053496765 -0.02310523525839603 -1.499193147405489
3.389338739953668 -0.09857565995194209 -1.496557662101321
3.328646073324564 -0.09998776636718895 -1.630940814603866
-0.06668575405876478 -0.03553118013395803 -1.591621696784553
-0.1737271978927607 -0.02233655512683727 -1.499219990307176
-0.2215730143381996 -0.04000703279948341 -1.604342238507471
-0.5903169214620875 -0.0432172427049545 -1.585124302965704
-0.6607249713204904 -0.02388037816166471 -1.499166078818841
-0.5142526423649636 -0.02282431248734212 -1.499202957444822
-0.3730367130968674 -0.04338447669871412 -1.605326903196589
-0.353036693992872 -0.02227975615786275 -1.499221973770879
-0.4977407867700228 -0.04685895019352703 -1.605064295609631
-0.00703022001322494 -0.05354160996895099 -1.672196865980365
-0.7176887857384638 -0.04502191794108687 -1.578245137783135
-0.7945290013271996 -0.0253826413472939 -1.499113618632419
-0.9182347618583342 -0.02729069408714171 -1.499046987962513
-0.8791129587045745 -0.0475488197225807 -1.568447804133313
-0.9876791093242203 -0.05028011579495839 -1.563198774151727
-0.7835985977863053 -0.05286866939952534 -1.590942622300782
-0.1299760045798439 -0.05494317016990387 -1.664334757604753
-0.6572193565928101 -0.04504570319167869 -1.584256658418971
3.279730068893034 -0.1077268686081353 -1.918652861446636
-3.419818667984369 -0.1311422935273637 0.441984675242089
-3.476030646713459 -0.1296445545850272 0.5701289705595111
-3.597334182958147 -0.1165610711127797 0.4427399506648039
3.087578210471747 -0.120649061672958 1.495786841927923
2.880739196110949 -0.1271533630033444 1.49555970672046
2.871184839249973 -0.1335798172016059 1.29740145817674
2.577762497318198 -0.1491537334619779 0.947321369447053
2.53159200082435 -0.154288134304002 0.6865004692634172
2.683270164228579 -0.150772109996248 0.6895185250922288
4.620055336376803 -0.09755088592764417 0.7474885303315987
4.600827880866341 -0.1023579965255887 0.5977280916988763
4.693334812673429 -0.09967978077082237 0.597268402010032
-0.9316625246946055 -0.1987852041682034 0.6388563435375748
-1.077133786352607 -0.1995595123648112 0.7409386557749142
-1.088468413178781 -0.1977402477118083 0.586314186164808
2.979649417581445 -0.1436763562146859 0.6924867738918712
3.1272422745517 -0.1400488324706645 0.6921206701458869
3.056219338251599 -0.1385404231043347 0.868431215684998
2.953450429352161 -0.1374078143371624 1.049503679041766
2.912423427898488 -0.1427097599359197 0.8429589891321517
2.769693232928455 -0.1454092491567867 0.8907403338639235
2.75329128863138 -0.1418363271795093 1.091796930053626
2.014380585989768 -0.1608349799135673 1.055774304669446
1.776570010720415 -0.1652583077590062 1.125268142605508
1.929267345472276 -0.1649871176318908 0.8900581617621228
-0.08812891116221867 -0.1866827323810983 1.49348089533443
-0.02176780052938315 -0.1940132637067776 1.351573112567934
-3.178554827156319 -0.1506572876417751 0.6417537279920249
-3.233723370261971 -0.1432376987495322 0.4410416433343278
-3.047097957006018 -0.1531432877852305 0.4400030689292026
3.421186933726978 -0.1326870275867991 0.6867443008751812
3.568217264159752 -0.1289577250238616 0.6813355195952744
3.499007006441845 -0.1248031690111525 0.9470609472813607
3.382010796298839 -0.1211565349460694 1.204904760061047
3.656732296453026 -0.1133351229069038 1.186245613424575
3.867755594701123 -0.1213175054726836 0.6639466060330395
4.022482957740642 -0.1173704834547104 0.6513288219681441
3.945351720681917 -0.1146657927274453 0.8471631357660658
3.792586656031051 -0.1199139388676263 0.8121087330013188
3.654157434894363 -0.1216664334476111 0.8978594382303177
3.716749128841439 -0.1251724941912633 0.6738412103935497
4.344943302081297 -0.1091725609160119 0.6176037085590355
4.321333904116287 -0.1033154399974927 0.8557834850995524
4.18222230988526 -0.1133050498286727 0.6357537085253042
4.508312986011317 -0.105021078051405 0.59779289060404
4.464864742604781 -0.1018053224374506 0.7613093868710779
2.058799318229262 -0.1646384253496673 0.6740727009439552
2.137155167822723 -0.1605483100807159 0.8812354594690814
3.130676861889773 -0.1275225386737666 1.243382154637791
3.297644559768314 -0.1137788848441971 1.496026753789328
3.181974386953271 -0.1317130801834312 1.025992041080789
-0.4137297939526196 -0.1868555038818716 1.493474862020677
-0.5633531341923297 -0.1861543195804982 1.493499347916036
-0.5587701249425633 -0.1978389807445328 1.355746992512743
0.138203456676038 -0.1923331981544227 1.345440652451277
-2.220304461731192 -0.1858297037144193 1.103444003472846
-2.241449250122249 -0.1864388733471818 0.8864940567862082
-2.057628102292504 -0.1902473208934714 0.9546658652884742
-0.6998949014685338 -0.1850057326242542 1.493539457456377
1.895150220908855 -0.1679678818979213 0.6708521242589767
1.237519155672309 -0.1800483716545029 0.628705351753543
1.402023192087857 -0.1772622847527808 0.6421187333817967
1.338571665561447 -0.1772781097147391 0.8316860726066251
1.62530759374497 -0.1719395017657976 0.824018935593168
1.71397968871659 -0.1687458888804914 0.9569342318682565
1.498646265162786 -0.1723542538021334 1.03101760789393
-0.1806879855443239 -0.1969650020621505 1.278999643871364
0.009479544059626255 -0.1955854226683726 1.172582588671408
1.232405578904573 -0.1781695819511405 0.9619150864752369
-1.138721298319759 -0.1957820495599664 1.378844954707168
-1.150256950155081 -0.1767812709951626 1.49382666198512
-1.260459974602766 -0.1906017394640809 1.416925358673244
-1.860955182649225 -0.1938563711843007 1.182584479462193
-1.670041471565682 -0.1964855184987604 1.08441332974729
-1.748180241594512 -0.1947998898402385 1.26121371540151
-1.017986204417848 -0.1995341929348121 1.318519707483161
-1.120039612136482 -0.2009546749318203 1.21519116524727
0.7140551797298484 -0.1870946484129526 0.9207946975481009
0.6549551583713191 -0.1885135696165467 0.7466081251428889
0.8259638753654347 -0.1860469363059285 0.7697625152758226
1.14110958183337 -0.1809558181127454 0.7964822534500746
0.7533397006202383 -0.1871652133533082 0.5962042825924112
0.5962790101211872 -0.1891310079383489 0.593575669512334
-0.9120736584975281 -0.1976713854938393 1.366381896711405
-1.049743201882498 -0.1793198692773907 1.493738012179674
2.219510823831286 -0.1612334051694559 0.6784016147021502
-0.2484141809066432 -0.1870350162283942 1.493468593311402
6.068221231073979 -0.05105048104567336 0.7300558916787728
5.878031967652951 -0.05512159831577071 0.7882755810503688
5.961937533419272 -0.05977641013804701 0.6068822919646031
-0.389555688350205 -0.1990387208602339 1.240654825251216
5.668772755760709 -0.05960091947269361 0.8523328579721503
5.729272728149906 -0.06316472219432864 0.7183634728262489
5.574736841002919 -0.0674488166841949 0.7408767780177918
5.523260104496454 -0.07491374784282867 0.5815959277139565
5.668851155937068 -0.0699802807655083 0.5900587908050273
0.9714031284950387 -0.1830303910205443 0.9215130190850116
5.815553910185416 -0.06491884429577305 0.5985188238950844
5.298538089516201 -0.0744248979207543 0.7974914453332516
5.240524287524284 -0.08372748057274598 0.581629991138134
5.37759933056202 -0.07976245557450277 0.5730563927876121
6.24910251617866 -0.04941434233041822 0.623042217546865
6.240491847091045 -0.04736292336033354 0.6773213599183558
6.106445784491116 -0.05460791640533889 0.6150569740678913
6.391980532964382 -0.04412021557446884 0.6309484781046636
-0.06207170740875106 -0.1943772359494957 0.4745326325108791
-0.1767751717631109 -0.196705214942202 0.6514602770768836
-0.2257665677704375 -0.1952216461986939 0.4691179322819581
5.143059535047412 -0.08023710311513926 0.7773526973988909
4.978078056624804 -0.08716090988746025 0.7280179409051099
5.110215002482696 -0.08752196862739912 0.5877889379393564
8.270417082105576 -0.006345631466191295 -0.0004437297781989345
8.349026328558935 -0.002228455790016184 0.03186840252085876
8.263373314495274 -0.004061910836416478 0.05808803123611363
8.354121027019875 -0.003450500443756224 -0.000241282495641291
8.453132483491535 -1.811883976188256e-17 2.330580173293129e-16
4.796815323357602 -0.08987632990492093 0.8173863742402501
4.595243783048051 -0.0916475042916518 0.951835251691985
-1.857567135379492 -0.1842644730425288 1.37337110561943
-1.991299921154602 -0.1880164034838851 1.301355990849049
0.9823441257126699 -0.1837362459970185 0.751214761870429
1.073883302172144 -0.1826380857693719 0.6157811394688942
4.84113077443398 -0.09537976069280284 0.5954184205419371
4.976557719177834 -0.09142555834612005 0.5923519356873239
5.441059153271073 -0.07241821148099697 0.7263646407895867
-1.243619783350112 -0.1988813090538959 1.309168344639829
-1.374515917414201 -0.1944530527230862 1.366802995864592
-1.323676186174245 -0.2000757664155104 1.185631917579712
5.184662296480447 -0.06996359934199546 1.000526084308182
3.340251825011412 -0.1300047314260259 0.9137130939247713
3.274514027099243 -0.13638025607529 0.6902407544044742
5.438779284100737 -0.06452407011559649 0.9227371922478205
2.83246009980099 -0.1472347266324344 0.6915679637699614
-3.497750213988165 -0.07169253553891364 1.025251023839455
-3.575740958897634 -0.06746860360559583 0.9648459829700076
-3.457288404726633 -0.1210129568149377 0.8827726026290798
-3.83666856194765 -0.08739942893846339 0.5508563176978893
-3.810795614273411 -0.08713873632843669 0.6586653723265216
-3.925068540080888 -0.04351138613890436 0.6222418115393928
-0.7618772317570806 -0.1982976978792725 0.5957298478780579
-0.8491997510197901 -0.1960568401274473 0.4507804069066709
-0.7057600746256193 -0.1962165592687027 0.4546120444992337
-0.9584601381107429 -0.2004120196320157 0.8890237315665838
-2.434010206088334 -0.1795548388698626 1.057763398044943
-2.291243226124967 -0.1841366879864589 0.6491761643763361
-2.108872540103373 -0.1833052784829912 0.4355578141335107
-1.984835589917994 -0.1911468271610066 0.7177166268205563
-2.980244303868108 -0.1603737393748499 0.6062748902360725
-3.037094386996775 -0.1579774045230486 0.7894917135682669
-1.205969376156291 -0.1998400067568243 0.8829388455428268
-0.6059850436016055 -0.1993210651967955 0.7314362077064887
-0.5532279245726419 -0.1961511824866298 0.4589662353121506
-1.422758340240625 -0.1988356121320865 1.016489998209091
-1.511521304847905 -0.1985804302837127 1.174987105611542
-1.326508793083009 -0.1938182674815415 0.4403466150214704
-1.147329207233049 -0.19498288679699 0.4437837462181628
-1.25813862253428 -0.198039796538412 0.6576130061671339
-0.3196508909610359 -0.197106170852181 0.5994721019471947
-0.3532430373852901 -0.1985128312015551 0.7985381205739497
-0.4632447809713632 -0.1978520880330817 0.6122710451219596
2.59921570166018 -0.1427184629481968 1.238444642361853
-3.75697157179004 -0.09916996844232219 0.4431818181818182
-3.723089189463196 -0.1043204933148906 0.5977551130813702
-3.968880152041131 -0.03735698277227283 0.534229742984011
-3.859892213046209 -0.0837845766619245 0.4431643715071152
-3.931312941390904 -0.06864891703343901 0.4428668990106736
-4.001434644726938 -0.03085002954282809 0.4411759765016873
-2.912854404783351 -0.1551378152529235 1.123912555057512
-3.030398990942433 -0.1447645128045363 1.153615603702948
-3.026510728027066 -0.1537483970938155 0.9596150846542271
3.200451200580369 -0.135396168375937 0.8382276345326001
4.903913642855771 -0.07597319563449312 1.086467315224767
4.594368574602207 -0.08259919675870354 1.181223545918686
-3.549049032483761 -0.1175159230274491 0.7956257337519494
-3.389096580222295 -0.1361023203014727 0.728954380157782
-0.9030524473587997 -0.2010488690216745 1.141249055578922
-0.7532027800938726 -0.1994179312093805 1.324927876092944
-0.6450704896728764 -0.2005744052605847 1.169757814802005
-0.990382589069381 -0.1956776403148076 0.4472894522430289
0.912026649196189 -0.185014435151149 0.6044268003319949
1.037978772192933 -0.1831466346588805 0.5143917330394809
0.8987661967157317 -0.1851624053368182 0.5639971533667683
0.8864086457665762 -0.185215984087175 0.5086176298408693
1.043426306665122 -0.183099677045013 0.5438008473139919
1.183987418639378 -0.181011983680641 0.5199289774400294
0.7488751547755249 -0.187192374099306 0.5805777960912468
0.7330514709764111 -0.187151366312008 0.502909159776693
0.5770265515935951 -0.1889498076461082 0.4971441356772419
0.4189500812929046 -0.1905895902352434 0.4914039165528444
-0.09323417095370569 -0.1967426328160627 0.837850518145727
-0.01822886530036134 -0.1954747896847855 0.6379140948116805
-0.3914933720262105 -0.1958233393209408 0.4638523860589052
0.4724595284672517 -0.1908368238944343 0.6971002093807522
0.5301610380419555 -0.1899590093082568 0.850107615628342
0.3168518962363343 -0.1926546555445702 0.8274936493045127
-0.8254268987422899 -0.183459256980806 1.493593461575846
-0.8009950291605011 -0.1998801407279377 0.7604508803887492
4.113689891833175 -0.1096524765146024 0.8509472810134668
-3.333668922571128 -0.1402331099442164 0.5756538950141348
-1.863352252481363 -0.1937065921586296 0.9761548557493068
-2.024153695075826 -0.190616422682756 1.136510161627903
-1.722156261514999 -0.1935351863745411 0.617836295579816
-1.720703641416578 -0.1897174864029837 0.4355422434471132
-1.52547922281745 -0.1920274098365303 0.4373777701231831
3.804623623898759 -0.1149301073900128 0.9864064160843905
4.19686987866168 -0.101282606621402 1.039734841435989
-0.7397010847494947 -0.2003732618946827 0.9560801074981834
0.09962125148984169 -0.1933134223855296 0.4800651633337457
0.2598363906525459 -0.1920474901190588 0.4856942435119
0.1257180054595921 -0.1946075545295076 0.723091194021636
4.258240810666642 -0.0897942167093712 1.28411712494358
3.979082992108009 -0.1057403865983486 1.11104174265066
2.076081747712679 -0.1562322084306187 1.244427543699244
0.3138184764541906 -0.1924835181136338 0.6461279987455824
-1.916429080541646 -0.1868101684423182 0.435082897534858
-2.85988839172699 -0.1614065533342664 0.4389596993185704
-3.255104501827865 -0.1434701689030792 0.8242979347919777
-3.531679364826276 -0.1246482287705353 0.6760355377239662
3.564941547176137 -0.104634710616188 1.496346075389736
4.989748340286232 -0.08064448416862277 0.9017644769020968
1.565606081084039 -0.1743186426557267 0.6550936019567831
1.730248898209409 -0.1711953655414062 0.6667648107716085
0.454300878857814 -0.1905146843501103 0.986684911774411
-1.479032729524445 -0.196391205540869 0.6431795062440991
0.2422787427365023 -0.192824848378006 1.15958909687519
-0.4953681805933172 -0.1995359654324415 0.9881675455219322
3.909351143722253 -0.09726241298347568 1.390917307399179
-1.626313264285557 -0.1961875179008644 1.276585545583975
-1.412770740248273 -0.198561948131501 0.8324087954420609
-1.136008748824737 -0.2004170585989153 1.050372110835692
-1.474435074963143 -0.1972116634470446 1.300908626486385
4.394703474274415 -0.09368217105648824 1.074758496090364
-2.804578020616832 -0.1687001091700942 0.6704569195833219
-2.463858140173273 -0.1806292484207462 0.8465963196988862
-2.638191019770618 -0.1729167225932794 0.9854568442293064
-2.664738804926447 -0.1742356864830843 0.805299435893495
-2.555191040956134 -0.1768278148269917 0.6343431792763528
-2.672231380938241 -0.168364721134394 0.4379494582238881
-2.295920259805761 -0.1791876310495168 0.4362105330603018
-2.483948838371262 -0.1742480686241187 0.4370186164670615
-2.351001375834539 -0.1802394632708363 1.238409768850399
1.485489428695113 -0.1748139392732692 0.8007270943103115
-3.362908206489288 -0.1292931353757833 0.9093782772338017
-3.171009384730107 -0.1441565823529792 0.9459727519073934
2.374867975354321 -0.145480881022724 1.373762461672124
-2.783271793061967 -0.1642136063771686 1.078953380760115
-2.851503425325999 -0.165038521906404 0.9074653954171084
-2.62464106030661 -0.1709808905570471 1.14748864863696
-1.639600219288724 -0.1544837989403815 1.494605306866993
-1.737219305266299 -0.1462998735967631 1.494891095837455
-1.731008377500913 -0.1836685329794395 1.399340427248298
-2.608193396646663 -0.1653701758167107 1.282473508503029
-2.727600302724202 -0.1576703456461539 1.282873806042498
-2.810945120201023 -0.09597948744523643 1.372570617444616
-2.713489344096421 -0.0973054725705165 1.391533088182614
-2.5010100883516 -0.1753707813861157 1.207026448575903
-3.730026166971474 -0.05887421348986824 0.841940478245007
-3.803056963023257 -0.05425010074590574 0.7758125851601929
-3.73035472116607 -0.09684105907507318 0.7259906141331464
-2.166950031504852 -0.1676240428268272 1.395583190951557
-2.272903819853494 -0.1700354500925245 1.364171083988783
-2.156153779610865 -0.1853275089604383 1.268888605106537
-2.225055759740065 -0.102324664505225 1.463310876919275
-2.131382811383375 -0.1030940643525232 1.474313807353416
-1.834491744001655 -0.1347146998127464 1.495295659020689
-1.927628310628097 -0.104634710616188 1.496346075389736
-1.944420051522946 -0.1688694799008986 1.427902012320083
-2.424345462494026 -0.1005184732599397 1.43748113872465
-2.385486229990745 -0.163087237627019 1.367070292651466
-2.324566556933299 -0.1014547301083931 1.450870235444945
-2.064632118335126 -0.1715656699764482 1.399643634124293
-2.032326266553365 -0.1038634641998186 1.485316737787553
-1.595186147049396 -0.1877745884274014 1.394405080436647
-3.002381815267969 -0.09275022019443997 1.326389944237236
-2.953630313344344 -0.145019299045323 1.239181875214211
-2.905100873807254 -0.09451916869065052 1.351687086306861
-3.095185784106655 -0.09069218335899036 1.296958646309445
-3.185649115649448 -0.08811183728491387 1.260057978277253
-3.116844631657432 -0.1322412513334319 1.19661306621022
-3.302993719707198 -0.1289046008510133 0.9883628986140625
-3.253119887658153 -0.1251788190559187 1.086729426533743
-3.270829227904821 -0.08475125928079776 1.211999473810732
-3.346938784888936 -0.0805340280212708 1.151690257040854
-3.412688052877797 -0.1135754495778655 0.9929502334924329
-3.421042497560275 -0.07600910246974679 1.086980806892062
-2.49903101746823 -0.1661819954100034 1.321325528160299
-3.195205514627907 -0.1247823670509784 1.167735212912648
-3.11278793513763 -0.1416404698327209 1.073183672597371
-3.636290922254498 -0.1127977787543476 0.6948550541484252
-3.658937786278284 -0.1006744995773316 0.8019911765776611
-3.618163376433968 -0.1166290688985828 0.5604713343247796
-1.248249549324489 -0.1738051391539266 1.493930590799124
-3.869269874514221 -0.04916339845500478 0.7030693533507696
-2.668848554308595 -0.1478371202893889 1.346623864584128
-2.618164730458639 -0.09846523937948078 1.408118526253227
-1.665969993721644 -0.1963301635263613 0.8467503723611534
-1.44401779372649 -0.1659955204735347 1.494203308692881
-1.497754336931244 -0.1863129883510455 1.417368268121396
-1.34614775663381 -0.1702523842375818 1.494054655734619
0.1152592973697519 -0.1946638993904017 0.9734109801606382
-2.84558402332445 -0.151539476294237 1.262335453620356
-1.541844639989404 -0.1608430360084748 1.494383237415195
-3.653549793340362 -0.06323687123662784 0.9043293906736727
-0.2143338597957681 -0.1977141458126717 1.032520388137723
-0.9417907646765131 -0.1815532767786173 1.493660019871142
-2.755192122094266 -0.1632468011629921 1.188393696299496
-2.46442681156685 -0.1471563740564662 1.394173361788621
-2.516854993035624 -0.09958221641148603 1.424092042004351
1.787183765100937 -0.1689225684226899 0.8031439223111565
-3.0414294801737 -0.1333125115994922 1.251152307342174
2.377091232958064 -0.1577779557816683 0.6827026013359314
2.335116611988507 -0.1555738203338002 0.9119792208530552
2.223308690574242 -0.155055477625104 1.107122103596453
2.417950270345828 -0.149922382128399 1.122798807507907
-3.56251527515227 -0.1047207106042039 0.8886029303095591
2.453487831395297 -0.1542977032314123 0.8143596319979975
-3.340238938572935 -0.110875136818374 1.086334948075918
-2.564680833978171 -0.1481354148052055 1.371413264230815
-0.02438501276374578 -0.1626895602434355 1.643968223555398
-0.1401481890736108 -0.1715815901214376 1.595577760025957
-0.07085310336515846 -0.104634710616188 1.729335332631184
-1.684848354851258 -0.1325429820807596 1.515548421112477
-1.731976083906046 -0.104634710616188 1.520896633154239
-1.634262967403641 -0.104634710616188 1.533157733123471
-1.536549850901237 -0.104634710616188 1.545418833092703
-1.438836734398832 -0.104634710616188 1.557679933061936
-1.829689200408451 -0.104634710616188 1.508635533185007
-1.243410501394023 -0.104634710616188 1.582202133000399
-1.145697384891617 -0.104634710616188 1.594463232969632
-1.047984268389212 -0.104634710616188 1.606724332938864
-1.341123617896427 -0.104634710616188 1.569941033031167
2.817807176770574 -0.1265931414493167 1.592469562654772
3.358266009535764 -0.104634710616188 1.769648928010179
3.295235394517591 -0.1099947150727722 1.646957124656801
3.458107872051782 -0.104634710616188 1.637620405679457
2.945752265926882 -0.1207285567315184 1.669065673488419
3.147033098070296 -0.1153411241806613 1.629733616257888
-0.1685662198675651 -0.104634710616188 1.717074232661952
-0.2585637514526093 -0.162852937598392 1.623214267240494
-0.2662793363699717 -0.104634710616188 1.70481313269272
-0.5005461936391757 -0.1674384081240196 1.585297025491816
-0.5594186858771868 -0.104634710616188 1.668029832785024
-0.4617055693747801 -0.104634710616188 1.680290932754256
-0.3639924528723755 -0.104634710616188 1.692552032723488
-0.3613226633948069 -0.1684863433670317 1.593354354494525
3.228503423360094 -0.109092347698245 1.769648928010179
-0.8525580353844018 -0.104634710616188 1.631246532877328
-0.8929884066397978 -0.1608754201248648 1.565755390155086
-0.9502711518868076 -0.104634710616188 1.618985432908095
-0.9971977459042379 -0.158612336182146 1.559776440230602
-0.7548449188819971 -0.104634710616188 1.64350763284656
-0.7834513407243203 -0.1633144273890079 1.570859125369184
-0.102028025072927 -0.1499586480155539 1.676976771128385
-0.6207718141456068 -0.1655996350417538 1.580280553833676
-0.6571318023795906 -0.104634710616188 1.655768732815792
-0.6869105843323157 -0.1578666852042767 1.59513778348748
-1.537612210115402 -0.04818134496275888 1.498317470358753
-1.240588499882442 -0.03521205566552838 1.498770367920774
-1.339629516374116 -0.0387600902761373 1.498646467821987
-1.438642430994553 -0.0430190018067011 1.498497743354143
-1.141082642467614 -0.03223603166534184 1.498874292968886
0.1146914754651205 -0.07878774457337362 1.737869783931114
0.08928590250666926 -0.03886755281871651 1.617414995616704
-1.833686799333203 -0.07443398266097152 1.497400708049143
-1.735272645948814 -0.06278114027953068 1.497807634271869
-1.683666428612149 -0.0770508169893466 1.5177977457272
-1.636510749496116 -0.05456112101142965 1.498094683669948
0.1962572255061544 -0.05906056433445613 1.708226974269567
0.01409753255895486 -0.0230608125535251 1.499194698680526
0.2440165791306033 -0.03922625489578712 1.625264519425523
3.389338739953668 -0.09857565995194209 1.496557662101321
3.328646073324563 -0.09998776636718891 1.630940814603866
-0.1830604255157916 -0.02231777513249172 1.49922064611903
-0.0678399678689517 -0.03558849820468936 1.591891386961707
-0.2003489554583065 -0.04333200968430989 1.619600817949085
-0.6230201296005754 -0.04453848815151361 1.586079834305255
-0.665739668208554 -0.0239269493588531 1.499164452516798
-0.5203943062206238 -0.02285734991322384 1.499201803752488
-0.3337200364950966 -0.04215544213033476 1.604209707946829
-0.3605935789796626 -0.02229199799394314 1.499221546276543
-0.4837810925532512 -0.0420216190704286 1.590860156762948
-0.007798447711206357 -0.05346472062508194 1.671885986175318
-0.7478813032501452 -0.04724264082292644 1.581237555919542
-0.7986545661832654 -0.02543790139672879 1.499111688908971
-0.8810422597226484 -0.04764258894293434 1.568475401496497
-0.9216340024584098 -0.02735078102166554 1.499044889680523
-0.9892498401652048 -0.05036814128359006 1.563219771660899
-1.035465277992299 -0.02962633691953184 1.498965425517548
-0.1260361620447246 -0.05641749159396697 1.6687026634857
-1.093213425036781 -0.05348033756927584 1.558117420619427
3.279729451138964 -0.1077268886002256 1.918652539542223
6.646328855822108 -0.4605040544075698 -0.7851396258387314
6.503180158187115 -0.4681533593617458 -0.8005533261439373
6.520133251159073 -0.4810545837907542 -1.007214147797397
6.769885291282751 -0.4739186120531471 -1.013442797745898
6.996084756126097 -0.4842112028334432 -1.199268992422915
6.969649742324984 -0.4592221663593743 -0.9731312847889739
6.247469001563901 -0.4798030271445209 -1.004003880277874
6.336935554351325 -0.4855200507143475 -1.199268992422915
5.539335540191644 -0.3562897660920573 -0.8648953047113184
5.606573911599869 -0.3586363514133008 -0.932092716320404
5.604553742651993 -0.4073842500948848 -0.8741930338252482
5.673274165089924 -0.3609641566900327 -0.9987523378182124
5.731826838480921 -0.4260295889409914 -0.9548431230087646
5.788301024253873 -0.4512808188048177 -0.8647770853049772
5.866202942944433 -0.451479469451969 -0.9670466936885342
5.921341830797093 -0.4655168975425606 -0.8540390837071012
5.685117212925475 -0.4322296475758824 -0.8718968421261613
8.055976494690716 -0.4028004611732134 -1.199268992422915
7.920592849390209 -0.3881794234661031 -1.04937599222741
7.781548583309964 -0.4293210341132989 -1.199268992422915
6.825531071170428 -0.4581266582576123 -0.874373604523053
7.111585245735027 -0.4382431965392326 -0.8726752424297766
6.919664865966729 -0.4404316890736729 -0.7533622763128165
6.742440794666257 -0.4919918062155142 -1.199268992422915
7.516740465201233 -0.4517309874165375 -1.199268992422915
7.609039356963105 -0.4127512248645238 -1.007826562367728
7.273744197917019 -0.4383786774929016 -0.9811810869473427
7.255067624736681 -0.4703012802540092 -1.199268992422915
7.425181402238803 -0.4353969542485083 -1.050269464275861
6.356701871542723 -0.4733751370452303 -0.8153918586904951
7.766956498505385 -0.3862436141375693 -0.9354078536295777
7.829107942737276 -0.3518569094957341 -0.7379549004521619
7.611709731753678 -0.3853112263099392 -0.8110177306598809
8.108222857755633 -0.3616021802875106 -1.017022943156069
8.373913043478261 -0.3679663525647395 -1.199268992422915
7.939911520459332 -0.3561836870387374 -0.8618575980724366
6.521959787494056 -0.4921707884392179 -1.199268992422915
6.062643155423015 -0.4663514429660639 -1.086693887806857
6.184720331546196 -0.4730835187564735 -1.199268992422915
6.051292401678865 -0.4535900751050645 -1.199268992422915
5.947570066145904 -0.4267498989850079 -1.199268992422915
6.061401306863372 -0.4730178773707292 -0.8424339797432633
6.207382330664801 -0.475328641724726 -0.8295433336587859
7.44524468104993 -0.4099506563836625 -0.8752428251237976
7.416936213280685 -0.3904235065775136 -0.6885112920253129
7.532399432803452 -0.3767578488254384 -0.6723650207652101
5.873913043478261 -0.3679663525647395 -1.199268992422915
5.913790696541215 -0.4436399495880368 -1.085260766511146
5.806674672070031 -0.3656197672434965 -1.132071580813827
5.801483235867508 -0.4244160034987804 -1.040669087207563
5.739974418579976 -0.3632919619667646 -1.06541195931602
7.298034540561241 -0.4037217189947118 -0.7047644641043057
7.290556264165071 -0.4176486633402509 -0.8226298957415162
6.0164770445342 -0.4682530348923656 -0.9663068975521434
7.645015735540762 -0.3627176834715567 -0.6563822777842663
7.049703214592355 -0.4288471944147003 -0.7372336706913551
7.175711198344788 -0.4165600376261031 -0.721021173742022
7.125500771090493 -0.459093255617415 -1.058281017538742
7.753901420822168 -0.3484682156716112 -0.6409154058063266
6.785340339698262 -0.4510935039273517 -0.7693466208835089
6.954243648996624 -0.2639360614591511 -0.8557394309440092
6.785582458754473 -0.2521294784200999 -0.9063531077305064
6.885296636971729 -0.2622373131942093 -0.7379471223106371
7.450761354677047 -0.2926294575821621 -1.045768793666666
7.301769652839946 -0.2854558068303639 -0.9664232096504766
7.487461645211531 -0.308238623782629 -0.8598709537821265
6.259598894916866 -0.2373897551948141 -0.8993741712764611
6.057130295775284 -0.241842119453363 -0.8915253243395217
6.184486535980612 -0.2326430847239211 -0.7766037155204349
7.779983757341639 -0.3064698033226748 -1.199268992422915
7.930618388337609 -0.337309760634287 -1.059347202960963
8.054842853429141 -0.3330160526591164 -1.199268992422915
5.597431358029214 -0.2927008273663603 -0.8342444303496849
5.825258769477674 -0.2475790269259615 -0.7991472562619367
5.791675452829984 -0.2687662733306251 -0.9084506350151649
5.705921969924681 -0.2639147286592298 -0.8134749338196237
7.509782308968903 -0.2836588853350537 -1.199268992422915
7.241762969602495 -0.2647980202733657 -1.199268992422915
6.990238975009794 -0.2514697771230704 -1.199268992422915
6.97088508259424 -0.2600781541489183 -0.9968057229959839
7.131671156015871 -0.2676983261538346 -1.053076353466928
7.621336485191004 -0.3256517728255963 -0.7914138563608859
7.545543554621696 -0.3240300835702706 -0.6664509454995082
6.826061942998196 -0.2499594012115565 -1.069788848476553
6.615440024298576 -0.243486223869012 -1.027881847994771
6.420329004435762 -0.2367314684491569 -0.7665954947738118
6.448180769914377 -0.2388814152347209 -0.8888209763251109
6.302913723701958 -0.2337383569609287 -0.77161415859614
6.611284380984317 -0.2441607805798312 -0.8770819527995752
6.653211822491349 -0.2471460227788713 -0.7546877671651995
6.524511097871082 -0.2437193838438968 -1.199268992422915
6.746615514334168 -0.2440106734474344 -1.199268992422915
6.401476957651784 -0.2411396423889803 -1.031506629978922
6.338369382601451 -0.2503300691825884 -1.199268992422915
7.632855396366056 -0.3051794575098993 -1.087332671336219
7.619931848783191 -0.315764183651678 -0.9427698812119856
7.782126927810065 -0.3269744885487825 -1.006228468909856
7.117013261791631 -0.2748414372898806 -0.8836963211010688
7.118997828158511 -0.2813057753972664 -0.7139124085588318
7.250619952553842 -0.2888845378709231 -0.8133198208053256
7.227847698000002 -0.2913294610082358 -0.7011167362229743
5.77919517209057 -0.2980877365693123 -1.013575887766767
5.903389698353054 -0.2630364931655187 -0.9668653944904286
5.88668309339579 -0.2855612429246176 -1.066337769876312
7.00174396855565 -0.2712878671395359 -0.7270128642125556
5.68551050979652 -0.2938055982859402 -0.9164068818360832
7.33124634797114 -0.3014119567058344 -0.6896197470901556
7.386342779467001 -0.3019298909823598 -0.7976599111942713
6.05160966680964 -0.2822816639872938 -1.199268992422915
6.113835331102442 -0.257494099983287 -1.094436617003306
6.185517578139535 -0.2627617936696264 -1.199268992422915
6.16467017984045 -0.2442283569716652 -0.9853181674039704
6.254694268738959 -0.246764184969978 -1.079827968499455
5.986913449545154 -0.2766241165110158 -1.113927155169108
6.017903393753635 -0.2566910014981403 -1.012255898089161
6.537085702980475 -0.2412829521336631 -0.7610700154018089
7.759587987348058 -0.3360194344325687 -0.8600953079491768
7.723455493305352 -0.3398574843434793 -0.7365699360103272
5.945649063205897 -0.2384787221534292 -0.7893304327678946
5.90118978499234 -0.2503695904982705 -0.8749742520028173
5.889333377746171 -0.3104410635847874 -1.148182283856172
5.94764236609738 -0.3091568834123688 -1.199268992422915
6.06517961637139 -0.2339654380623132 -0.7822352622985254
7.437875504532752 -0.3123735416623797 -0.6781293820850876
7.649304793673782 -0.3358652542654335 -0.654508687070237
6.769232275422976 -0.2541667328979744 -0.7470697191881868
5.949829192280131 -0.3679663525647395 -1.262970204882963
6.921235177720144 -0.4493664524903247 -1.881903911651889
6.955750219193762 -0.4358609607400355 -1.979638717053191
7.057109081773458 -0.4656559314428542 -1.823056397865924
7.374791116445708 -0.4393217452847822 -2.272277466040006
7.421635849638053 -0.4287299854055404 -2.370574512237631
7.533419288989696 -0.4499390710206588 -2.260278244109228
8.713826630047468 -0.3925534986198567 -2.599268992422915
8.942368073110156 -0.3679663525647395 -2.599268992422915
8.838459759196112 -0.3679663525647395 -2.34336196038581
7.518204466523993 -0.4345478366270266 -2.406432697856845
7.634604993302553 -0.4441662524272316 -2.387531610339972
6.953940235957212 -0.4835386042919433 -1.406442152351865
7.870849968342704 -0.4350299501674222 -1.619518935278827
8.127642254611068 -0.4049885965805614 -1.43350400318335
6.471867091395606 -0.461339535266117 -1.48107308051119
6.614450301850623 -0.4748548612388189 -1.473275888335062
6.489846748289228 -0.481117354207358 -1.335017064862855
7.355940255225315 -0.468478590119453 -1.582532253243705
7.213661457638993 -0.4706401214198418 -1.762171133724792
7.343155964110582 -0.4669467865673351 -1.833591094244539
7.127046591814279 -0.4762117053350883 -1.593943823003046
8.398294398482591 -0.4057735423030051 -2.14304618365698
8.611064333944174 -0.3932837100927713 -2.358105074428241
8.699997781654808 -0.3679663525647395 -2.002355621356056
7.727715066724793 -0.4500909944615409 -2.275793747330413
7.772981645812228 -0.4436526380544625 -2.448400129161397
7.310287665172988 -0.4592871381425199 -2.026461946612448
7.485503132067572 -0.4614503020409442 -1.960398200032988
7.731856350679352 -0.4508370216728462 -1.882716594742554
7.512118898039255 -0.4616407512990701 -1.759326589835482
6.101491465482946 -0.3679663525647395 -1.390229962390954
6.051089705930929 -0.4217494229868887 -1.295248041278396
6.025660328881537 -0.3679663525647395 -1.326600083636958
6.145049787206336 -0.4458137101484567 -1.303249583159981
7.625680665469487 -0.4556742690815933 -2.101949188696172
7.866949648575255 -0.4457605853341893 -2.122102203100793
8.069410100241896 -0.4278432375782608 -1.932969143950738
7.935979150719544 -0.4432841374611275 -2.325629960758146
6.616053871387866 -0.456189180702998 -1.61759808301718
6.65647067082163 -0.4414475939045177 -1.722825270259158
6.72468602961365 -0.4686492061947908 -1.600804035681668
6.902615542376648 -0.461781075966998 -1.776073883184322
6.80427819619899 -0.435921553024341 -1.861416657235624
6.853220189177129 -0.4240895330171056 -1.942859482286791
6.783971694895618 -0.3679663525647395 -1.962898871176911
7.087296241301248 -0.3679663525647395 -2.217418386192892
7.08694171456556 -0.4316703169315852 -2.099893094226284
7.011465104699839 -0.3679663525647395 -2.153788507438896
7.187510217770633 -0.4380234425810014 -2.144857679224567
7.183152642516557 -0.459843724049293 -1.960620451828351
6.859802831497024 -0.3679663525647395 -2.026528749930906
6.935633968098431 -0.3679663525647395 -2.0901586286849
7.059690972373864 -0.4483204229535268 -1.987909645597916
6.249487071668524 -0.4660224744595094 -1.289970458084283
6.339715636267004 -0.4673394597590284 -1.347798155967381
6.402560280704919 -0.4633630225987724 -1.418161242511479
7.542368073110155 -0.3679663525647395 -2.599268992422915
7.623528762720928 -0.4121328376757586 -2.599268992422915
7.563812146958757 -0.4240066493676159 -2.502398681487369
7.466451924308285 -0.3679663525647395 -2.535567779962867
7.163127377902655 -0.3679663525647395 -2.281048264946887
7.251779052629489 -0.4251174357562855 -2.256172062250339
7.429758524944374 -0.4555004382077856 -2.132058694546185
7.300847112556785 -0.4466369769263557 -2.165627804427673
7.238958514504063 -0.3679663525647395 -2.344678143700882
7.314789651105471 -0.3679663525647395 -2.408308022454877
7.390620787706879 -0.3679663525647395 -2.471937901208872
6.240139307816698 -0.4379225333925422 -1.406293500802819
6.645816687776376 -0.4871510555035698 -1.326883168294102
6.973810762788064 -0.4752588282096344 -1.639178557483468
6.835726779750322 -0.46799907888041 -1.675064988606125
6.855636862299813 -0.4783571226530676 -1.548087536340468
6.770262068521633 -0.4837312098675451 -1.42488534449664
7.837627054932597 -0.4355768536800398 -2.599268992422915
7.721821755453798 -0.4274137795556153 -2.599268992422915
7.661702565515304 -0.4346313467441253 -2.503681553456719
6.750208818527077 -0.4473354532291007 -1.76685231648142
6.177322602084354 -0.3679663525647395 -1.453859841144949
6.253153738685761 -0.3679663525647395 -1.517489719898943
7.618067081975146 -0.4522294413959216 -1.534788888647293
8.499482145128507 -0.4119087002519938 -2.599268992422915
8.394136690437435 -0.4150446241898401 -2.409807806014169
8.126626779119899 -0.434817119267543 -2.599268992422915
8.030747988488478 -0.4390875347092702 -2.467950396447623
7.9719436157157 -0.4379729873499689 -2.599268992422915
7.897812535528281 -0.4422186539618435 -2.485349442934103
8.302221663158514 -0.4261203981156434 -2.599268992422915
8.190746214296276 -0.4293394774942996 -2.363848084547012
8.110324815303651 -0.4308916453340368 -2.170308576378965
6.404816011888578 -0.3679663525647395 -1.644749477406935
6.413723905242177 -0.430236921635049 -1.569836637967504
6.328984875287169 -0.3679663525647395 -1.581119598652939
6.690283225136172 -0.412955218342412 -1.839382785186976
6.708140558294209 -0.3679663525647395 -1.899268992422916
6.632309421692801 -0.3679663525647395 -1.83563911366892
6.480647148489986 -0.3679663525647395 -1.70837935616093
6.556478285091394 -0.3679663525647395 -1.772009234914926
6.5562381995848 -0.4281322702040916 -1.691176930646519
6.526674528126455 -0.4514983433032096 -1.576257127441313
7.000463094426193 -0.4219541301109571 -2.067960143295749
6.335649313212654 -0.4394174113903244 -1.477651280111053
8.526199584182734 -0.3679663525647395 -1.574322683344288
7.175545989598355 -0.4763687651756268 -1.380655961126301
7.403859403071657 -0.4636009936111725 -1.371791043081395
6.472905138587794 -0.4204042662501007 -1.644221930322225
6.327533623589225 -0.4101828141964545 -1.545549489537311
8.387683793391625 -0.3957560277846068 -1.858116618141346
8.168354311167612 -0.4107850377184299 -1.68702679701114
6.597484771142536 -0.4112823847889097 -1.766476954530687
7.295293599250868 -0.4154112468087153 -2.32563734159025
6.160476504682917 -0.4167988772255627 -1.39537577493605
7.446887018339844 -0.4141770757781206 -2.451248294872895
8.713813758912353 -0.3433779364322315 -2.599268992422915
6.636786002188073 -0.250565885733519 -1.353715505535209
7.150880813527175 -0.2586639923131154 -1.457405924179809
7.433129742797423 -0.2728135736410578 -1.459178770327842
6.575205047106401 -0.2682014935333303 -1.510435165496174
6.456860162106245 -0.266010112598922 -1.412839906386033
8.499973235919919 -0.3394348903814848 -2.158826698314376
7.815270147542339 -0.2893634537696007 -1.941714556848912
8.05647868008106 -0.3107132440980478 -1.81042481518226
8.008579741498931 -0.2989722848887864 -2.116869555222654
7.245091836625942 -0.2846737735640991 -2.088795314838032
7.188665251882536 -0.2791490510776035 -1.999197081548131
7.389901406071222 -0.2736636435228748 -1.980355571454056
7.119838422967346 -0.2730383122097795 -1.889935967344422
6.979486480646889 -0.2755819402409664 -1.837726394684992
7.10437889896556 -0.2629688330641531 -1.709081277609171
7.303847858821221 -0.2654588599237202 -1.657988843712721
7.252214945169096 -0.2677944385012206 -1.830458391558092
7.428999737559461 -0.2710125640741533 -1.817290568583968
6.067655250553496 -0.3100820064331962 -1.299719908759509
6.161557119773309 -0.2873006403903033 -1.305678549488399
6.815441126617584 -0.2630019456336956 -1.608534186302001
6.905385379108694 -0.2691729895502133 -1.728773364243745
6.763952650624701 -0.2828466204188625 -1.74453625196348
6.658022401322246 -0.2781076323252938 -1.638108287595915
6.310547576378869 -0.2678986650398565 -1.322322635821427
6.460680699618296 -0.2531924933903418 -1.300788261821777
6.751862531496945 -0.3103895148316807 -1.856762721464138
7.45419980548217 -0.2821401527959438 -2.168971294976279
7.461080594213426 -0.2957466505456891 -2.324963604462015
7.345286692187561 -0.2995574728494474 -2.270615566231464
6.667927856567895 -0.3091070047201584 -1.7852069755141
7.44871012878713 -0.3160856640597305 -2.431967747592829
7.589541540113993 -0.2853095019896574 -2.268132391151773
7.574894678559363 -0.3007589976449275 -2.441177646412122
7.805335079424947 -0.2978011802513105 -1.541337480562345
7.622978354961584 -0.279301502777682 -1.857429288779861
7.325232576092239 -0.286384588795545 -2.154648500990277
7.601848393236846 -0.2792621239293441 -2.077109803004387
7.357810697110589 -0.3186906913831415 -2.369669866843079
7.837824130591538 -0.300347659245202 -2.599268992422915
7.72189802626017 -0.3085108694309495 -2.599268992422915
7.737080128904009 -0.2949488494847479 -2.479121142613838
7.705759127996853 -0.288367772238219 -2.354033160485374
7.889130175094412 -0.2908810984794657 -2.335623991630545
6.330170699163079 -0.2932781438115226 -1.461636420298354
7.533408245744964 -0.2761046337257554 -1.667297343501572
7.777560330023878 -0.2859096483196063 -2.187681957729795
6.894156602930003 -0.302956683320815 -1.943842407209798
7.191051258725367 -0.3059400303865245 -2.188021799713584
6.508858660741834 -0.2970897356186913 -1.6173207778221
7.547334078538846 -0.3261605784888288 -2.546026193314899
7.623528816553607 -0.3237998553007645 -2.599268992422915
8.607401026535488 -0.3401539491932371 -2.412368212566761
8.499471974570305 -0.324023175630217 -2.599268992422915
8.394146497742184 -0.3210569442459489 -2.40416076667443
7.972165319244644 -0.2979603121975253 -2.599268992422915
7.884169088528583 -0.2936895003889787 -2.488440951352987
8.024309971846723 -0.2965897799903416 -2.466086427756835
8.126632138954809 -0.3011157785319326 -2.599268992422915
8.30210498383402 -0.3098051366939521 -2.599268992422915
8.196791154967965 -0.3056173345440059 -2.441480159905859
8.242126865182385 -0.3132182904993512 -2.24564503957183
8.23841478351267 -0.3195479572204128 -2.028062092597771
8.066324964112548 -0.2993883299502891 -2.317838777512208
6.738706850448296 -0.256526281565546 -1.485785077647514
7.051510882518849 -0.2935034577973286 -2.018952061393056
7.111606195011669 -0.3034898597302741 -2.115547039522392
7.243386754749106 -0.3127180570729126 -2.257091820852493
6.84481505163795 -0.2918226918994244 -1.855048546332452
6.001388365697778 -0.3147921730829941 -1.255626599979853
7.018852821748588 -0.3184317746301593 -2.096266689571881
6.825585923882425 -0.2485741733676116 -1.33189297193619
6.933087669657166 -0.2531629364800693 -1.449722525801202
6.432598517175877 -0.2891194486391875 -1.525504961898113
6.987218859811076 -0.2586607688227698 -1.598803264267156
6.412475660839466 -0.3176519682135751 -1.599620129703044
6.237077289742815 -0.2946610935883563 -1.392617451561046
6.546030508220237 -0.3119200050224104 -1.69463918291777
8.185715646745457 -0.3338217560330468 -1.507839503836366
8.386271738671441 -0.3413900986189404 -1.825046295636465
6.603816106671177 -0.3072841156701789 -1.727956199289615
6.163385002720929 -0.3162861718612465 -1.392020754563225
6.2430528298708 -0.318889088140946 -1.462945058094368
7.001705926441153 -0.2866510053404381 -1.940267559657476
6.93940081484085 -0.3132647040159218 -2.016630678985019
7.620745715023172 -0.3679663525647396 -2.658026508897271
8.625913319818599 -0.3901054718650608 -3.099268992422915
8.646091307074242 -0.3987762672068678 -2.953006876076441
8.522057187319552 -0.4066006527250973 -2.960928575969644
7.69981433831461 -0.3679663525647395 -2.715430146961371
8.055546496774191 -0.430631784887344 -2.727913184897671
8.732154326953522 -0.393928964283083 -2.852214881592999
8.567013201268495 -0.4083269101205721 -2.780860122817508
8.407560600903395 -0.4162124489847224 -2.878079447521121
8.455750168594369 -0.401901130611425 -3.043294907860364
8.544284643905081 -0.3928811388297631 -3.099268992422915
8.707412959502767 -0.3846888861605129 -3.099268992422915
8.788779616286206 -0.3775355982479506 -3.099268992422915
8.7631237031399 -0.3877678143117116 -2.981311912465047
8.402166593581192 -0.4200413071094398 -2.733017490742312
8.26428332484705 -0.422718720443708 -2.837296244286457
7.9257283756289 -0.4282727994177646 -2.707300272319139
7.841415776302651 -0.4184691950133891 -2.720479425620012
7.8609692098849 -0.3679663525647394 -2.825956082141241
7.779837506198801 -0.3679663525647395 -2.771509413761512
8.285138622457907 -0.4118259114989217 -2.954891885892825
8.287318373548761 -0.3679663525647394 -3.063183108354163
8.19859520906399 -0.3679663525647393 -3.022316567282487
8.182174233985144 -0.4299895214527803 -2.723260215714433
8.125618464466461 -0.4196408764612945 -2.854769741627235
8.02704312140977 -0.3679663525647395 -2.928869418475019
8.112067121951378 -0.3679663525647396 -2.977011112541709
7.943342770848234 -0.3679663525647395 -2.878475385439711
7.958521750384939 -0.4167000250630519 -2.796264579480731
8.283295116623297 -0.4264438881225243 -2.7252154776414
8.839783626317889 -0.3829028105517457 -2.725710099183452
8.981153946103646 -0.3679663525647395 -2.776699853060169
8.713167894054198 -0.3956301969873732 -2.738914996711718
7.774157631640833 -0.4182350381579423 -2.679473650406431
8.381308495100694 -0.4079082834726076 -2.996471402964945
8.378459027464201 -0.3679663525647395 -3.099268992422915
8.936749649022222 -0.3679663525647395 -3.01721369295562
8.974734871732643 -0.3679663525647395 -2.909562760151897
8.863753140606756 -0.3806645150468779 -2.885344300943834
8.84956441737463 -0.3775498039842044 -3.017575213539724
8.191951732991896 -0.411264126393413 -2.931390422270685
8.026828465656324 -0.4146249150727718 -2.841900722010626
8.462648082392763 -0.3909412927893148 -3.099268992422915
8.878459027464201 -0.3679663525647395 -3.099268992422915
7.973989177164017 -0.3106182914028488 -2.752409115359395
8.78877961628622 -0.3583971068815297 -3.099268992422915
8.77777834583965 -0.3497320931113992 -2.986103093993048
8.393358388451995 -0.3303432097296766 -3.015100168826055
8.502384969671803 -0.3299017274561584 -2.986095568307307
8.462648082392761 -0.3449914123401642 -3.099268992422915
8.625913319818602 -0.3458272332644186 -3.099268992422915
8.633543852164157 -0.337619871272794 -2.984490752663393
8.707412959502772 -0.3512438189689666 -3.099268992422915
8.854464373905154 -0.3541631327635343 -2.875443357633043
8.544284643905087 -0.343051566299716 -3.099268992422915
8.420497573079093 -0.3171266377351775 -2.745812056222884
8.230639233575692 -0.3071437930921098 -2.714926353889059
8.261281573019767 -0.3132744998561247 -2.839066431271866
8.400194379165935 -0.3202084475715444 -2.894479607301961
8.200818374385475 -0.3250057951717928 -2.93644383100732
8.298556916209689 -0.3250579853384484 -2.964354744590786
8.113660193556647 -0.3215067790442871 -2.883264750576166
8.116016901870168 -0.3097009560917809 -2.792144501568552
8.543571778400583 -0.3270053379681602 -2.864739354719886
8.701470203769571 -0.3392999209744123 -2.856400996869934
8.619912582872734 -0.3320441288820117 -2.729637083070038
8.020014136122093 -0.322344060025311 -2.843258917833651
7.863355819354315 -0.3209110698286797 -2.748812456635502
8.814207379255377 -0.3503801148760122 -2.725745777136904
7.791155849456259 -0.3160957794245295 -2.683087550563316
7.897029027892108 -0.3052739964349548 -2.673939532095643
8.081811663869445 -0.3033308152217724 -2.698637497450793
8.548200233829235 -0.3679663525647395 -3.111154496195577
8.467976691061011 -0.3679663525647396 -3.10772563980474
8.628463436053059 -0.3679663525647395 -3.113500940814809
8.788826891622866 -0.3679663525647395 -3.107696273973563
8.708751018940506 -0.3679663525647395 -3.113442796914702
7.939911520459332 -0.3561836870387374 0.8618575980724361
7.751039311095505 -0.3909359239687495 0.9558378210047223
7.829107942737276 -0.3518569094957341 0.7379549004521619
7.049712786311177 -0.428846314406752 0.7372326093008144
7.118247124714777 -0.4376874360785148 0.872324900302304
6.919527756948153 -0.440443287760275 0.7533790412396487
7.781785540123106 -0.4292995421693834 1.199268992422915
7.919338353058249 -0.3886909859459052 1.051566149469306
6.64621424274461 -0.4605110614385077 0.7851523110134911
6.519181277094253 -0.4810802788942461 1.007376747151198
6.503197723820073 -0.4681525589660163 0.8005514113823565
8.108222857755633 -0.3616021802875106 1.017022943156069
8.373913043478261 -0.3679663525647395 1.199268992422915
8.055962105546225 -0.4028019363136365 1.199268992422915
6.742483024101752 -0.4919911113634845 1.199268992422915
6.521984765680327 -0.4921712103212554 1.199268992422915
6.245313806901405 -0.4797978976542498 1.007939314588239
6.336949531282005 -0.4855208584348538 1.199268992422915
5.604911966657674 -0.4075318592773243 0.8741954117567027
5.686175790630607 -0.4324792326565824 0.8718413665065585
5.606573911599921 -0.3586363514133026 0.9320927163204566
5.539335540191704 -0.3562897660920593 0.8648953047113788
5.732444943679946 -0.4261200362899066 0.9551841901540594
5.788301024253873 -0.4512808188048177 0.8647770853049772
5.921328355233687 -0.4655158622515315 0.8540401624221723
5.869190367335515 -0.4515268698388291 0.9706181526222444
6.785198756160194 -0.4511040421955408 0.7693639212042065
6.825520763510694 -0.4581284857276504 0.8743866163217741
6.769790583759507 -0.4739219393232244 1.013434632672255
6.996170432571038 -0.4842074910024292 1.199268992422915
6.970458620678619 -0.4591329597743611 0.9727726260995114
6.356694708905918 -0.4733753063997141 0.8153923233288938
5.91931959571263 -0.4429082835993964 1.096409935644397
6.02962751331509 -0.4678835543101668 0.9999526081191025
6.051295461450809 -0.4535906635000329 1.199268992422915
5.947570730099238 -0.4267501371118751 1.199268992422915
6.061386231632346 -0.4730173801111566 0.842435215320676
6.207378613383922 -0.475328626457474 0.8295431703586087
6.184728074969702 -0.473084368908505 1.199268992422915
7.644772522912853 -0.3627487827516729 0.656417016230025
7.515738574904058 -0.3922041420043797 0.7880162484338106
7.532469992662399 -0.3767492754386241 0.6723550810185843
7.66514115106529 -0.3804008254224429 0.8162885722617412
7.50947075003914 -0.411564945489684 0.9334401042794571
5.873913043478261 -0.3679663525647395 1.199268992422915
5.806674672070042 -0.3656197672434969 1.132071580813837
5.803251030253218 -0.4245349450830851 1.042255674603389
5.673274165089961 -0.360964156690034 0.9987523378182507
5.739974418580002 -0.3632919619667654 1.065411959316044
7.284312304802693 -0.437845053687728 0.9836267566098107
7.326712478344239 -0.4153207692709193 0.83034316159688
7.416892358664464 -0.3904284408467891 0.6885163173747393
7.297959740940879 -0.4037298223746336 0.704774457765983
7.516944258094497 -0.4517150511317306 1.199268992422915
7.612040891694647 -0.4223262221727414 1.071773688150195
7.418388863429374 -0.4398600682311055 1.076850966912752
7.175612275831073 -0.4165700764465006 0.7210342049167842
7.127480803379329 -0.4588930301990544 1.057738881913085
7.255221755729365 -0.4702915567614868 1.199268992422915
7.725200653469503 -0.3608386811074858 0.7149371524321443
7.753901420822168 -0.3484682156716112 0.6409154058063266
7.450403242725523 -0.292444322609373 1.047795944473683
7.294701416140283 -0.283812900221631 0.9845024156446576
7.241669686308338 -0.264792218587623 1.199268992422915
7.466676526544154 -0.3052802519464319 0.8767086689938923
6.0048347649094 -0.2452458738745199 0.8985090633697811
6.145460607195446 -0.2420106032700538 0.9425933866591836
6.065410327589573 -0.2339601276912568 0.7822231525704098
7.779948616767177 -0.3064666186971066 1.199268992422915
8.05485395619943 -0.3330171903611964 1.199268992422915
7.93055540963873 -0.3373095254206557 1.059286041941945
5.597436958310539 -0.292698891981349 0.8342438567879443
5.825228024303531 -0.2475824213098627 0.7991526212702285
5.705909640561597 -0.2639170048740894 0.8134768547140475
5.788619457695341 -0.2692958838448395 0.9086254158864289
7.438600207731429 -0.3124500017707306 0.6780517176536213
7.438378749307376 -0.3086902350198886 0.7612383444077895
7.546613327994569 -0.3241489783767191 0.6663325871457316
6.968709584481839 -0.2598251201481596 0.9998800138545172
6.990176407777319 -0.2514670993286313 1.199268992422915
7.126171826865473 -0.2666820620019535 1.064546262143831
6.524491027608227 -0.2437197140224336 1.199268992422915
6.409939676074985 -0.2411923330213177 1.034890704707895
6.338358038090462 -0.250330720422437 1.199268992422915
6.746580138222507 -0.2440100730150547 1.199268992422915
6.825509171728866 -0.2499205952332046 1.070297551227977
6.617126293218963 -0.2435276241092431 1.028190207775712
6.303083893178747 -0.2337414124228754 0.7716072715783441
6.282493128068632 -0.2375799831495938 0.9069988979768622
6.452356885059327 -0.2389829628859694 0.8893075102877198
6.611927657669587 -0.2441874855172566 0.877089517370887
6.785064779511517 -0.2520965757700881 0.9065854440631484
6.653292799996367 -0.2471505364891894 0.7546826873846961
7.50967295966016 -0.2836503745285002 1.199268992422915
7.121517700938429 -0.2744011746816476 0.9021311872049865
6.954055077205814 -0.2638317829412015 0.858643918899703
7.001769684661832 -0.2712899562166234 0.7270105888263121
6.885341553829244 -0.2622406169587367 0.7379436674235565
7.63287426484191 -0.3052425057816164 1.086674061821084
7.617620205447051 -0.3156430081629873 0.9412896361690852
7.781892976358338 -0.3270066299684785 1.005591999532829
5.777245185493789 -0.2989153599714306 1.014237938001014
5.884963338356217 -0.2861548701456812 1.067188449151183
5.891789832425342 -0.2651363805436819 0.9703063973551944
7.60798191449286 -0.3243477092706465 0.7897923385264767
5.684940520356159 -0.2939794288848542 0.9164193084508198
7.297362686057211 -0.2922464558702899 0.829810988018708
7.227863625218806 -0.291330973969285 0.7011148795524602
7.33161877118278 -0.3014492670473858 0.6895786399950824
6.010235596108946 -0.2573025394672107 1.011152330973803
5.986498557552015 -0.2766113836495529 1.113499687755323
6.113508162464029 -0.2566376725701182 1.086647399999508
6.051607130704909 -0.2822821509749509 1.199268992422915
6.185511247875885 -0.2627624864914256 1.199268992422915
6.253405539358972 -0.2459548833534056 1.066368711855306
6.420471652674419 -0.2367361181511593 0.7665886628994764
6.537187332593523 -0.2412875259973707 0.7610633305638476
7.758415444286944 -0.3359528730577279 0.8592289554704265
7.722457599436478 -0.3397428742996343 0.7366235798640103
5.888427569224747 -0.2515510868691354 0.8751895360166917
5.945211163159415 -0.238502537013361 0.7893611917987597
5.889215693986007 -0.3105293555373271 1.14828914167234
5.94764176159654 -0.3091571000887121 1.199268992422916
6.184689944384745 -0.2326430816542444 0.7765949026812601
7.650277859891018 -0.3359792508674052 0.65439108294544
7.159008943197195 -0.2819667458185537 0.7909154193643122
7.118997828158511 -0.2813057753972664 0.7139124085588318
6.769293233724656 -0.2541706938197493 0.747066067094889
5.949829192280131 -0.3679663525647395 1.262970204882963
8.838459759196112 -0.3679663525647395 2.34336196038581
8.942368073110158 -0.3679663525647395 2.599268992422915
8.713826630047464 -0.3925534986198567 2.599268992422915
7.75722471886783 -0.4469686005197088 1.750589140532483
7.870319394016832 -0.4431599492652373 1.95133403744051
7.686570849757707 -0.4540747903059856 2.060826327253637
7.529407353049967 -0.4608611122659009 1.888916870688799
8.699997781654808 -0.3679663525647395 2.002355621356056
8.376187461616679 -0.3948034166949774 1.806146766728202
8.526199584182734 -0.3679663525647395 1.574322683344288
8.074292375620541 -0.422985404915544 1.78893636133305
8.215937919818202 -0.3982531103563919 1.488982145532348
6.894070249127402 -0.4853356238499992 1.373460922360131
6.708667602782269 -0.481947510173953 1.435404066923206
6.573576199247209 -0.4844426014564657 1.339851676804727
6.853277045589186 -0.4678578795226425 1.686865793053217
7.038855104300418 -0.4744293345764796 1.669209095347385
6.946942634058759 -0.4599599486896394 1.820686656405935
8.552597880434217 -0.3946000128748376 2.243789730561918
7.706057065936096 -0.4494222618035607 2.306595386992355
7.536214089593456 -0.4412391308052412 2.364495501840912
7.528900284298206 -0.4530933280008047 2.205355665944159
6.553962396471634 -0.4656521190219509 1.51130314438556
6.427305197446819 -0.4727182016571018 1.37141334059377
8.312306604447414 -0.4116630064538698 2.084612802870109
7.926872429739289 -0.4259995478203566 1.486048360166412
7.342394518070172 -0.4512333396893107 2.147430529809233
7.412240576441827 -0.4411743965981946 2.28428368534505
7.138602019296899 -0.4777582368763771 1.450762495908494
7.396464715267575 -0.4666795100675371 1.725064525205865
7.224921985261134 -0.4726072310881903 1.671981874863746
7.422687189881523 -0.4643526382239435 1.50489279967622
7.439859351499008 -0.4601706200696235 2.03385026692963
7.301862207908739 -0.46685110145315 1.859475645139008
7.267168126692661 -0.4302625664857294 2.245376180006654
7.338483729153156 -0.4200958127235224 2.344062520985239
7.238958514504063 -0.3679663525647395 2.344678143700882
6.722828228421594 -0.4496440624029338 1.733968442408174
6.697107135282954 -0.4662225653051817 1.604226036351825
6.893943353008869 -0.4792215058923712 1.542470356556908
6.101491465482946 -0.3679663525647395 1.390229962390954
6.025660328881537 -0.3679663525647395 1.326600083636958
6.07203558606203 -0.4329291395419637 1.285397099869808
6.167938723056404 -0.4469000413932049 1.317351570267253
6.818252533516588 -0.4509893703626681 1.796932484265781
7.103581589221315 -0.4646652795321601 1.858574017126726
7.238144963881602 -0.459251572142752 1.995591799296491
7.089621063254842 -0.4476248779638322 2.013828197146677
7.721821755453798 -0.4274137795556153 2.599268992422916
7.839695821196274 -0.4428946719241539 2.474333191916126
7.837627054932595 -0.4355768536800398 2.599268992422918
7.914903110538984 -0.4440051089624181 2.355317114119114
7.194365702868437 -0.4438803152499874 2.113544349095208
6.289391967254029 -0.4660268054851254 1.319292668226467
7.07767141366409 -0.4238942262413514 2.123190405889896
7.087296241301248 -0.3679663525647395 2.217418386192892
7.011465104699839 -0.3679663525647395 2.153788507438896
7.542368073110155 -0.3679663525647395 2.599268992422916
7.609351857458281 -0.4348041629128467 2.467420731663099
7.623528762720929 -0.4121328376757586 2.599268992422916
6.859802831497024 -0.3679663525647395 2.026528749930906
6.963080015394422 -0.4387135504191072 1.971958851368188
6.935633968098431 -0.3679663525647395 2.0901586286849
7.314789651105471 -0.3679663525647395 2.408308022454877
7.431764571017404 -0.4201409526713246 2.417480099029382
7.390620787706879 -0.3679663525647395 2.471937901208872
6.328984875287169 -0.3679663525647395 1.581119598652939
6.253153738685761 -0.3679663525647395 1.517489719898943
6.321488658926816 -0.4421899248406498 1.456474394818434
7.708803068981253 -0.4399027916033535 2.47907508917923
8.047096360824126 -0.4332785838219 2.073130687681461
7.892790055546495 -0.4449448178513272 2.194602545880017
6.854634769245207 -0.4334402834697825 1.910935190072319
6.783971694895618 -0.3679663525647395 1.962898871176911
7.163127377902655 -0.3679663525647395 2.281048264946887
6.480647148489986 -0.3679663525647395 1.70837935616093
6.404816011888578 -0.3679663525647395 1.644749477406935
6.470999603307474 -0.4336874530915485 1.6052044361862
7.971943615715699 -0.4379729873499689 2.599268992422916
8.013328166204447 -0.4397181374844635 2.471075659622931
8.126626779119901 -0.4348171192675431 2.599268992422913
8.302221663158514 -0.4261203981156435 2.599268992422914
8.147791275454857 -0.431674128473579 2.334150152757463
8.378855687802861 -0.4156997025559601 2.389138757643288
8.499482145128505 -0.4119087002519938 2.599268992422914
8.614531944242431 -0.396127649123643 2.439546521481079
6.623420579567834 -0.4322105708577109 1.73209977851336
6.556478285091394 -0.3679663525647395 1.772009234914926
6.632309421692801 -0.3679663525647395 1.83563911366892
7.002893908365392 -0.4219216303117758 2.070016096126558
6.559207177260149 -0.4412113044599318 1.647783658377209
6.708140558294209 -0.3679663525647395 1.899268992422916
6.674520902113788 -0.4174170800984371 1.816258359726727
6.41612136683112 -0.4473349684418955 1.510438907120458
7.155510170751239 -0.4207670962952092 2.196084594982352
6.233141363310405 -0.4398059639783359 1.394474328964701
7.559708626757312 -0.4584623793775755 1.680362788220346
7.671419177435816 -0.4462900565235775 1.450711405698864
7.337903027207489 -0.4673564831640249 1.347050559117399
7.466451924308285 -0.3679663525647395 2.535567779962867
7.519071778033166 -0.4192858179199623 2.489411206313605
6.163309825985895 -0.4183852062124406 1.394558320479613
6.177322602084354 -0.3679663525647395 1.453859841144949
6.750594072426887 -0.429435419457267 1.843132216699829
6.770788090402601 -0.4108851259859365 1.909966551711041
6.396198559442849 -0.4164485078764527 1.590209695210048
6.24050495977265 -0.4162584252116075 1.462413948732129
6.546014550004571 -0.4110888405530875 1.724414894762836
8.713813758912353 -0.3433779364322315 2.599268992422915
6.636767117009494 -0.2505664027170711 1.353716389632412
7.433082892887852 -0.2728106591890115 1.459180370293825
7.150844966850512 -0.2586626933773253 1.457411488646339
7.119836893263868 -0.2730385079845933 1.889937727344395
7.104370607328143 -0.2629690098483959 1.70908540352813
6.979484591510627 -0.2755822487139268 1.837728103162406
6.575199112989203 -0.2682021200914358 1.510435977195486
6.456854013627405 -0.2660106855783715 1.412839911689576
8.499971868605293 -0.3394347927588157 2.158825711521627
8.008577397999895 -0.2989721501706056 2.116868259818725
8.238410952245827 -0.3195476919590581 2.028059850365951
8.056468923952838 -0.3107125431122996 1.81042046989843
7.815264265678441 -0.2893631285151191 1.941711675980747
7.245091628718248 -0.2846738199313152 2.088795620004387
7.325232417393062 -0.2863846237643449 2.154648746902166
7.389900127511934 -0.2736636683867462 1.980356408796825
7.303831445552027 -0.2654583184950897 1.657992891281275
6.067653889827166 -0.3100824833648309 1.299719908507972
6.161554333110108 -0.2873012457660199 1.305678710037679
6.905381409078766 -0.26917340494676 1.728775569877933
6.815432880491112 -0.263002461489194 1.608536134463979
6.763950979039092 -0.2828469636160305 1.744537131694724
6.65801920211001 -0.2781081559172487 1.638109314093281
6.310542288404402 -0.2678992590768599 1.322322585040177
6.460668808769031 -0.2531931027211121 1.300788037169895
6.751862247330179 -0.3103896786742968 1.856762998327245
7.454199611245269 -0.2821401700867729 2.168971496717965
7.345286661972929 -0.2995574859414903 2.270615625198541
7.461080574683787 -0.2957466573453073 2.32496364616919
6.667927403856069 -0.3091072283404797 1.785207294446132
7.448710126907541 -0.3160856662581624 2.431967754901119
7.574894672326503 -0.3007589988947867 2.441177651709689
7.589541390927743 -0.2853095034908375 2.268132380431481
7.252211063259152 -0.2677945196537265 1.830461239538367
7.428993458294302 -0.2710123670663967 1.817291855792492
7.188664650377972 -0.2791491628872536 1.999197953842658
7.805309501220548 -0.2977993964243365 1.541327032060737
7.601847122207488 -0.2792620867607257 2.077109479054544
7.622971120851962 -0.2793011469950732 1.85742693485031
7.357810694432451 -0.3186906952308708 2.369669878015223
7.837824130591538 -0.300347659245202 2.599268992422915
7.737080113819765 -0.2949488492574325 2.479121132513144
7.72189802626017 -0.3085108694309495 2.599268992422915
7.70575905192425 -0.28836777047873 2.354033111720351
7.889129934641359 -0.2908810889380358 2.335623829367689
6.330169326947646 -0.2932784177905907 1.461636353785146
7.533388734144898 -0.2761035429564845 1.667295525395524
7.777559456547847 -0.2859096132972435 2.187681461130834
6.894156261841021 -0.3029568622334978 1.943842856978263
7.191051220454051 -0.3059400534173699 2.188021873491221
6.508857450153913 -0.2970900815007693 1.617321112923572
7.623528816553607 -0.3237998553007645 2.599268992422915
7.547334077993845 -0.3261605789279129 2.54602619422863
8.394146193466046 -0.3210569280256367 2.404160461053451
8.607400777604576 -0.3401539356390031 2.412367930867883
8.499471974570305 -0.324023175630217 2.599268992422915
8.126632138954809 -0.3011157785319326 2.599268992422915
8.024309925913478 -0.2965897779645441 2.466086368069873
7.972165319244644 -0.2979603121975253 2.599268992422915
7.88416906614165 -0.2936894994239785 2.488440926603893
8.30210498383402 -0.3098051366939521 2.599268992422915
8.242125928663635 -0.3132182386719535 2.245644211249964
8.196791027329231 -0.3056173293316568 2.441479978319482
8.066324533324053 -0.2993883090579356 2.317838412214775
6.73869286846316 -0.2565268338229821 1.48578675967813
7.051510595522299 -0.2935035746137185 2.018952518298351
7.111606109691682 -0.3034899148544238 2.115547224315822
7.24338672886997 -0.3127180749342699 2.257091868916181
6.84481423523902 -0.2918229722011597 1.855049369813908
6.001387365154159 -0.314792586702996 1.255626624054542
7.018852777472778 -0.3184318226274192 2.096266790944028
6.825552363403787 -0.248573855410023 1.331894991783579
6.933061851539781 -0.2531627426803187 1.449725521884074
6.432596772534675 -0.2891197648473406 1.525504955815996
6.987204666799551 -0.2586609853337645 1.598807284435769
6.412475316548067 -0.3176520720236792 1.599620077634162
6.237075552813011 -0.2946614728677345 1.392617380979042
6.546029890119367 -0.3119202818782105 1.694639429654027
8.386268163260752 -0.3413897935143532 1.825044744878103
8.185707782556932 -0.3338209788165302 1.507839026012162
6.603815464151139 -0.3072843832612732 1.727956511598665
6.163383956317497 -0.3162865762854948 1.39202074023413
6.243052468486626 -0.3188891486761725 1.46294488265224
6.939400696259839 -0.3132647969318748 2.016630876997592
7.001705407048184 -0.2866511670634609 1.94026827311664
8.055546283782506 -0.430631790486369 2.727913075539593
8.462648082392763 -0.3909412927893148 3.099268992422915
8.455686353438775 -0.4019007638399545 3.043300151965757
8.544284643905081 -0.3928811388297631 3.099268992422915
7.620745715023172 -0.3679663525647396 2.658026508897271
8.625913319818599 -0.3901054718650608 3.099268992422915
8.521810728771353 -0.4066151641713879 2.960905838108212
8.645790125476795 -0.3987962522290333 2.953085220307208
7.69981433831461 -0.3679663525647395 2.715430146961371
8.407498499433174 -0.4162160737967865 2.878058261740533
8.566982569906033 -0.408329283417321 2.780859595311803
8.763039397452227 -0.3877753324687148 2.981316691391452
8.707412959502767 -0.3846888861605129 3.099268992422915
8.732084190434334 -0.3939349399976609 2.852255683524764
8.264270095317704 -0.4227192212701175 2.837291751107277
8.402157668424209 -0.4200419014231291 2.733011155983708
7.925728353054932 -0.4282727988347924 2.707300266482851
7.8609692098849 -0.3679663525647394 2.825956082141241
7.841415773970997 -0.4184691947122562 2.720479425592639
7.779837506198801 -0.3679663525647395 2.771509413761512
8.285121475048234 -0.4118257664611734 2.954889606496968
8.287318373548761 -0.3679663525647394 3.063183108354163
8.19859520906399 -0.3679663525647393 3.022316567282487
8.02704312140977 -0.3679663525647395 2.928869418475019
8.125616528079478 -0.4196408138518072 2.854769553167652
8.112067121951378 -0.3679663525647396 2.977011112541709
8.182173000081869 -0.4299895977630075 2.723258987444978
7.958521714249327 -0.416700022922092 2.796264570227046
7.943342770848234 -0.3679663525647395 2.878475385439711
8.283292482508807 -0.4264440323732095 2.725214074502325
8.981153946103646 -0.3679663525647395 2.776699853060169
8.863734288933264 -0.3806663677834032 2.885351359421168
8.839774373166502 -0.3829039397909781 2.725719737225901
7.77415763145275 -0.4182350381440708 2.67947365034551
8.38123992787607 -0.4079072847650381 2.996477909911876
8.378459027464201 -0.3679663525647395 3.099268992422915
8.936749649022222 -0.3679663525647395 3.01721369295562
8.974734871732643 -0.3679663525647395 2.909562760151897
8.849547320806977 -0.377551761982465 3.017571960040625
8.788779616286206 -0.3775355982479506 3.099268992422915
8.191948064236142 -0.4112639943329167 2.931389791343865
8.026828185301735 -0.4146248907379697 2.841900697615394
8.713154314826426 -0.3956315560709871 2.738923564675129
8.878459027464201 -0.3679663525647395 3.099268992422915
7.973989177164018 -0.3106182914028488 2.752409115359395
8.77777834583965 -0.3497320931113991 2.986103093993048
8.78877961628622 -0.3583971068815297 3.099268992422915
8.393358388451997 -0.3303432097296766 3.015100168826056
8.462648082392761 -0.3449914123401642 3.099268992422915
8.502384969671802 -0.3299017274561584 2.986095568307306
8.633543852164157 -0.3376198712727939 2.984490752663393
8.707412959502772 -0.3512438189689666 3.099268992422915
8.854464373905154 -0.3541631327635344 2.875443357633045
8.625913319818602 -0.3458272332644186 3.099268992422915
8.544284643905087 -0.343051566299716 3.099268992422915
8.420497573079093 -0.3171266377351775 2.745812056222884
8.400194379165933 -0.3202084475715444 2.894479607301961
8.261281573019767 -0.3132744998561247 2.839066431271865
8.230639233575694 -0.3071437930921098 2.714926353889059
8.298556916209687 -0.3250579853384484 2.964354744590786
8.200818374385475 -0.3250057951717928 2.93644383100732
8.113660193556649 -0.3215067790442873 2.883264750576166
8.116016901870168 -0.3097009560917809 2.792144501568552
8.543571778400581 -0.3270053379681602 2.864739354719886
8.701470203769571 -0.3392999209744121 2.856400996869933
8.619912582872736 -0.3320441288820116 2.729637083070037
8.020014136122093 -0.3223440600253112 2.843258917833651
7.863355819354315 -0.3209110698286798 2.748812456635502
8.814207379255382 -0.3503801148760124 2.725745777136904
7.791155849456261 -0.3160957794245295 2.683087550563315
7.897029027892108 -0.3052739964349548 2.673939532095644
8.081811663869443 -0.3033308152217723 2.698637497450793
8.548200233829236 -0.3679663525647395 3.111154496195578
8.467976691061011 -0.3679663525647396 3.107725639804739
8.628463436053059 -0.3679663525647395 3.113500940814809
8.788826891622868 -0.3679663525647395 3.107696273973563
8.708751018940506 -0.3679663525647395 3.113442796914702
5.01722775976519 0.8651970273417777 -0.0615758849646103
4.947768716785978 0.8731058143621855 -5.346231204377968e-17
5.025738409024228 0.9343360954843405 -5.721158543313667e-17
7.603482679104799 1.41745964986116 -0.02870223698359597
7.692221722775082 1.161872229464806 -7.11441553416137e-17
7.462842426328152 1.172169324240822 -0.02625372259545028
5.274085470790352 0.945431390477024 -0.09543266954627148
5.387395079773501 0.9646752933020954 -0.1062869528593115
5.319742450397287 0.8407707596900931 -0.1166550190689007
5.510236799977839 0.9412510703721719 -0.1186069358279475
5.650297761984477 0.9190166914921756 -0.1251544359221306
5.529010465321137 0.8311359574922914 -0.1273014747745343
5.795844809958499 0.9927193579876485 -0.1237768558971218
5.616121163267792 1.030010436091554 -0.1162482345142104
5.722135772318826 1.137903776582045 -0.1121019585517466
7.555823870837989 0.9590914320794695 -5.872741261928865e-17
5.947404308832368 0.823775911705976 -0.1236898413649037
5.919719937262481 0.9064001041486967 -0.1245387518912351
6.051524440992701 0.8235394985804618 -0.1195801967966064
5.842936098182313 0.8245175895201799 -0.1267432891168014
5.738700613796804 0.825890563635871 -0.128535435366082
7.063957446261633 1.642594018027614 -0.08653996417738198
7.102749174163942 1.854291359649922 -0.09003448448107934
7.353712893568412 1.770553248589151 -0.07183810653037252
8.255638277705396 2.522588818301892 -0.03665939128478057
8.148913120488267 2.261997915017355 -0.03044880617497361
8.078445776010538 2.497648345485008 -0.05056635838550337
8.057127903042389 2.682655463093961 -0.06009446771179284
7.920544160460628 2.606816757271556 -0.06580635207124187
7.99229483160924 2.829365079444047 -0.06635139412453028
5.56197488521495 1.147582878522058 -0.09655479010209997
6.337508473602877 0.9078814544867047 -0.1067199347551759
6.400331406604435 1.001293029021451 -0.1058940521045482
6.463744995548614 0.8254673954463947 -0.0952765904277868
5.986880273457514 0.9946556605955346 -0.1224685957872255
6.113726083754909 1.117231431206244 -0.1188848481112315
6.125266230860549 0.9372917139746468 -0.1181130863491877
6.666685663295734 0.8271094946164819 -0.0796726622589594
6.64533668359201 0.9287330691631885 -0.08643031571230227
6.761257595374152 0.9223922721841998 -0.07685424326056255
7.214017241397557 1.502875611653524 -0.0698297939058127
7.445659560701113 1.566895063414319 -0.05357699126862606
6.970490070961834 0.9221085947348708 -0.05849491418171156
7.098797939832828 0.9087587359639682 -0.04543134658610687
6.961144775209392 0.7826303510079854 -0.05070218949507443
8.450903290964938 2.289793609268131 -1.402094207149142e-16
8.284675782564618 2.04266547475513 -1.250771867693839e-16
7.119370074166987 0.6689605028196425 -0.0269373057139248
7.152223205584891 0.7807070059908241 -0.03136337388076025
7.204344494139701 0.6733803473050155 -0.01806335405812222
7.369038555395266 0.6814002905590337 -4.172373423855986e-17
7.273700327961415 0.6768525365539249 -0.01059918355543318
7.267505177865934 0.8553698054408829 -0.0244591314563991
6.155239340548666 0.8236845985481061 -0.1145716425475206
6.258449890749112 0.8241135291842214 -0.1087930719512288
7.45078978018644 0.8029387042140215 -4.916581570136125e-17
7.520378870162429 2.829365079444047 -0.04378701648424906
7.623063614529565 2.829365079444047 -0.05920454164508283
7.510874823990027 2.74526471680293 -0.06014630626663868
8.813838985308236 2.829365079444047 -1.732486444080225e-16
8.707329762216027 2.671019292609431 -1.635527613577484e-16
8.63389921560684 2.829365079444047 -0.01967801198622208
8.010808832894686 1.976179368662266 -0.02517940599455012
8.081831381054142 1.741099512393669 -1.066115972424962e-16
7.868122070593412 1.423380840373205 -8.715693950653578e-17
7.850950709438543 2.114923269818677 -0.04915957072001102
7.308069461139383 1.978976570636474 -0.08249244632389777
7.576153934798619 2.023981211544057 -0.06674436556393402
6.884761338604198 1.750174990783598 -0.09744974894195715
7.906109388271566 2.383614932392067 -0.05845437720314255
7.717605330190011 1.755837344174544 -0.03980318148494633
6.836920908058234 1.567468272465921 -0.09701200709243843
7.718378740784999 2.538365209776656 -0.07388467363812715
5.655640998366732 1.250259117621305 -0.09000243732072484
5.827472009976042 1.277449139047474 -0.1042732393655669
5.90887901918656 1.135775682372552 -0.1189651571515917
6.043207859360754 1.272693773133369 -0.1145525579937222
6.97168081239569 2.4625016811823 -1.50784740087744e-16
7.049518508530549 2.523628304610218 -1.545276662739283e-16
7.084376235666723 2.447342886007656 -0.05822810537946182
7.360398422863727 2.163674826685895 -0.08367185753870313
7.412896836473374 2.359740661564822 -0.08226882976821211
7.528353241821275 2.249134258187865 -0.07758548044492321
7.48785910873842 2.521983866973907 -0.07791269186332438
7.577203804245688 2.410089328372264 -0.0779209843688661
8.374648134128579 2.430539515197204 -0.01893049508642099
8.431964418377234 2.611882568333661 -0.02543236286193588
8.588414602068568 2.494229770975116 -1.527275252681356e-16
8.563085879278505 2.681884464195227 -0.01680453995453055
6.072220118156237 1.436981255807459 -0.1038023066858526
6.196772544268315 1.392295291522681 -0.1113272492292464
5.330116925908781 1.067488043138193 -0.07533468737225599
5.232102099409627 1.024301162839928 -0.06425144206359137
5.259251497428806 1.117715965768097 -6.844036399168964e-17
6.339766138846386 1.628229061484102 -0.1007430239321339
6.484088957105167 1.737826169891422 -0.098351931199747
6.504549378958031 1.573504304008691 -0.1064410597752738
6.496759743953834 1.149360553840878 -0.1046479321022584
6.535954086143533 0.9736391035923408 -0.09634898714512818
6.685728046239671 1.065130798755517 -0.08960893251578608
7.332632306033345 1.323792002287892 -0.04932518377246805
7.229621336304129 1.077872565310486 -0.04359923338163283
5.505976280945665 1.229099058960204 -0.06614883830680451
6.840509058219704 1.11711235533113 -0.08033809676082383
6.864775668261473 0.9865870851122269 -0.07159754486315338
8.184474304305093 2.6743034583808 -0.05086620938786332
6.205926295011873 1.702472517637985 -0.0796307092702969
6.328290371363847 1.752445467866891 -0.08602638309062109
6.615270411761832 1.841661482205062 -0.09579773383354771
6.49079543486929 1.888178045399461 -0.08257621382915548
6.581608815948838 1.973201905714955 -0.07923184142088376
5.181413801293948 1.056589342340179 -6.469743780550536e-17
5.154564325799332 0.9487020452731998 -0.07039197966729568
5.103576105159089 0.9954627189122608 -6.095451161932107e-17
6.115466154912248 1.790108823475198 -1.096125520397168e-16
6.08214065830316 1.666886725950854 -0.06616573772051534
6.037628458777389 1.728982200047279 -1.058696258535325e-16
6.196117175851496 1.554607837370128 -0.09970065435172795
6.193303851047106 1.851235446903116 -1.133554782259011e-16
6.240862356202792 1.814324277376719 -0.05764723581719679
7.38338388659297 0.9778995818720188 -0.0208301741078006
7.431720455194762 2.654811011744413 -0.06530984434346587
7.566981099971441 2.640454183352207 -0.07361697523967393
7.34644133537102 2.577925100755589 -0.06786347430528411
7.312292432330392 2.464997786607357 -0.07702726202912505
7.264244866391961 2.316093073507681 -0.08411490766586788
6.679891937551393 1.697168761485242 -0.1023945030782507
6.771070724207025 1.882654742205773 -0.09700974312365804
7.360869293069982 2.768134798321891 -1.694993710186654e-16
7.301188274020571 2.650121251124375 -0.04780165261987675
7.283031596935124 2.707008174893972 -1.657564448324811e-16
7.127356204665408 2.584754928038136 -1.582705924601126e-16
7.205193900800267 2.645881551466055 -1.620135186462969e-16
7.230940014635504 2.5662089788014 -0.05581783318714636
7.027043486374811 1.088431282397856 -0.06319643381864615
8.23814260137592 2.829365079444048 -0.05368980100606177
8.115139744359212 2.829365079444047 -0.06110345591107425
8.487276989335783 2.829365079444047 -0.03381411961361721
8.328726894635736 2.706034192760715 -0.04076427388410195
8.361346175905972 2.829365079444047 -0.04457193672936218
5.215816728169207 0.8476022373018404 -0.1057755572204137
5.113619583071566 0.8558538817594004 -0.08886349345700839
5.726277674237956 1.484475706335607 -9.089792110879535e-17
5.716819520052972 1.366823666152289 -0.07322816371869942
5.648439978103098 1.423349082907688 -8.715499492261107e-17
5.337089193563664 1.178842589196015 -7.218329017787393e-17
6.867207351062826 0.8195799269738728 -0.06181860469144604
7.043592463456388 0.7303990100410638 -0.03909379627326388
6.069892597215888 1.561550881470239 -0.0875183854748119
7.165512600662678 2.504347545571723 -0.05883352983214268
7.191988146902058 2.411461635850273 -0.07548976438088119
6.351106038065963 1.462468937759573 -0.1098363934371959
6.302093374720883 1.267788072358071 -0.1138088026782938
6.525039228366197 1.362019628808377 -0.1072730147860456
7.438838985308236 2.829365079444047 -1.732486444080225e-16
7.665321681927334 2.719298663507809 -0.07147329264906349
5.424195578373708 0.8353334322972056 -0.1234632843723823
7.013166334849322 2.280642135192642 -0.07730953461445839
7.156434698023975 2.217718147446953 -0.08707179332635379
6.989157660118574 2.145323985557498 -0.08779904330935448
6.999837500061602 2.007774358323898 -0.09323772673934581
6.862662185939119 2.03586435391445 -0.09095703458819931
5.929951170769376 1.396234553818965 -0.09785719948049205
6.767694835771042 0.8280977962368234 -0.0711832709005874
6.919081429625875 1.902440197961575 -0.09600407297360422
6.900391806492284 1.252406083748121 -0.08213801029606019
6.674522583245603 1.229014691217506 -0.09671477383064322
7.86951026711423 2.829365079444047 -0.06872311875052962
7.82130794603779 2.714582475606094 -0.07111360753343042
7.744388881317473 2.829365079444047 -0.06700053476318349
5.633833773809516 0.8280449711881787 -0.1288366028346241
5.468744679837938 1.059353310053279 -0.1003165076280233
7.152140778628752 2.065644334888806 -0.08997694928322146
6.565508912821583 0.8262668046610612 -0.08770694804504732
5.066814842284678 0.9069044991961643 -0.06001066149589384
7.704622890309047 2.290555228411533 -0.06867785903073312
5.42211913479758 1.145649132796093 -0.07271463962970429
6.361337591469239 0.8247277058175865 -0.1023330931086562
6.65277157576365 1.517721658962708 -0.103928345257992
6.23464391942467 0.9956161187321544 -0.1143098643997822
6.830555044480596 2.168107658733789 -0.07593669875394898
6.747657602095112 2.054899472402381 -0.08347707564132908
5.492764585833381 1.301095836051852 -7.96691425502425e-17
5.414926889698522 1.239969212623934 -7.592621636405822e-17
5.804115370372815 1.545602329763525 -9.464084729497963e-17
5.881953066507672 1.606728953191442 -9.838377348116385e-17
5.881171326786433 1.514351969273056 -0.06629252908992572
6.271141547181966 1.912362070331035 -1.170984044120854e-16
6.426816939451681 2.034615317186871 -1.245842567844539e-16
6.410033976013267 1.947352551420636 -0.0562468884928322
6.348979243316823 1.973488693758952 -1.208413305982696e-16
5.95979076264253 1.667855576619361 -1.021266996673482e-16
6.721733710900249 2.174237055217076 -0.05892035118345723
6.64755612101775 2.08910768730749 -0.06631500669995258
6.660330027856258 2.217995187470628 -1.358130353430069e-16
5.980589541288738 1.590427736154562 -0.06606750082287263
6.893843116260832 2.401375057754381 -1.470418139015597e-16
6.847967538878688 2.291271869997462 -0.05262988392920355
6.816005420125975 2.340248434326464 -1.432988877153755e-16
7.11199603911789 2.340965710905956 -0.07760614603168654
7.001865076783912 2.396988243934607 -0.0555277410622529
5.808910067671979 1.41714823077726 -0.07813577419648687
6.366577873577461 1.84911178531876 -0.07361325283534723
6.50465463558654 2.09574194061479 -1.283271829706383e-16
6.483868657662295 2.006393596940155 -0.05530310848270305
6.677653731668143 1.961476085978839 -0.08874191703557137
6.582492331721397 2.156868564042707 -1.320701091568225e-16
5.917389653861655 1.599801863219495 -0.04254112738097536
6.559678128783608 2.06743413912915 -0.05419439684772673
5.98383740498456 1.499919867271216 -0.08756790404011963
6.738167723991115 2.279121810898545 -1.395559615291911e-16
5.412841385932227 1.206144072836288 -0.04346549825831025
6.764771539376429 1.387629071218796 -0.09633163198125003
6.992555284790034 1.427941432998806 -0.08312736050508479
6.307849115807961 1.118448943098661 -0.1130203761779702
5.57060228196824 1.36222245947977 -8.341206873642679e-17
5.555070067018125 1.298191519736982 -0.05337823357484484
6.917268566004223 2.236422827013114 -0.07469329383592632
6.936348218400713 2.339076290784933 -0.05782309468953509
5.626416936032028 1.346218925226204 -0.0565252979895398
5.796865309996952 1.498382081963584 -0.046874409956495
7.121282480148452 1.267111139033462 -0.06505330854826734
6.339733543395994 1.925701992630972 -0.04328675184435747
7.428325121778109 2.758233218773979 -0.04424155658784124
6.779061702059693 2.232660241077995 -0.05458820558032571
7.469925023790031 1.204856729458028 0.02780809183348784
7.373027102967519 1.401161928443672 0.05030381871840763
7.21760857643325 1.237397323178148 0.05475086384292676
7.362508063367788 1.022248666197223 0.02624870531749803
5.017336781545685 0.8651853952709634 0.06161888981529862
7.147266713694272 1.734582588058479 0.08448046473408971
7.420770921596567 1.912738768897345 0.07314448765130632
7.185373445500249 1.971122379167056 0.08830274586732617
5.113875552180323 0.8558310642617437 0.08891706705698356
5.94823246780794 1.143421571100883 0.1191320355312388
5.798868641794956 1.002428523583468 0.1234226094802403
5.993530450157725 0.9954002583980397 0.122330636310659
5.216288431949582 0.847567998079756 0.1058368014446179
5.320304500104607 0.8407375314271981 0.1167013930688884
5.291757287662884 0.9565635327150768 0.09579185577734316
7.869062227691893 2.829365079444047 0.06872531419375652
7.744091391744739 2.829365079444047 0.06699003625997807
7.817038855897407 2.65199407684581 0.07123961703710162
6.133710465048695 0.9372023752453899 0.1177667450276597
6.127470347186264 1.100412228319697 0.1187221495416746
8.144394215616957 2.286552667446627 0.03248101318558999
8.103114759610435 2.528946771269909 0.05016333487817292
7.976586615910775 2.68450249272814 0.06480753487824968
7.933069308515398 2.475184555825099 0.06046906361699938
6.90549315106408 1.557675865646917 0.09322649426466786
6.64318645748586 1.522195234862534 0.1042668352997328
6.756253923584227 1.342844933530697 0.09546361328574599
5.425531197318258 0.8352729292518206 0.1235291622841746
5.530474048805912 0.8310853834784666 0.1273374361951654
5.497028240332046 0.9727359322889955 0.1146447197846667
5.922039007549369 0.9077702389721443 0.1244784833190651
6.054182958143411 0.8235385313626229 0.1194627187332936
6.405653149695262 1.006430061429779 0.1057394413187046
6.536175646409747 0.9486285394252554 0.09532231523150514
6.510242374242329 1.123571953456477 0.1031799025358754
6.344448823144621 0.9079401654873771 0.1063064484837849
6.466829074737495 0.825491094798964 0.09505506589947663
7.683999949216669 2.694594319111279 0.07276681639339082
7.622937870728087 2.829365079444047 0.05919199968394191
7.564942866876819 2.666907276654187 0.07195228913934186
6.12345021603879 1.25425092655703 0.1160926212173917
6.806870663861828 2.258186735225173 0.05322934519379491
6.742649045288063 2.161182024977327 0.06587066048558715
6.858733802449026 2.187292275597312 0.07597135830652087
5.631439169240792 1.081706134552373 0.1120890183830831
5.473698767472455 1.096860774109315 0.09419192236473364
7.303198217339929 2.628460715140749 0.05379091391147084
7.266958865522231 2.483595521580531 0.07285904008073846
7.407600287886724 2.604065720385633 0.06949367452961228
8.159804552176814 2.685858514114475 0.05323377133860605
8.114394942817485 2.829365079444048 0.0611423753999898
8.36030420810671 2.829365079444047 0.04465518987929218
8.488380399011824 2.661849395003568 0.02311334152962356
8.486795439862648 2.829365079444047 0.0338577551211372
7.268540987096793 0.8538493929469559 0.02423905564726173
6.669972223122331 0.827138143263677 0.07940356828891837
6.67394630299684 0.9100504110686025 0.08329657903688034
6.568838906499919 0.8262930141982394 0.08745037241283538
7.087019133054489 0.9037370961720783 0.04625993420105212
6.962043651534879 0.7821529436505716 0.05058484730482015
7.043643884791076 0.7303612072310581 0.03908601254680413
7.868767770220608 2.259543024072829 0.05539971981408943
7.983872664078244 2.011658564095255 0.03032000782166844
8.634004476829125 2.829365079444047 0.0196672615618258
8.317042385465555 2.498528588344611 0.02934122370333448
7.61329764566221 1.44434017823362 0.02954349114314866
7.151622047803327 0.7806783955861981 0.03142417535379828
7.273694989126412 0.6768522767149761 0.01059976616692479
6.252089840436525 1.005361732133656 0.113689986654369
6.261385121629361 0.8241290850867899 0.1086181413880525
7.204360052849176 0.6733811445213629 0.01806170253559747
7.710892011031199 2.490292481374422 0.07361268586907881
7.735871634048832 1.733948786057754 0.03661712341067272
7.159182746228872 1.487058673094476 0.0733891673666361
6.982112252829287 1.320707680463804 0.07912077997269329
7.412882867633763 1.636992377699094 0.06041824078722349
7.045717908293123 1.108584978133323 0.06269928456889896
6.863016478673551 1.141511952047731 0.07976315717565011
6.52289864835235 1.327175153200071 0.1069626013609858
6.676517152274972 1.16312852237756 0.09423196871921372
7.693933600187608 2.026164457308276 0.05765011700894795
7.530735330305545 2.389426937347578 0.07934922975519693
7.491863265067626 2.173922869904344 0.07765957274234882
7.666228727229116 2.282412447981966 0.07081053978799651
5.785783172725833 1.177632818208008 0.1119746350667181
7.292023350127167 2.148692461632542 0.08602243568732861
7.121981881428209 2.167719138456449 0.0886456776442943
5.725832861052604 1.281710565989104 0.09354358222191292
6.328569690313367 1.179804349483515 0.1128727032221717
6.630512692027979 1.83603930280914 0.09668085187091892
6.711550100051326 1.684980599281977 0.1020858862150027
6.871212089499487 1.798705126937734 0.09786928251521457
6.50520368340089 1.679023603745761 0.1025699413900837
6.300141581364457 1.615879358672487 0.09986230875672676
6.347037210176175 1.750263672619453 0.08820638708553499
6.207493178750273 1.70606217423399 0.07914608867745535
6.587971934947013 1.991660508587352 0.07694298442473681
6.471253213159364 1.926499771517967 0.07343602089544905
5.20396923838463 0.9862439024287332 0.07046717578297916
6.869333125777676 0.819044076819345 0.06159210628323778
6.793490381829775 0.9846153924024568 0.0774470354269898
6.770455528793769 0.8281330976109889 0.07094533349383592
5.612852200333411 1.306207075812484 0.06766264813268344
5.669581785016051 1.365885230010303 0.06190331693755922
6.304616429564064 1.352695133422324 0.1127648410759109
6.109127957858533 1.407786985071644 0.1080650684054155
6.265654551880043 1.822429136366759 0.06113866461724572
5.446419976227123 1.201729413267183 0.05904376465896775
7.002952210635074 2.411520756566619 0.05172832594616134
6.862568837705297 2.02730090251829 0.09147425723980511
7.014076864053573 1.909274669613111 0.09390338731622261
7.023075508787092 2.05503991263345 0.09199941773745399
6.62248078427913 2.113428267041922 0.05476357143009036
6.707557165780364 2.057519694932118 0.07968328300285446
7.453062732599754 2.731881866388286 0.05522818891442065
7.520356788514079 2.829365079444047 0.04378211682805742
6.918814647074976 2.310746930230306 0.06147956715855392
6.970612688072926 2.181415682618632 0.08452931840031327
7.16393976943135 2.540597633422672 0.04952912385659887
5.362354800131681 1.125868196249797 0.06362989348322549
7.397447098968462 2.466174809648077 0.0792802085970632
7.11851826301406 2.438509647011746 0.06500565602910681
6.946803035347751 0.9567145544785125 0.06271532449402052
6.637953054365264 1.019604531297609 0.09109017150841958
5.634448321382524 0.9394160417989372 0.123683926286679
5.131366407609207 0.9326867472873805 0.06976443771608071
5.740548600297696 0.8258606253531525 0.1285157954142774
5.63553740873807 0.8280030414123971 0.1288453757274188
8.237244817519693 2.829365079444047 0.05375050552912088
8.312361126793798 2.687677706617805 0.04115701096864424
6.039470156711126 1.645607302550065 0.06277035749794212
6.731700631780772 1.941885129130602 0.09294221974847074
7.521389679078201 2.53732133531055 0.07753075573530263
7.191545108690895 2.325951088260232 0.08240712993213768
7.355098517406793 2.327462371595462 0.08354738035883594
7.991705361468508 2.829365079444047 0.06637034863922352
6.15799046880695 0.8236922970982625 0.1144273312566883
7.193696907119322 1.02740215842634 0.04383942993964615
7.047310655972762 2.308178036688275 0.07669046284316744
6.364354912148787 0.8247468830433849 0.1021337575805119
5.949973813427049 0.8237648474769237 0.1236006041423164
5.845404355687393 0.8244927869232453 0.1266849072264431
7.119370068295002 0.6689605025883699 0.02693730632280259
5.381880220301318 0.9294944278100425 0.1107350855272639
5.381374954033974 1.031870651616639 0.09376548493563938
6.254918348590611 1.493778170388422 0.1071270382890565
6.107669495867604 1.560230502600791 0.09188813668710372
6.1045893019235 1.699659791722746 0.06129202052920437
5.279254874426912 1.058577410041582 0.06500929901439317
5.954768753055824 1.474192077319862 0.08844462251243713
5.740463534771599 1.416651457103831 0.06315406864445472
6.360619026920428 1.882338284928986 0.06455270829609222
5.538458953217973 1.267699707053515 0.06100449397715459
5.54643167434809 1.176111408576068 0.08886374279487144
5.849271255328625 1.402916741208594 0.08760611467964807
5.940013279306616 1.304683861010944 0.1087366144605731
6.46814575055083 1.813777656322766 0.09037193749516698
6.439144370415919 1.503848856648726 0.1084769649359637
5.862434007668659 1.51427465615975 0.06157244674870685
5.797300283305095 1.47865830831441 0.05612720075738558
5.969347416627536 1.588907430977543 0.06387231649224819
6.188218989139037 1.799567714888742 0.04757676272718094
6.491234513898418 2.017004816810489 0.05360703710678608
7.365443996847503 2.697077601670088 0.04819754399448889
7.23655564739675 2.584731998957431 0.05236430537667893
7.842560393304023 2.929365079444048 -0.0415245652110168
7.745276429242797 2.929365079444048 -0.04037982501653248
8.028128335276765 2.929365079444048 -0.03401261337659058
8.212905813107847 2.929365079444048 -0.01945981031689605
7.935583546318262 2.929365079444048 -0.03894688686707733
7.651403492119142 2.929365079444048 -0.03278180108289314
7.502508211391564 2.879365079444045 -1.763102614058907e-16
7.566177437474902 2.929365079444048 -1.793718784037592e-16
8.399510770808236 2.929365079444048 -1.793718784037592e-16
8.504372613094903 2.904056196626783 -1.778221562871514e-16
8.64539596620048 2.870019568617812 -1.757380139099036e-16
8.305140569092483 2.929365079444048 -0.01041267401069035
8.120568219794674 2.929365079444048 -0.0273877307523035
7.651406046843258 2.929365079444048 0.03278215079864145
7.745286217037751 2.929365079444048 0.04038020957058816
7.842526864357059 2.929365079444048 0.04152494522928123
7.935552934607252 2.929365079444048 0.03894817479519154
8.028104736630432 2.929365079444048 0.03401410923938481
8.120551618709445 2.929365079444048 0.02738904609753551
8.212896193582935 2.929365079444048 0.01946069644064383
8.305137915991335 2.929365079444048 0.01041294994225365
7.930064894382535 2.966055798633897 -1.664151778251761e-16
8.023246932663234 2.954471920765217 -1.732331763614785e-16
8.116752441079758 2.946010340493306 -1.638033672010468e-16
7.654295607501325 2.965281904958747 -2.043632544756438e-16
7.8376033283474 2.982380112691487 -2.05494557126943e-16
7.744744682345896 2.990124376880521 -1.868514900333398e-16
8.210412145788137 2.939406138991835 -1.725433979277948e-16
8.304145207220504 2.934014169772341 -8.05250904580498e-17
2.5 -0.4 -5.6
2.575665446115663 -0.337189905260184 -5.6
2.575665446115663 -0.4 -5.662810094739815
2.666724334839443 -0.2991140927051191 -5.6
3.650902500411443 -0.4 -5.766602966850799
3.551955661116865 -0.4 -5.76634287005604
3.617312939894722 -0.2810316573729404 -5.716499108953156
2.666724334839443 -0.4 -5.700885907294881
3.474437213996646 -0.2723622297157873 -5.705967441237167
3.551955661116865 -0.2336571299439601 -5.6
3.650902500411443 -0.2333970331492012 -5.6
3.75 -0.256126041767072 -5.684133628894353
3.75 -0.3158663711056463 -5.743873958232928
3.75 -0.4 -5.766666666666667
3.75 -0.2333333333333334 -5.6
3.3541735611042 -0.2353192214958754 -5.6
3.330066206238675 -0.283043507661381 -5.715374074166591
3.255385980669858 -0.2371201949470358 -5.6
3.255385980669857 -0.4 -5.762879805052965
3.354173561104199 -0.4 -5.764680778504125
3.156371598584531 -0.4 -5.760025416616837
3.223819712387228 -0.2852403447994862 -5.71444293145878
3.156371598584531 -0.2399745833831628 -5.6
3.057706716740493 -0.4 -5.755672015423662
3.099469789884172 -0.2882520560557157 -5.711280985338326
3.057706716740493 -0.2443279845763382 -5.6
2.95894271630433 -0.4 -5.749105506673388
3.021629438448818 -0.2912088227869312 -5.708356275964215
2.958942716304331 -0.2508944933266126 -5.6
3.453045463259937 -0.2342412973469573 -5.6
2.906688927407586 -0.2974336451009928 -5.701576717419592
2.860602664800167 -0.2607404023388771 -5.6
2.860602664800167 -0.4 -5.739259597661122
3.158226551124362 -0.2866939446335093 -5.71305240543006
2.96046390393834 -0.2942410996312669 -5.705239725656246
2.806628640143082 -0.3060735434437177 -5.692438911967866
2.762731619922664 -0.2757314520384199 -5.6
2.762731619922664 -0.4 -5.72426854796158
3.453045463259937 -0.4 -5.765758702653042
3.52532277486919 -0.3292610038709127 -5.750441110703356
2.855954179103838 -0.3015963003132478 -5.697686537480131
2.707985026560178 -0.3222956463492778 -5.681126050042417
2.756408754421718 -0.3132719953846116 -5.68725548130697
3.402547318642016 -0.3312432748116541 -5.750325061563778
3.404372495720693 -0.2462218350331121 -5.660715193810081
2.575665446115663 -0.462810094739816 -5.6
2.666724334839443 -0.500885907294881 -5.6
3.617312939894724 -0.5164991089531561 -5.718968342627059
3.474437213996647 -0.505967441237168 -5.727637770284213
3.650902500411443 -0.5666029668507988 -5.6
3.551955661116865 -0.5663428700560399 -5.6
3.75 -0.4841336288943543 -5.743873958232927
3.75 -0.5438739582329275 -5.684133628894354
3.75 -0.5666666666666667 -5.6
3.330066206238679 -0.5153740741665928 -5.716956492338619
3.255385980669857 -0.5628798050529642 -5.6
3.3541735611042 -0.5646807785041246 -5.6
3.156371598584531 -0.5600254166168371 -5.6
3.223819712387285 -0.5144429314587819 -5.714759655200515
3.057706716740494 -0.5556720154236618 -5.6
3.099469789900867 -0.5112809853388727 -5.711747943944806
2.958942716304331 -0.5491055066733874 -5.6
3.021629438728462 -0.5083562759760005 -5.708791177225998
2.906688953233722 -0.5015767130123752 -5.702566362921492
2.860602664800167 -0.539259597661123 -5.6
3.158226551125801 -0.5130524054300967 -5.713306055366523
2.960463907312313 -0.5052397255001108 -5.705758900906953
2.806629620991115 -0.4924277451161505 -5.693937660063842
2.762731619922665 -0.5242685479615802 -5.6
3.453045463259937 -0.5657587026530427 -5.6
3.525322774869192 -0.550441110703356 -5.670738996129089
2.855954407810577 -0.4976854029194435 -5.698404866267436
2.707984140358386 -0.4776975528647266 -5.681132260424898
2.756409691958154 -0.4862840923606422 -5.687694770964235
3.402547318642017 -0.5503250615637794 -5.668756725188347
3.404372495720694 -0.4607151938100816 -5.753778164966889
2.563529737533411 -0.4 -5.544393153728134
2.728626184186708 -0.4254875330259851 -5.485552716142575
2.819897533547759 -0.4333441015226179 -5.470386010725036
3.004837136856761 -0.438257241742669 -5.452357199400431
3.654434830516296 -0.4170626896026698 -5.434256774227372
3.561642989305916 -0.422063027319347 -5.435072462205398
3.631818889597535 -0.5245509076058221 -5.489442247946151
3.75 -0.5454254143684973 -5.518569512412389
3.75 -0.4912456828099324 -5.460540403250707
3.522634870934116 -0.5361148870487851 -5.504639843486714
3.376012392246881 -0.4305498616471171 -5.437856316971398
3.407919498549395 -0.527096281667367 -5.494288575803039
3.468837705404866 -0.4265891953549923 -5.436243525912706
3.283326949478829 -0.433846066309924 -5.440035175377345
3.341104490455979 -0.5162733636572571 -5.483695075576341
3.286851588722606 -0.537778125712038 -5.511890301973454
3.463233208713071 -0.5278647970383679 -5.494434706684013
3.190461741277854 -0.4363616828667609 -5.442974409477427
3.224137571930412 -0.5273425470999562 -5.499719186070461
3.097617306207085 -0.4379151216634794 -5.446944710631612
3.12208314191396 -0.5248907137156024 -5.502097918299398
3.1727872666966 -0.5256993362108848 -5.500096247141066
3.06553799435076 -0.5095163765896931 -5.488825550979664
3.546662211055665 -0.4838521176689289 -5.45636159071729
2.720554861730661 -0.3565842567965207 -5.493073854910087
2.812373641684434 -0.3426967187121303 -5.480305650989873
2.904252109041296 -0.3341036019212651 -5.471799136794022
3.684288622979105 -0.2568450029214283 -5.514702230208201
3.75 -0.2583476882212082 -5.512187557497232
3.610097024674338 -0.2571873189944042 -5.514354864501821
3.560227924392281 -0.3221951518142516 -5.452927369714589
3.654044885885325 -0.3237932379877304 -5.451829034660871
3.508192523697179 -0.2571007281215042 -5.515264745106829
3.466404322252266 -0.3211222137261657 -5.454084805409392
3.372588539950318 -0.3206755648762546 -5.455392587685785
3.411066591309791 -0.2574509694862983 -5.516165215423057
3.31507259184455 -0.2583992941099568 -5.51712331670978
3.278905801600946 -0.320975207477015 -5.456985276403725
3.218525812882101 -0.2601907928670247 -5.51823723095957
3.185079980933446 -0.3221876088792886 -5.459062411759493
3.091299582981464 -0.3245283027763369 -5.461911382370511
3.121909574567558 -0.2631662305971575 -5.519599692650173
3.557321260620708 -0.2573921418875459 -5.514328763096382
3.459718472778243 -0.257494934407576 -5.515231834932353
3.02529297249041 -0.2677301388932104 -5.521512027266375
3.847403218765031 -0.2369536689845995 -5.6
3.86797020449534 -0.2852787707843769 -5.713937274512734
3.944165112076298 -0.2441469711250489 -5.6
3.847403218765031 -0.4 -5.763046331015401
3.944165112076298 -0.4 -5.755853028874951
4.330291562269794 -0.4 -5.713966811387276
4.330291562269792 -0.286033188612724 -5.6
4.426558245300809 -0.2985419634661272 -5.6
4.522768563903568 -0.3117789233162836 -5.6
4.522768563903568 -0.4 -5.688221076683716
4.618784701897965 -0.4 -5.674209892082148
4.618784701897965 -0.3257901079178511 -5.6
4.714753267974357 -0.3407531008026493 -5.6
4.810490161419139 -0.356978425476173 -5.6
4.810490161419139 -0.4 -5.643021574523827
4.905897768095119 -0.3753141192258396 -5.6
4.905897768095119 -0.4 -5.62468588077416
4.426558245300809 -0.4 -5.701458036533873
4.714753267974357 -0.4 -5.659246899197351
5 -0.4 -5.6
4.13746131496244 -0.2632226637183004 -5.6
4.091412934685541 -0.3002013395373028 -5.700594393072636
4.040896300809019 -0.2531041749272984 -5.6
4.040896300809019 -0.4 -5.746895825072702
4.13746131496244 -0.4 -5.736777336281699
4.233915193615592 -0.2742409848284834 -5.6
4.190452331295229 -0.3080676679815445 -5.693044581150282
4.233915193615592 -0.4 -5.725759015171517
3.974499626492602 -0.2751859149090373 -5.688802723786702
3.95761562355306 -0.3313222513959351 -5.738629049503088
4.037278743308574 -0.2917246151274229 -5.699759953826703
4.285289114629044 -0.3160781207669717 -5.685132249196812
4.141461243644289 -0.3039837565960961 -5.696754611271976
3.867970204495341 -0.5139372745127266 -5.71472122921563
3.847403218765031 -0.5630463310154005 -5.6
3.944165112076299 -0.555853028874951 -5.6
4.330291562269794 -0.5139668113872758 -5.6
4.426558245300809 -0.5014580365338728 -5.6
4.714753267974357 -0.4592468991973507 -5.6
4.522768563903568 -0.4882210766837164 -5.6
4.810490161419139 -0.443021574523827 -5.6
4.618784701897965 -0.4742098920821488 -5.6
4.905897768095119 -0.4246858807741607 -5.6
4.091412934685541 -0.5005943930726358 -5.699798660462698
4.04089630080902 -0.5468958250727015 -5.6
4.137461314962441 -0.5367773362816994 -5.6
4.19045233129523 -0.4930445811502814 -5.691932332018455
4.233915193615593 -0.5257590151715166 -5.6
3.974499626492603 -0.4888027237866956 -5.724814085090967
3.95761562355306 -0.5386290495030824 -5.668677748604075
4.037278743308574 -0.4997599538267008 -5.708275384872579
4.285289114629045 -0.4851322491968121 -5.683921879233028
4.14146124364429 -0.4967546112719754 -5.696016243403903
3.867353004222637 -0.5159518741061169 -5.487255371150251
3.846878673624142 -0.4057397725306702 -5.43702091422271
4.42644478205512 -0.4 -5.4985267936566
4.522690002134461 -0.4 -5.511767800954662
4.618733441869854 -0.4 -5.525782391597945
4.7147388689814 -0.4 -5.540750770328142
4.810511382318861 -0.4 -5.556982211933626
4.905955750282299 -0.4 -5.575326328891225
4.33012500110701 -0.4 -5.486012172032769
4.091187773294551 -0.5006020057107213 -5.500175414588387
4.137221933910271 -0.4 -5.46319637836815
4.040623329265044 -0.4 -5.453077067028165
3.973315688708571 -0.4898335766767425 -5.475795841214963
3.956529366942521 -0.5392792358059855 -5.532429972040305
4.23371478065416 -0.4 -5.474217249609527
4.190341297388191 -0.4930430389969329 -5.508047992141886
4.036694000953133 -0.4999758589511152 -5.491845335922264
4.28519857649446 -0.4851310161238022 -5.516061060014726
4.141322315985816 -0.4967564785460628 -5.503963909849547
4.040238366582473 -0.3941167878245015 -5.45315470347705
4.137407977652387 -0.388039191341143 -5.463733569930744
4.234418567015805 -0.3818026579643877 -5.47561067994301
4.231316870729188 -0.3447248863670999 -5.486684003953362
4.327155103246259 -0.3495996218801615 -5.497330670487023
4.135047361583776 -0.3401576604811588 -5.476698802972043
3.846885340373699 -0.3287083399714469 -5.453312571296848
4.486439728002625 -0.3230099665089632 -5.54729663845276
4.565640797807615 -0.3327946408901221 -5.552906508333503
4.531556144809672 -0.3452562275909837 -5.53243395860868
3.943125353820979 -0.3321134311774744 -5.459593395173111
4.559915438660326 -0.3701904323714586 -5.522628031708684
4.42291034475927 -0.3548037520796734 -5.508610549442803
4.331235762267415 -0.3754075004076341 -5.488820198410467
4.427840726354757 -0.3689039806202945 -5.503584306799294
4.519027701819365 -0.3603713873401211 -5.520580040699534
3.896816983758835 -0.2645409849257039 -5.515507549767126
2.5 -0.4 5.6
2.575665446115663 -0.4 5.662810094739815
2.575665446115663 -0.337189905260184 5.6
2.666724334839443 -0.2991140927051191 5.6
3.650902500411443 -0.4 5.766602966850799
3.617312939894722 -0.2810316573729406 5.716499108953156
3.551955661116865 -0.4 5.76634287005604
2.666724334839443 -0.4 5.700885907294881
3.453045463259937 -0.2342412973469573 5.6
3.474437213996645 -0.2723622297157868 5.705967441237167
3.551955661116865 -0.2336571299439601 5.6
3.650902500411443 -0.2333970331492012 5.6
3.75 -0.256126041767072 5.684133628894353
3.75 -0.3158663711056463 5.743873958232928
3.75 -0.4 5.766666666666667
3.75 -0.2333333333333334 5.6
3.3541735611042 -0.2353192214958754 5.6
3.255385980669858 -0.2371201949470358 5.6
3.330066206238675 -0.2830435076613816 5.715374074166593
3.255385980669857 -0.4 5.762879805052965
3.354173561104199 -0.4 5.764680778504125
3.156371598584531 -0.4 5.760025416616837
3.223819712387228 -0.2852403447994858 5.71444293145878
3.156371598584531 -0.2399745833831628 5.6
3.057706716740493 -0.4 5.755672015423662
3.099469789884172 -0.2882520560557154 5.711280985338326
3.057706716740493 -0.2443279845763382 5.6
2.95894271630433 -0.4 5.749105506673388
3.021629438448818 -0.2912088227869311 5.708356275964217
2.958942716304331 -0.2508944933266126 5.6
2.860602664800167 -0.2607404023388771 5.6
2.906688927407586 -0.2974336451009926 5.701576717419593
2.860602664800167 -0.4 5.739259597661122
3.158226551124362 -0.2866939446335089 5.71305240543006
2.960463903938339 -0.2942410996312668 5.705239725656247
2.762731619922664 -0.2757314520384199 5.6
2.806628640143082 -0.3060735434437181 5.692438911967868
2.762731619922664 -0.4 5.72426854796158
3.52532277486919 -0.3292610038709124 5.750441110703356
3.453045463259937 -0.4 5.765758702653042
2.855954179103837 -0.3015963003132477 5.697686537480131
2.707985026560178 -0.322295646349278 5.681126050042415
2.756408754421718 -0.313271995384612 5.687255481306972
3.402547318642017 -0.3312432748116541 5.750325061563778
3.404372495720693 -0.2462218350331126 5.660715193810082
2.575665446115663 -0.462810094739816 5.6
2.666724334839443 -0.500885907294881 5.6
3.474437213996647 -0.5059674412371682 5.727637770284212
3.617312939894724 -0.5164991089531557 5.718968342627059
3.650902500411443 -0.5666029668507988 5.6
3.551955661116865 -0.5663428700560399 5.6
3.75 -0.4841336288943543 5.743873958232927
3.75 -0.5438739582329275 5.684133628894354
3.75 -0.5666666666666667 5.6
3.330066206238678 -0.5153740741665926 5.716956492338619
3.255385980669857 -0.5628798050529642 5.6
3.3541735611042 -0.5646807785041246 5.6
3.156371598584531 -0.5600254166168371 5.6
3.223819712387284 -0.5144429314587817 5.714759655200515
3.057706716740494 -0.5556720154236618 5.6
3.099469789900867 -0.511280985338873 5.711747943944806
2.958942716304331 -0.5491055066733874 5.6
3.021629438728463 -0.5083562759760003 5.708791177225999
2.906688953233723 -0.5015767130123754 5.702566362921491
2.860602664800167 -0.539259597661123 5.6
3.158226551125801 -0.5130524054300962 5.713306055366525
2.960463907312313 -0.5052397255001106 5.705758900906953
2.806629620991114 -0.4924277451161507 5.693937660063841
2.762731619922665 -0.5242685479615802 5.6
3.525322774869192 -0.550441110703356 5.670738996129089
3.453045463259937 -0.5657587026530427 5.6
2.855954407810577 -0.4976854029194436 5.698404866267436
2.707984140358386 -0.4776975528647265 5.681132260424898
2.756409691958154 -0.4862840923606421 5.687694770964235
3.402547318642017 -0.5503250615637795 5.668756725188347
3.404372495720694 -0.4607151938100817 5.753778164966887
2.563529737533411 -0.4 5.544393153728134
2.728626176064696 -0.4254875326306554 5.485552717918957
2.819897522939908 -0.4333441011386908 5.470386012228236
3.004837118145643 -0.4382572415804494 5.452357200653383
3.654434823744089 -0.417062689996907 5.434256774276948
3.631818877369948 -0.5245509056898281 5.489442245823602
3.561642963801869 -0.4220630286612055 5.435072462478988
3.75 -0.5454254143684973 5.518569512412389
3.75 -0.4912456828099324 5.460540403250707
3.522634842916206 -0.5361148850663627 5.504639840909759
3.376012338069759 -0.4305498634903477 5.437856318010427
3.468837613722314 -0.4265891994816343 5.436243527257613
3.407919461731415 -0.5270962861640787 5.494288581808777
3.283326865307233 -0.4338460689555078 5.440035177661832
3.341104450033083 -0.5162733617686391 5.483695074551052
3.286851559925028 -0.5377781267584938 5.511890304658213
3.463233169512465 -0.5278647984036919 5.494434708801393
3.190461712748589 -0.4363616835096094 5.442974410523616
3.22413754535762 -0.5273425532242983 5.499719194966424
3.097617279858236 -0.4379151214292272 5.446944711811722
3.122083128233391 -0.5248907137953778 5.502097919312214
3.172787249730441 -0.5256993370976175 5.500096249156802
3.065537980469003 -0.5095163769166955 5.488825552317465
3.546662168810437 -0.4838521140747003 5.456361588818521
2.720561765670308 -0.3565828679202231 5.493072681152523
2.812376402546118 -0.3426963975043745 5.480305342053628
2.904252756631243 -0.3341035527018257 5.47179908808266
3.75 -0.2583476882212082 5.512187557497232
3.684288629189528 -0.256845002250616 5.51470223132055
3.65404489403078 -0.3237932381617617 5.451829034558386
3.610097042899411 -0.257187315831841 5.514354869677195
3.560227980456951 -0.3221951526406212 5.452927369037795
3.508192563948628 -0.2571007250920406 5.515264749759805
3.466404420658396 -0.3211222145580468 5.454084804127341
3.372588682822847 -0.3206755650840048 5.455392585482695
3.411066652250572 -0.2574509661149912 5.516165219896446
3.278911337178958 -0.3209751616952924 5.456985172067664
3.315074088933001 -0.2583988919719078 5.517123950946166
3.185089107356386 -0.3221874375129911 5.4590621792296
3.218529495606156 -0.2601904707923098 5.518237583102709
3.121912858810205 -0.263166471325949 5.519599017769451
3.091303817281586 -0.3245281695574351 5.461911229278229
3.557321290437789 -0.2573921412443703 5.514328763941668
3.459718524037771 -0.2574949336837592 5.515231835370792
3.025294992931038 -0.2677300658110254 5.521511906821982
3.847403218765031 -0.2369536689845995 5.6
3.867970204495341 -0.2852787707843767 5.713937274512734
3.944165112076298 -0.2441469711250489 5.6
3.847403218765031 -0.4 5.763046331015401
3.944165112076298 -0.4 5.755853028874951
4.330291562269794 -0.4 5.713966811387276
4.426558245300809 -0.2985419634661272 5.6
4.330291562269792 -0.286033188612724 5.6
4.426558245300809 -0.4 5.701458036533873
4.522768563903568 -0.4 5.688221076683716
4.618784701897965 -0.4 5.674209892082148
4.714753267974357 -0.3407531008026493 5.6
4.618784701897965 -0.3257901079178511 5.6
4.714753267974357 -0.4 5.659246899197351
4.810490161419139 -0.4 5.643021574523827
4.522768563903568 -0.3117789233162836 5.6
4.905897768095119 -0.4 5.62468588077416
4.810490161419139 -0.356978425476173 5.6
4.905897768095119 -0.3753141192258396 5.6
5 -0.4 5.6
4.13746131496244 -0.2632226637183004 5.6
4.040896300809019 -0.2531041749272984 5.6
4.091412934685541 -0.3002013395373026 5.700594393072636
4.040896300809019 -0.4 5.746895825072702
4.13746131496244 -0.4 5.736777336281699
4.233915193615592 -0.2742409848284834 5.6
4.190452331295229 -0.3080676679815445 5.693044581150282
4.233915193615592 -0.4 5.725759015171517
3.974499626492602 -0.2751859149090373 5.688802723786702
3.95761562355306 -0.3313222513959351 5.738629049503087
4.037278743308573 -0.2917246151274229 5.699759953826702
4.285289114629044 -0.3160781207669716 5.685132249196812
4.141461243644289 -0.3039837565960961 5.696754611271976
3.867970204495341 -0.5139372745127265 5.714721229215629
3.847403218765031 -0.5630463310154005 5.6
3.944165112076299 -0.555853028874951 5.6
4.330291562269794 -0.5139668113872758 5.6
4.426558245300809 -0.5014580365338728 5.6
4.618784701897965 -0.4742098920821488 5.6
4.714753267974357 -0.4592468991973507 5.6
4.522768563903568 -0.4882210766837164 5.6
4.810490161419139 -0.443021574523827 5.6
4.905897768095119 -0.4246858807741607 5.6
4.091412934685542 -0.5005943930726358 5.699798660462697
4.04089630080902 -0.5468958250727015 5.6
4.137461314962441 -0.5367773362816994 5.6
4.19045233129523 -0.4930445811502814 5.691932332018455
4.233915193615593 -0.5257590151715166 5.6
3.974499626492602 -0.4888027237866958 5.724814085090968
3.95761562355306 -0.5386290495030827 5.668677748604074
4.037278743308574 -0.4997599538267007 5.708275384872579
4.285289114629045 -0.4851322491968119 5.683921879233027
4.14146124364429 -0.4967546112719756 5.696016243403903
3.867353004222637 -0.5159518741061165 5.487255371150251
3.846878673624142 -0.4057397725306702 5.43702091422271
4.42644478205512 -0.4 5.4985267936566
4.522690002134461 -0.4 5.511767800954662
4.618733441869854 -0.4 5.525782391597945
4.7147388689814 -0.4 5.540750770328142
4.810511382318861 -0.4 5.556982211933626
4.905955750282299 -0.4 5.575326328891225
4.33012500110701 -0.4 5.486012172032769
4.091187773294551 -0.5006020057107213 5.500175414588387
4.137221933910271 -0.4 5.46319637836815
4.040623329265044 -0.4 5.453077067028165
3.973315688708571 -0.4898335766767425 5.475795841214964
3.95652936694252 -0.5392792358059856 5.532429972040305
4.23371478065416 -0.4 5.474217249609527
4.190341297388191 -0.4930430389969334 5.508047992141886
4.036694000953133 -0.4999758589511153 5.491845335922266
4.28519857649446 -0.4851310161238023 5.516061060014726
4.141322315985815 -0.4967564785460628 5.503963909849547
4.040236227155852 -0.3941169206026438 5.453154485749973
4.137405476570002 -0.3880393451673766 5.463733280884227
4.234416605960332 -0.3818027626515317 5.475610429920459
4.32715548096915 -0.3495996428001233 5.497330713215827
4.231317246233541 -0.3447249052830635 5.486684044124804
4.135047426051391 -0.3401576634542355 5.476698809382651
3.846885357298616 -0.3287083405072762 5.453312572185862
4.486439947182504 -0.3230099499810576 5.54729671619398
4.565640839599022 -0.3327946457352496 5.552906512005364
4.531556190307404 -0.3452562281199527 5.532433966518137
3.943125386047281 -0.3321134323786075 5.459593397627009
4.559915445294875 -0.3701904340188087 5.522628032103228
4.422911255858054 -0.3548038059127742 5.508610658438826
4.331230531469261 -0.3754078048409016 5.488819454845405
4.427837008759751 -0.3689042010162902 5.503583712892017
4.519027701819365 -0.3603713873401211 5.520580040699534
3.896816996548588 -0.2645409866674527 5.515507548795742
-7.966942773479778 -0.6069365990935703 4.526019481011222e-18
-8.043478260869565 -0.5434782608695645 -0
-7.968569307209783 -0.5411320960056918 -0.0649630041548904
-5.122044268404609 -0.751610169592843 -0.1610358835766375
-5.050810988393824 -0.7834413699961029 -0.07921311984403716
-5.189251589356977 -0.7934782608695645 1.85004307220145e-17
-3.597363445926541 -0.1165586274996202 -0.4427706782814825
-3.559012703122477 -0.2572834327658626 -0.4305410054665454
-3.781702508032924 -0.2387444267159798 -0.4342553679460422
-2.386998127555536 -0.3377976986131905 -0.4085599995441448
-2.582544339633555 -0.3776240890699961 -0.3985974558884887
-2.484194738871838 -0.1742410164213111 -0.4370214363963556
-4.221683765911406 -0.7820215375273558 -0.08160760544262177
-4.117190816353625 -0.7806645498186424 -0.08593726784089087
-4.205921229497894 -0.7934782608695645 1.415879959990623e-17
-2.860019086473942 -0.1614010323372228 -0.4389618096081414
-2.8178338146382 -0.3101282523367916 -0.4168583052896913
-3.070223823199616 -0.2821098755601819 -0.4237669766945997
-6.800637058638122 -0.371561940726479 -0.4172776379495002
-6.775874891070546 -0.4625911469378395 -0.4098413217851217
-6.916096795319353 -0.3906181223162372 -0.4041434776786865
-1.916429080541695 -0.1868101684421347 -0.4350828975345492
-1.916429080541695 -0.3682129443611507 -0.3995368875013511
-2.108786280599777 -0.1833069898876424 -0.4355578718940641
-1.916429080541695 -0.7934782608695645 -0
-2.018768793214885 -0.7934782608695645 6.460409959706521e-20
-1.916429080541695 -0.7759774608150849 -0.09553372786135714
-1.916429080541695 -0.7253632373182709 -0.1846728913397054
-2.053459172376927 -0.7493775385203014 -0.150021515049211
-3.299274722972674 -0.6566024148602116 -0.2616155158726844
-3.126915082258042 -0.6713804997098265 -0.2472051322537356
-3.203173188597286 -0.73467031687357 -0.1759224423609836
-4.282315801343618 -0.41242174596435 -0.4022954012009985
-4.395216257324751 -0.5330459515445636 -0.3556750695926191
-4.469842521718547 -0.4161085289713088 -0.4032760449088277
-6.446434090058729 -0.6443732929772558 -0.3203470301261376
-6.363289449418113 -0.6949114148423294 -0.2667146547804936
-6.470204729939297 -0.7427287115030823 -0.2020703155881195
-7.429655761178252 -0.6868326507042117 -0.2126247777648189
-7.455835488144546 -0.7494536354231298 -0.1141552588973607
-7.540110366232462 -0.6868017001809595 -0.1824435956851909
-7.59782399179686 -0.7493929708452067 3.472379188566251e-18
-7.571663521745346 -0.7355237297392401 -0.09558850208169578
-7.495546318507146 -0.7672607348802032 8.721270759350128e-19
-3.13058639706431 -0.5558309087989962 -0.3296228662214133
-6.909317508472251 -0.6722522923924374 -0.2928466369848015
-6.93820306087842 -0.7568191256806187 -0.1834015016548214
-7.025496141890836 -0.7118141129960673 -0.245096067090941
-7.036280404025323 -0.6205063126943257 -0.3242344091914455
-5.209084587297128 -0.7007862930033539 -0.2366973035014298
-5.122588851973114 -0.6535033510855657 -0.2842981992542136
-4.066654626557007 -0.6677033667493724 -0.2586509435879494
-3.951637322438577 -0.6637132849481764 -0.2611739877337967
-4.037267625175207 -0.741929592367421 -0.169771791180902
-4.262269761823635 -0.6819688606972285 -0.2467554618515113
-4.168293909282405 -0.6521077306224857 -0.2736810061129964
-4.163688609567542 -0.7379452273219687 -0.1768431528134617
-2.493906377208528 -0.6550867693641542 -0.2578155343394375
-2.573622269052323 -0.7499997400545266 -0.1499027813538875
-2.639864644042129 -0.6787298524422888 -0.2374746645226139
-2.999174335316575 -0.7213196276786136 -0.1928679885943491
-3.096778355447524 -0.7440791483721463 -0.1613088445596795
-3.70481813522825 -0.3735337503372576 -0.4076744471519061
-3.772481822523631 -0.4970377783708323 -0.3652449904783718
-3.904613955727169 -0.4045147354573705 -0.4007422557335988
-3.523176811649483 -0.4085148296718 -0.3958989408481666
-3.63079575135336 -0.5240108954330563 -0.3511243571041034
-5.491840598425672 -0.6707227790918173 -0.2734702360740652
-5.578292665792539 -0.7409659833281954 -0.1845931626455787
-5.626544114920828 -0.6844792708783916 -0.261242267927137
-5.462007590308076 -0.5691654030521093 -0.3517040416410084
-5.628277578891729 -0.58637991425239 -0.3439398698886598
-6.555023857392035 -0.6062903044992893 -0.3514136113108184
-6.434147745115795 -0.5013763709049208 -0.4060523827716981
-2.22674188604322 -0.380271702224698 -0.3964619827325223
-2.296172328340415 -0.1791814675945244 -0.4362118288465624
-4.579664485304713 -0.6722036841684148 -0.2598821592878256
-4.487171613735678 -0.738393762911042 -0.1785166352141869
-4.612402722062293 -0.7552781287735435 -0.1502565407708183
-3.832569113423602 -0.679380177317109 -0.24524632648302
-3.793816102012769 -0.7585404545449745 -0.1392968810160207
-3.918592177604858 -0.7429339283371498 -0.167423821644706
-3.406854890253755 -0.7358240414789821 -0.1753164160521205
-3.466298961857591 -0.6827524171584753 -0.2388498222820072
-3.458464298111601 -0.5618101052894323 -0.3293031532183125
-7.077942763733359 -0.7729357327419089 -0.1400713911861234
-7.133956805491052 -0.6886200838910888 -0.260275697350338
-4.283164869711856 -0.7584624173498502 -0.142014753977898
-2.065683049401296 -0.4289220282548987 -0.380290434478643
-2.345761789691599 -0.7390309817220644 -0.1664642506455584
-2.270543191428446 -0.6557327385308518 -0.2564520596218481
-2.215105143561459 -0.7526827753062826 -0.1446434733576721
-4.539760632892913 -0.5548424278592531 -0.3459913318945618
-4.449413630794917 -0.6527264701385181 -0.2763170670250601
-5.426192783421046 -0.4526813893667627 -0.4041107558253026
-5.340092959663843 -0.3463727352820769 -0.4297979955933289
-5.307626097855255 -0.5241666002931199 -0.3732761827827301
-5.928905957782521 -0.38463462493678 -0.4297704218193528
-6.116040858610233 -0.3910488775493055 -0.4314264258704663
-5.96107190261934 -0.255769817120914 -0.4431818181818182
-5.806072487966966 -0.4332675239008423 -0.4160700012471608
-5.922001821937395 -0.5366598771700677 -0.3781227942825238
-5.017921002088405 -0.6775348010140978 -0.2598780068902846
-4.976945616237755 -0.7447453463433242 -0.1720959268197358
-7.38687064202904 -0.7808428068118421 -2.138419143287195e-18
-5.216895957299121 -0.3876807709577099 -0.4198128483734171
-5.208469684399669 -0.191156465396834 -0.4431818181818182
-2.194861127351314 -0.5397651065910111 -0.332588916339747
-2.3795567221774 -0.5135919861308311 -0.3463129488405073
-6.235262157110435 -0.7934782608695645 3.453632889986027e-18
-6.228551292450105 -0.7713383452855912 -0.1290806612243672
-6.112874124777342 -0.7934782608695645 8.541160737455206e-18
-7.259065611605664 -0.5445108390905263 -0.3319974499367513
-7.3488456614061 -0.6060559952274892 -0.2894146152100092
-7.335527127179793 -0.4596329664792392 -0.3293613238587305
-6.561481257879337 -0.6961795214266017 -0.2714586333131055
-4.788610857554389 -0.4900735785419373 -0.380849623963371
-4.800485319179874 -0.6338659960432543 -0.2965363600502056
-4.910579315267049 -0.5843567511558241 -0.3336076888940158
-6.348330464440587 -0.7590265100896469 -0.1639324730299111
-6.24121909847543 -0.6894817112325919 -0.2686920839369303
-2.133715010549838 -0.7817140384104055 -0.07860044154566788
-2.223531563745651 -0.7934782608695645 5.307392499816876e-19
-2.121103958222712 -0.7934782608695645 2.466003312885336e-19
-4.343870565305597 -0.2766943418228435 -0.4325032402468101
-4.57034570903095 -0.2786942090167518 -0.4337602418168099
-4.367790860446154 -0.1335858123983846 -0.4431818181818182
-6.830595874729704 -0.566118293369102 -0.3695640055343482
-6.774136352796011 -0.6584379204957731 -0.3097200063286619
-7.187251966263059 -0.7848520983390217 -0.08778592488185247
-7.148794144635835 -0.7969143765518516 -8.464638481464216e-18
-7.021243813081035 -0.8001501467844609 -1.115018220382546e-17
-6.036035350851479 -0.7251387879088067 -0.2168577300244266
-6.11301208900865 -0.6642140139713667 -0.2919080142002921
-5.948926152629478 -0.65539898855946 -0.2965496127866993
-6.184368111460554 -0.5468123916131945 -0.3789295291055756
-3.982551460640108 -0.2661054994327329 -0.4317012134453198
-4.155104960556557 -0.2710840797051768 -0.4320662228290806
-4.028575370456895 -0.1137064201741247 -0.4431818181818182
-3.869948882436838 -0.5662689910928894 -0.3311215235833535
-3.718620544099043 -0.6215723202802387 -0.2932313988950592
-7.886692998787151 -0.5349837565946662 -0.1204592605576997
-7.800183556545189 -0.5260735345441279 -0.1682122699468045
-7.825727030609568 -0.6153858728098964 -0.1246090719684008
-7.729582490242428 -0.6525399859752693 -0.1431680531926799
-7.758013009744764 -0.6900409510279248 -0.07537673801825151
-5.527823964509632 -0.7934782608695645 1.773012046899668e-17
-5.509384336517726 -0.7810052463754058 -0.09060267796541616
-5.414208306978457 -0.7934782608695645 1.820629144923596e-17
-5.757825293478233 -0.7934782608695645 1.582447217678427e-17
-5.72176881508924 -0.7839002647799512 -0.08065825005252775
-5.642184252154141 -0.7934782608695645 1.696412823828144e-17
-6.575785665708786 -0.5209245628926484 -0.3980855362751504
-6.542873425050214 -0.4199376128567772 -0.4290150766900604
-6.42221630125472 -0.3118993400374011 -0.4414518845856434
-6.554626988382008 -0.332056904779316 -0.4361989757231419
-2.944154843651388 -0.7934782608695645 4.479744469905595e-18
-2.931122303191011 -0.77888273998716 -0.08848843059171543
-2.84077376942138 -0.7934782608695645 3.764153113662626e-18
-3.151722777439064 -0.7934782608695645 6.00572560015808e-18
-3.123961318758724 -0.7803842772658922 -0.08424672123115631
-3.047808794646076 -0.7934782608695645 5.228833179911885e-18
-2.326060975894043 -0.7934782608695645 9.040798527990558e-19
-2.306958977619177 -0.7809480955399469 -0.08120875043956491
-3.992421966023963 -0.7934782608695645 1.259592237673734e-17
-3.992432080962929 -0.7826599970819432 -0.07866012994311911
-3.886220590451243 -0.7934782608695645 1.178251669669674e-17
-3.780353356739174 -0.7934782608695645 1.095556539012648e-17
-3.872635477849312 -0.7820818002991224 -0.08038965534157866
-4.098992225573716 -0.7934782608695645 1.339014689203557e-17
-2.490120094300297 -0.7810981087318214 -0.08091409881915729
-2.531531386380403 -0.7934782608695645 1.875579384263772e-18
-2.42870346859203 -0.7934782608695645 1.355488233546596e-18
-2.737625274039177 -0.7934782608695645 3.087708611747124e-18
-2.666629082901655 -0.7814003781132314 -0.08015986690243432
-2.634552000085045 -0.7934782608695645 2.455844970287858e-18
-7.184558881676841 -0.7476541816326165 -0.1794065863295295
-2.959872005922407 -0.5555510692701252 -0.3283740410128508
-2.97105488135287 -0.4307847515757467 -0.383952501778015
-3.293427817002941 -0.5376891584709657 -0.3408353402182963
-3.179547099840927 -0.4166195669106571 -0.3903683880086476
-4.313200799635895 -0.7934782608695645 1.489500351407177e-17
-5.557708616006156 -0.4638206957943118 -0.4023178645241251
-5.693820854703625 -0.4837040176978731 -0.3972427298479466
-5.803952973155199 -0.5907692110208486 -0.3443878435334182
-4.788039370717105 -0.3317452146929761 -0.4270713097768482
-4.953980692038346 -0.3155811379710348 -0.4313132551318701
-4.794167394207826 -0.1612520279852321 -0.4431818181818181
-4.677513238282001 -0.5835094444239031 -0.330828169144584
-4.707629581399599 -0.701919911294921 -0.229596501606236
-4.11361961835105 -0.5630176058369282 -0.3358753272035221
-4.238798360319729 -0.5462356794456449 -0.3467712551647664
-4.099714891035402 -0.4190741682457873 -0.3982555372235792
-3.999182853195345 -0.544170602752111 -0.3449454628865681
-4.966977863960054 -0.7934782608695645 1.815456911903723e-17
-5.077795706422783 -0.7934782608695645 1.839369239900929e-17
-3.674860810300387 -0.7934782608695645 1.012096967251625e-17
-3.650338956172482 -0.7691124498026586 -0.1161820902922992
-3.569661637608804 -0.7934782608695645 9.283428845922599e-18
-6.680406420861232 -0.3520039395653281 -0.4280255944558486
-5.228597641759408 -0.7819382398003696 -0.08571276617239156
-5.301378218534511 -0.7934782608695645 1.844886757019014e-17
-6.323207059464155 -0.6038742610612086 -0.3483390401445924
-5.039402148658386 -0.563958419326791 -0.347965672944734
-3.361408267415927 -0.4360158488155385 -0.3852833613045662
-7.69498166644992 -0.7264002323483258 5.46863797856569e-18
-7.668399134689826 -0.7156882681611131 -0.08469374711973658
-4.581508452299003 -0.1470767309963135 -0.4431818181818182
-2.672436897454979 -0.1683575975452598 -0.4379519790544796
-3.333301999273243 -0.2901078517782043 -0.4237467104111153
-3.233792910487501 -0.1432337492606297 -0.441049705164122
-3.047201012981259 -0.153138583012498 -0.440011018124695
-2.764679302379722 -0.441033773362975 -0.3788580690399339
-4.93379413763449 -0.4565743309940463 -0.3957703611376277
-6.688844878540512 -0.727946823172847 -0.2327249621811657
-6.809145174244608 -0.7372096161370645 -0.2193536269487116
-3.010855491284481 -0.6354252137259382 -0.2766046368611811
-1.916429080541695 -0.5189957686168811 -0.3426268368115273
-2.046017548540089 -0.5893689963114465 -0.3038718586926975
-6.756680666356893 -0.7998037786378305 -1.366729019305024e-17
-6.706713430804522 -0.7827289925328716 -0.1178834541415221
-6.62282970421572 -0.7976836487432298 -1.267515178112966e-17
-4.711542504081814 -0.7597875109090446 -0.1419253519455033
-4.83732535725744 -0.7355179127141286 -0.1858747294809939
-4.747072838654222 -0.7934782608695645 1.735909033130799e-17
-4.856767117414684 -0.7934782608695645 1.780403119462366e-17
-4.795039611406036 -0.7783339910319882 -0.09599770237622419
-7.619157956423081 -0.5027521502202568 -0.2455051400038975
-7.526089379904956 -0.4892253297675466 -0.2770192121731716
-7.590487457441279 -0.5973128779537484 -0.2331592857789878
-7.638510740804075 -0.6710192639811836 -0.1643539209932388
-4.369587701831428 -0.7187362381346855 -0.2055729575368658
-4.340344727279934 -0.6256075109758789 -0.2971355005313091
-6.594750407876701 -0.7549460345692034 -0.1842475866563441
-5.824649941501082 -0.7084940016691068 -0.2360387611644836
-3.419870484220562 -0.1311393669970072 -0.4420122863572128
-3.897566672979511 -0.1065382472610753 -0.4431818181818182
-5.711175378832531 -0.7452225851868177 -0.1788191225235287
-5.726867374287893 -0.6651234362884706 -0.2829453281288641
-5.925016394681762 -0.7442774198880153 -0.1835625744551741
-6.033422125324538 -0.7765711715420314 -0.1100675124941554
-6.036087326173173 -0.491558826995948 -0.4006575533894142
-6.050156945854539 -0.5883162076891419 -0.3512497449426277
-5.262500503689646 -0.7444279324794894 -0.175250105801643
-5.376239874669627 -0.7341270250136347 -0.1933908220058647
-5.33945022206137 -0.6565942601465729 -0.284671629661156
-3.75697157179004 -0.0991699684423224 -0.4431818181818181
-5.22736189973747 -0.620975046405389 -0.3128088242165619
-5.474724494366081 -0.7454448644166622 -0.1756449576203274
-5.413909683061925 -0.7772958399137849 -0.1024900831829935
-4.641568409147976 -0.4356012868166366 -0.3991583574001869
-6.692826266308163 -0.5708833057281739 -0.3721128604289206
-7.348244521459007 -0.7248712826956092 -0.1861311255595735
-2.384942813464152 -0.6633826519616717 -0.2503127880187972
-2.460105900850381 -0.7381313690221389 -0.1680507737709277
-2.402226293637884 -0.7802989342797045 -0.08335295979859611
-2.69730283398146 -0.7403741708864238 -0.1654548060034198
-2.802385606645471 -0.7361572820017024 -0.172014692692893
-2.763450709163417 -0.6579467685631318 -0.2567738801116192
-2.896483875089615 -0.7428628313357964 -0.1623903970092609
-2.889631410635469 -0.6631849791127333 -0.2530026635402209
-2.840642166743915 -0.7776586088075668 -0.09189720753119526
-3.024729974347846 -0.7786986466111256 -0.08922884070394389
-3.308939435700858 -0.7504081588925133 -0.1518601975085059
-3.21951706530665 -0.7807486914737001 -0.0832801446580527
-5.992576542383896 -0.7934782608695645 1.188541890218996e-17
-7.051683267141485 -0.512228354254367 -0.3720668566280516
-6.94592688971211 -0.5705337524466707 -0.3600025555223328
-7.236643411518586 -0.4436365878063776 -0.3513693669033315
-6.308953047065994 -0.5155275236213706 -0.3975956747374902
-7.146157608470428 -0.592027766768811 -0.3290019094883833
-7.236677969946586 -0.6319537583476775 -0.2931019994769367
-5.785108245409832 -0.2390229261484363 -0.4431818181818182
-5.618714835694591 -0.7807389883777777 -0.09224184381429253
-1.916429080541695 -0.6395843027632844 -0.2688533926357957
-2.012664158433795 -0.6873728525868166 -0.2272863631861736
-3.721945259541256 -0.7141112395503022 -0.2062829154759952
-7.78975494488555 -0.6963333661309075 6.626177112906849e-18
-3.60976726709313 -0.7076026876582866 -0.2132544792812914
-5.407740782165987 -0.2067466653575087 -0.4431818181818182
-5.495440214007045 -0.334112344096591 -0.4334093434421499
-5.600220469728433 -0.2226958583087418 -0.4431818181818182
-5.65843444851513 -0.3517854336168635 -0.4323059389449169
-6.446211090096831 -0.7841780994632765 -0.09358958953582326
-6.360573234053536 -0.7937484101083963 -4.085906588196768e-18
-6.490369137498055 -0.7953721639876538 -9.624518367899893e-18
-3.572882214361649 -0.6325540066212736 -0.2835340217166148
-5.075704444090867 -0.4218347458805225 -0.4089311829695769
-5.164241559499156 -0.5302158439330307 -0.3680540786989476
-7.27100492825076 -0.7906234524319559 -5.348175819602236e-18
-4.182680937307891 -0.1225037589955258 -0.4431818181818182
-5.326353794901165 -0.780594829273907 -0.09104117775108547
-2.038350891779671 -0.7838485970862681 -0.07115722446642102
-6.657060717474639 -0.4610397754183524 -0.4163632980889553
-4.420871366878074 -0.7934782608695645 1.559156553354432e-17
-4.52913555817095 -0.7934782608695645 1.624136094871562e-17
-4.46108818872619 -0.7827871739715335 -0.07959156555746812
-4.376870341185384 -0.7705601839294094 -0.1157430702375577
-7.265698259823903 -0.7650142686503796 -0.1315793870797821
-7.259549640345721 -0.6988784820134585 -0.2333713136566727
-7.13399256843685 -0.426766197817725 -0.3711331470110332
-7.027153081288884 -0.4090559664481153 -0.3887393064823143
-3.255850367402189 -0.7934782608695645 6.804689365387537e-18
-6.66113583482523 -0.6595366940723554 -0.3099231331338118
-3.41612978508567 -0.7795700901544199 -0.08747831200325265
-3.464747848746517 -0.7934782608695645 8.44805427762512e-18
-3.360154422686366 -0.7934782608695645 7.620206677040415e-18
-2.757645884467659 -0.7804912319318787 -0.08322798921495528
-7.431870277149191 -0.4748482819141323 -0.3047087474458623
-6.141038541103757 -0.7508266881206833 -0.1751912656060718
-5.830354561296105 -0.7758611146441825 -0.1101244421719552
-2.826919033730933 -0.5492476864722733 -0.3308318885634411
-2.672552168553593 -0.5496717457329499 -0.3295623682253942
-7.674474522677075 -0.5920410506179193 -0.2066480080009898
-7.710705075669201 -0.5151569651916248 -0.2095216641273498
-6.281047486381785 -0.2917899448815371 -0.4431818181818182
-6.126430921457995 -0.2730910232729429 -0.4431818181818182
-3.312141104894081 -0.7854041596191355 -0.06661450579900915
-7.753030221170762 -0.5851951788827696 -0.1775985389261929
-7.167714209811693 -0.5073291131118105 -0.3572510903551952
-3.53042291224532 -0.7580584462446264 -0.1390161874588687
-2.133127293340154 -0.694458372871769 -0.2202921929922854
-5.874873008921302 -0.7934782608695645 1.418916521871206e-17
-6.292317626547785 -0.4181547148367654 -0.4292407719005311
-4.918811196965112 -0.7799203647387221 -0.09139556833898754
-6.845769720907625 -0.7827406431466961 -0.1221961164699881
-6.89008742829497 -0.8008849647205244 -1.301849476667901e-17
-6.96353671971147 -0.7916930732823153 -0.08660367590892265
-7.506446187405766 -0.6168504339752365 -0.2473688185757337
-7.3458599026486 -0.7728482170847498 -0.08781124185598688
-3.723940771270299 -0.7854141478766863 -0.06737369544572774
-7.907216885339866 -0.610507579142348 -0.07456296517532948
-7.881231150026255 -0.6572083974203002 6.506376266775761e-18
-7.834577481346821 -0.6658513218623747 -0.05717998009939231
-2.53042852277756 -0.5350733041076212 -0.3364306971234636
-4.907120302208989 -0.6831095135862701 -0.2527213868620793
-6.563508100430782 -0.7854922366133168 -0.0974867347777689
-5.00378056941674 -0.1759865765594641 -0.4431818181818182
-5.110877285515002 -0.2900903484776615 -0.4361366631556517
-7.452491020261117 -0.5578912764299996 -0.2870769136293873
-7.429940677300706 -0.6226037075799946 -0.2629042209904183
-2.15863336083791 -0.6297325589397036 -0.2765907026257376
-6.801211858527581 -0.7962258319353991 -0.05999024759378414
-4.696211094391018 -0.78569620719978 -0.06862960409082092
-4.637866207306459 -0.7934782608695645 1.683409665439267e-17
-5.936281095191485 -0.7851292530281552 -0.07677247742850424
-3.500364757399553 -0.7876985814087405 -0.05670720450750978
-2.583187145319221 -0.6141742027012759 -0.2894163982416395
-4.549496440247465 -0.7807493117864918 -0.08711837303041672
-2.59750508001617 -0.7875404913957561 -0.05631358458479246
-6.922734722063891 -0.4788306153958791 -0.3943858241103758
-6.298011312322581 -0.7864824234857828 -0.07432220842266354
-4.387177558844434 -0.7896549072256622 -0.04754026690180942
-7.968569311952855 -0.5411320962733978 0.06496300055191906
-3.659856552599817 -0.7833704898148646 0.07522346940797692
-6.800637207317308 -0.371561965127561 0.4172776228427579
-6.790814838494481 -0.4515448619595522 0.4111289212463979
-6.680406588366986 -0.3520039665278113 0.4280255814993389
-4.920426197825726 -0.7561580011706917 0.1506936228798389
-4.985441050978423 -0.7839460464315694 0.07695248206164855
-3.784964826008605 -0.2394466043140764 0.4341841318900604
-3.59733410448492 -0.1165613771781544 0.4427705731592885
-4.143614802415594 -0.7527850721038056 0.1519876247472467
-4.227273571872346 -0.7833682958816122 0.07670686433475113
-3.852211471323001 -0.7792756152773537 0.0895986006341945
-3.948194941890947 -0.7841552406502519 0.07294538156222452
-2.573591905151744 -0.7610593190448316 0.1299981760218835
-2.53708654260049 -0.3311630212605279 0.4107544263413149
-2.298877070759315 -0.3138590682374575 0.4140054155906903
-2.483948588219351 -0.1742480045257427 0.4370202965122525
-2.916055374032554 -0.3346764973403974 0.4117775081030836
-2.747443149401173 -0.3715845261677768 0.4011895488521615
-2.859888278656423 -0.1614063135301471 0.4389610857280929
-1.916429080541695 -0.5189960727013651 0.3426266892386157
-2.01330649078711 -0.4953649147456086 0.3536896198952154
-1.916429080541695 -0.639584436624014 0.2688532891968785
-1.916429080541695 -0.3682135028414769 0.3995367285678737
-2.004133929913774 -0.7657843616230529 0.1196548099617101
-1.916429080541695 -0.775977464373184 0.09553371830700069
-2.885195323259537 -0.650826166876089 0.2634799227849106
-2.79393168259992 -0.7344481864753123 0.1744176925849684
-2.721393424340063 -0.6643114878339127 0.2510355745062126
-3.904994316173285 -0.4057539276522468 0.4003715947345358
-3.79167504348117 -0.5347498023135582 0.3474809396544848
-3.718616775707978 -0.3811682638441533 0.4057226664928861
-4.206589513233013 -0.6700931937724757 0.257836587499508
-4.358468517425004 -0.6536210269801606 0.2744843931728019
-4.275093533911187 -0.740421371941886 0.1737668777497793
-4.056143941616799 -0.6695212308584251 0.2568452905169575
-2.508172237299599 -0.6652073492284751 0.2492080548322836
-2.615387123776274 -0.697728515319523 0.218345464714033
-2.606509366460003 -0.59606472051716 0.3016946198742922
-2.686327891759949 -0.7436178140473084 0.1604810801372635
-3.420144568135559 -0.468847708059575 0.3734864599772624
-3.50779786421847 -0.5762567269819941 0.3213110228026811
-3.336212379509674 -0.5846577134249954 0.3144908984129826
-5.49796926440308 -0.6646964813708495 0.2794957753617736
-5.62395385885659 -0.6807220448500373 0.2652548308126646
-5.566125903662734 -0.7396972251064905 0.1865842056834257
-5.463594860286831 -0.5399779592078684 0.3679532897362748
-5.630392415072489 -0.5782253161578865 0.349156964711012
-5.440473772463299 -0.7512107598414925 0.1647152460065285
-7.227831289895781 -0.6933390646539326 0.2438371597697248
-7.328091312541085 -0.616062448285518 0.2877571311439691
-7.352452959095362 -0.681811763698128 0.2341268723101377
-2.344101384906693 -0.7341689938456623 0.1734142740859969
-2.216540410677218 -0.7416289908576339 0.1623688742483295
-2.256498815269615 -0.6487248932452446 0.2621660095802205
-5.005177172575829 -0.690562655890233 0.2458909292244738
-4.877069012976244 -0.6832856605226877 0.252173132609823
-6.779259448099068 -0.656425437728806 0.3113440265683706
-6.70466176571674 -0.5323227142982767 0.3904989481602236
-6.847878781728863 -0.543525887742029 0.3790989175089042
-4.663969234006305 -0.4689887676490805 0.3876015979951861
-4.849590537096772 -0.4552243468262181 0.3951210714275016
-4.817228632640539 -0.5680212270064003 0.3422931836721576
-6.458031759705619 -0.770188720636954 0.1416500946271368
-4.472618199112398 -0.6838885978677796 0.2469681069861295
-4.519581030347684 -0.7558378322308943 0.1485741293851813
-4.394401583811327 -0.7403801044502907 0.174689601376785
-7.210647092453726 -0.7715991952958912 0.1257418279081745
-3.208903934508937 -0.6676228526775313 0.2512207460258292
-3.287737915797704 -0.7412376785064836 0.1666020448857277
-3.180182024995224 -0.7564000814954114 0.1406917255909285
-4.279016646333234 -0.4080005005775713 0.4035871601560805
-4.477138640075509 -0.4278461704135146 0.399696779984426
-4.378482697884574 -0.5293093695215212 0.3573412314625043
-7.495803139042997 -0.7517210125985813 0.09155184372836456
-2.123958550814444 -0.3899420180620515 0.3933000532766248
-7.09735879913557 -0.7385411131110882 0.2037737045846518
-7.225159643316942 -0.5849807414715198 0.3214609051649155
-3.738552066846288 -0.6636288091342124 0.2592201265893251
-3.655337827642146 -0.531990463200799 0.3473971839361636
-6.943707420191156 -0.7920768809667186 0.0855671442782179
-6.848383908353004 -0.7906781470437754 0.09242697046610593
-6.937873005688557 -0.7555899695334017 0.1857206148234925
-5.085997359627911 -0.7480145531715036 0.1673131017826259
-5.407741287932987 -0.2067467060506828 0.4431818181818182
-5.282160856205094 -0.2805726318288901 0.4384102930536412
-5.208470241416187 -0.1911565077958136 0.4431818181818182
-6.257608003333351 -0.5320980239890455 0.3883831164345943
-6.326416312916108 -0.4231096300077419 0.4288433297978111
-6.408562373756256 -0.5378968301074181 0.3895584217293185
-6.454379079981703 -0.432952164831115 0.4275188656409081
-6.422216521313544 -0.3118993726337231 0.4414518787387123
-6.025384140906352 -0.7779340970397832 0.1054954669092909
-6.128048840279781 -0.7715645953515335 0.1265101566928424
-3.053823649894173 -0.6477995761515689 0.2671124005342802
-2.992567083407989 -0.731397169312922 0.179517501901454
-3.001394460914185 -0.5225089659715892 0.3459486150192356
-3.16593883065893 -0.5465261586431795 0.3350134947762548
-3.233723334279944 -0.1432378245245959 0.4410493259965896
-3.419818598124721 -0.1311431588739474 0.4420120348745405
-3.380952404202959 -0.301713847851576 0.4218153253537906
-4.794168069034882 -0.1612520741819922 0.4431818181818182
-5.003781179045841 -0.1759866205578592 0.4431818181818182
-4.946575943608022 -0.3259436089892587 0.4295433440294777
-5.1328895172028 -0.4534491229733543 0.3996047427475808
-4.967674374314225 -0.4990805389635242 0.3795488111504701
-6.102884503511197 -0.5559634560834353 0.3719511087533581
-6.215485369732991 -0.6357216879594652 0.3204889623567767
-4.665229748915569 -0.6013712203092562 0.3188663521727447
-6.63996811523188 -0.6448554049712801 0.3225898695479572
-7.61631995596415 -0.6484199881193164 0.1927818892700221
-7.618429106332357 -0.7208427163956251 0.103287615115337
-7.51990771099168 -0.6917425633554287 0.1832945222700918
-7.737906323335825 -0.6953913317590965 0.07981954870739569
-7.700802109133106 -0.6651326649978284 0.144008390796529
-4.182681474469572 -0.1225037903414677 0.4431818181818182
-4.153513935689312 -0.2671807016091345 0.4326072423571096
-4.028575654633111 -0.1137064360345061 0.4431818181818182
-2.10702359355975 -0.7792560489530129 0.08630403916320395
-2.202926225397126 -0.7834321080514033 0.07273496073674028
-2.091308186566516 -0.7393673677067978 0.1655665495686905
-7.423151933833164 -0.7140952800364768 0.1833045663746801
-7.452170599966248 -0.6055796572702306 0.2672803313465961
-2.849796227303154 -0.7820491363813209 0.07827554371354307
-3.334476151795247 -0.7808770724971521 0.08311812782148201
-3.440538053958546 -0.7812401145666049 0.08216755542785001
-3.078218448144826 -0.7728851530202736 0.105217287618514
-4.450590861177876 -0.7819478458768517 0.08260344162620378
-3.549828486100437 -0.780465326957224 0.08497651036976139
-2.29933135114955 -0.7797096617096562 0.08506967799430606
-2.488672209323162 -0.7818124521168121 0.07857028758999035
-2.670224090208773 -0.7822083894079356 0.07746628884264378
-6.916096925355321 -0.3906181438701166 0.4041434612725743
-5.553160682234161 -0.4433603894244345 0.4090565235057956
-5.711735239674369 -0.4710149427396283 0.4022894816388453
-5.849783535564478 -0.4781536687880434 0.4021171771311283
-5.813981581945146 -0.5879433980423413 0.3464441628853551
-3.741428479482682 -0.7597805015714711 0.136613861190406
-4.037578483134116 -0.7799972515953238 0.08787561539436181
-7.526089430438788 -0.4892253373136303 0.2770191962578507
-7.431870337522152 -0.4748482913036421 0.3047087309011354
-4.089754469581007 -0.4094066878805642 0.4011488571137569
-4.006414092414112 -0.5475511570645031 0.3432172274060629
-4.148929458199699 -0.5492674456612453 0.3440109890494348
-6.102449404084764 -0.6660020394137148 0.2898806796748943
-5.961720641473442 -0.6446179846594302 0.3065625770180417
-5.920456327596126 -0.7415876820510128 0.1882486044380079
-6.04830083569602 -0.7286692169085314 0.2117474565641373
-3.895820709549707 -0.6567243706317821 0.266847403566772
-3.898232887788127 -0.5471515019903421 0.3421670201330685
-7.790066169467995 -0.6201062236291811 0.1404376299817479
-7.886693011998413 -0.5349837577944063 0.1204592525265572
-7.879406888730681 -0.5942379197571275 0.1068301276180563
-7.80018357896719 -0.5260735370907917 0.1682122586777197
-6.687302431418814 -0.7125455285173238 0.2536166917635239
-6.55804804143148 -0.7218280817854954 0.2385370609610421
-6.78143518912121 -0.762540290201293 0.1737305338954911
-7.236643494913629 -0.4436366014204328 0.35136934962401
-7.299532338319982 -0.5306368365316326 0.3285398212091912
-7.335527198635884 -0.4596329779169876 0.3293613068066206
-7.381343020276733 -0.5424427882250337 0.3083675996420769
-3.082131901870625 -0.3823137108327346 0.4002487651235617
-3.268982784498492 -0.4368012050276136 0.3841981545441642
-6.573644130620179 -0.7821950687587068 0.1112798501738464
-6.660854978452927 -0.7612176913780571 0.1736485854045897
-4.655115228096903 -0.768696819304553 0.1217194122375841
-5.169271030978364 -0.5876637670874316 0.3353918924889242
-5.055331301639348 -0.5859712910785985 0.3347310250962912
-5.125008173390568 -0.6760873813341917 0.2627558220463617
-6.284805182011153 -0.699485856772124 0.2582631515969595
-6.353805055398925 -0.6376838025028204 0.3233589099349201
-6.343508720339226 -0.7530386962955683 0.1766533666423001
-6.500774343080744 -0.6234074313577246 0.3384306993573574
-4.787975652988221 -0.7719052081732116 0.1143504568191141
-6.554627180356341 -0.3320569347044837 0.4361989656120285
-6.624998458939194 -0.4325328321915504 0.4239943618152012
-2.672231213022417 -0.1683645759570401 0.4379509114394899
-3.047097924269911 -0.1531435670730963 0.4400104363394562
-4.268745431281671 -0.5658369206193898 0.3361650092265
-6.910286445996586 -0.6400533569685448 0.3195441669553163
-2.397655128391257 -0.4204776067121322 0.3841967829201309
-2.477366476997833 -0.5220178638026546 0.3427041695025358
-3.107116703805081 -0.7195671810766667 0.1956336005625301
-2.279424423582013 -0.5054804076517179 0.3497223180091573
-3.983527915604505 -0.2646298472819042 0.4319188516630472
-3.897566693577877 -0.1065382483653832 0.4431818181818182
-5.959922388438407 -0.5266237238081848 0.3838255326907672
-5.827477378733813 -0.6925904321558234 0.2555547597866101
-5.726232191759029 -0.6589067028571788 0.2889035814788251
-5.69709103823985 -0.7372487790285414 0.1923107415459171
-3.551264556398442 -0.413589800378649 0.3945445507936075
-3.617277733707619 -0.6495765041689865 0.2702930027943055
-2.141837977775572 -0.6787499517674291 0.2357619678033453
-2.116333933524892 -0.5724690625657054 0.3142619815769788
-5.355180530664002 -0.6899088167270651 0.2511729905781573
-5.220644732221853 -0.7752223408933748 0.1075928270602145
-6.19997896756857 -0.7335145372129319 0.2075961980070562
-5.226555199642771 -0.722994639719157 0.2082136561261255
-5.322290389176973 -0.7593675780880622 0.147293244409632
-6.551261576198455 -0.4971048893700554 0.4077147182770692
-3.572961993807471 -0.2580753647516993 0.4304991345286279
-4.698771050320646 -0.7123874918859023 0.216773642372417
-4.806398353853892 -0.7253147736694456 0.2006129891725472
-2.744629759672041 -0.5518640870708633 0.3288378457292692
-3.947714689867157 -0.7421436030192853 0.168864177223481
-4.045946494817108 -0.7440504681080955 0.1664128363994367
-7.133992665969915 -0.4267662139342887 0.3711331296078322
-7.044625965578782 -0.5089643860885503 0.3738142815965037
-7.02715319395927 -0.4090559851615208 0.3887392894015516
-4.349873554870952 -0.7806586373454056 0.08671906300255142
-4.51501244880383 -0.5719371063322561 0.3357578000406017
-2.397894122900901 -0.7800257260576295 0.08419690807721969
-2.457675986993801 -0.737064109480945 0.1695886042574396
-2.383483776303458 -0.6394223277817305 0.2699554025525662
-3.832015721900662 -0.7325763124910405 0.182567666109244
-2.753420633727616 -0.7787723634555692 0.08848991890434255
-2.89430721294269 -0.7462285283897911 0.1570850734605052
-3.507558927138347 -0.7438250076161197 0.1636691423550934
-3.62913324236387 -0.7364228110001916 0.1756963939785307
-3.532751399154635 -0.6833087167778114 0.2388188862191773
-4.940364108191189 -0.6159988789667646 0.3122738342214387
-3.398976582262551 -0.7453273065609758 0.1607125485312413
-6.183899403798591 -0.4120357105144161 0.4282522846085494
-7.031500097021731 -0.6095257050808194 0.3315573110180602
-6.954346803102275 -0.5636294723259447 0.3626348593392156
-2.02195229063279 -0.6865093875829772 0.228144152519734
-7.003793440867043 -0.6922447177377857 0.2680902979500507
-7.125753491691897 -0.6499745828925352 0.2946118007668425
-5.251219853095844 -0.6486517607261507 0.2904843227915436
-3.330428987358809 -0.6854721254754111 0.2351192189112343
-3.433819661516514 -0.6769964299322097 0.2442056564710953
-6.12643121255329 -0.2730910556427008 0.4431818181818182
-6.281047735074505 -0.2917899782683037 0.4431818181818182
-4.768558129508438 -0.6572150261909411 0.276213989817748
-5.348298457427312 -0.3988978721580301 0.4186988210936186
-5.292998302454727 -0.5414614376821653 0.3643603328514152
-6.874727245792936 -0.7122097780828774 0.2522047609945841
-5.825555502508614 -0.3623298295760428 0.4325002852384876
-5.961492188878223 -0.3969989277610314 0.4276942134746089
-4.585951357602568 -0.6880097298351995 0.2438513963909985
-5.961072250355594 -0.25576985168011 0.4431818181818182
-5.785108646744274 -0.2390229628541727 0.4431818181818182
-1.916429080541695 -0.7253632800498636 0.1846728363904105
-7.720129487710253 -0.5977928394929406 0.185931280084003
-3.190460579741742 -0.2881311538057933 0.423292534337262
-7.124981659988663 -0.5519231953627801 0.3497696746276481
-5.391070808457064 -0.6155245597856273 0.3195397986567576
-5.503763530856496 -0.3244104686021463 0.4349132349550254
-5.600220922766103 -0.2226958970112677 0.4431818181818182
-5.139962508216637 -0.3152000689496471 0.4329746102250095
-5.614870001894269 -0.7798507467738484 0.09535696683504551
-6.241774887606409 -0.7824710199101919 0.09179745477691331
-7.659599428900723 -0.5695591227419474 0.2208003983677696
-4.576070491319636 -0.3098631699819601 0.4290938568687609
-7.386495043897047 -0.762123559138383 0.1068839242817397
-7.105274234345901 -0.7872127489200936 0.09274582298703699
-7.021107731997551 -0.7796299236197592 0.1266759356171443
-7.710705107015538 -0.5151569692496064 0.2095216508164567
-7.619157997339631 -0.5027521559858856 0.2455051251106479
-4.581509189858822 -0.1470767788495629 0.4431818181818182
-4.4304130788244 -0.2788350810890806 0.4327855124367277
-4.367791584323538 -0.1335858568281832 0.4431818181818182
-4.738219120613735 -0.2566958539925752 0.4374638241888414
-4.797860136161367 -0.3739272310762871 0.4183180955060478
-4.694380926823273 -0.3546057132275199 0.4216099736212638
-5.842147508834815 -0.7814873841082431 0.09109548527856365
-7.572182990403302 -0.5724259762860771 0.2491168167945115
-5.371532395912944 -0.7838285325524503 0.07905627806756654
-7.309872468432018 -0.7789590169282019 0.07719689662034807
-7.309640288815295 -0.7411226881670296 0.1695488911590767
-7.832237292414517 -0.6514862711390674 0.08392061294561873
-6.43812571392809 -0.7039742108042766 0.2583724161453987
-7.812638678514965 -0.68120507963261 0.04240983287742665
-6.064242204046749 -0.3479887680853517 0.4376276111899501
-6.06331367531676 -0.453398659154543 0.4146674786527575
-6.599775356886711 -0.5767236765098352 0.3701059439989878
-2.866599122014489 -0.506212629078408 0.3526728431670029
-7.535136093117591 -0.6294309967330461 0.2318091387601238
-7.183304225254362 -0.5025226737297652 0.3557795378738434
-2.623213562523236 -0.4701846367314043 0.3667130574033811
-5.14097268249858 -0.7855467861792864 0.07077531542404172
-7.931783666153524 -0.6116799921819005 0.0512785267460563
-5.734851466170162 -0.7783309856223937 0.1013919623889646
-5.803186424053287 -0.7503329471165647 0.1705484690579637
-4.293220350947061 -0.2500414649597661 0.4356396050033251
-6.684556425119623 -0.7909520893832778 0.08237179953313675
-5.668762275999615 -0.3391532564312693 0.4344160101966535
-5.936393888291413 -0.7853381264870813 0.07581177288065927
-6.954055071485584 -0.4797948647102981 0.3910354841637574
-5.072879820590933 -0.7824821282950298 0.08298842682144793
-5.507454085029396 -0.7803897500656287 0.09278641685919366
-3.239168122377452 -0.781004109473355 0.08249115683115098
-2.970431154344845 -0.7804791700564108 0.08363932167677082
-5.686671307238501 -0.7901253539864705 0.04765412385640956
-4.583329625220414 -0.7857589721604155 0.06802332976273946
-7.969172042751063 -0.477823902976362 4.598662858905313e-18
-6.756936205638038 -0.2163717149299701 0.3907011115530686
-6.975958794455327 -0.2394354581981573 0.3544109354042566
-7.049230539288118 -0.3297021045301605 0.3729834743211412
-4.290733385131011 0.06475094615739151 0.4285693877844857
-2.357980706773328 0.1177884067900623 0.4324025813997031
-2.137415758811243 0.1229736797327773 0.4320754578146796
-2.250136951761857 0.3111294655392438 0.3896925842162234
-5.102046210641465 0.4460125591123605 2.630410276423703e-17
-5.070141036003385 0.4380783621622421 0.0882010270958952
-4.997089853718993 0.4610714700845551 2.59984382050659e-17
-4.196726821541434 0.2594459269962004 0.3741241063843218
-4.145478318157966 0.1311732250720775 0.4170994755361613
-4.040042223267603 0.2486199183875805 0.3834186403821492
-3.931312804756519 -0.06864817885224156 0.4428744485886703
-4.125191673473408 0.001955055360145948 0.4381541875589779
-3.859892093202662 -0.08378381750873928 0.4431718038539381
-4.019063735519299 0.09962818857445895 0.4253672326356678
-3.884418291836378 0.1455178419317583 0.4175343311056056
-3.878361643696801 0.2433982350275798 0.3894965790180939
-3.714372486971249 0.2442184553951687 0.3927966408406063
-3.628523388387706 0.05291141995748925 0.4354320032503634
-3.547351807743519 0.2522889647923793 0.3933405449127524
-3.784288649604339 0.03474887346103546 0.4366359061626449
-3.441932260881309 0.06899997439429663 0.4344934550401681
-3.911742499332279 0.01253167758275152 0.4382253453512008
-4.415470476495555 0.1684109738844875 0.4015119336335711
-4.347175244309812 0.2753002206840707 0.3609426967766125
-3.230064030481461 0.08308338354442713 0.4337948196437522
-3.378260199377286 0.2741752745200306 0.3890485717091052
-3.210914774901849 0.3071500347436076 0.3802780798742825
-1.916429080541695 0.1271784074866077 0.43163770485843
-2.071926805917156 0.3242914013276754 0.3860507555819461
-1.916429080541695 0.6451367933979646 0.1757598600612005
-2.035014632760835 0.6255429772743891 0.1997258967816615
-1.916429080541695 0.5611442013213102 0.2621424144446314
-7.168957046275271 -0.08914570412085318 -1.412161079282327e-17
-7.247499985949499 -0.1278710698828764 0.08921704981187784
-7.136121802438451 -0.1094681836911069 0.1579806041088374
-7.034516582540494 -0.04192734281024685 -1.778283909535154e-17
-6.943191218402839 -0.03106390697089335 0.1339184474281265
-6.895947687930257 0.005005072931567267 -2.023492857424964e-17
-6.895957313608674 -0.1094980683459802 0.2847899859231492
-7.039558948654055 -0.1573542290131223 0.2765001226889814
-5.393775252353104 0.3277603303798119 0.2136586825744697
-5.444555307010579 0.2086938798181465 0.325495924186112
-5.329938702224794 0.2646215385663463 0.293623141140566
-5.543392173113381 0.09769882157681868 0.3826152203383569
-5.656893269157747 0.1615038273306902 0.3363307303214951
-5.709638929192445 0.04244631303862048 0.3961318724182893
-7.412012112481549 -0.2648396591020139 0.212874231514688
-7.517371808450076 -0.304207035133724 0.1946814509527259
-7.444584727920466 -0.3496282695294508 0.2642975413327954
-7.657831678957827 -0.3062828911553636 0.08524726956332174
-7.551531212902355 -0.2563039931831186 0.09264065798161379
-7.624452963595143 -0.2737615144101733 1.80215984445622e-18
-5.679073882382824 -0.09943242987507669 0.4349138952128915
-7.296635769665031 -0.1362247941277569 -9.862249716305003e-18
-7.415618767481141 -0.1827895581102704 -5.535434067608487e-18
-7.367899270316419 -0.1828421444824154 0.1136506237230897
-6.390087922168552 0.01984031639737398 0.322727004658135
-6.452038888065284 0.09917464567652895 0.2047660408474678
-6.527384895868187 0.004348557091664497 0.2976447708664246
-7.804442395645649 -0.3675196485454699 5.994375064502767e-18
-7.888771516364065 -0.4197578241309597 6.275657336522945e-18
-7.84521238514395 -0.4343457686480893 0.09962833481013791
-5.01849325866433 0.2928366756355761 0.3048244116653919
-5.106801770057217 0.206187504877916 0.3559226751376481
-4.942289893147201 0.1675122168378076 0.383980647982087
-5.146139657989973 0.3310240865607334 0.2537895206445203
-5.329606009623029 0.169827931541451 0.3606229704782078
-5.225499100865548 0.2403134948550302 0.324516212692461
-5.267341185443468 0.3489309206804332 0.2106912530061606
-5.23289281127149 0.09205694500334162 0.400828632553746
-7.011218961192443 -0.0889897251380472 0.2064041095178273
-7.065368676191443 -0.06347968581667107 0.09824414300736331
-7.242598172661163 -0.3567550529473106 0.3346432643635963
-5.053543810948558 0.3937260983546347 0.1896243848071459
-4.92451322780812 0.419877408736853 0.1757026075366244
-4.97714465250368 0.4494641597194244 0.09403732324029457
-6.255649830527131 0.2058478179870337 0.1012097861813151
-6.143390108241394 0.2337822342035422 0.1143041364408123
-6.233591142885944 0.2262192174822065 5.289245806685032e-18
-1.916429080541695 0.4471100437275736 0.3351160668711348
-1.916429080541695 0.3040257506534972 0.3927721692960521
-4.74845002722116 0.3518646174441452 0.2826206491392645
-4.7829297189669 0.2490464979744701 0.3524569642606002
-4.630186563109533 0.3223029399077481 0.3165252132226631
-5.575567348498743 0.2201938941487497 0.3004029799540687
-5.58520652403378 0.3114508147969794 0.1918125617989045
-5.700107199892003 0.2672292904657255 0.2276243579130162
-4.793107687412721 0.1175842504930719 0.407234439611448
-6.423065908563716 -0.1955784943466592 0.4269140765941952
-6.33021223725042 -0.1242655067161784 0.4138980297767202
-6.438315383842196 -0.06738820494161453 0.37355643672637
-5.168931121008614 0.4100310879470962 0.1274482768754035
-5.211688063124771 0.4297010560209668 2.643999218309095e-17
-5.543897102697437 0.3760406215716399 2.532900170487225e-17
-5.488736032121423 0.3673777302816081 0.1079707386429585
-5.432515248939298 0.3948218420195228 2.600453203202055e-17
-7.324211802495856 -0.2267168997944112 0.2184575635202304
-5.888134212773236 0.03757945763756988 0.3859140487762231
-5.840254355522806 0.1296199078062899 0.3372571750421672
-5.962355274033325 0.1493846354811955 0.3032122000259341
-2.86551910229685 0.2617929023023685 0.3999275225598922
-2.641573677675151 0.2936858912064927 0.3924548765023506
-2.720358592951417 0.4442764358490991 0.3275923991322134
-6.866194411512073 -0.1955218010245284 0.3578947833995915
-6.747310756356674 -0.09790535472391421 0.3231497962248073
-6.432414844620467 0.1481338422879985 0.09405233241517119
-6.544772056880094 0.1099035144251352 0.0994847904453621
-6.662130166711939 0.002679872161284447 0.249574061109592
-6.568690571371275 0.0664540171865191 0.1964472247593277
-6.777560443236361 -0.03738353441098222 0.2513808673931249
-6.871425847582026 -0.288175765374603 0.3953054967822766
-5.158134360935644 -0.04760574907016316 0.4354007232128505
-2.159350740386141 0.6002803528023651 0.2251771403402024
-2.113225176512045 0.489255158046871 0.3110800413323407
-6.663543275655556 0.06717291876375014 0.1158206375504612
-6.617455620685353 0.09686560142955593 -1.898946978211394e-17
-6.755849483191735 0.05139321369968145 -2.084286026518421e-17
-7.525189983218105 -0.2287474808729086 -1.542028738978423e-18
-6.643478639142916 -0.2406584358400908 0.4159667672702416
-4.935873892638637 -0.01373302346600021 0.433407990268265
-5.076599984379312 0.08143396592886996 0.4098066273190828
-2.577891867229187 0.1114575315614342 0.4326818491274058
-2.796728372120689 0.1037831365541014 0.4329672561387645
-5.346221032392656 -0.06733636119326959 0.4356145569822242
-6.630380286007526 -0.1090581346286073 0.3606027641175918
-6.519962825501113 -0.1116920597760569 0.3835670081567679
-6.332761350212744 0.158931055463218 0.1620920056098829
-6.247437021854709 0.1183952983854825 0.2678293928038092
-6.190018805070265 0.1769037800619311 0.2099072613427523
-6.16748856481266 0.0425423975027158 0.3521832777262615
-6.096112877384312 0.1320450822122957 0.2932035567378336
-2.289071931356167 0.5693321864901975 0.251341450946082
-6.758826132462748 0.02552727365433025 0.1492454483398722
-6.847157026592152 -0.02430191270954633 0.1947979076040383
-5.753524492667803 0.1727428827984709 0.3158766213118522
-5.838112786769114 0.2290710833705322 0.2444645718413253
-2.445576422183864 0.3259874000012264 0.3834692027375152
-4.624764828556975 0.06304911302864494 0.4244453982564869
-4.665427088129722 0.2016102125932535 0.3813065851642691
-2.878424078304099 0.3961471190309555 0.3490303179102464
-6.033208337369862 0.03920633496724384 0.3715841096557894
-2.569401736399937 0.4904265372668006 0.3034876050424306
-2.425785017203621 0.5324942568144038 0.2777602657019765
-6.054894076879204 0.2093710714517577 0.2104155780733954
-7.716605872791895 -0.3193815112928851 4.376994069310535e-18
-5.396201924707196 0.06551412690231442 0.4033364545824609
-4.846853908680938 0.3848324893737183 0.2375105085795317
-4.887042977890162 0.309248124575096 0.3045423461855211
-4.492667283135205 0.2962356563232487 0.3424078480397655
-5.526333099545816 -0.04800398331638486 0.4293247843952867
-7.656446352011369 -0.3543190275949322 0.1595714021693181
-7.735132825396733 -0.3849131166915641 0.135976938824268
-4.470447439991916 0.02066639869668171 0.4335205813302809
-4.744152707953134 -0.02407372718541381 0.4367137637534497
-5.997676433912938 0.2873594997977852 1.715132263516627e-17
-6.114611474967532 0.2593074339300537 1.24733801235947e-17
-6.034720947798301 0.2633134607120917 0.1044736712929221
-7.662491741331115 -0.4257579579468558 0.2083555288668615
-6.104068131428946 -0.09326477004663097 0.4200890979331052
-6.282457855057669 -0.02172152122891784 0.3737520058433031
-6.216315550923651 -0.07849618646929321 0.4077445669821701
-7.100870065192114 -0.2404376423420087 0.3200306261233369
-7.152509171075794 -0.3213811776249113 0.3460367142347015
-7.22506012435035 -0.2481483283647095 0.2824947227705301
-7.153417838763067 -0.1747549819315106 0.2456646420109087
-7.247865795631727 -0.1662437988656142 0.1821600096450831
-5.321827444535216 0.4126661670908725 2.635511561873768e-17
-5.361309857717869 0.3883196384206816 0.1072002489746315
-6.539449058214589 -0.2199128388944795 0.4223644954853656
-6.354988968863575 0.1849432851186653 -5.70753274880893e-18
-6.348950295527472 0.09792766344473147 0.2551444358058957
-6.282680692997431 0.05223219573761703 0.322749927874988
-6.483303451205672 0.1413162922561522 -1.412266659410954e-17
-7.333752977873679 -0.3187596839788023 0.2889867347833408
-4.540100643370047 0.1853653793796001 0.3921746530343572
-4.969189945038457 0.3621135614262008 0.2455658290329122
-5.828935186029892 -0.07783504112491087 0.4274129282351119
-5.971533530345107 -0.05418945049568623 0.415555654460441
-5.970347106999936 -0.164314637670449 0.4383801219702393
-6.84234300749543 0.01477021965531493 0.08809008898886819
-5.76894639605532 0.3350094024525175 2.265265789934777e-17
-5.651080153885959 0.3418943508025573 0.09997079649164929
-5.656062302435844 0.3561652699191907 2.424839369772926e-17
-7.533384540719437 -0.3853244897374966 0.2469467456270875
-5.804526197735845 0.3034432700959945 0.1285161121032166
-5.883124429200086 0.3121659306160542 2.03668299469724e-17
-7.733862313740713 -0.4592080099294132 0.1873509340987598
-7.736344779496539 -0.3391908048673582 0.05927006017895799
-5.933077526967165 0.2915074246773545 0.08350686265215271
-5.937220854478564 0.247869508632476 0.1889024771629867
-3.014265908731827 0.09447282014483374 0.4333154052110305
-3.043891244341994 0.3488448316118403 0.3669320427236269
-3.083535469624819 0.2124423334760768 0.4109695556646901
-2.304856108859593 0.4515515606247448 0.3305364295862888
-6.214685300993246 -0.184619630918202 0.4355897791202565
-5.488430520140543 0.330204808742371 0.1873489851951751
-5.501449605170649 0.2808925349634586 0.251497033308532
-7.389255215069356 -0.397588149723352 0.3046302764568802
-7.486194041981717 -0.4215844863007489 0.2796272254375032
-7.594895300545955 -0.3068627721734142 0.1466719306764431
-7.594035122685154 -0.3642102604707929 0.2051106426575565
-7.78439247422543 -0.4489428347356518 0.1540846194398916
-7.919923960192714 -0.4707530111602369 0.06837082969280506
-7.588976938713484 -0.4379149529234913 0.2459339884772255
-7.467334359132741 -0.2112356979885173 0.06736054021160205
-7.46658018611348 -0.2410374409009324 0.1456644787545629
-7.786712571086896 -0.3759787021601604 0.07623730835355651
-5.266488789936249 0.4080063996978457 0.09159278543108368
-2.334392060489557 0.418225336143963 -0.3469458687924916
-2.555519537771071 0.3574617543068736 -0.3707949582314904
-2.424657442874798 0.532812831221827 -0.277549117142613
-1.916429080541695 0.3040257506534964 -0.3927721692960524
-2.137852706126386 0.1229644637678668 -0.4320761876953395
-2.116504363272834 0.3571340767153577 -0.3742478074723933
-6.697865259415289 -0.2753158007359142 -0.4175825491822789
-4.97663797331293 0.4491655072346871 -0.09522905029249909
-5.070053632504656 0.4379450135097777 -0.0887100469742173
-4.289492105989087 0.03916278297954738 -0.4325887281609098
-4.124547563681924 0.0003947001978152655 -0.4383047836553838
-4.19660937882149 0.2594345201892743 -0.3741330798569421
-4.157057628099299 0.1313135929133979 -0.416886901985955
-4.368107271456279 0.1711738473953716 -0.4018223240558581
-4.019979932638621 0.09964152680711411 -0.4253546207013744
-3.912765154818505 0.01229626327211797 -0.4382424351912714
-4.001434644726938 -0.030850029542828 -0.4411759765016873
-3.878597819561638 0.2434013266370436 -0.3894899440665995
-3.885171484663879 0.1455009939828429 -0.4175281597809685
-4.040047931862685 0.2486189855415947 -0.3834188395169487
-3.931313480472324 -0.06864801122788608 -0.4428744438488253
-3.786380973565946 0.03445675293030741 -0.436656233942314
-3.71467751011885 0.2442174112681886 -0.3927907927432443
-3.54734853355537 0.2522912393348955 -0.3933398573950755
-3.631611390260705 0.05260316973144818 -0.4354513180998534
-3.378271245463965 0.2741734070276906 -0.3890490147320341
-3.445175606029438 0.06875466281701298 -0.4345067159667472
-3.210921168145112 0.3071482432035543 -0.380278630822356
-3.233033669839467 0.08290813487712975 -0.4338027960277845
-3.859891283532888 -0.08378396687074148 -0.4431718054468995
-3.043891244341994 0.3488448316118403 -0.3669320427236268
-3.016749122473197 0.09435489179448567 -0.4333200396164368
-2.579226083217105 0.1114151712660417 -0.4326835108380951
-2.431683975423699 0.2701626463475988 -0.401032097351213
-2.358862054020272 0.1177654953304086 -0.4324037542360716
-1.916429080541695 0.6451367933979635 -0.1757598600612019
-1.916429080541695 0.5611442013213088 -0.2621424144446323
-2.034672124546263 0.6256063624551393 -0.1996555911006602
-4.846114294177671 0.3845422900594813 -0.2379499249435391
-4.885535200488397 0.3078264446549333 -0.3057996405641256
-4.923695640638271 0.4194500588523919 -0.1765942122447242
-1.916429080541695 0.1271784074866077 -0.43163770485843
-1.916429080541695 0.4471100437275716 -0.3351160668711358
-7.078444271352454 -0.0696406658175145 -0.1044513914793137
-6.942652690239113 -0.03007987426781169 -0.131469350871411
-7.177146751084166 -0.1163234467937124 -0.137534374393164
-7.1677938135367 -0.1692716741399193 -0.2325141653356421
-7.271472893855764 -0.1662685794031706 -0.1653003868616036
-6.810710930489451 0.01118705240207845 -0.1412454272086463
-5.553362600342535 0.08938279590420357 -0.3857636664560331
-5.719826436796554 0.05333312192362226 -0.3909727667193792
-5.65834074752766 0.1576560575955958 -0.3388425483377567
-6.74385185781943 -0.07566374381800149 -0.3051563010947352
-6.647441107777995 -0.1752069544618188 -0.3923680812020508
-6.781031589853363 -0.2050305323536702 -0.3812910434647459
-7.420511522853498 -0.2651773134483028 -0.2086011513891822
-7.473519204055908 -0.3699704125141905 -0.2637181460208626
-7.529881997224949 -0.3023082122719122 -0.1852523117972499
-5.626889159826161 -0.07964499226209035 -0.4328171480298724
-7.473841084099523 -0.2258315324407271 -0.1065646184764601
-7.741303098610885 -0.4240344701190171 -0.1647133983433223
-5.456642559830669 0.2195747040404133 -0.3158892294266506
-5.471099929327663 0.3131946409778639 -0.2170744791944101
-5.337729712413651 0.2751627620502753 -0.2829911400817348
-7.791258021689046 -0.3864933011955151 -0.08945156542117978
-7.888070485122509 -0.4436495308021101 -0.06950539890453339
-7.712983188898042 -0.3247889633273144 -0.05388326786267907
-5.143755658947544 0.3333349683517314 -0.2516268957501197
-5.052808743725972 0.3936219700432378 -0.189942320581408
-5.015184052457434 0.2925666992580876 -0.3053691917600574
-6.091139511652723 0.2062693164184128 -0.2020974730839164
-5.976594786157604 0.165109641258272 -0.2855957382339793
-6.11130762020825 0.1092014035266648 -0.3111230339284147
-5.655593349136701 0.3376014250576621 -0.1107955475392586
-5.235790812073595 -0.01776876806400296 -0.4295719207674343
-5.088238735011887 -0.05546722720698254 -0.4371410686371638
-6.586707418509175 -0.05920477612078587 -0.336306769153318
-6.991442632008268 -0.1944498449974771 -0.3232805809264471
-7.019433382792282 -0.09312816582730833 -0.2081589022869383
-6.943116481219454 -0.09759254302117218 -0.2528694485088513
-4.639839586012304 0.2190609940231987 -0.3747739516519172
-4.778642119511168 0.2527552165228557 -0.350628594659515
-4.629935560497055 0.3222477401834576 -0.3165835267064029
-5.413414991696353 -0.08580517120893799 -0.4370882724445877
-5.689172075542927 0.2561795975697798 -0.2441149888164698
-5.57721557387534 0.2093299291266867 -0.3094262829868481
-5.572791902510457 0.2952188035155798 -0.219108620684961
-5.170682836151826 0.4101784474882738 -0.1264656047400938
-6.638357754796912 0.01270157560355809 -0.2465502182370838
-6.521504648965145 0.04764457046826046 -0.2500517514631106
-6.576498490037721 0.09153707094464493 -0.1294688363191442
-4.932329865625346 0.1578657752553931 -0.3883818769629003
-5.10372844558634 0.2145907369377244 -0.3513061679642431
-6.964727770802172 -0.3002886133502226 -0.3816232648703839
-6.861949204571547 -0.2957243127513869 -0.398918436755498
-5.878575942628195 0.01143399868809941 -0.3979500777528467
-5.861128411616626 0.1234721988310671 -0.3389915548925754
-6.004503024855773 0.06131605339104215 -0.3620959851981805
-6.470774319849639 -0.09010876690230502 -0.3805650099089474
-6.529243475674336 -0.1767650619398689 -0.4103938947432113
-6.856110207625426 -0.05222204489360464 -0.2347821606414865
-6.867504884479251 -0.1354381751318506 -0.3172918575979032
-5.257867706250199 0.3451625034604643 -0.2177510849607494
-6.72423993130394 0.004441664970922196 -0.2167905147563329
-6.697352684181674 0.049910750910736 -0.1369432111829586
-5.229579450326237 0.1257537649569822 -0.3880168864883176
-5.225753322834573 0.251064835335843 -0.3165235406034276
-5.332898985237975 0.1866817363518664 -0.3505809281168975
-6.22639548418617 0.1391273830043094 -0.2497523643460214
-6.235581597143865 0.05913619234353085 -0.3277818413718779
-6.372969698704674 0.07728978042972717 -0.2711349008601952
-6.092356209146192 -0.1514727918506918 -0.4337515110500668
-5.082814619309868 0.08491573433085656 -0.408560387819885
-4.938154075250579 -0.02036430559661039 -0.4343215813493949
-2.158108494753648 0.6005544428317193 -0.2249242139126131
-2.044617145185229 0.5145158540792089 -0.2956355199751859
-2.798461814899744 0.1037159764910224 -0.4329697097426478
-2.732341920952507 0.2715334373274111 -0.3983715754032467
-5.758159489479501 0.1709813444456611 -0.3166640141338016
-5.839911281911133 0.2322682068625181 -0.2400392861591262
-5.385322317467124 0.07784659274480228 -0.3994128275348425
-2.719893033105901 0.4444253474565952 -0.3275201632153073
-2.878221708236018 0.3962072145894203 -0.3490056734847906
-4.636161119351463 0.09416601566856314 -0.4173133889796182
-4.772915591709078 0.1467341322454116 -0.3984109985980535
-7.660627751716934 -0.4280592874396163 -0.2103658266322642
-4.747679294639308 0.3516413044879867 -0.2828969583184592
-6.440171288425427 -0.003203350218401421 -0.3290610240129273
-6.148694438870884 -0.0244072675345743 -0.3916273541572697
-6.007135273443727 -0.0484138816929019 -0.411775605756043
-7.203802844007095 -0.324892032005902 -0.3335428933364359
-4.346890243425821 0.2752650498853847 -0.3609725543082828
-4.492667283135207 0.2962356563232486 -0.3424078480397654
-4.479322436716156 0.01772155892541958 -0.433841125016977
-4.663936705671462 -0.03569805374092509 -0.4385367856488382
-2.287881422065392 0.5696355595878475 -0.251105024257188
-2.183941465370426 0.4914033271778425 -0.3091680873837557
-2.266000634125961 0.2627575235490232 -0.4038893548222722
-6.363582680227457 -0.09040303392475957 -0.3967929531726986
-6.387950295669085 -0.1932085510493128 -0.4289928434562367
-2.568713172022449 0.4906433263165477 -0.3033643000289287
-6.296408582076912 -0.02320603527887371 -0.3723526203245713
-5.506805990662443 0.3592842975827405 -0.1221164345332173
-5.378124745835395 0.3438612609865961 -0.1934760460288238
-4.79824675520867 0.01997150051127273 -0.4298866274120674
-2.903621210167105 0.2524241445370757 -0.4022150543004162
-6.016826095452641 0.2644452537049625 -0.1138873827417177
-6.086348839153008 0.2561137116946572 -0.08579665158940582
-7.212512022872748 -0.2300946399971824 -0.2730512392146599
-7.301088393780113 -0.2605467156508773 -0.2616934396257249
-6.235793372816995 -0.1605139221071553 -0.4302820288687712
-7.103954314497525 -0.1208595675926316 -0.2015317294516025
-6.342099486378543 0.1456592936709613 -0.1837968330396746
-6.230558653794743 0.1910136221162429 -0.1630873967402402
-6.893928262653347 -0.2201535425193101 -0.3643946810607296
-7.112256873081979 -0.2279934485383197 -0.3081138478552328
-7.070138956585908 -0.3008425892860856 -0.358770414831363
-5.378779960224822 0.3901900781970078 -0.09242318625251794
-7.061595310596529 -0.1577650247899687 -0.2680491520422363
-5.280818180687679 0.3936877424699234 -0.1264284976193173
-7.236202659766717 -0.120694305903225 -0.07582145660970342
-7.384980512951144 -0.1953361441772578 -0.1270965049736754
-7.341883418101719 -0.2156167815894359 -0.1948359122719929
-4.512075947884453 0.1660000011991193 -0.3997335134454103
-4.968045359932589 0.3617234501494068 -0.2461642098065632
-7.640357333027508 -0.353488037698069 -0.1692439113511727
-5.880206516182296 -0.1219678379715617 -0.434302843642631
-5.768801452022252 -0.0668767418193328 -0.4268758598021614
-7.627731804839519 -0.2982564896383399 -0.1027266712012982
-6.459825474050362 0.1194187837518625 -0.1574381865872654
-6.391951667228489 0.1634156232365414 -0.08601630909351357
-7.320868603632389 -0.3504498879706403 -0.30910796257764
-6.297391249875721 0.1954198142617712 -0.08741238433721055
-7.566429461494 -0.3836623617927931 -0.2314368894832919
-5.827034944149501 0.3044287610072822 -0.1137098798188197
-5.9812174999621 -0.1477252174906769 -0.4359845275764038
-5.750778736126605 0.2921483316083616 -0.1747292679781282
-7.343225351151506 -0.1617755027063578 -0.074970093329191
-5.499658557971635 0.0006194177067469289 -0.4191212993093489
-7.113932118837502 -0.3658773198299426 -0.368103699751377
-5.947498539843446 0.2478109790183638 -0.185279627388979
-6.176738774879382 0.231191864722079 -0.09238606525503748
-7.561392132383854 -0.2511317414325745 -0.05923691590054582
-5.463499561597945 0.3851715220443304 -0.05393036996033218
-7.709912090104084 -0.3535487036950745 -0.1180366737733544
-7.826883741086908 -0.4561046949586012 -0.1311122759833903
-7.595088075102202 -0.4478845405575207 -0.2464657742896219
-7.550219244899908 -0.2658199779453637 -0.1166224607068609
-7.395762183828425 -0.3993990935166882 -0.3031254440802675
-7.385474197947508 -0.3198110108573969 -0.2699828914115783
-5.93640996358772 0.2918921351443995 -0.07886205039746991
-6.66569571593316 0.07652918381271556 -0.06592039803122955
-7.276403782353905 -0.3938037089536972 -0.3359486462154647
-5.28411388509388 0.4135377942084834 -0.05643965759813981
-6.477405251451782 -0.2542544379432929 -0.434512778279721
-1.209586022163928 -0.7934782608695645 -0
-1.311154408359003 -0.7934782608695645 -0
-1.250798138667977 -0.7708322417243263 -0.110301443858639
-1.733289309740714 -0.7830232114109673 -0.07421407973287969
-1.663313637547366 -0.7548305579194041 -0.1411180382809279
-1.614656827800295 -0.7934782608695645 -0
-0.8364268548214424 -0.7720194377970685 -0.1097644498373311
-0.9435334929647818 -0.7666283916135233 -0.1217534955035809
-0.8610063979832205 -0.7049510656882463 -0.2168673512543275
-0.05888544372539293 -0.7799058814508928 -0.09213979408110143
-0.1591806375188404 -0.7934782608695645 -0
-0.1528023456189408 -0.777296381621441 -0.09983328673901343
-1.056858245418226 -0.7617508775885637 -0.1312822249256455
-1.167599206580564 -0.7267456870161254 -0.1867732823179276
-1.091020880794503 -0.6857928073400332 -0.2345477442584779
-1.156482526444798 -0.7781079244797703 -0.09157424743536109
-1.018838176803881 -0.4945180675403544 -0.364271076096944
-1.122193271801512 -0.4085576518919298 -0.3962576822566954
-0.9453552343534235 -0.3469991751082312 -0.4187390885580993
-0.5586923929906211 -0.5728568722967766 -0.3317701657083988
-0.4378391915418053 -0.6048858966739104 -0.3129846641794773
-0.5168311134964817 -0.6646155184141654 -0.2632390161226636
-0.3220047705411735 -0.766478289323594 -0.1268740105223668
-0.2674402759917831 -0.7934782608695645 -0
-0.3747818159705679 -0.7934782608695645 -0
-1.56148997772261 -0.7138473194079344 -0.1999254650717424
-1.564736079764844 -0.7742085244022264 -0.1007155605033454
-1.759787814278959 -0.4488473647723979 -0.3732928935117825
-1.700890406395828 -0.583688647002969 -0.3079791268500162
-1.819331352111805 -0.5720746019434646 -0.3144242955809469
-1.720698694726279 -0.1897167988100051 -0.4355424643532941
-1.629205243128564 -0.3318677705927512 -0.4107280447189389
-1.798163883610537 -0.3032121635606468 -0.4161317573020156
-0.4011013683647704 -0.701868693791049 -0.2267439860571036
-1.566902420606135 -0.6092754334834422 -0.292374385677385
-1.648369754597758 -0.6769255318980474 -0.2380378820319632
-1.842954533337931 -0.7782867257220241 -0.08912892123996756
-0.6255025115683938 -0.7561459399345527 -0.1456580396887568
-0.6431517416224704 -0.6700076986421987 -0.2561351202720891
-0.5227595572186696 -0.7299233253204628 -0.1893502049060881
-1.814763733021443 -0.6676248915499667 -0.2458123664717111
-0.1103676087192283 -0.681323738946798 -0.2539199167586956
-0.1026165257348314 -0.7453805230072685 -0.1704263508495591
-0.2053265533597703 -0.7384982193910588 -0.1804514357939245
-1.790199925144069 -0.7436295170253094 -0.159214144237916
-1.465315891742561 -0.6523046336034172 -0.2609735346990038
-0.6036974616273444 -0.4507894763153216 -0.3922773436310026
-0.455490119988768 -0.4676215414074265 -0.3889505727716782
-0.9905548108301961 -0.1956767558709459 -0.4472851688821082
-1.143553923438821 -0.2939443089443728 -0.4272072167162172
-1.147450945395826 -0.1949813997154787 -0.4437814236907212
-0.9228831113995318 -0.6051813495612638 -0.3036349407422378
-0.7869946684632421 -0.6250969449473657 -0.2915758542715072
-0.1940674166254046 -0.4408107380733325 -0.4070708197957859
-0.03072201867785393 -0.5078334791751566 -0.3810958538362285
-0.1373601688633997 -0.57419849952401 -0.3403322956731133
-1.815232704828045 -0.7934782608695645 -0
-1.360069501786696 -0.6912566051552305 -0.2261923067063376
-1.35504249837615 -0.7656340553373583 -0.1214955314009735
-1.465970011135523 -0.7473152150704787 -0.1546405299310068
-1.004453050657806 -0.7934782608695645 -0
-1.412800631054154 -0.7934782608695645 -0
-1.26858354096794 -0.7155929759250215 -0.2000022199235802
-1.715089545637815 -0.7934782608695645 -0
-1.513906666996087 -0.7934782608695645 -0
-0.8643937973184391 -0.4963363333416079 -0.3665472267953453
-0.9009026100793546 -0.7934782608695645 -0
-0.7441913870477976 -0.7233141598803721 -0.1957392050391724
-0.7343752020307467 -0.777328259662056 -0.09603253076113398
-1.729290049969218 -0.6940438412165655 -0.2209027481919811
-0.4812471759456456 -0.7934782608695645 -0
-0.4299827016721617 -0.7688029283363024 -0.1205443474306426
-0.5873302204785213 -0.7934782608695645 -0
-0.5287411389080698 -0.778557862740639 -0.0935489425578368
-0.7972015271817582 -0.7934782608695645 -0
-0.6926967709057466 -0.7934782608695645 -0
-1.107357219278166 -0.7934782608695645 -0
-0.2111717267379322 -0.6532669081314662 -0.2790297940172738
0.06098220105425626 -0.7802820983618727 -0.09163351730492655
-0.05025385851714126 -0.7934782608695645 -0
1.325448881985369 -0.7934782608695645 -0
1.383174202439883 -0.7736621801942203 -0.1228300622077798
1.447884623246198 -0.7934782608695645 -0
-0.9776849821152628 -0.6945703464443049 -0.2268643717148499
4.60086488926926 -0.1023274003972696 -0.5977546543826426
4.657581639745418 -0.1082517843090283 -0.5974430060907994
4.508335737938664 -0.1050147767099088 -0.5978087895397125
4.693334812673429 -0.09967978077082237 -0.5972684020100318
4.805252232167728 -0.1097386032129411 -0.5961093191309434
-1.363654920140733 -0.6084746644681768 -0.2949739318948489
-0.7001217225059888 -0.5478779436596951 -0.3435875924004153
-1.066042099048139 -0.602701280116367 -0.3030003858423415
-1.219184192715012 -0.6318869844686174 -0.2798615928402269
-0.8493514577858859 -0.1960558315682733 -0.4507764752444841
-1.180314661099651 -0.5169114664783958 -0.3507282947419826
-1.294474474701456 -0.3939945172316505 -0.3978624500767133
-0.6626707215575743 -0.3189757325266004 -0.4330349014378953
-0.7628084843660519 -0.4151539907821641 -0.401872332348277
-0.7928621726067355 -0.2895615625089532 -0.4363700611283521
-1.445347427044839 -0.5104156268226375 -0.34998037989443
-1.589189132890148 -0.477550165486208 -0.3630998413546376
-1.453830529902246 -0.3453082406731046 -0.4094579274742445
-1.309063834151576 -0.5330783016601296 -0.3405732913810103
-0.70590135257669 -0.1962158939943087 -0.4546091512787533
-0.5533334498612541 -0.1961510074292933 -0.4589625256284382
-0.3915384084506961 -0.1958229612780281 -0.4638527796626607
-0.5114048805381138 -0.3269740416593654 -0.4351720150835945
-0.3588134774601178 -0.5476928751404591 -0.3512789470540137
-0.07437298408402523 -0.3862286645097084 -0.4304933310505591
-0.168276957987038 -0.3032456928058824 -0.4511561587377936
-0.2897916602588682 -0.7064932708632198 -0.2229750426459185
-0.3205888570107636 -0.6331269106379109 -0.2939761433510031
-0.3418731242185937 -0.3345678735947069 -0.4380380224535426
-0.3205467298739266 -0.4603353804281705 -0.3955742313505675
-0.2482161390906 -0.5530993941686029 -0.3507319426743358
-0.03385944546688428 -0.6357160565464912 -0.2976537663162487
-0.2258498058019707 -0.1952214632860065 -0.4691144747921032
-0.06217615801745039 -0.1943772468887218 -0.4745296400355289
-0.01529138939408346 -0.2848784216301982 -0.4601743079895538
0.00421208571193937 -0.7296172532275016 -0.1966460982914671
-0.2305389810152003 -0.7822972313760171 -0.08274878559185403
-1.326523427047539 -0.1938172837830275 -0.4403458807103352
-1.52535043151589 -0.1920280423414804 -0.4373784904038565
0.2598375821422401 -0.1920419234837747 -0.4856969068037396
0.2072439956561692 -0.3587760254844677 -0.4479200968428664
0.09953236683170086 -0.193307610656257 -0.4800622135964184
0.06584569141726526 -0.3753883787817518 -0.4382889602053036
0.1723853353441091 -0.7775309897361974 -0.1013916263749833
0.2776100930459217 -0.7864620364840489 -0.06806892639682777
0.1701147815625069 -0.7934782608695645 -0
1.205699519064437 -0.7934782608695645 -0
1.198936936218192 -0.7849021075783208 -0.08023922183807969
0.1262019905184794 -0.7262705989324167 -0.2032083331778148
0.3091527349470578 -0.7045764373497494 -0.2348449720171193
0.2410313829279475 -0.7459935247754489 -0.1735056376384856
0.2047883082988903 -0.6444956237904945 -0.2951084699849297
0.1289768765153198 -0.5116222768705242 -0.3834094909203207
0.06973208514474367 -0.6319678790168222 -0.302929168470682
0.7332448690582265 -0.1871578259025918 -0.5029837151394075
0.7167310168760999 -0.3077697442415429 -0.4790611068464007
0.5773012459508337 -0.1889508806357682 -0.4972040227582278
1.037985960855665 -0.1831504786929549 -0.5144249708527454
1.03469117516147 -0.3685609079832244 -0.4717226787084219
0.8864959609585544 -0.1852267838059151 -0.5087190660733111
0.5475583189493378 -0.3472300457781527 -0.4624216218530686
0.4190099966472397 -0.1905854202662065 -0.4914162634282285
1.057441562416601 -0.7206970807712532 -0.2254002732049838
0.9866930050710522 -0.633196048432017 -0.322171681206705
1.147641345435384 -0.6646406999042906 -0.2955489264772233
1.085323541185122 -0.5563108411526579 -0.3831179554836687
1.271539360424653 -0.6074667021299662 -0.3505463453372563
0.8556576226965438 -0.3847231736399727 -0.4602962021640701
0.8312621879514701 -0.5545969328549977 -0.3774582477372099
0.8691668580518102 -0.657374772149076 -0.2971127570126064
0.7212764592349785 -0.644826563219039 -0.3058406114857486
0.3787623166569076 -0.3785531816131276 -0.4470481423527269
0.5404247448876751 -0.4908719350942736 -0.4055708045237645
1.308763442860371 -0.2412989661407055 -0.514580975067827
1.349159281617883 -0.3831351259376631 -0.4768829720051461
1.229135600382735 -0.3866849656878198 -0.4717131658999457
1.474910954513086 -0.540496299338783 -0.4037898482546319
1.34514273077372 -0.510864717823817 -0.4180578553479217
1.45808856760811 -0.4323308081726293 -0.4606776022890172
0.73623245065076 -0.7934782608695645 -0
0.6212012981498176 -0.7934782608695645 -0
0.6136895248750309 -0.7770512769775787 -0.1061591752543183
1.451145855178752 -0.7762213190054459 -0.1152830177895377
1.460160367626732 -0.7263091623956364 -0.2230434094110123
1.288708965362379 -0.7642832854679974 -0.1475394685340273
1.363119803157248 -0.7047246404235497 -0.2526731315824436
1.471324830074258 -0.6437308973550638 -0.3231838881840639
1.180269206291909 -0.4898639176140636 -0.4247746794460354
0.9317064742942143 -0.7233321655110432 -0.2195623694960119
0.8752258247153648 -0.7737579379894188 -0.1183112863973728
0.7984766246776371 -0.7172907098809704 -0.2261694186393082
0.7523000326306581 -0.7733867099717859 -0.1183669396168528
0.8522066230171781 -0.7934782608695645 -0
1.086919062514522 -0.7934782608695645 -0
0.9937060752569651 -0.7744004947205489 -0.1173740825064507
0.969070706455022 -0.7934782608695645 -0
0.05946810336559644 -0.7934782608695645 -0
0.5070721876075742 -0.7934782608695645 -0
0.5398371676499647 -0.7217358359272867 -0.2158378599228238
0.6621399179024818 -0.7198401245796675 -0.2204246244552553
0.5719109978538957 -0.6241034213407056 -0.3205112824121724
0.6998378962386612 -0.4508076589601104 -0.4291906999758305
0.3592355124027632 -0.7649265168440909 -0.1367127467466328
0.4171926755155706 -0.710685125916876 -0.2289010067212965
0.4760863764385032 -0.7727039086210682 -0.1179848966265006
0.3938675945982232 -0.7934782608695645 -0
0.2755957897157582 -0.5124258841048467 -0.386978847571487
0.6710831449105925 -0.5592141268895128 -0.3702468872785254
0.2816267122325675 -0.7934782608695645 -0
1.096476965262744 -0.7732471615728508 -0.1216753015507649
1.177546060521259 -0.7429906517329853 -0.1909134210140679
0.4230430220488504 -0.5483662025297198 -0.3705068838541187
1.155499666738089 -0.279993716088324 -0.500965990614276
1.183990164234498 -0.1810093685320165 -0.5199394970698445
0.3361456543649697 -0.6264087584871461 -0.3132984224879407
0.4670522962522937 -0.6506394735794054 -0.2950693026693266
0.9549615482868058 -0.4959724180655369 -0.4149905706994693
1.259075505103717 -0.7015059624574558 -0.2550965562743542
-0.6556237780810236 -0.7859698464401036 -0.06608721040095875
1.405433735584215 -0.3280106131948773 -0.4968150739243472
-1.438897957077905 -0.7833203441386347 -0.07374746014829051
-1.28734889838095 0.5 0.3623098416384689
-1.335398230327629 0.4736857929118927 0.3477036006677017
-1.29562217205397 0.4357951646918006 0.346019532834778
-1.38969265178528 0.4634018711416393 0.3302810315038394
-1.383948352277994 0.5 0.3369516834632237
-1.479455868844771 0.5 0.3077839761379908
-1.217482659420713 0.457784790037953 0.3723238673242589
-1.1022220033387 0.3958293132248644 0.3679598804506816
-1.127410737154307 0.4484006167339529 0.3874362192653802
-1.199532398290167 0.4138032796066144 0.3581324732875626
-1.09149165216315 0.5 0.4012385274282141
-1.189846298458304 0.5 0.3837941862587153
-1.050192902511937 0.441205273008728 0.3978155671765744
-0.9924745660298229 0.5 0.414301040202864
-0.8924919178783763 0.5 0.4224927852943966
-0.9409981087725485 0.4598113003625743 0.4154100607195514
-0.7874850132999669 0.5 0.424979272554332
-0.8421866224730579 0.4624119679930463 0.421812115263222
-0.8115300169672797 0.4155425744632844 0.412213768844674
-0.7162082854311552 0.4266707432357208 0.4170168970327932
-0.8869372333946387 0.4302323760375721 0.41246535990984
-0.9919114296237067 0.4368832790065167 0.404289446635514
-0.1893648849447518 0.5 0.4119634120232201
-0.3640972171299598 0.5 0.4169662657944401
-0.2558621717072107 0.4325160822372096 0.4110782449402656
0.1197779411816729 0.3972846301114745 0.3968346312419925
0.06205832261879143 0.4447107542446448 0.4028193443367333
-0.03351186098762058 0.3829691593595671 0.3991863051847083
0.2819432743583307 0.4128746470407631 0.3936999445756459
0.1845645650094551 0.5 0.4006057848220066
0.3791193432538906 0.5 0.3948197543419572
-0.005771216583375954 0.5 0.406414427356583
0.4516560228442724 0.4287034086221418 0.3900600435242635
0.5738065762771263 0.5 0.3893698707242963
0.6237410611940065 0.4435131329645436 0.3862959896276603
0.7628169122854296 0.5 0.3845813989330622
0.7943208808785034 0.4574194145303139 0.3827824099698603
0.9449362287454222 0.5 0.3806160755914667
0.9626618944729125 0.4695235145423613 0.3796838005479439
1.119758906680114 0.5 0.377605145694366
1.127805289386209 0.4798283943248919 0.377209208922818
1.287021208600565 0.5 0.3756821490112395
1.289075055609844 0.4881431242112841 0.3755602144110518
1.446721311475411 0.5 0.375
1.446721311475411 0.4944607338794025 0.3749749723374844
-1.001676700274784 0.3806932556169423 0.3763866231904928
-0.9440495304484662 0.4081699336779127 0.3990222846182759
-0.8971189083978963 0.3680681721707067 0.3837551748895991
-0.7898959907212061 0.3584479622259574 0.3899741362911181
-0.6792069502333399 0.3532312519653346 0.3946277260271669
-0.6022664494172321 0.4262788889911104 0.4168409209421555
-0.6673191664190292 0.5 0.4238113198419093
-0.5630614552488367 0.3522323876275999 0.3978908680134711
-0.4765453807187526 0.4255589850540982 0.4151732296486624
-0.5259120077020445 0.5 0.4210588708082968
-0.4411719957493733 0.3550206138014406 0.3999318985420846
-0.3625383155254548 0.4167002163948344 0.4118624865207716
-0.3132853404087281 0.3612851165853139 0.4008074150074817
-0.1775205919692731 0.3707541644819062 0.4005442320159657
-0.1980069920378072 0.9340427056970952 0.1602808839185867
-0.1345698852301824 0.9696292835282758 0.07439271801138278
-0.2574089247569541 0.9664199709821322 3.32204567727388e-17
0.1818995960854275 0.9969069063723275 3.084104329186867e-17
0.1583075085696918 0.9830814071936971 0.0893450671494945
0.2890613700720845 1.000436103420806 2.885770285216022e-17
-1.286898359246188 0.7278888042501929 -1.852524474621231e-17
-1.219948169157099 0.7339402798679069 0.1110804032020791
-1.177452237985168 0.74633103240413 -2.180442979879313e-17
-1.34800173304915 0.7175224816971294 0.05695645552008663
1.446721311475411 0.6353351340566182 0.3595338472597577
1.254327131458929 0.6943303931025062 0.3457727083081042
0.4391128720800921 0.9566848338504248 0.1659302975223945
0.5260871091033597 0.9895021421378583 0.09272176897450773
0.3955170057143712 1.002760981835831 2.655359228497514e-17
0.770652679037063 0.9760419364072218 0.1236097173795068
0.881248612827735 0.9653283055403534 0.1410619443130696
0.8156222221935583 1.002066972947685 1.554870230592684e-17
1.315593317480094 0.9452419606862571 0.1459381541909545
1.379354490855282 0.9036771460922173 0.2024381442368379
1.446721311475411 0.9582876705550911 0.09887197806460522
1.072333178779032 0.964162024636617 0.1309420347171605
1.145702523921588 0.9829738330429438 0.07080306148687754
1.02416359759328 0.9965156501007227 9.762865913579775e-18
1.33947977370374 0.9818289272306127 2.012588816775131e-18
1.446721311475411 0.975 -0
1.446721311475411 0.7468189569727501 0.3203930800420385
1.364848059919716 0.7542167868285051 0.3188427384056914
0.4901444097480574 0.6737198892293343 0.3728818076893109
0.853459179607289 0.652129852681171 0.3671335072682292
0.3652734338188983 0.7017292662922496 0.3689072193165219
1.086089716698385 0.6667584210650821 0.3577056716120841
0.9825840486758435 0.6149246173678946 0.370952068436553
0.7210779469503217 0.7110005902670472 0.3551311162982786
0.6363006577368875 0.6080058468623759 0.3808679437722933
1.089488042111325 0.785470186047157 0.3113780777642651
1.189020295702576 0.8288311223483908 0.28090477350096
-0.7295253485203156 0.8776866082625042 1.047557612827694e-17
-0.717028371527668 0.8709995996013573 0.09640111941543023
-0.6051033700807127 0.9115525475478687 2.160037000878321e-17
-0.3111197340627725 0.6056645054632367 0.4075046336828678
-0.4551021938939728 0.5879280973582912 0.4128602613226232
-0.9541134601711607 0.7272303550570699 0.2784750155350574
-1.080108516219797 0.7413719525900463 0.1943775831962538
-1.066094146414942 0.6941690969039241 0.2917075232396189
-1.021252378091901 0.6453634195823383 0.3540211762064657
-0.08100304107922737 0.8793249574427524 0.2553386852101622
0.07938123135454084 0.9229475885225009 0.2078363464233535
-0.04809938703391158 0.9516417025892177 0.1460863960783664
0.05003668083518395 0.9754458552915087 0.09836483092271951
-0.03536328884321965 0.9855112177345722 3.344732860051265e-17
-0.1538074835779034 0.6215599881116204 0.4014459641615858
-0.9153803508071066 0.6379219940462847 0.3775013041951371
-0.6053276303479882 0.5921292552010798 0.413365353086383
1.304523050686428 0.8378104580313637 0.2696310747861612
0.9530451767132531 0.8658966426820717 0.2616704001047221
0.8196533182810251 0.8967189351261664 0.2378477132769313
0.7111495624250258 1.003596371957651 1.845141101713877e-17
0.6064250525702249 1.004258002698832 2.128875022217278e-17
0.6499835793265574 0.9723463182799525 0.1352486362527717
0.334835696482023 0.9012682053097067 0.2416587760049483
0.4413361692548344 0.8389475337186687 0.2978324709208473
0.2765100070700569 0.6054712411163055 0.391809667936672
-1.03379823791983 0.7759957555562218 -2.113257467002431e-17
-0.9467767211607625 0.7866405748604119 0.1337676752973699
-0.8690223511319208 0.8240543239042299 -9.51056615860304e-18
0.2371399594180001 0.9598766536882506 0.1543730872956587
0.2079393966716631 0.8945040595219697 0.2480627873843723
-0.5792109086073498 0.8950182570034934 0.1309822475510095
-0.4861270130465935 0.9351452007335455 2.78656668226349e-17
-1.093902414596383 0.7593243017518998 0.08778280567080993
-0.8578054359324944 0.7724006141031744 0.2410327483473291
-0.3561708815458822 0.8877217001465391 0.2156061660728643
-0.2245363649610922 0.8725701184841341 0.2530078840439433
-1.32947005636154 0.7028791968080449 0.1714107752178845
0.6049106407444709 0.7105492335839594 0.358892522368784
0.5780627324877015 0.8119940673449499 0.3129609520778366
-1.338703625620352 0.5846789259224385 0.3236441725646427
-0.5104580683158633 0.8405854845986849 0.2555640985081375
-0.4016424329360286 0.7924810174287148 0.3205580389267861
-1.040074628769458 0.5684285422830158 0.3959795525901461
-0.9632994152108796 0.5736006985421902 0.4040955197677857
-0.2997600101737098 0.8200657088536776 0.3032046111863325
-0.1830908127752585 0.8071114130516617 0.3201542796856672
-0.07629700386808344 0.7563093702986465 0.3550434373637746
-0.2825179828482533 0.7231146691380749 0.370783484710692
-0.4109754065402975 0.6891863671793793 0.384406711004035
-0.5155620152023895 0.7524526384226454 0.343731239667632
0.2757772250419563 0.8153768347963219 0.3172135181406049
0.1360920818899965 0.8453697857697204 0.2950704962702594
0.02776688853811515 0.8277095770349603 0.3085831573624735
-1.435272016320157 0.6765498564562633 0.1848139835692326
-1.427758203205661 0.7032496238508312 0.08430574248794563
-1.380598785069881 0.6485486254431273 0.2527551650330333
0.07814595718735386 0.6161723935798877 0.3962223563002952
1.233755190768247 0.9876193157503321 4.375352745202114e-18
1.128804959615218 0.9924936902331627 6.984732631179359e-18
-0.7316440546685904 0.6111540935510897 0.4063432448713925
-0.7224750822678647 0.7097761457612688 0.3540052752685255
-0.8307915367233831 0.6983410947936057 0.3447363587690151
1.18358848736064 0.9449194751097562 0.1580681515745482
1.251917700488312 0.9755790968103216 0.07979878042175573
0.9199416559905889 0.9997010751458848 1.263381661772682e-17
0.9771353159049549 0.9849416198206372 0.08625610277349571
0.5012363563909533 1.004002912270852 2.400932790227945e-17
0.5555844061353442 0.9224738584418268 0.215506847931287
0.3444995416657104 0.9885645617317569 0.08918257287660696
0.07382057031711048 0.9920067529832999 3.241089943047675e-17
-0.6269914567389313 0.6875555761586633 0.3775186732272396
-0.1456908665939828 0.9771254252566572 3.379026201853532e-17
-0.3707667077193116 0.9527622586040418 3.141557683556713e-17
-0.3029750809277271 0.94621054267022 0.1019195705455267
0.6885695000458196 0.8624354124973426 0.2734922545432532
-1.515346700219404 0.6849249006248117 0.1066737801198619
-1.569447483465561 0.6509664540683429 0.1684884715259023
-1.50543686454922 0.6459646655971132 0.2070448868499833
-0.1741548144006499 0.7279143394347563 0.3691254594837532
-1.226852353050123 0.6002101519732079 0.3432146289578278
1.446721311475411 0.8414667853403298 0.2605711188949227
-1.226556645177225 0.6653430268640047 0.2823007571062007
-1.298412705903511 0.6563480519106475 0.2709693859878863
-0.5242475237640001 0.6628732353128384 0.3930261343417563
-0.626764508258578 0.7739661265348465 0.3120308052373721
-1.442459444571872 0.592091698905469 0.2865990480576104
-0.3962205216832452 0.9349875006790764 0.100506263384134
0.02991261946987733 0.7270468583274003 0.3678607212964254
-0.03248555949891434 0.6377165036598857 0.3955356643156926
-0.6544471517938306 0.8385907200326723 0.2203610698145606
-0.7985628605114333 0.8257707037266468 0.1607960582872349
-0.7512280145448311 0.7769025325494536 0.2799907008996594
0.1766704789287695 0.6364980686045801 0.3900726202796387
0.1382951169543299 0.7504348960048652 0.3559236371009714
0.2476530173364805 0.716067387373031 0.3674320362118817
0.9870418191352176 0.9421958134790939 0.1750044992066275
1.089603399178654 0.8926962042146923 0.2309671495368869
-1.219946804284876 0.7094235928957843 0.2095908108622008
0.3410301689435268 0.956771875965542 0.1640881580032797
-1.546289186044135 0.5452825113744303 0.2760965305243702
1.446721311475411 0.9133150923206483 0.1848223100726331
1.230380401572835 0.8981935807039305 0.217954995430785
0.9611009932762404 0.7453791140609384 0.3347878878268562
-1.154823366021627 0.6914695397081119 0.268354238964106
1.187027032046666 0.5946906493270414 0.3701259289274013
0.8300345732633214 0.795496882741209 0.314775184930309
-1.124793202443001 0.5864731293637919 0.3736040762657871
-0.8336461008280207 0.5941822881356298 0.4078361308456351
-1.135276413225126 0.6472641771353596 0.3272509278779113
-0.4712128450216488 0.9064426689639162 0.1510503161096953
-1.579290126409904 0.5998817449093152 0.228939789423785
-1.515105263357788 0.5983487952021072 0.2558283768188205
0.7295487650912078 0.9298489633858102 0.2024648303721684
-1.226324918832372 0.732750524482652 -0.1120371661773856
-1.347887416300509 0.7175421021364314 -0.0569071019259514
0.5224646916915556 0.9928925912992899 -0.08123047481761372
0.2388833423575955 0.9593282093563917 -0.1555305608755317
0.1569922100549032 0.9830022249322394 -0.08944018303005347
1.142096761280338 0.9823304630204829 -0.07392690245773853
1.446721311475411 0.9582876705550913 -0.09887197806460468
1.317254948812048 0.9457529338848184 -0.1448245977088563
1.446721311475411 0.9133150923206483 -0.1848223100726329
1.37989055918912 0.9038725320014496 -0.2021621531446212
1.446721311475411 0.5 -0.375
1.287009094231738 0.5 -0.375682247658835
1.446721311475411 0.6353351340566182 -0.3595338472597577
1.275510206046785 0.6927001012227225 -0.3458602185145562
1.369169888961795 0.7551965929964677 -0.3182486613471433
-0.7326556000019664 0.8675554371539356 -0.08995774433581127
1.13231316744583 0.754899319414275 -0.3252454374952217
1.192621499435907 0.8356544273027303 -0.2758583167105895
1.178023814485316 0.6188310365002264 -0.3663678979905848
-0.575662615797526 0.8928281670269385 -0.1392138860232623
-0.9492723720231709 0.7355083673487468 -0.2670154398419552
-1.01269552037127 0.649211342780494 -0.3525098746806392
-1.080815232536499 0.6867401238647595 -0.29733923036169
-1.089447601815613 0.7396020623560915 -0.1942321088935649
-0.06285352702177543 0.887603278151709 -0.2465866702933888
-0.0699393416982914 0.9540326438267555 -0.1374359207526134
0.07640246829441795 0.9244646263949828 -0.2054573298809574
0.04333804503185439 0.9750116407210971 -0.0986278349583794
-0.9101201749159169 0.6404794809488248 -0.376566681904446
-0.5258493078116622 0.5 -0.4210574407031345
-0.6672737466335167 0.5 -0.4238106245472383
-0.6156970802312576 0.5912531659017535 -0.4135548328815154
-0.5305665712894094 0.6693268445170005 -0.3903011002097981
1.307744017686874 0.8381589230062118 -0.2692291917884416
1.119735150966798 0.5 -0.3776054914915927
1.053132376640062 0.6667101843599512 -0.3585099159244491
0.944910194583548 0.5 -0.3806165874140321
0.9351648237959963 0.5970414393883439 -0.374647793684415
0.9683968849109776 0.8935389602180177 -0.2354579221098297
0.9355822099725523 0.9637037046868793 -0.1412572373411284
1.058733011460409 0.9551795236786967 -0.1493582079913461
0.3792597892206874 0.5 -0.39481567824922
0.1847024128346674 0.5 -0.4006016083766548
0.2749428476326532 0.6033005447922363 -0.392125895929531
0.3685797207198402 0.6689745907213822 -0.3776973777011025
-0.8592691778310513 0.8086759595856268 -0.1478977826868509
-0.9805908432117614 0.7799562775937812 -0.1236951831838058
0.4524446912476473 0.9622969004807371 -0.1559502670771075
0.5147909828491229 0.8904487391020682 -0.2518674492419045
0.3517951912719937 0.8950636123774562 -0.2484711966133007
0.6042068778088705 0.9499595874913631 -0.1764627008986034
0.2056848736980815 0.8959220000063222 -0.2464384958069469
0.72912573851331 0.9834678505682488 -0.1069419165412612
0.6306387513380365 0.992519301792923 -0.08226753448046555
0.7378978376474364 0.9235572134928094 -0.2102294693275277
-0.531282854940757 0.8348446149817599 -0.2591416040859505
-0.6335272385683739 0.8304193686831962 -0.240627640739093
-1.106483611691095 0.7570134608018841 -0.08538945298545897
0.4721331256052272 0.6068486639844621 -0.3857746611001902
0.5739074244008051 0.5 -0.3893671675827532
-1.34744499820128 0.6992526248769753 -0.1723300630018916
0.5971754750101395 0.7751847805923893 -0.3328953075335629
0.4616049717376731 0.8263566697762671 -0.3064632458829394
-0.9610184643297369 0.574536825154318 -0.4040159745517959
0.6420925246969074 0.8720187261852346 -0.2665494133715864
0.7628327960977016 0.5 -0.3845810225316144
0.6847833590022562 0.6467899796464247 -0.3730063861468446
0.8160080073475632 0.6820771850289256 -0.3608933578818805
-1.189834440840662 0.5 -0.3837965477176773
-1.123850103431221 0.5995621947347133 -0.3664948409937921
-1.091475670469868 0.5 -0.4012410080860461
0.2389994224708191 0.8221648620961201 -0.312921154539284
0.1196980440214753 0.7449626520076725 -0.3587343663848707
0.1236655783462626 0.8461433705249138 -0.2943225276981133
0.01428993724782561 0.8223794903776227 -0.3126206332112602
-0.02328909189189561 0.7106698109482773 -0.375056661879646
0.06357135666012967 0.6136886472380766 -0.3970002437441955
-0.005651688582085534 0.5 -0.4064107743085329
-0.09654162304604041 0.5987370157078704 -0.4034677974400682
0.7475871061631427 0.8060798682865562 -0.3114125329920774
-0.2378921657637932 0.7377175694339668 -0.3639667703726658
-0.1348656604395001 0.8067319333581978 -0.3218950523775047
-0.1471717763361045 0.6941054718179583 -0.3826338858439546
1.189636003885077 0.94279809971117 -0.1611265085830605
1.252102453286068 0.975658046910957 -0.07948427247908055
0.9883733248892926 0.9875824731467867 -0.07582217755303965
-1.464511034257336 0.6534315012883429 -0.2134582950735096
-1.365649502572448 0.6253526326347966 -0.2836582723669487
0.3469622776119423 0.9886233795517042 -0.08914607578065931
-0.7874526409258286 0.5 -0.424979189193292
-0.7287034829882824 0.6002693555124129 -0.4099496975011473
-0.7265360781660102 0.7032859901922655 -0.3583161424393725
-0.640482706819997 0.6768663726940668 -0.3823923612029644
-0.8278836324326475 0.7761331602332526 -0.2493047810053161
-0.7291391630745478 0.8352866813606197 -0.1917324026465551
-0.3640136014789827 0.5 -0.4169639843097523
-0.2634159430732753 0.6165208198757364 -0.4046879221156928
-0.1892624110311226 0.5 -0.4119603719210959
-0.3397374034702539 0.727642313184016 -0.3675832471490669
1.446721311475411 0.7468189569727501 -0.3203930800420385
1.446721311475411 0.84146678534033 -0.2605711188949225
-0.2996971698373671 0.8251158646632913 -0.2984262220102748
-0.3218997174243783 0.8984682022620949 -0.204226313841545
-0.1947861561878024 0.8994982015950548 -0.2201097129816196
-0.8329507618452801 0.7110166579917926 -0.3323351699249753
-0.7281910972519146 0.7757435201307358 -0.2883681650936763
-0.2983631011757 0.9437112950324447 -0.111679449004979
-1.427291434278041 0.7033376875880457 -0.0841750360769342
-0.4064166872478617 0.6531615754525747 -0.397474973934822
-0.4523691853847077 0.7749091278651686 -0.3312859642464782
-0.6045829053627757 0.7626937799242373 -0.3260305737088581
-0.4299362715194864 0.869427084427794 -0.2302631654192754
-0.4335510940446785 0.9205100032289795 -0.1292405110252744
-0.8127518560960042 0.6407242323252145 -0.3882829103647812
0.4738882124126734 0.7296787371821358 -0.3562411640160515
0.5692734440221984 0.6495522638907111 -0.3758690278851028
0.8830140737557598 0.8118846493975796 -0.3033576092402188
0.850218119561132 0.9071376897520984 -0.2257157592303167
0.1741743139239296 0.6377954035706576 -0.3899102588864185
0.2540612738422764 0.7234296465058921 -0.3646221214352163
0.3566937568244748 0.7910773006818635 -0.3308476019486417
-0.4629709852057112 0.580732202262118 -0.4140736796145584
0.3465246490698159 0.9563785368919289 -0.1649310085476582
-1.546112315714797 0.5451124889440908 -0.2762262735629162
-1.579286293794272 0.5998542938772164 -0.2289661190623846
-1.226583033952708 0.7072174387715437 -0.2118393296344196
1.247899907491126 0.8992962130912481 -0.2157454641209643
0.9363911936451803 0.7162036177506927 -0.34676420331962
-1.219999774271077 0.642736579066177 -0.3097642982474476
-1.154841264521658 0.6983394925296438 -0.2573543717922281
-1.569418355847717 0.6510124806035985 -0.1684190992308518
0.8264130849661548 0.9721185328408097 -0.1298587406606603
1.07348149227473 0.8635426508338218 -0.2588206909338136
1.007720092007221 0.7936355741316273 -0.3097080122326715
-0.9924543995074048 0.5 -0.4143032169224543
-1.037432263142086 0.5706580484452308 -0.3955316124644572
-1.515347647086656 0.6849247105322402 -0.1066738366182144
1.128228837413074 0.9072581960575189 -0.2132804495918698
-0.3972479776309931 0.943768697383504 -0.06125850871181891
-0.1811258689489569 0.9528206552759202 -0.1188143035011661
-0.8356741548127036 0.5711659308502082 -0.4150645705620796
-0.8924666434008056 0.5 -0.4224941694959152
-1.449227052322707 0.5767421291103159 -0.2944866653623274
-1.479455868844771 0.5 -0.3077839761379907
0.8770108473201138 0.9926662102734447 -0.06799505556619562
-1.296324149222881 0.6710142917529651 -0.2516337006062606
-1.311586413028708 0.5736260499053916 -0.337324779588482
-1.287341092744864 0.5 -0.3623117264271096
-1.38394457043081 0.5 -0.3369527565260995
-0.221245024148229 0.9651168525503522 -0.05803455320948837
-1.22593565802281 0.5700730292049849 -0.360288416605157
1.44672131147541 0.4944607338794024 -0.3749749723374844
1.591906028819202 0.5 -0.3744155516092165
4.822516479811023 0.5 -0.3297862381778921
4.938311892598544 0.5 -0.3279786123353544
4.91347807525052 0.4716083770581022 -0.3273824173800513
5.16882222069721 0.5 -0.3243713753283143
5.144161193499182 0.464497108151973 -0.3232002349752027
5.053744214631626 0.5 -0.3261734825032829
5.266196147800796 0.4733484804604057 -0.3219632978085187
5.283665838444522 0.5 -0.3225711059742192
5.021386867728911 0.4556944516345003 -0.3242658942949919
4.810924856057144 0.485859196178915 -0.3297243529488256
4.702138734612285 0.5 -0.3316613589209805
5.387896560276107 0.4822143172543485 -0.3205418303351562
5.512831659394077 0.5 -0.3189762897113663
5.63080242919245 0.5 -0.3171263203748078
5.50929603020198 0.4910801022928392 -0.3189321386468962
5.398432833917711 0.5 -0.3207709441917932
1.591906028819201 0.5 0.3744155516092165
4.913489085144594 0.4716062722535055 0.3273820987629953
5.021385432960519 0.4556943428249087 0.324265905020849
4.938311892598544 0.5 0.3279786123353544
4.822516479811026 0.5 0.3297862381778921
4.810923551368547 0.4858588292978525 0.3297243607125891
4.702138734612285 0.5 0.3316613589209805
5.053744214631626 0.5 0.3261734825032829
5.144162951440274 0.4644971833724384 0.3232002139208506
5.266159221861105 0.4733457767664691 0.3219636991024538
5.16882222069721 0.5 0.3243713753283143
5.283665838444525 0.5 0.3225711059742192
5.387850465779241 0.482210932287585 0.320542403940396
5.509276738895249 0.491078477623592 0.3189324050297074
5.398432833917715 0.5 0.3207709441917931
5.512831659394077 0.5 0.3189762897113663
5.63080242919245 0.5 0.3171263203748078
1.59061041464144 0.5886538464694032 0.3675257349360208
5.023391696670247 0.81467453532352 0.173888759213644
5.145516433038893 0.7971943130409327 0.1922753631658871
6.620582348224406 0.6645150570129557 0.2641736604725831
6.712330750140266 0.5795340961267311 0.2923814455120212
6.716340955156705 0.687187535789868 0.2504413192857262
5.572485766130716 0.5893029086845198 0.3078676671591816
3.145013541782596 0.9015977014099534 0.09412531733725954
3.203383077906481 0.9143927574098856 -5.503624654307486e-18
3.092783374123719 0.9173088247915253 -5.508208238806625e-18
2.030845149175163 0.5185522822576377 0.3698057833793282
1.937556924121596 0.6307755163850179 0.3548251237878161
1.886864301006163 0.5124647959909858 0.3715997435715903
5.347115420394557 0.6433337468610738 0.2950883752746783
5.466512415211607 0.6199871735112226 0.3012227133207938
6.824295172713179 0.7848366534267522 0.1574772543218567
6.869332351107473 0.8190446529535251 0.06158349967264788
6.770455255482147 0.8281333625288163 0.07094057090709899
5.231832042756769 0.6005840131862477 0.3106482798631136
5.225082452773691 0.7094109201279419 0.2648162236449076
5.124865354343722 0.6216896606774813 0.306387422716873
3.424555534454327 0.9086993086206685 -5.442581072774496e-18
3.313816394817567 0.9115281469401865 -5.481313432849775e-18
3.365802093670218 0.8787378750522903 0.1365250230758588
1.578185991112542 0.7044670970278314 0.336341852548031
1.550798654213456 0.8000847826985383 0.2873244667341645
2.086863032611679 0.6231652257553445 0.3546395569630637
2.173107751333422 0.5244380688639489 0.3678476480924338
1.741006885155275 0.5062453711066319 0.3731715205997823
1.706909863937541 0.6615318431211999 0.3493905141575162
2.247836963665363 0.6497731674140421 0.3449019904224693
2.313850297235055 0.5300902921514303 0.365760856714753
2.419681186745766 0.6527141818863184 0.3412657823929726
3.00117593812621 0.5542285016806648 0.3541250662255841
3.136191245860739 0.5581239730764621 0.3516696954703549
3.05161345683115 0.6298154012071457 0.3381566125284612
2.86543758906171 0.5499971971546024 0.3565580713287196
2.921329042595829 0.6566646080463119 0.3317263075272551
2.778831984997951 0.6225156150627171 0.3444756000185581
2.728864213043563 0.5454487868327406 0.3589545998264562
2.327157751392415 0.7381817054184925 0.3064196518971263
2.308905269691127 0.8297600120141932 0.2417083997089412
2.214649117031659 0.7710823509356217 0.2894369304657152
3.26839221186527 0.8026374755053849 0.2392797741905189
3.381351019182209 0.798321611009067 0.240141421852419
2.47462921697098 0.9126284069634713 0.1161002990702157
2.428796085849379 0.9361012459394558 -5.043715219830147e-18
2.363918387393595 0.924772076304609 0.09099625002123103
5.900659187001037 0.7769784943851842 0.1940840301531186
5.801580196639822 0.7590091646936346 0.2148480030020046
5.897379557661313 0.7021451296928674 0.2561389088754771
4.756747588405244 0.6539444129891353 0.3011740461391249
4.76139450067914 0.5700995427445061 0.3247540660989811
4.872644083690258 0.5973858611502533 0.3173081655136165
6.097464924895987 0.7073365320181773 0.2489700696723265
6.07597943720764 0.6159616911791692 0.2924344444051036
6.175524866817811 0.6429148111785241 0.2811415693294093
1.813249363764719 0.8470728526094338 0.2416750284651561
1.917642867010513 0.8084557446177896 0.2709047911440383
1.924211066424935 0.8890763014303074 0.1900533341631664
3.350992406272756 0.6914512332686098 0.3101781976139047
3.481494385011125 0.7443847490877351 0.2786645452999236
5.949977226060991 0.8237648323859807 0.1235994927839804
6.001371026315146 0.7546858471441792 0.2141085040915391
5.678889940205041 0.6201262482169143 0.2976468741475495
5.575950053206575 0.6882765831656006 0.2702904566738517
3.478442261259515 0.8917545320851348 0.09767194781863617
3.475539492536756 0.8398659317015293 0.1933411023002055
3.589059611152693 0.875262604409498 0.1316963760944122
4.448313755409844 0.5286450225625787 0.3346217823966274
4.575481476245961 0.5150768875844355 0.3333567141119732
4.52589922005661 0.6413344968601813 0.309920639268944
4.452176752941608 0.7412579289791686 0.2599086468450015
4.389724875764952 0.6516895567940538 0.3084435943356806
4.191800383279651 0.5506880746325666 0.3365325331788789
4.32044999375541 0.5405733735722396 0.3356252694002851
4.267585649157708 0.6549139567415172 0.309324388990262
4.557771966684083 0.7486856388115743 0.2522337383375406
3.157024918822029 0.7632126827577892 0.2732143687610982
3.237687265327003 0.6738342969582454 0.3198262007125134
5.90904945433395 0.6088045227430381 0.2973216835643904
5.996632958338509 0.5269604430029406 0.3104810351356344
5.995446441248196 0.6545153693962298 0.2793260291972265
5.464090237359583 0.7434826755910154 0.2360239718565703
2.869385291780507 0.7455744597833782 0.290921930370827
2.967627021609995 0.7498538841922269 0.2861950854826824
1.541778004333178 0.9355799151445243 0.139813157538666
1.617385989214724 0.9545529034539286 0.08136575950728298
1.553320428911808 0.9687053869831155 -1.367500001024104e-18
2.719560935219349 0.911919714526515 0.09838898011766975
2.601347407969482 0.905826344826093 0.1234785787031851
2.694651716646743 0.8586236366762466 0.1976708608217694
3.035603598580419 0.8871731005386384 0.1373964137491475
3.152835670468147 0.8504263415396033 0.1912428849443035
3.042315821349631 0.813939399950826 0.2350768485217065
2.907807666701284 0.8160054702148473 0.2369514462925581
4.792754995410103 0.8574635187348121 0.1049784272506633
4.735474747632008 0.877760673420419 -4.066486219500918e-18
4.68230888195762 0.8617852986666772 0.1001321583815181
2.822088288705775 0.8780502200456277 0.1646956344496874
2.943110254199009 0.8679058839769036 0.1751136173249349
2.920462125544173 0.9087171696486578 0.09073671530728941
2.649396057790319 0.9295676351485797 -5.309867772630341e-18
6.206143850712838 0.7523128817935335 0.2115285940783364
6.282808649348596 0.6603377889641581 0.2717644123541149
2.123863690328582 0.7099091458707789 0.3243262897660735
3.251507252875204 0.8885451709947438 0.1217341338346182
2.539025998157207 0.9327928968615112 -5.19362549042486e-18
6.104706732398618 0.7790083483622284 0.186253724062962
6.15799055976524 0.8236923722589403 0.1144252789888576
6.054182864716219 0.8235385673442649 0.1194595965225934
1.879336938308323 0.9545231905714591 -3.541263558525478e-18
1.770500723491625 0.9587970921477517 -2.997756962668448e-18
1.821549235447436 0.9297564013532036 0.1268991517656538
1.500528652207793 0.96539867342296 0.0610913218932863
1.714132646442685 0.9459155004421624 0.09598238135327364
1.639041234704345 0.9214713589455736 0.1575269795076897
2.154935039377816 0.9259785916182708 0.1073027940894382
2.160535029574187 0.8617167579414944 0.2139539255499323
2.265302559014841 0.8971788823917873 0.1606097594396317
2.317816946948184 0.9395333357921382 -4.853375246484334e-18
6.364355290338844 0.8247469751023845 0.1021315229917162
6.261384428733168 0.8241295219525587 0.1086044405960783
6.321823926195832 0.7658435778538193 0.1952761004255366
2.045290244908193 0.903799202406218 0.1615889825704352
2.097542751367802 0.9467196903350528 -4.329290263539301e-18
2.207365637626139 0.9430670310325157 -4.617892968031687e-18
5.216289146161581 0.8475674770343188 0.1058320957858531
6.930309131840669 0.6097772209411719 0.2531114641989836
6.920301827853431 0.7361158738315648 0.1765521000503184
6.826945671705554 0.6994002395079519 0.239412156333679
2.786978312911788 0.8053582632004068 0.2498177205976338
2.768954180410446 0.7045656860275795 0.314835440115579
3.46617216974175 0.6497292296127707 0.3249910158242413
3.585165573295618 0.6595845404044307 0.3193687702232553
3.783577329037517 0.8650062055160339 0.1422811100934895
3.696250210538174 0.8062771276472936 0.2240861564137208
3.820138345105145 0.8116043194856132 0.2150870469667848
3.615787013026893 0.7399185700255507 0.2786676902634061
3.723557406709082 0.6789555173794891 0.3090174543503119
3.534722054527066 0.9059255058441935 -5.389031727464414e-18
4.636393783136395 0.8041132441036345 0.1993071218780926
4.734098504897097 0.8173415125368296 0.1799450694641747
4.574951411834412 0.8621120382521579 0.1059970539565828
2.02407438780021 0.8382978799136706 0.2427315453925441
4.627605785496936 0.8801594593738243 -4.229931579605358e-18
4.519440149150582 0.8825882227464065 -4.386326127564991e-18
4.41813701107897 0.8204247582106965 0.1863591832520566
4.327555581601331 0.7762116073170684 0.2354525121450672
4.35504573563837 0.8647628902508835 0.1124593435116426
4.46477502395195 0.8672247865340401 0.09902758534229836
3.932044871537611 0.5647042760822947 0.3386740174890673
3.870301556913303 0.6718870708100897 0.3094340401417143
3.801032776778011 0.5681740164430349 0.3401710595659918
4.13564414732919 0.659182502618628 0.3099541793761676
4.114705247348826 0.7661923087633172 0.2489272402926517
4.008106224713018 0.6897897207685301 0.2988285486383316
4.193347534596171 0.8900589241633878 -4.808497768413345e-18
4.247833956714929 0.8634091114027875 0.1217576785281785
4.302299669552728 0.8875372266066048 -4.676104907514614e-18
1.518083592552431 0.8769579343164412 0.2241760836673005
3.270496013567966 0.56165350198068 0.3492086075538416
4.218466923654199 0.8034461213205136 0.2122048481172017
4.129966789830102 0.8432872194444396 0.1644715961105327
3.974688283293242 0.8952024792888972 -5.045532728486076e-18
4.03001880476583 0.8754873322153498 0.1049069936561683
4.08409364521845 0.8926147367236472 -4.931895773993661e-18
5.57943312360757 0.7734091006372563 0.2063429607632795
3.645040537905491 0.9031856450687586 -5.321482051087688e-18
3.694080886136462 0.8805111135932912 0.1135082040551388
3.755175906258005 0.9004857562636948 -5.241094255948141e-18
4.018786677378165 0.8120574940379839 0.2087446142212811
3.908285031933768 0.8569296187502343 0.151241993206694
3.669355218781862 0.5690747568570385 0.3420616945589188
5.425533463256388 0.8352723659350058 0.1235181194487395
5.348874726974677 0.7638701246979277 0.2213344460048795
4.062322335391942 0.5588160374285036 0.3374990308539583
1.661685580520508 0.9634587065714872 -2.300809886309759e-18
2.981796288166622 0.9202866650871806 -5.49326537485454e-18
2.871280558419585 0.9233080246743939 -5.456980606985406e-18
3.142621930039657 0.6676532483108371 0.3239271841080238
4.906091316632102 0.8495193489716013 0.1180703970568208
4.998906508537685 0.6285753516700769 0.3062795837631888
5.875233985192464 0.5179933365150826 0.3128900071458552
5.793952225812637 0.6440997559985253 0.2871263516553523
5.753451867349305 0.5090152867193696 0.3151023947088581
4.987974940628121 0.733059876781188 0.2541638127503816
5.091448591162591 0.7248417867573057 0.2576304139755736
5.740548600519544 0.8258605616280128 0.1285100576344751
5.690379155766374 0.7424739970807553 0.2317946741220635
2.608451793217006 0.6399121007714363 0.3422447502338054
6.477502675856698 0.5624469126746355 0.2989579756065116
6.407321564106059 0.6379330897436453 0.2793068344732778
6.357976829189064 0.5536530079098944 0.3021082496594859
6.237703913120363 0.5447762892138799 0.3050928928536569
6.823184073280889 0.5880457142252531 0.2879803348364376
6.768907032662893 0.6389156967525147 0.2735914143998616
7.017762625500044 0.6364125896250731 0.1915557762512569
7.005944510529063 0.719422482012844 0.1263946037875305
7.082235736617251 0.6575720532770221 0.1162434748749551
7.043643366386135 0.7303621663542069 0.03907800633908988
3.571768448397072 0.8078140841359945 0.2260626471435861
6.568839126376282 0.8262931325371533 0.08744780282750396
6.539203384102717 0.7593859530301941 0.1968463385590998
6.641950350714621 0.791293446077072 0.1549698771641019
1.989867432377918 0.7299885951341341 0.3174251765725209
7.119370514987715 0.6689624460476437 0.02693038022964085
5.25167776528412 0.7939450271065207 0.1929694419101858
5.32030493676565 0.8407373582700771 0.1166985022206458
4.649764000911956 0.5992349867285949 0.3204814884883329
2.575415292072645 0.8196793446559099 0.24307327650151
2.52830645175673 0.8728371834372826 0.1854408836218749
4.920920237291305 0.7841938568760723 0.2127206957238304
4.826843323427059 0.7940048186963982 0.2050469354889048
4.873783915226537 0.70051008408098 0.276878717264242
3.404115950639782 0.5647644403641107 0.3467615219498991
3.537059789927425 0.5673987409303018 0.3443497957947742
4.84302326885584 0.8753916840590821 -3.896424957438685e-18
6.962043556525812 0.7821548729603568 0.05057665945661384
6.64667071995017 0.7367924151742189 0.2159663938662983
3.917218282116688 0.7715950879694259 0.24930336889927
1.690369417801837 0.7898913742651779 0.2901099022539406
1.719496791214592 0.8895263430426833 0.1995041505870045
1.610305026669803 0.8686901028708983 0.2284066164027346
2.672360321847045 0.7619188228229832 0.2849673376779873
6.713656948931973 0.8086378472125002 0.1233962387367476
6.740344093563258 0.7653072998336615 0.1860627724220678
4.516936333426965 0.816773607683603 0.1877891296341431
4.411009631882513 0.8850470591100691 -4.535197781306454e-18
2.373408716950367 0.8849536877825708 0.1747426811502203
6.117583257162498 0.5358998462773168 0.307877988425123
2.452914737092258 0.5354712682467682 0.3635763921337395
2.100005597339089 0.7884327777849471 0.2806045387512191
1.828532860339213 0.7337637495701569 0.3187663024463488
2.446201678483253 0.8457135461842138 0.2214519390421353
4.742704528649495 0.7431027329592831 0.2522641405147675
4.642785557719655 0.7012855584669251 0.2808998996017338
6.596473446439751 0.5711520688843028 0.2956643917278188
3.053878360775941 0.7161265829738908 0.3037074281843158
4.216558174076207 0.732427021120877 0.270849659918163
3.800833606739019 0.7453471272946841 0.2711800515258009
1.815686420656937 0.6113302660933831 0.3609401215622166
2.591413787023687 0.5406027833099273 0.3612988454385634
2.438133336653722 0.7701420326521144 0.2848971504784419
6.669971624977716 0.8271386265403717 0.07939428058895083
2.547652352881456 0.7271999077260326 0.3078415534306107
2.760402259825545 0.9264014001706302 -5.396789767047064e-18
6.466829721880016 0.82549155884683 0.09504399434447397
6.517411754445842 0.6559599668159695 0.2698835686216906
6.437929823074612 0.7222615583548813 0.231809031628704
6.425857203252407 0.7857311908870221 0.1689169564035562
1.940552234758384 0.9373622632325871 0.09549537789157861
1.988264614051586 0.9505223404265928 -3.976113444438622e-18
2.261950995960708 0.9319340566601194 0.07662389997572773
2.046337373754196 0.9389271143903073 0.07710526325928065
3.941650699951059 0.8880838698147171 0.0698543985242229
3.864975697714642 0.8978273465356322 -5.14890931212333e-18
4.139068936992096 0.8808728641669601 0.07972966835943007
2.819754294125706 0.9163934961542081 0.07255053339510281
3.83013274023661 0.889023160464385 0.07708584102364595
6.358895824125391 0.7000249095816848 0.2487130529428469
3.061740455307679 0.9116722002034708 0.06398456997741298
2.492370824628065 0.9068647077587868 -0.1284537930807677
2.144128318127735 0.9199242910128966 -0.1234818030519203
2.044252584637106 0.932930415387818 -0.09794528257152427
2.473830795852834 0.8071331418683988 -0.2567541591754143
2.40111810889692 0.8678617699756921 -0.1972614511981407
2.229350854970033 0.6222074172069427 -0.3528356914861125
2.313318485567342 0.5300701628665004 -0.3657689387416106
2.172569348640211 0.5244165905092402 -0.3678553388357255
6.03784349304245 0.6135622006456527 -0.2938015055943791
6.012555827926866 0.7014703563690796 -0.2543455480975549
6.142070456525891 0.6519870615449932 -0.2779155553376199
3.152596714004139 0.8949165142072109 -0.1125503605191103
3.094173856196009 0.8538024059955249 -0.188963894284428
3.038692894225683 0.9019716285244666 -0.1016390934483553
5.023137979457392 0.8082069980203062 -0.1824905486039707
2.706299743964444 0.9096740571613285 -0.1060019888949625
3.473338577086166 0.8816409434043831 -0.1242661133393782
3.369527949262247 0.8968699590984135 -0.09038305889576781
5.457403495639479 0.5908855258872621 -0.3093613462028325
5.341814187910011 0.620940957576556 -0.3030000261296817
3.003533693213172 0.8547675328889281 -0.1910789094663141
6.867206686726851 0.8195808044584508 -0.06181040262733178
6.819763684650901 0.7855068411180076 -0.1573881621125607
6.767694300178432 0.8280981489204771 -0.07117697795574948
2.221827005323078 0.7317672517384618 -0.3119335487258427
2.07981442129842 0.777652678097343 -0.2883544809489433
2.196515055991655 0.8414730917706135 -0.2340764186685957
1.515980884620528 0.9630688655043255 -0.06781009217072639
1.53247901024286 0.9305078563809079 -0.1503012732357865
1.522078648023312 0.8756301242771972 -0.2253724063747691
1.621913281542781 0.8874431297192112 -0.2070305740468272
1.56196589493658 0.7950413092563635 -0.2903103116736629
2.704889381144953 0.846284760428633 -0.2120690151507039
2.814806665825444 0.8740457356020318 -0.1713513186129394
2.819242795317418 0.8001733413666213 -0.2533338280958847
2.925787596314235 0.8240791803357991 -0.2286316215046588
1.609139679117424 0.9503552455701699 -0.09650674806668541
6.11673263878289 0.5358369138473913 -0.3078970079184724
6.236848808548824 0.5447131817348095 -0.305113410851849
1.9437645069322 0.6178584298939788 -0.3578607089630859
2.030264522179421 0.5185287812925473 -0.3698133946219026
1.886263661641369 0.5124414301192978 -0.3716067181970287
1.827489615465123 0.9424705983412405 -0.09259921756091602
1.834289030487006 0.8938239622953534 -0.1880314886711391
1.941376569431086 0.922009802038099 -0.1341907247354239
6.408654914228087 0.6426094289176912 -0.2774171643959656
6.356520984359914 0.5535458550816127 -0.30214549547309
6.277632956373031 0.6607963371757353 -0.2716381901157975
2.054883141391989 0.8726629939743294 -0.2052649687701353
1.940028343535462 0.8269279515375375 -0.2554687980560089
1.716374280035012 0.9362546952246751 -0.1214986767313797
3.266337939703079 0.8833486645929944 -0.1324204680389996
2.351045693137848 0.7764187533228444 -0.2827419286190577
4.985710792553196 0.6225622336948784 -0.3084398505836226
4.754478952589748 0.6234050154944498 -0.3120425710284904
4.856711458548309 0.6974100872192214 -0.2789183116788617
4.873008763564638 0.593048285519939 -0.3183333839990976
3.699108045570224 0.8872121594510465 -0.09451780673491483
3.813487547377547 0.8768616256123505 -0.1151448486270729
3.732924672121802 0.8426270767869686 -0.1805023288159206
4.226889995303305 0.794936245335364 -0.2206714296632419
4.140360091724167 0.8459832066600165 -0.1597882859046188
4.252300867758747 0.8486924256351139 -0.150576264666083
5.753282760144553 0.5090028524444132 -0.3151053252848438
5.691644589884518 0.5951135705991021 -0.3045458015416254
4.572764439835918 0.8632691229202656 -0.1030356378164541
4.7922060194926 0.8596815809726829 -0.09896262332854776
5.682661582838639 0.7742524710947576 -0.2027860810718427
5.687019329539268 0.6913019713141682 -0.2665340417706921
5.574856304621184 0.7459859372738531 -0.2315193400416052
4.519351867332912 0.816497678879256 -0.1880592352732491
4.465184495098367 0.8672973912527495 -0.09879204377831793
4.421611021558963 0.8220508540851181 -0.184138908017964
4.458148414374374 0.7414775530048555 -0.259625595222433
4.191861654180466 0.5506842845253662 -0.3365320340026648
4.258812038083941 0.6236520060674726 -0.3202251429127919
4.320464050697611 0.5405742858595863 -0.3356249635153528
2.865613784306441 0.5500029238726233 -0.3565549384825996
2.923205555044912 0.6386190778397084 -0.3376060552499874
3.001338582390172 0.5542335984342855 -0.3541221019347006
4.679006925646679 0.8643325174570144 -0.09291777359541431
3.610244648876125 0.6763930569708383 -0.3121587516208716
3.537179459473855 0.5674008527023386 -0.3443476468550941
3.475035613161768 0.6815886519052676 -0.3123416507578851
2.329444352545631 0.9124248401947725 -0.1271194703439272
2.244432267717962 0.9188084764697741 -0.1183945931714315
5.227596828405113 0.5925588955482226 -0.3126950019522998
4.251798679882423 0.7130760714688255 -0.2819059924099512
4.132229182813868 0.6623664290054242 -0.3087400079653077
4.119168322456757 0.7739099892599248 -0.2425378057247904
3.932142892870334 0.5647006481354818 -0.3386730415690279
3.801138994000559 0.5681723426857848 -0.3401696787921611
3.883924294620502 0.6574591015982499 -0.3150086081190197
4.004532100519477 0.6327276903468403 -0.3216394913356764
4.062391203570655 0.5588123355359417 -0.3374984704788161
3.800544348835671 0.7979043618321724 -0.2293357930855784
3.906370540619213 0.8355839771836717 -0.1838747268033774
3.888830951237156 0.7499964032572338 -0.2660904415888479
5.348499933600592 0.728350767868472 -0.2498543964391638
5.462603177357749 0.6875991546795911 -0.2727753987384576
4.905631406905171 0.8488635588205877 -0.1195815122563311
3.753296356399626 0.6877546832032458 -0.3044998536094337
3.669461484141122 0.5690750303593453 -0.3420600156984239
3.404244473467664 0.5647671860645465 -0.3467591806451622
2.094180845790997 0.6517628921213758 -0.3466568992875716
2.489775432707532 0.6795562045652843 -0.3305617650032741
2.452850640370812 0.5354690146800225 -0.3635774113410815
2.350270911743119 0.6482339496530135 -0.3437783531623694
1.977160649530141 0.7198909944888685 -0.322505900818401
1.79230297168477 0.6214959081675213 -0.358996809968806
1.865993367904371 0.7209585409249822 -0.3241173040157271
2.722486977937429 0.7533560089888706 -0.2892976349428131
2.643365583239934 0.6630991237988956 -0.334096913528673
2.596325348750074 0.7825173780521351 -0.2726275834468258
3.334409479371077 0.6848340181834428 -0.3134554692379551
3.3034159483183 0.7902510706241632 -0.2491295948816585
3.441032791552228 0.7879832713525511 -0.2475457728107721
6.666684990609397 0.8271099355430791 -0.07966424802675395
6.726435051727513 0.7739385019256828 -0.1762128970305557
1.549731499692832 0.6872410094251302 -0.3432057953527762
1.536618816981618 0.5850667548042027 -0.3685047247873295
5.574022293845966 0.6217852820345764 -0.2988571460683301
1.732535817709928 0.874498512969465 -0.2167620692563002
2.396849728950144 0.9230562149394588 -0.09329664928773676
3.198777297713809 0.6406207904445831 -0.3324903670297618
3.270633336201456 0.5616567180546318 -0.3492061151082509
5.116116013610227 0.6120702763468561 -0.3094237734650101
6.822103827428764 0.5879149374583768 -0.2881223895185154
6.823319338822853 0.7012759733305284 -0.2386592279947349
6.9291712474131 0.609469763862442 -0.2537011358465369
1.654490319346264 0.6036004595599268 -0.3643313381991766
5.25144674023113 0.7886385840715053 -0.1989951586941021
5.221157341549546 0.6954056273651688 -0.2730645549272012
5.139264757957055 0.7640524226347172 -0.2262636594577339
3.996526314526493 0.7929349345863836 -0.2287862435223903
4.009428108568576 0.7141490784737018 -0.2860798789461662
3.136341724903844 0.5581281405976135 -0.3516669436008366
2.922315144268191 0.8987994287210448 -0.118500870577284
3.191796223227148 0.8237940217111712 -0.220940698676701
3.067185611304584 0.77670884089062 -0.2656057042074888
4.382243975554971 0.6549825537740753 -0.3073010419525811
4.339511492817555 0.7819515022510852 -0.2300322183909318
4.642216052874759 0.6777047365897424 -0.2929102251959721
4.640639514778502 0.5913245170856577 -0.3224847628599781
4.523194852603595 0.6407140151906844 -0.3101871911598163
4.906299333424594 0.783056991424985 -0.2142508139550172
6.155240267653933 0.8236847233605262 -0.1145684053336416
6.094521653147313 0.757249793573037 -0.209487377323783
6.051524271101441 0.8235396113085529 -0.1195761431330577
5.461353418616957 0.775781299263435 -0.2069938290696967
2.595679021532762 0.9206068983602929 -0.08122062590677651
3.919900738990825 0.8827800196073381 -0.09131607820853307
4.0216922172764 0.8560320431414434 -0.1477581699332439
3.589003075782369 0.8890235298822179 -0.09743234894370106
1.813733261563327 0.8135260973948256 -0.2700235086889625
1.760081941366066 0.7354396463801968 -0.3193180794064525
4.448319315798717 0.5286468007204322 -0.3346215747124671
4.575480794983747 0.5150778543495946 -0.3333566897452181
5.785050954083999 0.7566514742002283 -0.2174213659417274
5.73870081489097 0.8258905261605141 -0.1285308859708581
5.842937668700101 0.8245175632008652 -0.1267422316832318
5.997906280685658 0.7768774297524955 -0.191586512772111
3.680811406594415 0.7699815918950859 -0.2561814654511118
3.562928626900014 0.7704774962163337 -0.2585761755899484
5.073937984940409 0.7078994335573722 -0.268712751458928
4.969050822432492 0.7274863747843274 -0.2583958167832812
5.896793012537373 0.7462010984044861 -0.2240645129790653
5.424196412492254 0.8353328729646434 -0.1234533766732192
5.809320186928269 0.6423712864909246 -0.287546030521501
2.608931450767137 0.880993518413798 -0.169871910926988
1.740460484524485 0.5062243692687798 -0.3731768173784421
6.565508908039936 0.8262670628315492 -0.08770171161576901
6.520875752047277 0.7177781185378845 -0.2335448270412759
6.463744465212679 0.8254678606805528 -0.09526610500747876
6.258449294978346 0.8241139499555108 -0.1087800830888035
6.361337307545016 0.8247279234041948 -0.1023277393123434
6.309933558108201 0.765440986550623 -0.1959990207818389
6.91852525568495 0.7366860259333401 -0.1769947253549761
7.005157470144322 0.71972374193021 -0.1268317251727392
7.043591874082288 0.730399845367952 -0.03908584176540147
7.081736970938662 0.6574117770558108 -0.1170096072241547
6.961144168004424 0.7826315178719823 -0.0506939986958754
5.874824347006428 0.5179631414577672 -0.3128977889351921
5.92752258061072 0.6306108464665712 -0.2899580910913034
5.996016317889023 0.5269149094885146 -0.3104937845094119
6.194312720038629 0.7406914935730964 -0.2221259953999068
2.780829355541427 0.6419742923026943 -0.3388683165251312
2.839834873073967 0.7125650160712556 -0.3096343618875858
5.319742973718945 0.8407705103711162 -0.1166516874518204
5.215818233721922 0.847602001589335 -0.1057705104068952
3.542393054781288 0.842286848754681 -0.1878563931262316
7.016993984775181 0.6361615176816063 -0.1922572281906893
6.63135862286167 0.6567248689471106 -0.2677347399756586
6.715874263224876 0.6892867673460583 -0.2491956250425483
6.711552141343907 0.5794783659001066 -0.2924032756537459
6.767708249271779 0.639148780396769 -0.2735090491798929
4.633807549169204 0.8151363317631872 -0.1860949208903241
7.119370509370758 0.6689624491127126 -0.02693039063398509
4.352712245444463 0.8660171285179051 -0.1094380224114058
1.684619633850237 0.808194139504736 -0.277750228974901
4.579099032173128 0.7484529348455642 -0.2519318981025278
2.944014751990859 0.7383747935332681 -0.2936406085936856
4.720955221473919 0.742242981372691 -0.2533660159818743
2.728846910968879 0.5454482708133406 -0.3589548921346847
2.591340176574989 0.5406004008241844 -0.3613000564175028
4.81299740080398 0.7966093270303746 -0.202595293550605
6.475820090179992 0.5623234196442153 -0.2990035085355073
3.058174187951669 0.6662741084156703 -0.325908678633666
6.59458033248549 0.5710141583612557 -0.295717765014926
6.638531776181537 0.7307810510703194 -0.2211939448247729
3.639525043786352 0.8428060180186385 -0.1836653744474931
3.18955907786471 0.7282890640477711 -0.2944307097240537
4.728068363485284 0.8244079050134331 -0.1703807296606666
1.663131971178232 0.7097645678200947 -0.3327291613870784
2.302138703199046 0.8636059588581467 -0.2063788354451113
3.374354853113687 0.8537845171715066 -0.1783091054966021
6.387840707862344 0.7141963484431029 -0.2386766853669738
6.417908506865009 0.7794182089253474 -0.1772198385735633
2.815238283456514 0.9141124276593062 -0.08206983463260609
6.619293702245077 0.7857113490072217 -0.1635469295325404
5.145131835445607 0.8175951448145483 -0.1655603659364942
5.361134752521183 0.7974718026022785 -0.1855210455417528
4.159584486787743 0.8806687595862805 -0.07867387701509343
4.06718474446694 0.8829549213137389 -0.07835859428290221
6.226814950374369 0.7920076219009418 -0.1663121519798195
2.540343172243008 0.8525479667652288 -0.2106189840576089
4.253299004522748 0.8806131489076569 -0.07009074167943602
3.1272422745517 -0.6720816629061317 -0.8215924748035306
3.017008062439609 -0.7126031997745907 -0.8054528338496927
2.976183954460569 -0.5052631578947366 -0.8208258932998266
1.339563554381645 -0.8727122106028791 6.492079112053725e-18
1.451150069415238 -0.7762246213224357 -0.1152838107219902
1.308620375816717 -1.200292762976306 -0.4195733476147276
1.430106478740762 -1.265290024898298 -0.2568622883331004
1.236566529921612 -1.293202606997525 -0.2585787182379424
2.548780848359736 -1.18939000796911 -0
2.679900532723883 -1.164891997744156 -0.1793719699258337
2.822244748562753 -1.157905891368354 -0
1.813389540103356 -0.9514316414735333 -0.6028657480759919
1.734976187050213 -0.7905266078471234 -0.6973191609176824
1.905424094155131 -0.8042421879774551 -0.6898597323090934
2.076771271708061 -0.6970721099592576 -0.7357410327337195
2.017141950937176 -0.5052631578947366 -0.7564422679045182
2.183840968577346 -0.5052631578947366 -0.7659801277749942
1.182811965232224 -0.5964805594793153 -0.75
1.137647222289901 -0.7960378698507984 -0.7247520746424087
1.015730156135583 -0.6176627338729912 -0.75
3.1272422745517 -0.5052631578947366 -0.8313450834879406
2.886646475557021 -0.6585670518091734 -0.8043956059855437
2.823395031352015 -0.5052631578947366 -0.8100316498884222
1.332062215077747 -0.7646490978227145 -0.7258396707933271
1.287924303764682 -0.3728942777700986 -0.5367916718878976
1.458090870705278 -0.4323319429811712 -0.4606805065736375
2.311948545199053 -1.21586673533536 -0
2.454800537789266 -1.187974651066098 -0.1793802138339024
1.958117421717757 -1.021881208473006 -0.5470037442150716
1.808237044912738 -1.100595325458437 -0.4565689835930017
1.349233445817311 -0.5727086423829497 -0.75
0.7178648578964211 -1.352992284563513 -0.2451645935447282
0.7421648726029653 -1.231160132143787 -0.2642537796968638
0.7190024707545932 -1.28325765753915 -0.3921855672035119
0.9566096464786221 -1.186273018180739 -0.4964501812575897
0.9885919328066365 -1.299459817702572 -0.3193793953976257
0.8263261873583524 -1.245969686720326 -0.4372489592484852
0.9448091827424032 -1.14643700892462 3.604156513772712e-18
0.845782283803453 -1.200191382417485 -0.130604983162447
0.8003404837708168 -1.243711986607843 2.320965567639905e-18
0.7080239316244641 -1.182119405804562 -0.4010065303386151
0.7231374655406414 -1.17026489521386 -0.5339292959575904
0.975551651790958 -1.04122063802865 -0.6219804628751511
0.8281597931621824 -1.114160139239081 -0.5781128271455885
0.8298979301606955 -0.980093538788287 -0.6666835678281366
0.7093161145014173 -1.036946174004363 -0.6390948646381387
2.75453981163769 -1.124280173135486 -0.3612140193684182
2.712540957985321 -1.041977358795462 -0.5549705745611299
2.840617696968941 -1.069155264073089 -0.5025396173718298
0.8942742065147451 -1.380640331627508 -0
0.7334343176568705 -1.393201956468341 -0
0.801687821918137 -1.37594984987938 -0.1380663391901513
0.9872909403788541 -1.105784930673826 -0.1210203943330772
0.8706870809095213 -1.147110249627639 -0.2495752369646648
0.7310627770855027 -1.279349325159458 -0.1258342387772646
2.532201248651222 -0.6772064035297436 -0.7731778472795795
2.375897087220525 -0.6430932322205594 -0.7676095175098552
2.509471576233795 -0.5052631578947366 -0.7878040065666023
1.101868840073821 -1.214226689932972 -0.440265554313059
1.147928783667983 -1.119108798474013 -0.5422293505743131
2.667765209693481 -0.5052631578947366 -0.7989769897681286
0.6325506811582576 -0.6254061927163372 -0.7347947614437365
0.7967826580893504 -0.7202886306213071 -0.6675442739084659
0.768129290560807 -0.5704023583397364 -0.6950716753764099
2.25368281508092 -0.8873562758160409 -0.6697512512913493
2.239013863413412 -1.030233366516744 -0.5524536598951105
2.115689266455043 -0.9646477213144307 -0.6058861199295976
1.149506046300676 -1.266990051409446 -0.3449250134344634
1.123936542995856 -1.339337166179978 -0.1497134793418008
2.202660293209797 -1.145596954822593 -0.382036948835908
2.355061368624102 -1.106454100448225 -0.4506541497367325
2.789020759198569 -0.8585367649560133 -0.7320008524042526
2.79587502110255 -0.7488189304826551 -0.7774357519955438
2.923697663134791 -0.8154690254491119 -0.7651026885053984
2.373839646496165 -0.9371544186310296 -0.6458187965722918
0.6746592514467147 -1.329699031788844 1.073980870895402e-18
1.997348712924681 -0.8890390082576815 -0.6508450364400845
0.95650434247275 -0.8474143307734182 -0.7161966813418977
1.534171787073483 -0.7474113453841819 -0.7221609486316538
1.476874871819002 -0.9349881472431583 -0.6456199861469119
1.037944550130439 -0.4675170065685718 -0.6158089400778012
1.161838216260048 -0.5584388446911415 -0.5603196772888077
1.165637030152772 -0.4192616762020079 -0.5763236695752753
0.6977200946174137 -1.386850142948535 -0.1109289865686331
0.876372444567576 -0.7425930777220782 -0.7419368132138427
0.8477359806234493 -0.6349042881914148 -0.75
0.7929757448560966 -0.8541650036822586 -0.7187184969206033
0.7312680625678188 -0.7480213270932097 -0.7427364982548637
3.1272422745517 -1.063706276797357 -0.4833413027052602
3.053692298415463 -1.074312791229932 -0.4635550393283459
3.1272422745517 -1.001068537010208 -0.621956773781989
1.747788958177916 -1.262325744224691 -0
1.809709285477759 -1.240901815011945 -0.1484369203063101
1.920291020677994 -1.251760058868093 -0
2.618766738823635 -1.094056522198455 -0.4638215433934577
1.577100942493234 -1.287753398868306 -0
1.63751510476447 -1.26084008897692 -0.1620420193483469
2.484199567436159 -1.069218064213485 -0.511172386701476
2.534756223089268 -1.142997747937316 -0.3493788895796282
0.8641498285523996 -0.854037501999404 -0.5841439817901386
0.7264081398063574 -0.8463996394358979 -0.6574132553461314
0.7357666801244713 -0.9428489593180236 -0.6048393669651264
0.7921474707089686 -1.144727371954646 -0.3629031735543631
0.84145963782906 -1.05015617161945 -0.440696151058361
0.7492517380683043 -1.092912608714419 -0.4732466287725875
0.9118229083623042 -1.064978102665442 -0.3507275112244524
0.9589314820595647 -0.7298589447377708 -0.5949279041974413
1.601878651637661 -1.217720462564228 -0.3083009115799193
1.748782368306882 -1.199497149131321 -0.3004513604417418
2.924301592373708 -1.138014599466105 -0.1887633169113682
0.6069618753138987 -1.39735119135866 -0
1.489541483611062 -1.192640233248596 -0.3888927541348132
1.495807030287534 -1.099375541121281 -0.5107766916366294
1.647275701590285 -1.138587799223575 -0.4338974456170265
0.7178611928039025 -1.037143068774663 -0.550038171568761
0.8216671640016024 -0.9778485776973198 -0.5262243028534415
2.270884791195827 -1.199515942482638 -0.2103521021702176
2.091934343234207 -1.211644675503877 -0.2167036187238713
1.89442347610412 -0.6589406087046294 -0.7355867911940015
1.848534186827 -0.5052631578947366 -0.7502264036759601
0.9043746965308563 -0.6296365127146661 -0.6459044840221638
0.9053450630344655 -0.5177379896815982 -0.6552981300529148
1.910298893938892 -1.193899164090729 -0.2945085154753248
2.053169058247833 -1.159915831748135 -0.3607262172720646
1.699522335763597 -0.6424189888767839 -0.7398926092429579
1.681051917380223 -0.5218356920638454 -0.75
2.823871134930896 -0.990936098293948 -0.6271132496107383
2.927898619155804 -0.9564710848792675 -0.670554130948498
2.96370463582228 -1.039511755470543 -0.556785357409522
1.35278842914497 -1.08061856119926 -0.551158702441838
2.236727106633785 -0.619965657083324 -0.7613871373327874
2.347970173912818 -0.5052631578947366 -0.7766753824747559
1.962381402391115 -1.237860483100411 -0.1342079888220832
2.360559715501258 -1.162074873970592 -0.3244315967609561
0.9440228151630135 -1.357737128087009 -0.163404791167238
1.065181551980693 -1.36174171941498 -0
1.656791613672096 -0.9253810090687726 -0.634464074256438
1.650673691452068 -1.033475590777906 -0.5524270000447083
0.6871148809979504 -0.6454636484774245 -0.75
0.6710880232294982 -0.8572126735775494 -0.7198171094070057
1.483529630423952 -1.293434368962771 -0.1154613523031211
1.315333479050232 -1.316713789795336 -0.1285977784904316
1.406592360747987 -1.314083626858437 -0
1.235952793819973 -1.339128913445168 -0
1.093311923288351 -0.8978419328598859 -0.3902375068827835
1.024452248019335 -0.8251382477308842 -0.5076634729940197
0.952235365615411 -0.9480624313447059 -0.4564326565449874
1.955383316287481 -1.118472188390502 -0.432502243824918
2.095009448970056 -1.075844991983141 -0.4930843174080445
1.431864020477077 -0.6640171085874373 -0.7428636513613209
1.515181411592275 -0.5473785119410624 -0.75
2.510931094086416 -0.8472876605583738 -0.7133485875195418
2.658283945055643 -0.7936453944432023 -0.7502315714130783
2.719565869817708 -0.9335174150087763 -0.6760104453187304
2.615242885760916 -0.9374504844779197 -0.6646326785077423
2.587828668070213 -1.028818250284701 -0.5703217264348808
2.494317549423231 -0.9727264832393184 -0.6255178771518848
2.373796268185936 -1.031755259822124 -0.557518611500331
2.380086518500505 -0.7920687882048006 -0.7271362156641075
1.218977738637524 -0.653847225637296 -0.4958609386370854
1.17422738514324 -0.7813932229114228 -0.4388681949676107
1.302136437250072 -0.6850202298104465 -0.4234416712741264
0.6405633667930097 -0.93289675371267 -0.662869977333272
1.100055513278621 -0.6988416117724683 -0.5381543018776452
1.032934717397495 -0.598264300545708 -0.6034220231719172
3.1272422745517 -1.123160885167464 -0
3.1272422745517 -1.106788181365065 -0.2830886918166851
3.1272422745517 -0.9205043581145531 -0.7179430191993589
3.027833352389266 -0.9773096887890393 -0.6528391546589378
1.277660272612371 -0.9022023618876154 -0.6788662179907703
1.247446264724543 -1.024137966011978 -0.6097035868056365
1.135160228127398 -0.9832476899360187 -0.6463726804876168
1.011622596960356 -1.056311311002656 -0.2299792467154592
2.105114832771444 -1.23700805431372 -0
2.194450669888312 -1.222886289749452 -0.1051643087806167
1.35219223719922 -0.9829588781101903 -0.6275123271892138
0.7146708722049113 -0.9365885892409918 -0.6907829997184558
1.048391631807295 -0.9220598749074705 -0.6838227199274088
1.594894211037381 -0.8492471734725018 -0.6810867877091324
2.863131284667608 -0.9080011168838227 -0.7072000192196544
2.942275156065616 -1.105196911389786 -0.3805254060807297
1.313372390498793 -0.5336313792809755 -0.4988599867229214
1.396652328768863 -0.5923449384221989 -0.4232513210911042
1.474911748786175 -0.5404953860918676 -0.4037886653472967
1.148292892932243 -0.9942042077576232 -0.1222895251296463
1.084111464063077 -1.051793985351608 4.726956343476479e-18
1.217343673480283 -0.95952302761807 5.698013838790117e-18
1.302807573205989 -0.8876782641865915 -0.1072272708756936
0.8170998832601893 -1.327046678916566 -0.2951746678508984
1.288536167284387 -0.7932431162093174 -0.3286676493307681
1.248126120898469 -0.8928599584015215 -0.2141639345263298
1.198599643041284 -0.8654124566760506 -0.3272811236231846
1.130156815912847 -0.961231897066505 -0.2530034401229181
0.6621690611151085 -1.335810978033386 -0.0632705451424502
2.714923426338401 -0.6427616765552144 -0.7932485406980694
3.001794620193561 -0.9101280182459893 -0.7168989179536236
1.360348029099105 -0.8093663623706162 -0.2128354353006994
1.460164630577076 -0.7263045808019146 -0.2230402574948027
1.385337496348949 -0.7146231652762211 -0.3271806541907128
2.240501328911957 -0.747007787991057 -0.732426842407357
1.471329266576352 -0.6437314206080211 -0.3231840839487434
3.039916883606906 -0.8448230720708676 -0.7617906482338921
3.1272422745517 -0.8162738136131908 -0.7831724847031236
1.2365693951117 -0.4726524506572596 -0.54755401268364
2.134095812064274 -0.8433042252507315 -0.6849683755678797
1.023875012082692 -0.9921985360695122 -0.3355659631134833
2.442708467226869 -1.187978912231051 0.1874047455256189
2.67850998017464 -1.163907953847032 0.1890957351505476
1.451145181719654 -0.7762455434313926 0.1152176391911967
2.976183954460642 -0.5052631578947366 0.8208258932998315
2.823395031352268 -0.5052631578947366 0.8100316498884402
2.883696285515279 -0.6749049213226397 0.8015921663873734
3.1272422745517 -0.6720817569637324 0.8215924615814596
3.1272422745517 -0.5052631578947366 0.8313450834879406
3.017796743142887 -0.7040858312042471 0.8072586060284774
1.405433735581259 -0.3280106131963065 0.4968150739255979
1.45808831337198 -0.4323252773201351 0.460683640745039
1.287924303761703 -0.3728942777712316 0.5367916718888843
1.073009285183488 -1.16786826986186 0.5019346172905103
0.9900430031053928 -1.030557694798554 0.6279954897378681
0.9062566314800837 -1.167233576504598 0.5225835515482151
0.7122204303585156 -1.355458533026064 0.2387714846873182
0.7156395752848066 -1.280439764088809 0.3970058527674484
0.7380079495498294 -1.234545268065696 0.2631614478072263
2.686358398703078 -1.008433013901763 0.5997847991269116
2.608926282998031 -1.057767424499093 0.5297307039124314
2.725726406481813 -1.085797986623983 0.4742847654715612
3.1272422745517 -1.063706290621468 0.4833412600005995
3.001621064792237 -1.087134644321629 0.4321226354151012
3.1272422745517 -1.106788185730931 0.2830886584798868
0.7006156684776809 -1.184292250557736 0.4059962540470999
0.7179201229874711 -1.16305629824162 0.5412067641431506
0.8443196002703762 -1.201129252785753 0.1308833435551511
0.8341376682426176 -1.089080701316019 0.597603678533374
0.7783356964465441 -1.200424556906407 0.4986156685244578
1.223404898225152 -1.293104152991888 0.2638021478560866
1.406548418666084 -1.258310072846183 0.2841436415056087
1.277516216326999 -1.203246841741529 0.4218679008718335
0.7646042764677099 -1.031884441826725 0.6402477821987266
1.143981459460657 -0.926955040558272 0.6758807050543787
1.028164238959959 -0.8334255433346461 0.7180082356676086
0.7298695308398748 -1.280508016828919 0.1239678327367354
1.590265390292803 -1.204557698941376 0.3394592204451189
1.514740236282536 -1.280695986729893 0.1582264416572708
0.8080319778803391 -1.374377629081805 0.1437674308818252
2.387841276440538 -1.036074661059323 0.553095489753212
2.545119953521211 -0.9850949436636284 0.6172494413823374
2.437113854676895 -0.9301405387826037 0.6560154228951972
0.8500352124542034 -0.8310771953147205 0.6036154065867723
0.8381931582142451 -0.6757609059298195 0.6616242695128108
0.9770775369948311 -0.7394243913369145 0.5821995474973256
0.9053450630315201 -0.517737989682718 0.655298130053778
1.004271391684526 -0.5939799396108482 0.6153381340495291
0.7681292905580184 -0.5704023583408219 0.6950716753772127
1.015730156138159 -0.6176627338726914 0.75
0.893820797781512 -0.767924238219245 0.7374487160350275
0.8012459725262622 -0.8750445181311819 0.7119358990997051
0.8834883696694285 -0.9430097270248616 0.6824265886726082
0.8477359806262383 -0.6349042881911728 0.75
2.063782791845898 -1.229771469799264 0.1397356864375388
2.234067127545534 -1.208958008428918 0.1779947147839468
1.349233445819432 -0.5727086423826341 0.75
1.425415106501771 -0.7532415915952764 0.7251494206848869
1.515181411594134 -0.5473785119407737 0.75
0.6325506811560059 -0.625406192717335 0.734794761444438
2.19953870340637 -1.158388680913347 0.3545671380147564
2.069257292003915 -1.185340810408004 0.3022451030291149
1.918074341176249 -1.228667960335172 0.1891665802152667
1.776586885353038 -1.244790624482936 0.1444729252567681
2.795081998878168 -0.824459410620895 0.7495227173326288
2.72044976398794 -0.6580372415302131 0.7913812618181892
2.183840968578377 -0.5052631578947366 0.7659801277750582
2.017141950938457 -0.5052631578947366 0.7564422679045831
2.117888732669869 -0.7169153223260362 0.7329877695664364
2.294088830677745 -0.6680948883253039 0.7570958256505037
2.347970173913663 -0.5052631578947366 0.7766753824748129
0.7706079249861162 -0.7309551270546681 0.7446369691936903
0.6871148810006602 -0.6454636484773144 0.75
2.95340943007359 -0.8175096126346153 0.7669119545239296
2.903892888412138 -0.937075742574156 0.6871216919414681
1.329238615746021 -0.6701339574889413 0.4154008590222498
1.398713380564304 -0.5662911613580212 0.4373733470189666
1.47128935197277 -0.6440802837397869 0.3228540484738139
1.037944550127477 -0.4675170065696913 0.6158089400786992
1.165637030149816 -0.4192616762031258 0.5763236695762086
1.141472452196912 -0.5641902373184599 0.5674244565518808
1.212568549394721 -0.673050297754727 0.4890627247917373
1.093548003409876 -0.6795420744891749 0.5503435289182432
1.448690599355969 -1.181722200121554 0.4158918505721946
1.54480319301174 -1.092824512049395 0.5096378057820323
1.375948098097817 -1.087646421863032 0.5412853794823413
0.8634592350147332 -1.150686678583872 0.2531466974412025
3.024205840033952 -1.003515683022814 0.6171740307700316
1.13815760383486 -0.9895709318456625 0.1668599140083935
0.6978885934734611 -1.38720987960983 0.1084272114236275
2.932719543866867 -1.135275015384891 0.2075561640645573
1.483132544256403 -0.9429909395021375 0.6402171459819456
1.647708589145484 -0.9729643367993817 0.6027960565366671
1.704410334956223 -1.12493212292841 0.4410105661390689
2.034236271284732 -1.008692390873871 0.5630546790510634
1.830876254480416 -1.014861077035704 0.5501217358845908
1.973863050237175 -1.103656277003583 0.453695252474857
0.7311343843155034 -1.085819229136929 0.4958229021721976
0.7787438986756692 -1.150980491666636 0.3685512939287481
0.8147313699277907 -1.063187554890754 0.4494355824147201
0.8955961601316953 -1.072337403842465 0.3577262877635638
1.247899065588815 -0.8791238934056264 0.2435995919132138
1.138600110739848 -0.8979800959521411 0.3462016007565133
1.229352102352895 -0.7917860151363492 0.3855442293585418
1.027194196308588 -0.8757721489309938 0.4661534038323049
1.117434584958142 -0.7863915613753409 0.4747917277357442
1.727500131946437 -0.7676378690297948 0.7063514928634219
1.869214891652059 -0.7956869143801324 0.6923295492992405
1.810336302319751 -0.6528147247472228 0.7355267372791024
0.7740468529729778 -1.327204707667092 0.3021614583823904
0.8304364312676769 -1.263962890774106 0.4105699771948761
0.9231457337368831 -0.8770066285317483 0.5354522529754677
0.8097904178804798 -0.973891396328924 0.5375048974791444
0.9152914570057276 -0.977478561751021 0.4566605971783898
2.640121052230222 -0.7842455641146355 0.7521958918498717
2.541175986666197 -0.8751467045980333 0.7008087350272172
2.678075814573142 -0.9144019377983748 0.6871712158299356
1.250119008011267 -1.0089903705572 0.62003798360522
1.206377720460787 -1.112697108499316 0.5407934951000132
1.91702144569005 -1.176248180135426 0.3333235299918899
2.122628053658021 -1.09891710221578 0.4627432954896032
2.504468467675437 -0.6459551312054858 0.7766778091614994
2.50947157623443 -0.5052631578947366 0.7878040065666467
2.395170959706195 -0.8026678055939295 0.7240719855680469
1.122367518011722 -1.253607478234176 0.3757529320230696
1.033652849559701 -1.313473754895676 0.2749512293083313
0.9660831885195857 -1.251010852960677 0.4103246792571796
2.214593682250372 -1.020674830954956 0.5612321984023926
2.310580701483974 -0.9358727840713237 0.641882745105574
2.148051697380726 -0.9083450828773485 0.6487135994624231
2.252308061884076 -0.8204480869587123 0.7048005488196269
1.982399849931267 -0.8861159583072049 0.6517422839919017
2.798887811699741 -0.9591433635871964 0.6594154037113767
2.905434240877367 -1.032838436135204 0.5699373558820982
2.792320483002493 -1.041035152231026 0.5568265434934065
1.008637159684 -0.9814317093696927 0.3674829364472192
0.9938140150122228 -1.061362473297461 0.2478416120939394
1.848534186828418 -0.5052631578947366 0.7502264036759813
1.681051917381866 -0.5218356920636005 0.75
0.9643434312242267 -1.359381928659888 0.1451762201842833
1.138148100298837 -1.340203960911679 0.1355941146311746
1.327628467419369 -1.313383175162809 0.1371017757075935
0.7697611149386836 -0.9145988652661645 0.6021313456512669
2.667765209693923 -0.5052631578947366 0.7989769897681601
2.516683875370553 -0.7766436915595051 0.7443684365427017
0.9859281278253025 -1.105334273589235 0.127760937656503
1.319491424403491 -0.8896386992813095 0.6818808858665242
1.221044613912222 -0.805954755826666 0.7187545400879811
2.280675471917329 -1.102107913019385 0.4589356541828787
2.317511770524677 -1.168400535662852 0.3133114783658625
2.409495636065242 -1.131953991816464 0.3965247701876712
2.866794082174014 -1.096895039083955 0.4280263937865944
2.773350485496523 -1.13035370043787 0.3312022437451134
2.631002934727628 -1.121291253272919 0.3966419893235141
1.605916224214643 -0.8491228997327233 0.6803527219738895
1.789618057926087 -0.8963086948088805 0.6412137101485099
1.120729097912481 -1.043430263188155 0.6082096954694223
3.1272422745517 -0.9205043947793351 0.7179429871580958
3.1272422745517 -1.001068561206409 0.6219567348751673
1.677852153947396 -1.054430994603969 0.528327623511338
2.531603255183203 -1.149434112831016 0.3289263891055243
2.505179484552758 -1.083670727729064 0.4876487728404853
1.838086256641731 -1.119075137592946 0.4308740311372964
1.77161602176995 -1.193944477245116 0.3064538102633653
1.362598751325951 -0.9821268572783821 0.6270384611223339
1.969781134609753 -0.7089619708906789 0.7265577091579413
0.8858711633341667 -1.326716048329071 0.2815613358495718
1.663397614060806 -0.63295431180261 0.7421988976495097
1.579570497571487 -0.7146632193098217 0.7288849273597831
1.297471597839614 -0.5340086121608959 0.5064602435828517
1.314472242295009 -0.7832146275612805 0.3146329354535694
1.220457262434915 -0.4767868331286501 0.55312252574528
1.474927833187293 -0.5410307081603836 0.4034514701076614
3.1272422745517 -0.816273870221663 0.7831724603185313
3.053396601145668 -0.8960734118392263 0.7315747823088365
0.6616463448582282 -1.336293373248284 0.062010749046989
1.657850607297508 -1.241635052996007 0.2227527733102275
1.650608428058108 -1.270039642990438 0.09820615837454008
2.985169751956269 -0.9167294480807966 0.710388320554888
1.392644280701734 -0.725335101093954 0.3069054307500011
1.460137804908392 -0.7264325025906386 0.2228461528972938
1.361449062144124 -0.8212322541475279 0.1837417268537054
1.277214415918772 -0.6872097351030193 0.7428401894539436
1.182811965234577 -0.5964805594789956 0.75
1.129638446044249 -0.7118376051782579 0.7422276754938951
1.076691221532799 -0.9844173310817419 0.2835672330077832
1.269081215194042 -0.9101186870846421 0.1155657208563459
0.7917941179045076 -0.7757301995986073 0.6536806609229086
1.915891644724748 -0.5928920855704507 0.7469703827142545
3.276608272956465 -0.5052631578947366 -0.8415172565736636
3.391652606129524 -1.075624984961612 -0.3317900806366924
3.316852413315878 -1.098415970016966 -0.1579356602187246
7.402231817669022 -0.6723402697076346 -0.3226668278292966
7.463178780848728 -0.6692885370473449 -0.149569205877883
7.228852172788116 -0.7264684253067863 -0.1765536419283695
3.324877509515521 -0.6591593681616398 -0.8386992423091946
3.282288964062723 -1.061687732787283 -0.4558225191633233
3.44250132864263 -1.088872444072995 -0
3.580291823826789 -1.069864599909315 -0.1940323889268084
6.722471323406371 -0.8350334982851978 -0
6.755641659883569 -0.8245336790431559 -0.2058376233133573
6.958778249769757 -0.7863841152490462 -0.1735805665282966
7.233774366033481 -0.264468320966817 -0.6989679963148112
7.345987072044014 -0.2478704684018583 -0.6842362473963024
6.415887024269908 -0.8846501570525669 -0
6.568108554807264 -0.8587834260067042 -0.1611843170460772
7.455879342123072 -0.2315473552792801 -0.6697483488474315
7.563189946027107 -0.2156228986047561 -0.6556142856320468
7.667380311998159 -0.2567057347306009 -0.6451620882233563
7.783723896111265 -0.2919306567013829 -0.6343870220247748
3.422785938900967 -0.5052631578947366 -0.8511813047989409
7.893106288547887 -0.3209377537569614 -0.6220634021938526
7.418248998950339 -0.6836552788203623 -0
7.239644375330979 -0.7276669144615665 -0
3.863718593909364 -1.040711925024878 -0.250454735997004
3.764045642019517 -1.056755034087525 -0
7.005913722674286 -0.7799257288581144 -0
6.883912589514769 -0.7888981985307471 -0.3508186812483903
7.088781607848549 -0.7466231351437614 -0.337045081736613
6.398266496492019 -0.8798611142962891 -0.2703766375631908
6.17994368074414 -0.9131126170988003 -0.1825863829211732
6.637312189275757 -0.8357774245391619 -0.346232706454907
5.734335445233285 -0.9554470005301795 -0.2326298185047384
5.978173415940923 -0.9278704174919266 -0.3339017092354142
5.944905561062015 -0.9399418750279392 -0.1432884921439728
5.795904103093007 -0.9365032270298084 -0.4330024509162881
5.240864857677843 -0.9693565096048439 -0.4340972023953317
5.36867554002294 -0.9718070596225751 -0.3411971854728624
5.138454885548197 -0.9836484543954006 -0.2575201796699038
6.203433115994535 -0.8987685471180875 -0.3720136459758244
5.437672758102883 -0.9782282624974223 -0
5.100674698658739 -0.989292793443698 -0
5.440337609263339 -0.976147927488105 -0.1650411506577337
4.899614509264893 -0.9889102018353257 -0.1766110929952009
6.097285887175685 -0.9256328601824304 -0
3.627503698349122 -1.045439640125062 -0.4036193633995269
7.560976284279763 -0.6358537586699498 -0.2680367170993558
5.7701130253915 -0.9569936205964478 -0
4.091899981337646 -1.028318462499528 -0
4.18382447601629 -1.017615223082021 -0.2070955781609234
4.761765763316108 -0.9925192986895511 -0
4.62784828111683 -0.9919872474648859 -0.2411153918076764
4.424629067039398 -1.005783563840314 -0
3.974345770904993 -0.9681671365195696 -0.6514811186703449
4.077857922734413 -0.9361371104991247 -0.7252222706452929
4.089310917353251 -0.9884857204956445 -0.5528600703937684
7.803274571155586 -0.4198616881264794 -0.6205206952004193
6.103466955180377 -0.8351635380151873 -0.7224812226803138
6.223840071922578 -0.8251786432141932 -0.7026422631886149
6.194786375980712 -0.8727574229205328 -0.5623035502931146
7.525632040241216 -0.6228392112723077 -0.4277864306887671
7.678886185586633 -0.5918131747606977 -0.363755141985483
6.50318050370857 -0.4681536746203213 -0.8005564155357108
6.557796727709059 -0.5748226111253286 -0.8051664160184318
6.641752706888628 -0.5852824307118081 -0.7943497822381018
4.179595823632828 -0.9448920920895891 -0.6988457456986307
4.256351385968992 -0.9636786231073602 -0.6286961871219148
5.393493318886479 -0.9561967991244588 -0.4990979490067606
5.246909499941069 -0.9488791843288572 -0.5899401264643855
7.156841525674233 -0.5104922299247482 -0.7248653173794166
7.246756219299154 -0.5833027092612048 -0.6760092741112307
7.108570183009152 -0.6046822858648694 -0.7001810432360036
6.448788620120327 -0.5798978963198315 -0.8177595555512123
6.356703242495394 -0.4733761550441525 -0.8154049449691869
7.416936482104511 -0.3904244919426558 -0.6885113069013693
7.344712591019576 -0.4948290869451746 -0.6943201591255079
7.358756219542658 -0.5951473259396602 -0.6224009638079875
7.373642525627183 -0.6511786340326307 -0.4832115680791561
7.253096554974178 -0.7010248554061662 -0.3898353110475938
3.942341150618622 -0.9179155403784204 -0.7592594064135619
3.823923994143026 -0.9026372751115281 -0.7762379334809607
3.916571817106064 -0.8327980185614379 -0.8407119483118126
3.825574568117783 -0.9710421332625656 -0.6575346753850916
5.084009110486186 -0.9684727249297682 -0.4811078694180525
6.272887805954149 -0.6819286595921649 -0.8295868254250959
6.194385689786692 -0.7686029224890277 -0.7946130248495924
6.155867039363066 -0.6738011372036645 -0.8463213778972289
7.547420499852304 -0.5791790547578259 -0.5482543709211737
7.448488687785215 -0.6083567721243076 -0.5489115066177985
6.919666158754811 -0.4404317097166817 -0.7533625420637095
6.821679608687993 -0.5424511304713227 -0.772154598667774
6.785345574192252 -0.4510923108996217 -0.769349444378571
4.215281371359709 -0.8096339834241951 -0.8728282750756873
4.284726542063128 -0.903901759983106 -0.7835957059493632
4.185583575860063 -0.8909712374997412 -0.8019861183582503
6.344313168614812 -0.5903997383956303 -0.8294093964095482
6.768707287803901 -0.6424428728884396 -0.759472266974066
6.868221741359631 -0.6398297055164904 -0.7387773212521792
4.919458105112731 -0.8687006679214667 -0.8407534991161817
4.840292737909725 -0.915191911991875 -0.7494599708268362
4.796789424470368 -0.8775049029871904 -0.8277370270537615
4.882582642891231 -0.979116206775178 -0.3823031007594219
5.519064490845691 -0.9365855103704586 -0.582791725471117
5.421046388491546 -0.9039137272207876 -0.7339881354021357
5.546770771467536 -0.9034475238397086 -0.7099248644584799
7.897162283496546 -0.4998933693511245 -0.4896442963912453
7.942659442001954 -0.4283498594897902 -0.5803136618320615
7.990349277873877 -0.4641148858336702 -0.5195983365477347
4.539563106945492 -0.8105148149523613 -0.8883262227589646
4.576994536842908 -0.8951953984632252 -0.7978527455296379
4.477600185409007 -0.8880560520459461 -0.8100100753879955
4.538261931546933 -0.9404216912675714 -0.6826690707792069
5.740395429888675 -0.890147138052806 -0.6988038694268768
5.634357303353051 -0.9117274543260745 -0.6584401721957136
5.639340687742317 -0.8682045749623151 -0.7751151421489214
3.535758076803031 -1.014421393232445 -0.5686453829195475
3.65976411910532 -0.9924657570538238 -0.6163679888969269
3.512355786728184 -0.9566929286373587 -0.6947968140439328
3.61125092608266 -0.9277906973384004 -0.7376068627742384
3.717066689435304 -0.9315728823362929 -0.7354558385416238
3.769141244528706 -1.018611596564293 -0.4988390792638566
6.431171899434643 -0.8331930439589808 -0.5778171337221943
6.385161331654698 -0.7998798264936702 -0.6958741584594951
6.490837199130537 -0.7836643447550755 -0.687067849803593
6.434168593278823 -0.7263786632361403 -0.778990984867708
3.301549411967666 -0.9594137281427297 -0.6860759214225509
3.223975829059398 -0.8820620356110522 -0.7554858672509317
3.32783163128044 -0.8667110133615584 -0.7742840768723136
3.566317438040121 -0.5052631578947366 -0.8603246548704302
3.491038704956062 -0.6751885124121524 -0.8498520534329772
3.636932988331671 -0.6216272346665336 -0.8639325758399125
7.632818224980626 -0.4606893164246434 -0.6434952857484475
7.562319636435351 -0.4409764561068574 -0.664262537592833
7.645017332420096 -0.362717119965594 -0.6563821715895741
3.623723303257512 -0.7395819878599057 -0.8508289425578737
4.62282711667199 -0.6030750091032164 -0.9142256521144481
4.509787492003685 -0.6198517117770096 -0.9119415344223822
4.509420731799366 -0.5052631578947366 -0.9063352340434909
5.69035939821701 -0.9296788787563519 -0.5509717461225823
5.8391919194918 -0.9034880823172717 -0.6156949603163897
5.580164870494091 -0.5700156617265753 -0.8900504370284209
5.46386090260572 -0.6011719660819094 -0.9002829277233608
5.53058931980496 -0.4749167295922967 -0.8857556005567955
5.402061315291133 -0.4848139619989221 -0.894540082900635
5.334949581409203 -0.582418398769217 -0.904916775381708
3.532165145729808 -0.8362190502189883 -0.8091538378750931
3.442007950103332 -0.880344519061814 -0.7739016937824911
3.3984544616292 -0.7827873901088591 -0.8201238771265211
3.641856983111635 -0.8531986555527411 -0.8079882649583157
4.999627455753227 -0.6926753653339366 -0.9225575290712592
4.906505588787551 -0.7508449870904463 -0.9179848030687285
4.929584785560113 -0.6123848361613803 -0.9188360348330682
5.018787181742841 -0.5038326229029796 -0.9114204676436798
5.082171987999891 -0.6089916555321762 -0.9164145635497292
4.892081040384346 -0.5052631578947366 -0.9126871829858876
4.986610372015424 -0.7956591700155891 -0.9028831267762901
5.084881664642695 -0.7388774196537508 -0.9177397412104602
6.511914782855918 -0.8436369678845403 -0.4564981995699472
6.668849853868135 -0.8043246103648374 -0.5201376102649158
4.765030210881863 -0.5052631578947366 -0.9118312669166208
4.771708186913769 -0.5937402727651034 -0.9164424655538702
4.63760259639004 -0.5052631578947366 -0.9096443342494317
4.5757013152365 -0.703099624502024 -0.9165618217882339
4.7067579311435 -0.6943767552001545 -0.9207721468841156
4.391812106929153 -0.9298698747826175 -0.7255945642923642
5.378391614480422 -0.6756438486580717 -0.9100312447929104
5.454689787613908 -0.725591330288526 -0.9031572568861282
7.02745784996365 -0.7355609139580983 -0.4914555054222768
7.158462841726183 -0.7016836982000285 -0.502438969421217
4.059351936164941 -0.7016334069071153 -0.8889289424108902
4.026342077086595 -0.6037293495491874 -0.8884516412295229
4.177943493391478 -0.6413688907174897 -0.8977006901213882
5.951699750117916 -0.9077481459692351 -0.5346327936255191
5.953786515955544 -0.8644371855668549 -0.7031414453336822
5.83948643653257 -0.860366894064082 -0.7460357838910869
3.758368967398375 -0.5853641676957525 -0.8723250047685889
3.771410441741191 -0.6937041244853307 -0.8692515215203506
5.322269254627892 -0.8633173246804094 -0.8278116619409668
5.213972679819109 -0.8653133560559859 -0.834093459694274
5.261937962200768 -0.7852365575410538 -0.8981943878857253
4.379988639356275 -0.5052631578947366 -0.9020450556184241
4.397558895760716 -0.5904832028898971 -0.9058950146888667
4.249181362653259 -0.5052631578947366 -0.896884915763366
5.262789477946635 -0.9126832748670327 -0.7333785971060954
5.109209283450451 -0.9071563964628422 -0.76285360812057
4.637998365097731 -0.7811326770139554 -0.9051405091452117
6.577373159963676 -0.7993937022334227 -0.6049436082882675
6.344231992378393 -0.8691435259889051 -0.4611989515512357
6.305304636509422 -0.8412376520082208 -0.6231288694119901
4.542171540281871 -0.9767452555855286 -0.4873463991802299
4.391603332263889 -0.9700300979968191 -0.5728750805295393
6.035320823688489 -0.6602284132512732 -0.8608693498223843
6.093436806947745 -0.5703004014243607 -0.851640553162792
6.231141010831333 -0.575148062793602 -0.8396757905657388
6.207382951478587 -0.4753297185545791 -0.8295500967260537
7.990434127070877 -0.3383746196415772 -0.6091745168751375
5.381074541956188 -0.7917209554700553 -0.8877246649169981
6.075303705058579 -0.7569058549899963 -0.8262481212890198
4.714328917427578 -0.8520309057606238 -0.8600643391664886
4.797987614222468 -0.7869349141221029 -0.9066030807249339
4.827058507193954 -0.6877806809605838 -0.9228385977180489
4.304100772777449 -0.8043497132954096 -0.8805142923090719
4.378074216725228 -0.8666054685609329 -0.8368307535931554
7.010104683830235 -0.5280498427067615 -0.7461674331798867
6.987466706485252 -0.6287769704593577 -0.7159974965086709
5.572156517987954 -0.9576486060863183 -0.3865149013214597
5.499954470116731 -0.806414399569954 -0.8688594195130759
4.450035783791539 -0.7052687653908613 -0.9112150887456454
4.448223582743173 -0.8140512274750691 -0.882616596154882
7.713214399645963 -0.4444708575785541 -0.631180306195267
3.242066318247936 -1.021260037500791 -0.5809899065253518
3.392698341267689 -1.005745205067697 -0.6059574545411345
7.246171892612766 -0.4873359459159684 -0.7128508660498096
6.785971972304873 -0.7644264921001782 -0.5823867221528214
6.784575290565806 -0.7940609064931929 -0.4573834742496908
3.926247791412813 -0.6967199699055245 -0.8801965900020661
4.006407644550022 -0.7787734616321396 -0.8710390487826019
4.025855116137432 -0.8655600640043771 -0.8237147187695566
6.701449936721608 -0.751059615906926 -0.6623355093448082
6.684800018567329 -0.6777945304772285 -0.7575143400550552
6.796739895533368 -0.7090795756128111 -0.6939288318619216
6.868965796182504 -0.7254384572768524 -0.6346222836185511
7.468049681086591 -0.4702367978074408 -0.6761012686190002
7.715218734156132 -0.5521490094252202 -0.4896148261713248
7.795549265764528 -0.544076132888559 -0.4380080916121846
7.08345199393021 -0.5182664820502343 -0.7357641398755821
5.146054540281694 -0.4996135610211986 -0.9076757566896092
5.212481713445905 -0.5896541458504304 -0.910746256565747
5.176553816828241 -0.6923148719579124 -0.9185206608774259
7.847489015512772 -0.4750928067425201 -0.5634067196279425
5.921343944879251 -0.4655229126950603 -0.8540430416191509
6.061401103440015 -0.4730165304962791 -0.8424317752940143
5.942434886433904 -0.569150316030104 -0.8640573166973416
6.720014010778401 -0.5560697757935967 -0.7852140772109419
7.475099395736086 -0.5568085060448353 -0.6213215987894229
7.413201162469435 -0.5311255895792998 -0.6640235680554301
7.559983809834012 -0.5181404714031922 -0.6284807850806665
5.022971374675974 -0.8742687344442701 -0.8309345862229403
5.552273572632059 -0.6997283846303776 -0.8993967391552248
6.920834174124204 -0.5535074680791319 -0.7572616256257956
7.268365019253687 -0.6562717470234098 -0.5562926168013105
6.602303395018887 -0.7423250309657101 -0.7157516127358727
7.653163134208919 -0.5291683785096575 -0.578057662811725
5.170916759598168 -0.7921697593786652 -0.8993748498735606
5.117367162480472 -0.8487119506991068 -0.8600247486845436
4.111929227766932 -0.8128873619046471 -0.8647574207617982
3.916965019855328 -1.009388358147442 -0.4961905121799739
5.826087667457088 -0.6163428899839042 -0.8779978741399489
5.826589827860453 -0.7288137140217439 -0.8716013205850015
5.696092693608686 -0.6968732248391999 -0.8890016738675044
5.712404303943062 -0.5694393037675376 -0.8812396218324698
5.628471254568514 -0.6395303599661328 -0.8938257953745632
4.223461661399091 -0.9976246611015369 -0.4432319927745375
6.058176840053457 -0.8770666460055192 -0.6212437466104718
5.144401775895919 -0.9396362911319853 -0.6521692848349476
5.01961091705958 -0.9424621529786494 -0.6505677040886516
4.958432528272426 -0.9176847613372254 -0.7415998266224714
5.898762334351908 -0.8055108645030333 -0.8159562680206103
5.796936335098253 -0.8131623812210115 -0.8253780214192901
5.729928358552701 -0.8498323857398825 -0.7897648291239558
4.831967442303304 -0.951629446594388 -0.6105759348968997
3.250177914641707 -0.7716359086527222 -0.8106095369965549
5.542951081623 -0.8647457846760318 -0.7980338521735519
5.605028277128594 -0.7958345454902006 -0.8653063249832341
5.694072310760407 -0.8019846252601949 -0.850339861476462
4.377657132507844 -0.7696167282697737 -0.8975493978509772
5.273773690558627 -0.4931483301371971 -0.9019374144727144
3.732936417448964 -0.8636241257423763 -0.8074235380259046
3.803641279087873 -0.818565932385644 -0.8399322759443434
6.082534285784443 -0.9016681089451845 -0.4772947439688365
3.713578414150258 -0.7878136234002799 -0.8452888689694409
3.395027487240695 -0.9381831556215858 -0.7162157873066604
4.632078288588898 -0.8609244638832342 -0.848896406133832
5.053526248561734 -0.819080927321346 -0.8880266262234846
4.715194117927431 -0.7813520887734287 -0.9071977577613843
4.662517375052524 -0.9539934784615756 -0.6116990311870316
3.444786522331131 -1.044816338307139 -0.4791908465518641
3.70733967081169 -0.5052631578947366 -0.8689101191567259
3.855565397281575 -0.7618466680949394 -0.8643912605940669
6.312571082419359 -0.7702555825901594 -0.7652387661403719
4.708533826038803 -0.9746978238922012 -0.4598254577397486
5.275098601406061 -0.6743314637055073 -0.9147101299444927
5.371874577753509 -0.9340340399553562 -0.6378503918975126
6.374183082519112 -0.6760523921273158 -0.8165435662816634
6.530293043756108 -0.7111773614771494 -0.7690995580730764
6.497223193882566 -0.652277960749415 -0.8045009286940645
5.659248536819836 -0.4636888691587483 -0.8757900932629
6.900270389097098 -0.7586555324866296 -0.5142496854076866
8.01719699652546 -0.4002107156072467 -0.5862155869138372
4.116624988613522 -0.5052631578947366 -0.8909298739039158
6.602320956373371 -0.6657690773463801 -0.7816374766627832
4.314336627395273 -0.6624409831585059 -0.9052597511291487
3.845951559902057 -0.5052631578947366 -0.8768985918574519
3.880997017187371 -0.5959148856602789 -0.8798669047940002
3.982358469291848 -0.5052631578947366 -0.8842546181776063
5.940660944204834 -0.7087871500996611 -0.8643143795808581
4.045685670682875 -1.016906125968483 -0.3719418304564073
4.69966027281859 -0.9191040705520603 -0.7414131733294017
4.392268560166688 -0.9954722675215455 -0.3659156906311235
3.205100118566117 -0.9646286144541945 -0.6758794863186055
7.752632483004369 -0.5005679176495406 -0.5713740057367044
7.804394697369222 -0.5189060864985183 -0.5080741316729265
5.99752008394807 -0.8055494696458477 -0.7968779303969348
7.108685173868994 -0.6795895622981514 -0.6027532036777922
7.184885532611029 -0.6458894634314134 -0.6264464961352524
6.96198829885346 -0.7122805048693167 -0.6136812898925149
7.041109310041428 -0.6795224077433912 -0.6381468105518068
7.625102612018006 -0.5803312601752104 -0.4840646897818626
5.41067706848031 -0.8529173602916138 -0.8328112871135125
4.95391860065313 -0.9620938641276801 -0.543814486095335
4.107517666135015 -0.8818183364203809 -0.8109834144857218
5.471546051771242 -0.8655069781017991 -0.8072248453163331
5.325169580816392 -0.7365331520744767 -0.9089212769058548
6.92032465963657 -0.6802380051446617 -0.6871180554551931
4.861214736607398 -0.8312024939581528 -0.8810100921685889
4.146738459084149 -0.7414862956962583 -0.8898512771081377
7.873971494414798 -0.4153690128530351 -0.6062264834475638
8.075125687805087 -0.4365549636156967 -0.5353578136653526
8.074547452400719 -0.359658227660768 -0.589945227529335
5.753926075616159 -0.7615180129434119 -0.867751020398031
4.251318556933162 -0.7297372421537829 -0.898282899559441
4.405395071615444 -1.00383405708962 -0.1970920838333652
4.069787817071141 -1.02561921327336 0.2178780553436702
3.863634881682488 -1.044211875913997 0.180705857359002
3.276608272956465 -0.5052631578947366 0.8415172565736636
4.956143021004522 -0.9891081448060721 0.1629759182777937
5.690710911537933 -0.9598694945826398 0.2017687379633357
3.280767456212463 -1.044872427467993 0.515255366572418
6.240124082774692 -0.9052495271048002 0.1926875725802986
6.502543793519742 -0.868728439687477 0.1750752083688346
7.30084332217514 -0.7093352767037567 0.17264406334612
7.463392537445358 -0.6692185575894074 0.1499265105410209
6.690058816600406 -0.8374218853886366 0.1809555698596251
7.39906396942362 -0.6737436677719394 0.3175091738355162
7.825942051213426 -0.3638556211867702 0.6294824629623332
7.783098566117782 -0.2917533491664414 0.6344487111161764
3.606694268537105 -1.066799662208986 0.2034739119888325
3.348236675558196 -1.08362910965507 0.2994824760567751
7.345987072044014 -0.2478704684018583 0.6842362473963024
7.331625769279402 -0.3014489860192077 0.6895784797494957
7.233774366033479 -0.2644683209668173 0.6989679963148114
7.455879342123074 -0.2315473552792798 0.6697483488474312
7.666920079786099 -0.2565528454380848 0.6452040239564781
7.563189946027107 -0.2156228986047561 0.6556142856320468
4.171065574925379 -1.006219227847789 0.3935235741099958
4.285089254703765 -1.011173191694288 0.195152314930733
7.561379486488935 -0.6357101842571585 0.2684196535581884
6.082366772157183 -0.9143771384345037 0.3613625266037762
5.852956695262971 -0.937819525360066 0.3631562346072832
5.961084329828311 -0.9372971624016659 0.1813947745762319
6.420057622050246 -0.8696327300517344 0.3611885060440833
6.250791389650285 -0.8889832381579521 0.4076646875749078
6.872063780527585 -0.8029052751507878 0.194969991222336
5.229770719941076 -0.9832337891976386 0.2057221112334606
5.613001126100239 -0.9511864759931681 0.428523619416443
4.993811327466352 -0.9813385823877838 0.3435259982444283
5.47730011392094 -0.9717909374317845 0.2412657364181504
3.957069743431097 -1.024133266522569 0.364976276060894
4.54187665344173 -0.9972254790746951 0.1889689688591276
6.999647559066434 -0.5318290408937605 0.7474313905490264
4.483645532926007 -0.6638758123865258 0.9130886063125803
4.389319099024869 -0.6321434679078238 0.9078723833601565
4.427488185044313 -0.75550145617135 0.9036720419873363
3.895278128558101 -0.8928283197711289 0.790311194275186
4.023278501151069 -0.8800286976683883 0.8095986217249564
3.954245753251859 -0.8194770622464288 0.8506776748329764
6.503199030811637 -0.4681528412549654 0.8005544780413936
6.547543659599622 -0.5667892638427676 0.8062196251593848
6.646213346957778 -0.4605116728754412 0.7851526287507408
6.642430142292064 -0.6073542422444235 0.7919269938276208
7.329099254296418 -0.6649391108373004 0.4756959397696571
7.183214786437421 -0.6967540241321839 0.497741647620576
7.242874085166165 -0.7094795832776618 0.3464214558292402
3.463919161425464 -0.9697885285619141 0.6735481566352056
3.548476879361817 -0.8847968820881553 0.7781255559072284
3.441528301881932 -0.8568192940519901 0.7898603920760485
7.228658115209028 -0.5358417535701123 0.7061134147951168
7.273423846741705 -0.6065834483794598 0.643573517569704
7.339775104888257 -0.5534915271613265 0.6703221633574107
7.335873935960699 -0.4770180246822183 0.6990948991889674
7.416900810485596 -0.3904286236264762 0.6885162457390791
7.175613932378612 -0.4165699784322934 0.7210345766233639
7.116884025740525 -0.5430994975523041 0.7260105738087632
7.448217646495982 -0.6387451389963223 0.4519385644595737
7.239704948105251 -0.6567615620604911 0.5744751008885289
7.343929775244962 -0.6194681226580218 0.5905122345842972
7.122611108058951 -0.658986193519435 0.6344585196989357
4.112011581954608 -0.9370305355688144 0.7219615017001565
4.154695762822593 -0.9787595203237549 0.5833947258747543
4.26241194079789 -0.9486504311967523 0.6810019379259228
4.381552014456856 -0.9213809433325995 0.7471586913283369
4.362785085806689 -0.8504514308824912 0.8525598228440443
4.293963436327889 -0.8987365930584453 0.7921140978176714
6.794292445796538 -0.5490979551148254 0.7756519933372938
6.887954239964489 -0.5271365745571474 0.7635226210972736
6.785199608687239 -0.4511024640712981 0.7693663493361471
6.061874518608373 -0.8305308404676728 0.7441682726478376
5.966523124294167 -0.8306810543238818 0.7690096726436844
6.005667800433315 -0.8782880597160119 0.6411413311724405
6.92289189294712 -0.6209504096547234 0.7367883353052551
7.030197672936125 -0.6215290822213888 0.70965996921542
5.420734644713464 -0.8951326647933788 0.7565098147698582
5.351556086392397 -0.8437242844318708 0.8496397905225118
5.291331153336071 -0.8939087420847051 0.7769307832477246
4.490779338346552 -0.925433817058992 0.7323782328829412
4.45751784325401 -0.8642896125187945 0.8415253609704986
5.78701613716906 -0.9270774629699373 0.5149389771232331
5.455209953079297 -0.8069670959108449 0.8726344010685587
5.371914261512478 -0.7728794874559838 0.8966945735245376
5.267036396900263 -0.7651504034410914 0.9052666611301103
5.467334225840183 -0.7224179232939102 0.9027878260497055
5.34629735571038 -0.6971028364908465 0.911522025412543
3.43254025530861 -1.037044868498423 0.5123438370757576
3.311507474644144 -0.9871729250993421 0.6447658036356115
5.305488879271925 -0.9306886479030527 0.6656678703606254
3.566317438040123 -0.5052631578947366 0.8603246548704303
3.632928537243511 -0.639995016497769 0.8629474002847572
3.707339670811692 -0.5052631578947366 0.868910119156726
7.89820107259939 -0.4994455156779145 0.4900867667539924
7.991134451228668 -0.4638943421344925 0.5197394761494445
7.933896374044734 -0.4270538855950383 0.5837009606429086
3.948246898950978 -0.7122887518873121 0.8802146638109857
3.856268050982846 -0.793805308259852 0.8545665058710767
3.845568881921616 -0.6644283143456289 0.8766588534828392
3.742652758733749 -0.7315860779185461 0.8619202448031398
3.765974225348144 -0.8519526056171275 0.8179816784073384
5.85508459922524 -0.8379291123378912 0.7830206755644773
5.798280648283052 -0.763505085188911 0.8616875671116596
5.761551394212553 -0.8638982429563778 0.7577377212863969
5.683483175307495 -0.9151937072836822 0.6277842446104245
5.841931070078695 -0.897542610590093 0.6388647306049091
5.970682285939587 -0.9100591854810496 0.5072648792012533
3.281781992471384 -0.6916529597821202 0.8311820651120401
5.29435807161404 -0.5992064656047773 0.9084040861940087
5.408141228896074 -0.5501759015146016 0.8980854513071623
5.273773690558627 -0.4931483301371972 0.9019374144727146
3.204901580658866 -0.8727331302762301 0.7601434446597264
3.218630900759377 -0.9449576177314535 0.6997940999021895
3.30483975505431 -0.8675299332663867 0.7718532591459651
5.146054540281696 -0.4996135610211985 0.9076757566896091
5.145581000824141 -0.5971739138902256 0.9136717308770956
3.642229096082612 -0.7909876401422852 0.8382684550553345
3.65627875406182 -0.8930992862844909 0.7777783185177344
4.312822643020445 -0.6911098501963453 0.9048980885945517
4.293858779030979 -0.595376459867954 0.9017808764808233
4.18415965172749 -0.6495365734041555 0.8981612742688895
4.116624988613523 -0.5052631578947366 0.890929873903916
4.249181362653259 -0.5052631578947366 0.896884915763366
6.356710555829367 -0.4733761469378225 0.8154042510509902
6.207386324698233 -0.4753297419585459 0.8295497912422627
6.328842080861492 -0.565166286990876 0.82935757106029
4.659926788478007 -0.6905111044608592 0.9195860792838546
4.588552388431458 -0.6052891186461298 0.9134510039776736
4.553046826202257 -0.7257892280690644 0.9140928067095868
5.370814897636746 -0.9680309865480745 0.3921867948714167
5.423179594874947 -0.9487767717378568 0.5425275946446946
3.557864449842165 -1.011039072095887 0.5757043946070617
3.609442568926571 -1.043044874105161 0.4278688351911309
5.530589319804962 -0.4749167295922967 0.8857556005567955
5.625453567401515 -0.6003538035769512 0.8905449625690591
5.659248536819838 -0.4636888691587481 0.8757900932629
4.41131439253264 -0.9920894521431858 0.3948703415168078
4.575032890603606 -0.9724474961956617 0.51207048049435
4.418858252254704 -0.9630801538991884 0.6032449438719691
5.565217557707646 -0.8997770297487813 0.7164838835527292
5.519698920805507 -0.8596504914545753 0.8096549542317213
5.55014291706838 -0.9325254774181723 0.5936277556927964
6.455761941303106 -0.8386387057553406 0.5365194746067816
6.539233330858549 -0.8000908134683072 0.6247186056018879
6.420787331974696 -0.8051441021342783 0.6695631974400442
5.914371743439969 -0.7621007836915642 0.8474786128140809
4.763692187519518 -0.883814556060611 0.8175038448711828
4.678119888833042 -0.8826208645645298 0.8193810199880278
4.72877052057371 -0.9298540263570563 0.7074966167635774
4.610131803968858 -0.9157689719160191 0.7529628037856734
4.57698828593638 -0.949186672673052 0.6442787874902918
5.236682382684057 -0.6706314724352529 0.9161037847587867
4.588536382648223 -0.8444219744466105 0.8652073011618383
4.708654065621339 -0.8083649145276703 0.8946193557306831
7.892215935260591 -0.3207325647341876 0.6221781455325853
7.989352037147609 -0.3382717476720948 0.6092981324750557
4.825230185882196 -0.8376204881948083 0.8753439108994815
4.851600320516775 -0.7117199467733915 0.9225134573814147
4.908375983670451 -0.8077197711125179 0.897213418275024
5.749503374089801 -0.5621895998404052 0.8777687138825175
5.742277369406258 -0.6587367675603678 0.8865856703445421
5.055669204561161 -0.6952195665098797 0.9216353496566139
5.101318275202508 -0.8023955426246671 0.8968144784993552
5.157785864506224 -0.7203763045660554 0.9178684007089992
5.191073099966886 -0.8149814535089415 0.8855547891296371
4.28987138233364 -0.9818666915777126 0.531023497665185
4.892081040384347 -0.5052631578947366 0.9126871829858876
4.999258216162988 -0.5968199230435691 0.91688124941399
5.018787181742841 -0.5038326229029796 0.9114204676436798
5.888798927643477 -0.565054715433594 0.8677700309385947
7.68772500215333 -0.4477246827960497 0.6358776320888986
7.785519929998785 -0.4320235786416604 0.6193280660664191
4.72052841504644 -0.9564766393334649 0.591813555795881
4.799944043145088 -0.9726258293295527 0.4636497075568075
4.184460745580789 -0.8060160502564828 0.8726888180930845
4.248203665693886 -0.7518213182279259 0.8943838120795362
7.11267668902217 -0.7521747361601472 0.1979082455580621
3.804952722035308 -0.9346817313037091 0.7318523178089129
5.161555263768776 -0.97268537692206 0.4222220268702104
5.15709601133665 -0.9500852704396445 0.5988868522059407
4.99910882412914 -0.9630911430676767 0.5341882359077839
6.748973307975125 -0.6440934828917991 0.7627508973477491
6.737978595318464 -0.7302493603914083 0.6844952906648573
6.831564629022022 -0.6945942350983884 0.7005258614805304
4.982260653893401 -0.8718840202895807 0.8354771122932583
4.985965802271769 -0.7735677493184595 0.9116011057094447
6.157919323467142 -0.8799562047775668 0.5513389118289034
6.331008156878537 -0.8562392580378224 0.5470376944835377
4.944426303957675 -0.6721650332081492 0.9227432031699193
4.036572991678403 -0.7835542667838065 0.8716660078951124
4.060223987773487 -0.6576089496009137 0.8908891564969263
7.680422667117707 -0.5912117705171871 0.3648391163844857
7.796726540076795 -0.5435732439043868 0.4386823077306718
7.694249834173442 -0.5565292637230531 0.4948754595586859
7.665736555192964 -0.5185947864126207 0.5868151227804081
7.591648915487995 -0.5568242247878228 0.5654785406417233
7.56344530674122 -0.5978807827992426 0.4849125702251409
7.448890176992617 -0.4826171007273979 0.6767191177941724
7.846600108123582 -0.4746942305152197 0.5643105687819803
4.11315864134095 -0.8635826271666792 0.8298551744544398
4.116181950921652 -0.7562150037465711 0.8848586852822664
5.161399155161019 -0.8834166936711541 0.8092520540411421
5.061016778377193 -0.8653981234003858 0.8422795506496495
5.05204303457781 -0.9267548114852513 0.7097469517836511
6.174248335011264 -0.6671015759404175 0.8451471276446199
6.078777471109156 -0.6853486713682422 0.8534048985791964
6.137036317458396 -0.7788793747974656 0.7967236773321917
6.227243716998641 -0.751656013055907 0.8025284096971294
6.715620541688176 -0.5444203682751677 0.7856892217868017
6.010730893967949 -0.5851661479064318 0.8602831516759136
5.921328541068262 -0.4655171199367341 0.8540439429538478
4.882839714678076 -0.9448743157176656 0.6431447468009575
3.532269706813458 -0.7566236244273183 0.8393013629781263
3.423702549338732 -0.7166809830561569 0.8387039543806321
5.964529621947188 -0.6779244962850559 0.8665958376165519
6.031143772210034 -0.7699011878589077 0.8244959694981946
6.280663065278546 -0.8286188493370467 0.6720168765545216
7.500831887035962 -0.5609942712614426 0.605089614925952
7.566132426658255 -0.4956045094460365 0.6429397107186394
5.637934995751959 -0.7997165904040689 0.858929831497203
5.684888218141078 -0.720828542817108 0.8868153096929627
5.57921064219413 -0.7118185544253753 0.8964454612095677
6.594093728947145 -0.7307943332683282 0.7332664217632794
6.675996633114219 -0.7035357358694266 0.7387709894381784
6.653610208484131 -0.7790805787875131 0.6204973920612809
3.372796421123321 -0.6071083111561423 0.846049491999993
3.422785938900967 -0.5052631578947366 0.8511813047989409
5.912209730173309 -0.8670420478150074 0.709873625662425
4.738118992252002 -0.6077107823756382 0.9170829363909991
4.509420731799366 -0.5052631578947366 0.9063352340434909
4.63760259639004 -0.5052631578947366 0.9096443342494317
6.394822735895971 -0.6765783299288822 0.8132006849393176
6.453179441528126 -0.6192554078546785 0.8163153609244691
6.434866454873481 -0.5353007142249786 0.8158916787350733
6.485564096142197 -0.7152878921847036 0.7761248191238133
7.191467561321689 -0.6155956980421771 0.6643660433726497
6.870569743387364 -0.7269765735045794 0.6304852000221128
6.922039437828574 -0.7439743923545999 0.5515948644781011
6.951504916510732 -0.6923410516004206 0.6573281223829055
4.201097736838026 -0.897435140732209 0.79322411447388
3.764134350360741 -1.039514699723975 0.3635940492891588
6.140053242067991 -0.8474708284369123 0.6802422147624181
4.626357225186187 -0.7701354996518701 0.9083440254944972
3.694838606078281 -1.011163973827487 0.5511848949183891
3.597461810791401 -0.9622378085224071 0.6857521801764759
5.59848117076661 -0.8536972001861406 0.8067846311536214
5.547752478631023 -0.7963593047498785 0.8709047627491815
5.25664583582717 -0.8512565740763701 0.848929436542338
5.187774035422112 -0.9211699089018619 0.716546514922352
3.70225373922927 -0.9607258018885905 0.6866943286906028
7.435742693162252 -0.6116934998174461 0.5498197731954156
5.277903688406948 -0.9575081261135423 0.5270259533811945
6.716595313986137 -0.8008296025180364 0.492818019586678
6.792513172778355 -0.7622553707618451 0.5847776396883942
6.573997073517788 -0.8294550079863576 0.4791477895657363
3.752768836207792 -0.6009171930030464 0.8719459509240464
3.50093401751337 -0.6180909351290381 0.854623899478608
4.863164029231531 -0.5984767771671342 0.9176439709058676
4.765030210881863 -0.5052631578947366 0.9118312669166208
3.36275905107874 -0.7881845945503783 0.8151574735274221
6.512893636466872 -0.7659165766481359 0.7108441836247064
3.380040508262438 -0.9277804710979346 0.7271403215130116
4.267190246216209 -0.8378539210548948 0.8585928699902177
4.330284065573919 -0.7769116370764589 0.8927569875672193
7.054012423613886 -0.7126078500409578 0.5530735146754053
6.991373843350725 -0.7499721547257849 0.461504245050455
7.1063802762351 -0.7347617300669846 0.3980424292630257
3.961557305115666 -0.5902167737553753 0.8844980016884291
4.748304865863943 -0.7094497426340233 0.9212305752429883
6.38200575397984 -0.7620246765989542 0.7566945277993916
6.313207356089576 -0.7146241328073043 0.8106064715852882
3.731559627599021 -0.9136996430968179 0.7594888744607003
7.41589498961085 -0.5664489267551197 0.6338593818389857
3.989817507600621 -0.9292656038397947 0.7406425120414957
3.797553763333627 -0.9840264468228956 0.6248376431763565
3.915751616832459 -0.9871777155213322 0.5971885478360052
3.900956713418987 -0.9545635689335447 0.6921601662498511
3.852900869493695 -1.013624012839772 0.4959531450680028
4.379988639356275 -0.5052631578947366 0.9020450556184241
6.83667150480758 -0.613747768547924 0.7579370085157129
7.254046210866659 -0.4622912629085947 0.7130556005576624
6.548176845525903 -0.6539127408731503 0.7958525892594596
6.992091022567299 -0.7688275090698371 0.3276542238927897
5.667795679806215 -0.8710856825350211 0.7637273558061702
5.717204320443916 -0.8088975670607015 0.8414471769650393
3.845951559902057 -0.5052631578947366 0.8768985918574519
3.982358469291848 -0.5052631578947366 0.8842546181776063
5.845492543126759 -0.6627290605905427 0.8783023758079953
6.109637953700835 -0.5827895095994708 0.851516485436181
6.061381777410821 -0.473016534158977 0.8424334896974597
6.191690193661055 -0.5492152156470349 0.8405275873328337
6.657175830434758 -0.8336691646556578 0.3315815754460182
6.849102148748681 -0.7880520908824179 0.4136479089599071
4.842483671903415 -0.9088272555929072 0.7659656433450843
4.621314072107757 -0.9857065689716515 0.3611450218221793
5.506551474586773 -0.6191659380740941 0.8996772449472235
5.402061315291133 -0.4848139619989221 0.894540082900635
7.753425057569637 -0.49921991396487 0.5728519451086178
7.801547241262732 -0.5194502283663089 0.5087904648601383
7.533034525676681 -0.6300780025158342 0.3774513980580712
3.212946425608127 -0.7799777440009075 0.8046438064098438
4.024156140880796 -0.9991808732432697 0.5158964485601254
7.60606696294763 -0.4281430673123316 0.6584934055633581
4.787060594961253 -0.7726432461823821 0.9115544719028255
5.44757215541193 -0.9238980645203294 0.662828553580435
4.775683129357712 -0.9875567522985387 0.252371384654438
4.508137135975192 -0.8031520617081367 0.8909844634370367
3.257985073242518 -1.105359107893582 0.1436106690229308
6.257030410897061 -0.6236098252117479 0.8390870087102293
5.403349123845261 -0.6367098350717311 0.9067628030456285
7.865883250720041 -0.4132285334235503 0.6091405279223718
4.470668900579261 -0.5749171312664816 0.9076483651250816
6.212242582456839 -0.8066663755375879 0.7419006648791762
6.292954509128363 -0.7782886249478482 0.7605115784826959
7.036867390479499 -0.675603035887666 0.6467242491436945
4.020463336680402 -0.9679212206197306 0.6469679270139888
5.440344240752504 -0.8553762302817818 0.8261746674557385
4.53771122409275 -0.8902126375496056 0.8066839027424633
3.494096640671738 -1.061853226767786 0.3667044472664878
4.940902337466003 -0.9123934220678657 0.7563953004565783
4.899614215784385 -0.8709133225054794 0.8376908490554356
8.074165598799139 -0.3589693253408426 0.5904047230687928
8.012681041221793 -0.4117463849480988 0.5788875513737286
8.075486534472505 -0.4359192126402511 0.5358377463886678
6.325282822398631 -0.6457392580871024 0.8296416640633743
6.245602022462777 -0.6915373933252209 0.8306780199166521
6.930308712767624 0.6097768867275355 0.2531104787218586
7.075032075642532 0.5718245718996887 0.3439803869392386
9.279165694015106 0.44452046891499 0.1854004511708095
9.240213325234862 0.3696539301105411 0.2844386362280823
9.188839841578275 0.4073035692933192 0.1886641322252677
8.573647865774451 0.2421484809194021 1.484547420388546e-17
8.535487431945199 0.2107816350741519 0.08088122359590696
8.481665639564481 0.2042684979098178 1.481671367784499e-17
8.874923116766968 0.3480309653088684 1.213909673190147e-17
8.831614464557163 0.3091717795724271 0.1230432715532416
8.768120046682725 0.3124770751704361 1.346240443068392e-17
6.243112451984707 0.2977074839315529 0.5491839686339052
6.108467619455627 0.2459976000316947 0.5665355485828909
6.20917431895532 0.1403377559336505 0.6069669291124027
6.816021319758101 0.1749967367773902 0.6306459202555705
6.672870792942624 0.2225313452618954 0.6076886466939673
6.677107246963829 0.1053034824080917 0.6387127902549086
5.875233456054984 0.5179954335828891 0.3128912878421347
5.948046963869472 0.4288187017272583 0.4323217542044888
5.817597131087735 0.4523217183817393 0.3972316507449533
6.652501352453026 0.5201084267908066 0.3830007532852888
9.287784106499409 0.3220307274573472 0.3623116344364971
9.264263001058151 0.2109572822764287 0.4263520350025184
9.204332991810045 0.267960516868945 0.3662051529828878
8.893545966867983 0.2669912340889996 0.2295869734576415
9.015450628507995 0.292349553001187 0.2605491226045147
8.96847814899365 0.1997055779140723 0.3195122673929769
8.960012494680573 0.3497405453828133 0.134554576515007
9.076752476512858 0.362324966361278 0.1958002606743558
8.726002718833129 0.2791145722132053 0.1014937625427031
8.668325640213542 0.27758306892522 1.436559727974714e-17
7.885666593847983 0.3359671868977228 0.6141129223094495
7.80367204538333 0.3986693341972851 0.5738490265499293
7.727652146251087 0.3086891438922416 0.6243718219924979
4.989705968046939 0.3738413760730397 0.4136380243885966
5.119071902343803 0.348697395723239 0.4439695740300046
5.021384979306799 0.4557008583433942 0.3242702643410157
6.975244159172517 0.3430076756460288 0.566628516654949
7.081078680115587 0.2659701976562727 0.6124511828233052
7.105557264624116 0.3913054943816684 0.5423122937287764
6.276110920655748 0 0.6263921888738895
6.432353860754247 0 0.6345750386423349
6.358548401407626 0.09436118040456049 0.6236926153583312
6.91875950926609 0.5439362102366211 0.3729027345076052
6.766592470922923 0.5064042273517393 0.4102541897853987
6.875550058488701 0.4715052963240581 0.4578646166443006
6.58891603852395 0 0.6427068638764408
6.513392792978188 0.1464041047188758 0.6219080683420459
9.227147768382828 0.4731325913982616 0.2297745132999312
9.258916270709497 0.512892754243602 0.1130747556147905
9.141700822232943 0.5127100983750008 0.1394559587955238
9.05164430960517 0.1181011390418153 0.3867529966600303
9.116822637774515 -4.384253004587392e-18 0.4257766604439845
8.996674448062521 -5.648504904986724e-18 0.3872843871891164
5.832534332791139 0.3676095681842684 0.4777482725756945
5.963099260915254 0.2926541558097205 0.535064106859046
5.753815043622671 0.1201690681695477 0.5866047983128426
5.672034783471565 0.211032362515161 0.5557008226700464
5.59981135501872 0.09432328548758669 0.582943571677946
5.507799413401299 0 0.5855175723802745
5.65953094638963 0 0.5936488597967833
8.741673402431582 0.1116328431693827 0.2809312299006126
8.763171285580359 0.2275404914524725 0.2083678775210493
8.849278308307149 0.1724864716586894 0.2906562703073788
5.895160921393291 0.09154841504914712 0.5993485001337148
5.812321483405347 0 0.6018137773650335
5.96608983767316 0 0.6100017019323076
6.814388038065886 0.07602033384482498 0.6498879374010109
6.744474892395807 0 0.6507037607606326
5.811867079585456 0.2577332158445789 0.5438782898008827
6.557060778367198 0.300069550319369 0.5665358038653352
6.629839168585602 0.4301212148714594 0.4802438886715247
6.487343335968923 0.4032814177745177 0.4935222562394997
8.027758700566107 0.6835267419191188 0.1237962989461143
7.83163258458822 0.6994588344189797 -0
7.900227813268591 0.6605681457371388 0.2315674682575831
6.03985834739883 0.139107160555211 0.5980619779676395
5.896115875337923 0.1888395729361373 0.5762440381103744
5.590435454914064 0.3011285429919483 0.5073069103127343
5.687681032075258 0.4129118843984178 0.428456948569717
5.534798894561127 0.3976530112579449 0.4315904718643422
5.509270544812141 0.4910875296977046 0.3189384659246517
6.075973981193218 0.355335395031754 0.5029042493311586
6.068966388532358 0.4609039306017796 0.4077018254059429
5.753451026591629 0.5090178546658574 0.3151039596732612
6.160712123181003 0.4030542456047519 0.471382381197558
6.186575762271935 0.483430747262544 0.3907143775284347
6.423835138516602 0.4898642556706491 0.4025234429350519
6.541429583126463 0.5020453815113366 0.3971751814587465
6.253442404561458 0.4162390794044382 0.4663436921408981
7.199616499783447 0.3062018323344735 0.5998048501083151
7.663837005094623 0 0.6941061870088843
7.72904849662914 0.1433504972879029 0.6817025716228728
7.588054776301833 0.1081477059410397 0.6826402782367754
7.415269395642563 0.6167753293060181 0.2947655116456638
7.331995980969643 0.6618046427920365 0.1553836090216629
7.238063185035342 0.6166123617157389 0.2754175065550367
7.466597232288884 0.6714117744167432 0.140443976760442
7.508040403703556 0.6876586182153442 -0
7.827713706948989 0 0.6993770418526329
7.860313457016238 0.2013869759935847 0.6704571961246472
8.566174025921111 0.5598043552891135 0.2679451394607365
8.682109670075459 0.5489517068342993 0.2418718417881228
8.57127338127955 0.6061024169412448 0.1293785429879072
8.714076786518824 0.583318527320861 0.1129933655041045
8.637313091303646 0.6078385736115521 -0
8.853853856403859 0.09110784057363713 0.562531651759441
8.930574502158555 0.1872085236072631 0.5252037021031566
8.786522118406536 0.1869142723352518 0.550524390971027
8.78196897324629 0 0.5820720414837193
8.694985198363021 0.09543302415008063 0.589890269470203
9.075910060640105 0 0.5377903706881968
9.00020217346168 0.09282773812338391 0.5394537762882945
8.930172223451828 0 0.5575297278556535
9.124273575673062 0.3569742247758957 0.3953842629538646
9.230675859696197 0.4018183071210915 0.3389886607396689
9.132605749971137 0.4466830660513629 0.2889667488161687
9.144184572818359 0.1160246355458254 0.5182894032693217
9.046526855285862 0.1910113180559957 0.5065423283977304
9.003239879542294 0.5360059225983771 0.1090187516627563
9.083824473002093 0.5369080677909889 -0
8.937755681512844 0.5563690721506169 -0
8.873078431664283 0.2687180279824449 0.4988717148679219
9.271718051255936 0.1013582073575734 0.4680737337614014
9.262902433078274 0.09843789768420338 0.5158416823160875
9.330306773804827 -3.094770616095951e-19 0.5193118606688018
9.241348231673193 -2.746402817947863e-18 0.4676672403039364
9.174796836561974 0.1330665963521549 0.4240651344367261
8.936009696031313 0.09798607352724409 0.3540307719045933
9.093643803257795 0.2295418563394412 0.3482376698461674
5.717992986275334 0.3159480795607141 0.506258995814576
8.882973546758006 -6.63502090615066e-18 0.3506581123605737
8.522337995295972 0.1558543915586507 0.1539535887699957
8.630880190012075 0.2272436343443708 0.1304744063458146
8.595183557369349 0.1298780062449136 0.2118199496327615
8.315218823882073 -6.628727175935207e-18 0.1144854702125676
8.365815417809088 0.1017675036963302 0.1031121173663891
8.399600017387019 -7.79461124402593e-18 0.1654813536637858
8.259312679717999 0.0292978984790431 4.341681829780512e-18
8.258586809999059 -2.93545493174795e-18 0.03708601774327627
8.27041996622477 0.006342054842508342 0.0004434791103478203
7.895712229133853 0.474657682650336 0.5141737358417504
7.72222076336883 0.469621568415502 0.5138577066214007
7.958060884463725 0.1206707708950973 0.6879234082354463
9.294621872482985 0.2675626904562254 0.4513323626642509
9.232796130454687 0.2009971853533165 0.4858774808755903
9.303479012095233 0.1896885629776575 0.4887979234828723
6.773945506851302 0.4081519096933853 0.5085838201032969
7.598049458004152 0.6821733621862585 0.1136279130904002
8.308972118236552 0.1097309930017802 1.173688366291726e-17
6.89440909361109 0.3970866189517004 0.5249655341839095
7.010276257664085 0.4731412136240536 0.4658452091093311
7.08223361046864 0.6575700774227816 0.1162417803627936
7.127247819009508 0.6300510167620126 0.2279006153845609
6.357980093056854 0.3982080986576413 0.4889493983174995
6.306285995696737 0.4891282127297233 0.3936850140196967
9.224183174569569 0.5260348428236751 -0
7.119369441058413 0.6689611328761148 0.02693019134030461
7.206621804405133 0.659273599875654 0.1393523445315882
9.334488620964876 0.5146381905021838 1.004335218823135e-18
9.034653759078708 0.4908310090386255 0.2317939090545965
8.16122194700443 0.6823624066678819 -0
7.996665874164252 0.6964808296430108 -0
7.992178815554446 0 0.6967279405142373
5.387849125506369 0.4822200905602297 0.3205483211325647
5.392800625770222 0.4029340588815196 0.4161143302794069
9.101586822564332 0.4093359510589957 0.09674779877531316
9.108505040254576 0.4230888876314144 8.119965501250002e-18
9.231632655389506 0.4533856383705699 0.09916060415821214
8.775931309320516 -7.380588926940163e-18 0.3151301153777848
8.675760916254553 -7.895722366151238e-18 0.280256709639465
8.988330837964861 0.3846170255580767 1.038121125254787e-17
8.854717196962413 0.5602826057565158 0.1033187370599544
8.789107780195724 0.5808288637623182 -0
7.273695457243946 0.6768528565650954 0.01059384849213436
7.741029877484554 0.6804492902866438 0.1511042116740549
7.66620714313522 0.6941972609438778 -0
8.520263692753248 0.1141635142771989 0.6182910896188574
8.630596844010729 0 0.6090446431259249
7.204361003654105 0.6733820033172746 0.01805554584761914
7.739469915257311 0.6280075698901585 0.3021752675153257
7.840952362008771 0.5709859856777648 0.4041937112429349
9.004685940426745 0.2997274473674397 0.4571721960919329
9.215835532235946 0 0.5263786466571178
6.120687610739617 0 0.6181974530295531
9.134718709649132 0.2499444984792797 0.4694834253687119
5.544389089795205 0.1872736263968322 0.5569507423486382
6.686979936642615 0.3350522390713531 0.5543667858652336
6.416674994453589 0.2879094456408721 0.5646396336292077
7.455181515122028 0.1524849108940549 0.6682651971748006
7.500629793215078 0 0.6873345002982193
8.923608306449736 0.5254411521889673 0.189730264519735
9.227912144694052 0.30907830095289 0.4254139483179176
6.897524895028599 0 0.6584710523946812
6.940426310577813 0.1017699050021249 0.6528214530621892
6.953266262167421 0.2208346580023368 0.6234368112296275
6.822867562181075 0.2947218575768003 0.5846683120129041
6.349231455241486 0.1966006159083734 0.5989081465397281
7.25700509660624 0.5572230264573046 0.3828778238869917
7.419626210302082 0.5463742664255796 0.4108869878663345
7.332901821739685 0.4819863122691462 0.4790922234328146
7.589945231761465 0.643944304184852 0.2513624127824103
8.920925630816125 0.4822236130396278 0.2826677630745457
9.010361519150146 0.4115896934579403 0.3585043097230138
8.806878242028588 0.537155244445254 0.2130151093533235
7.072907233154504 0.1259696578813024 0.6553170256947125
7.162923287705093 0.4879816933396995 0.4612678712576446
9.294567563567828 0.4047262352308061 0.2722230926328236
9.300635696564761 0.4834179201144809 0.08556028860040706
7.585353631877055 0.5588792912251321 0.4061664181470604
8.796272471348175 0.486099662787086 0.3155835045514088
8.74821408265845 0.3067002501239635 0.501667992029099
8.889262702128637 0.3566615889595963 0.4367676637922798
8.884869626150662 0.4311639786986648 0.3645068558623568
8.482008615146338 0.6352757645094862 -0
8.323217783606758 0.6609475962167241 -0
8.342294714953038 0.6331344623175983 0.1798767079743979
8.436003403949687 0.6338785557595309 0.1087690202498226
7.200719383484136 0.1743610440044693 0.6506147144388974
7.194945679304983 0 0.673165953006347
7.345337302595057 0 0.6803012404383388
7.267886944054801 0.07603563138407886 0.6724257961407649
7.264469341932742 0.3975438938143628 0.5472716064371332
8.774399903556297 0.4070874099241342 0.4177274709275616
8.635933074798015 0.4053578343056853 0.4531200116193886
8.611381969905938 0.2993239639001509 0.5343910089537376
7.047414780467431 0 0.6659549444994428
8.392498686571253 0.1617757604387782 1.402324143205486e-17
7.992742088994687 0.3906141909629535 0.5768335380501255
8.019313250804814 0.2647803689470896 0.6428229559249152
7.601260449092472 0.2399762450789085 0.6487786287892019
5.454831960020028 0.1075537190319201 0.5727501320348941
9.233812680428807 0.4649738445337321 5.183953529529189e-18
8.342306294339894 0.1555311800788042 0.6395408482663567
8.475778311049297 0 0.6363423672220299
8.208104334747024 0.4363305460876539 0.5172288559883016
8.318970656769803 0.3896382735963977 0.5345790002712342
8.356552649570366 0.4562168984399558 0.4710171672641174
8.20203833331777 0.6598682587878975 0.1543410964962759
8.492634453127728 0.4900031365093149 0.4012797264670607
8.610603467707122 0.5011917139621095 0.3522132936623832
8.469628069638626 0.5914791745074095 0.2378089555814062
8.639546918421825 0.2015044922201358 0.5731618499032894
8.470302223722921 0.2445063378518182 0.5886119426440029
7.416381174139622 0.3898418024128286 0.5614368347580334
7.484792299990141 0.4797573303673473 0.491039595802806
7.330318012704018 0.1459367451533319 0.6638657226375795
8.317543055539639 0 0.6617932252658656
8.218221645098176 0.1061305307532404 0.6672265930952535
8.050462730269427 0.4743611394807506 0.5048862322312206
7.483895456038965 0.2952415492156577 0.6199603120094991
7.976063415451107 0.57230749852762 0.3986852705100553
8.08161299161662 0.6287822473031319 0.2851776095944199
8.256669125882942 0.6079746279555973 0.2828390996826303
8.118156255683191 0.5379089202087216 0.4270569004423727
8.204458026402364 0.5695756847634946 0.3663612940568692
8.340774421975638 0.5320107318380602 0.3875832495634453
8.388108207914433 0.5743481062622474 0.3063066368709511
8.700665860158047 0.4745715126236875 0.3611962252679192
8.156111937755092 0 0.6829319396781354
8.087509517419287 0.1292798258648261 0.6777037895104819
8.298028158706476 0.3027320059583872 0.591765700946459
8.178496057044597 0.2363395957265298 0.6381471528940601
8.247669502746533 0.5054467608424027 0.4421761566240794
8.425249607398648 0.3730146575937469 0.5259260951331522
8.128897924596894 0.363413121545981 0.581615489912193
8.529013791420352 0.3664818065855417 0.5088094871787618
5.022437725963988 0.1697943057001748 0.5331338778465768
5.12695247079704 0.2135112777841495 0.5232446234187615
4.982231756296808 0.2743132537551519 0.4850656829179173
5.255986695954737 0.2450165876332447 0.5169201261435226
5.231537144220333 0.1055621690227626 0.5609082891625894
5.245085403407445 0.3827456732043815 0.4241242963500332
5.144157167949629 0.4645304762476572 0.3232235268473443
9.141698748128785 0.3294082389919333 0.2804138099407018
8.450167305248442 0.1720633022328525 0.07740643023577734
8.451736534916545 0.07678553644582688 0.1731598736226959
8.488706401586972 -8.18841511038174e-18 0.2073338554942815
5.356285250255683 0 0.5773801723078157
5.214507813993913 0.005744773262061727 0.5697253336539548
5.104555519690477 0.08183195628006759 0.5579272426111809
5.343640084769963 0.1419151488910638 0.559077921524938
8.529605154203809 0.07471610371321516 0.2106307138055297
8.580896477491528 -8.179019588172023e-18 0.2449670349272981
5.43719315397782 0.2651754168040672 0.5178221926885012
9.28821028754445 0.4820135693928362 0.2079296774499238
8.648175413186594 0.07889853620021031 0.2576481247106887
8.675894180849113 0.167772241994447 0.2217560168898508
8.833645851791367 0.08042182345534264 0.3241549027167458
7.721524960947052 0.5596025353127492 0.4140938025842462
8.440692838823296 0.1292363485238636 0.129953173157208
5.266157478855548 0.4733660066626029 0.3219774076147655
7.586094989871022 0.4057828623336764 0.5591965204800944
7.336408590629164 0.2705377589844257 0.6238464564761541
5.331917236616047 0.3203201124958756 0.478756322280016
8.297205414985973 0.0638338242151795 0.07466254773631455
8.83473909421685 0.1275826924857012 -0.3083875302925419
8.775931465334633 0 -0.3151301682704901
8.882973747589695 0 -0.3506581778254069
9.215835160306021 0 -0.52637866298276
9.249206061937144 0.09646691543548064 -0.516432847649874
9.330306406565334 0 -0.5193120449423407
7.314484516539859 0.6305792873047762 -0.2517372280586718
7.214553749802606 0.6602183070172811 -0.1366903894794137
7.342719410157263 0.6680461436632343 -0.1284483375216441
8.726192681522647 0.2755193890876392 -0.1106473194123205
8.746081729280363 0.208329056020983 -0.2195215576990629
8.838311252457231 0.2890995592258101 -0.1680192262254948
5.874824156630787 0.5179652360800449 -0.3128990568499492
5.951854178262757 0.4438543929993876 -0.4171690323845125
6.426596452613089 0.4843235096469293 -0.4093876540910103
6.546162639746387 0.4837535141753366 -0.4196063054492575
9.042750765865302 0.3844768704000721 -0.1158169014750557
6.238139610724126 0.3504217248152047 -0.5167358592980373
6.113616211755661 0.3199601921432602 -0.5285096077080245
6.122530772937163 0.4110261139114446 -0.4617422790850511
9.160471413085512 0.1174974851402873 -0.4237701083796951
9.11682295573919 0 -0.4257767633223652
9.241348597428662 0 -0.4676673719132802
5.144158104642193 0.4645306369960859 -0.3232233845299399
5.112767542198023 0.3558270394068186 -0.4378292757510061
5.021385636261298 0.4557009276238015 -0.3242702281498214
6.075773133851964 0.4806160922712574 -0.3848742752396788
9.168708297381658 0.4241054929738499 -0.1260929024210111
9.272499497311758 0.4712623103458584 -0.08712398460742227
7.119222133304001 0.09936102503388974 -0.6621501488609496
7.064125245111973 0.2183178698360594 -0.6301598969276969
7.175817117355236 0.1879894472915263 -0.6455580773144595
8.541178899349134 0.08394895373573094 -0.212007466558433
8.488706460911484 0 -0.2073338811850226
8.580896565560868 0 -0.2449670690500403
6.213193186117868 0.4903212990139288 -0.3843222676132763
9.273407858478588 0.4364694228795974 -0.1980339188883834
9.187184560012769 0.375000897631435 -0.2450930541347497
9.248117900733593 0.3398684199382705 -0.3235431813468984
9.014086647641228 0.2666425556862532 -0.2861827872635829
8.959608676996307 0.3180960217879354 -0.1965882899104521
8.883644720456701 0.2348278780404957 -0.2579855129694829
6.744469670033549 0 -0.6507034938911186
6.817308759051608 0.1036269105760704 -0.6462397626979189
6.897519461075375 0 -0.6584707786885435
5.966854461471655 0.3340599235760443 -0.5104066677821889
5.818995290381512 0.2732765079233437 -0.5366423452828191
5.826612394893835 0.3787281225691685 -0.468562009831444
5.693272989220732 0.3242619156447928 -0.4993838508347423
6.671158941598108 0.4517753061894043 -0.4628983092308283
6.687403641416347 0.371265385305897 -0.5307600516570323
6.569298180504302 0.3787600032052736 -0.5178969462663416
6.908086277543852 0.5502005901566982 -0.3626474023592103
6.929170738164008 0.6094694102987523 -0.2536999963763937
5.914310772712761 0.1994024319575295 -0.5736971117030183
6.276109617254272 0 -0.6263921203657881
6.352952914978595 0.09327375000386376 -0.6235587724507881
6.432351293914486 0 -0.6345749047272418
6.780584735297296 0.5149275490331179 -0.4006829558024572
6.65973446797206 0.5232990831102575 -0.379272562631004
7.11936943255154 0.6689611325746697 -0.02693018844088059
7.204343979679122 0.673381141058377 -0.01805714383514717
7.273699991670751 0.676853081022864 -0.01059323959663667
8.927215728895549 0.3513918896400602 -0.09687905523264753
7.576441009303515 0.6789607782895257 -0.1267320938004023
7.728790584000443 0.68041356347138 -0.1493264595427721
7.453594481519701 0.6487306503816375 -0.221122557099992
7.081734931885023 0.6574099645297666 -0.1170079075553238
8.886777083527992 0.08996037133546611 -0.5572383472861562
8.781968334876426 0 -0.5820721528438727
8.800988638625412 0.1598682369120363 -0.5563700206133925
5.574813996340508 0.4377260738298338 -0.3941055532544391
5.695783811392928 0.4230603018674875 -0.4190543753973442
5.589586757765034 0.3638149052763401 -0.4642464838257642
8.316632428809765 0.6411886644768878 -0.1648986318262855
8.43103547630465 0.6076118565999539 -0.2134189719649435
8.299042137299377 0.5734363003395934 -0.335779172220967
7.841952531988976 0.6599476857712504 -0.2327414284225546
7.898839145100792 0.6890942437185115 -0.122881796901506
7.150030846285109 0.4862563103104991 -0.4621770517170053
7.119534611165406 0.3925108433827239 -0.5422842181684637
7.003922008533392 0.4275817537397556 -0.5075948379650287
7.153769324643582 0.6233406521516053 -0.2491307766073043
7.016993361561568 0.6361611701080971 -0.1922564706985372
8.694572741469495 0.5829490157383381 -0.1318014499808012
8.794442381174584 0.5334276193051117 -0.2276862195717429
8.673719771792522 0.5297619814105379 -0.2845172075188139
8.915017543677225 0.5239453225900038 -0.1976406775661442
9.000841382449179 0.535887270472313 -0.1112338511017406
9.027591087772681 0.4905313155655391 -0.2345282353473944
9.075909550925052 0 -0.537790428268344
9.137812697779795 0.1160813196691516 -0.5188347747485034
5.811332383977784 0.4565163176308185 -0.3918964321002314
9.141382975315377 0.5101411465606021 -0.1486810544291913
9.243639125875964 0.5060275984911579 -0.1417925599174041
9.238020006720522 0.4594956298298752 -0.2551555747113711
9.00625248744757 0.09380947322894376 -0.5384471089488565
9.041896711712202 0.192960661593365 -0.506416544895955
9.136631361367492 0.4377363985000251 -0.3016891267559682
9.300104283922478 0.3899888514047039 -0.3504696002468749
9.237493726941379 0.3882129588856765 -0.3541528128457694
6.448427865888286 0.3896515770244513 -0.5018059790340956
6.311091416818163 0.4364532155062019 -0.4516933639385421
5.612911049557225 0.1232591768883584 -0.5782606134187764
5.766772385107545 0.1298160724958352 -0.5852613790834158
5.659531028467351 0 -0.5936488641896196
5.47087607344635 0.3683030702452716 -0.4525039089553229
5.377494955619376 0.4275294705912671 -0.3895874201442748
5.50929381559293 0.4910893765734773 -0.3189379175986102
8.614776138690718 0.2140579134405749 -0.1400418057579473
5.812321610826369 0 -0.6018137841630161
5.893820334276867 0.0882870680370374 -0.5997621428014781
5.966089866835132 0 -0.6100017034819479
5.753282369577056 0.5090054482521167 -0.3151068627701491
5.692577041032121 0.2263598228315075 -0.5508125322007129
6.033444289209525 0.1111734367947319 -0.6035123698903344
6.062374088700344 0.2277593468081752 -0.571499992711395
6.222100963913586 0.2496476629153704 -0.5714887299598392
6.787714266613953 0.4161233352726885 -0.5029838896552197
6.505052274463765 0.1265183959192299 -0.6258009842101528
6.195245706326848 0.1300696177696077 -0.6084923944833434
6.357865073859279 0.1969504967802841 -0.599269246411843
7.030602177427308 0.3307217648309023 -0.5770851792420925
6.894789358539685 0.3515988556996623 -0.5565522453723863
6.58891186602884 0 -0.6427066481920943
6.966962659832399 0.120912694166633 -0.6509173171302547
7.047409987842554 0 -0.6659547075110837
9.041222099265804 0.1000187248282234 -0.3884986272756092
8.932203431196616 0.08321341502195255 -0.3566641729831193
8.996674701281217 0 -0.387284468117147
6.633388677553638 0.293342707333742 -0.5744927401150169
6.771927798876714 0.3120956118193896 -0.5726038920590205
9.082938432199288 0.3493773100490419 -0.221467690288761
8.641851192381386 0.1211887770351485 -0.2371306044697137
8.732233999664462 0.1005389680118322 -0.2817928089047342
8.675761034432767 0 -0.2802567520274746
8.360209989694141 0.09545660696004314 -0.1046698908930405
8.39094636312435 0.1609554332184898 -0.0003708260894303844
8.29666782593177 0.09951447103869375 -0.002869379797517193
8.270419966224695 0.006342054842599702 -0.0004434791103538981
8.258586809999059 0 -0.03708601774327627
9.117764368965387 0.2523095186919527 -0.4699910765628192
8.771917052005586 0.3792320004703113 -0.4437589689594125
8.662885672208578 0.3561328794551469 -0.4868176002431458
8.654916158658157 0.4448634557418728 -0.4093789492871626
8.775334481236737 0.4678809201636314 -0.3480864946238136
8.89667356744139 0.4757248779647906 -0.3006592898123983
7.992177764865819 0 -0.6967279974118359
8.038669821526133 0.1151018552857055 -0.6842587728866312
8.156110964916246 0 -0.682932047399574
9.249513117646897 0.1304876010850678 -0.4520101973847709
9.279806724934001 0.195321899730835 -0.4873947823414031
9.29183885029455 0.07414450488199628 -0.4814246456078126
7.663835819290949 0 -0.69410614137542
7.75608224466158 0.138555616195265 -0.6836114104767939
7.827712694713178 0 -0.6993770202350084
9.213731633511056 0.2094875607828828 -0.4830805809536494
8.959259939268202 0.1745877738452214 -0.3308076445440212
9.087905801273813 0.2025299113807815 -0.3626969333241986
7.899131358933586 0.09998665173612105 -0.6927610347303876
7.500628435949234 0 -0.687334440821553
7.345335157228297 0 -0.6803011405996361
7.42795637515637 0.1761252390701184 -0.6611698765263982
7.910416827213552 0.35315692297872 -0.6040401778520162
7.904592278083472 0.2192311680955893 -0.6647063375395903
7.727431450735981 0.2797701680295354 -0.637881242648221
8.9301716558899 0 -0.5575298151607189
9.140960771282584 0.2953639023882412 -0.3156970216451882
6.671155880921442 0.1102831676271487 -0.637566218566434
7.578202958166148 0.6352824763124981 -0.2712305708618077
6.601249873068976 0.2030415105149375 -0.6105943647274582
6.490127660891673 0.2689304288639359 -0.5781742573424937
6.888106229186219 0.4661248606354095 -0.4642382157736773
6.847162046863357 0.2178523874856488 -0.618823649161358
6.723075527056424 0.2151089340772628 -0.6130896155980659
6.954545639557351 0.2504579506434999 -0.6121868070773642
7.007170908591469 0.5114555012824519 -0.4232155822624101
7.113787488894841 0.5594692502600145 -0.3671518750739329
7.242961090205896 0.4086419286970845 -0.5377309789431022
7.174915669972087 0.3002786094242583 -0.6014659094576542
7.02598932114884 0.5886811991351443 -0.3091831785513782
8.848116053660274 0.5604171729665783 -0.108563347426357
8.675815006427651 0.1887410795089352 -0.5706349631404206
8.741347697810925 0.2756245869354351 -0.5208177428573362
8.932184427793677 0.1936441548136723 -0.5225979594870422
8.989323058285251 0.306577993414026 -0.4551573516985206
9.266205107243959 0.3021846949128961 -0.4293019689526851
9.214095226326295 0.2323175347450016 -0.3939319080687103
6.120687169888427 0 -0.6181974297177266
7.340918501166549 0.3140271509982314 -0.6033069959708401
7.416272087073677 0.5795894037556737 -0.3623676433398647
9.004599163032161 0.4209490396526177 -0.3487021190673188
9.089148590966982 0.3570508438833146 -0.4000707341783553
8.889558926122003 0.3928534873958923 -0.4044286134391057
8.85893984396701 0.2861992388083706 -0.4917255097173276
7.381715991703592 0.4146621464614719 -0.5413265715083937
7.310731729273272 0.5032078685095912 -0.4552146217971199
7.480017487207883 0.4869694112776164 -0.4835882108339714
8.536140970041526 0.1368778212516921 -0.6108278969621262
8.605382924801956 0.2709441644473984 -0.5505660103876748
8.549033670774435 0.6138674262024475 -0.1102185980907244
9.18532143136839 0.3285943662666859 -0.4131973131428399
6.355441645631521 0.3129160497582176 -0.5474469714701778
8.544834007722589 0.4968225500556796 -0.3779707729266993
9.297414168410985 0.4083717545902473 -0.2690259907500947
7.534291204539759 0.3421856023790269 -0.5978020105750126
8.530481181174286 0.3874719475811176 -0.4926536008287212
8.562966821854012 0.573740422656814 -0.238206998944239
7.589563311653722 0.5666049774375259 -0.3956469788348717
7.276251743881538 0.1095894387732333 -0.6682151897821753
7.281424355160738 0.2203143149417882 -0.6406027331011888
7.591356736183515 0.1694777034827548 -0.670239934942329
8.630596124512206 0 -0.6090447723028696
8.687053404656961 0.09354784522314508 -0.5916294558584377
7.72121582948105 0.6278853854192983 -0.3009806208584175
7.753340811801978 0.5576404159890971 -0.4185204860791486
7.194942288154947 0 -0.6731657893923236
8.443317193966934 0.5502705876235185 -0.3303761777419085
8.399600050931141 0 -0.1654813709992347
8.315218830424021 0 -0.1144854750732682
8.195912230338585 0.6695398921129803 -0.1092362370638419
5.551391998259851 0.2518541409705879 -0.5312433173139701
8.472875573573301 0.2606687485771444 -0.5811370893184609
8.212863827758776 0.6306264995609501 -0.2443888998911871
8.418667093301877 0.6395312411515377 -0.09115190186468304
7.980027766122062 0.6441762691174051 -0.2673803103643718
8.043704127668667 0.6829700990086403 -0.1204387083643827
8.107343829940591 0.6509714247565976 -0.2230081069243567
8.475777510524651 0 -0.6363425040262214
7.932298318831435 0.5618661123174361 -0.4160208650965977
7.829362156439484 0.4775193520749612 -0.5108470365241009
7.728352595332124 0.3935342123550071 -0.5745679380637898
7.993132323910173 0.4724997009269061 -0.5117784442544453
7.856667912913202 0.614159188516459 -0.3356664153992804
8.105118719803958 0.5772609554302839 -0.3746085733965721
8.23365422861184 0.5008341265245029 -0.4501700480558816
8.40086037701564 0.3613026470333922 -0.5388744116275136
8.391317078993678 0.4694344407333091 -0.4499437867547911
8.35871596399932 0.1478954203176659 -0.6387467547994417
8.332175831222989 0.2841715234868128 -0.5953255316634189
8.249754501053131 0.3916710710800233 -0.5452360474150845
8.12383105168341 0.4627288580551915 -0.5067410548958955
8.209028312880216 0.2607033990525266 -0.6245666350717857
8.317542167063975 0 -0.6617933571983388
8.192969963183121 0.1285067017621717 -0.6664903749243893
5.507799436019765 0 -0.585517573593844
4.989711041608898 0.3738651848517898 -0.4136168572197362
4.982240062132078 0.2742925964352101 -0.4850779127665218
5.461164656604529 0.1182633656399011 -0.5709908532491608
5.404567774409199 0.2389505953057103 -0.5285446379793294
8.497013925167082 0.1957928342396352 -0.07516128964096674
8.509367909779275 0.1516005393039584 -0.1505676217344796
8.429859121538987 0.1424090679047473 -0.1072933806573212
8.450793247218083 0.07931679317631089 -0.1714547540338676
5.104659949070769 0.0817495360637383 -0.5579449252469468
5.225525898153363 0.08891295922672801 -0.5634442282123922
5.214522422116384 0.005747753349700268 -0.5697260904429868
5.356285250255683 0 -0.5773801723078157
5.305914489601711 0.1516708479654019 -0.554410628926184
5.25300649833619 0.2778560708496198 -0.4998029211952649
5.144024496105954 0.213834804610477 -0.5241057134019713
5.022486555109229 0.1697327322861794 -0.5331562541473372
5.351402705023451 0.3397971264991368 -0.4664003021617364
5.254973384846581 0.3830230792944707 -0.4245905436561312
5.2661947424071 0.4733687234691456 -0.3219769816350587
5.387895789380703 0.4822235122229244 -0.3205477081917397
8.085680192879449 0.3583551039755948 -0.5896149784077422
7.244588401875612 0.5731465662190715 -0.3575523099206174
8.060378248501088 0.2412463928226091 -0.6488515606434843
7.640894033793036 0.4746079542066118 -0.5050782411629386
8.640157554699366 0.2578544227072921 -0.06807081765163853
7.450511294164868 0.6782339604426444 -0.09735761348840855
8.823761563760449 0.3211299454467833 -0.07900019278715376
8.294064258339848 0.06010849817478953 -0.07420522176313823
5.190514454528952 0.4232319653407465 -0.3793475772143388
8.575255236740542 0.150949530486203 -0.1870958455005623
-4.343612148023079 0.3142067104761261 -0.3624414385123298
-4.346890644308059 0.2752634370320582 -0.3609756560637025
-4.196609284227246 0.259434042277172 -0.3741373589637361
-4.181435405245517 0.3317562202345228 -0.3785623128169422
-4.040047516160943 0.2486165104109322 -0.3834117502053417
-4.005341773016721 0.3475455333878387 -0.390456618778271
-3.878596266104942 0.2433985270580302 -0.3894827175248782
-3.816896488401163 0.3593425940819507 -0.3976888629541939
-3.620591071775403 0.3639321863812771 -0.3999951609132458
-3.714677115224576 0.2442105280741506 -0.3927907348563077
-3.547349420054411 0.2522730305523314 -0.3932862085903573
-3.421470319640939 0.3614896881839397 -0.3946936419678377
-3.378271559091966 0.2741705889998516 -0.3890422922890801
-3.227601120087136 0.3559524194662942 -0.3825925776373928
-3.210921220927115 0.3071445708007767 -0.3802740669374861
-4.347175662749763 0.275299442060751 0.360945739950273
-4.343612146796439 0.314206710617636 0.3624414386553172
-4.196727243013033 0.2594441741514343 0.3741288358398408
-4.1814354016233 0.3317562205976758 0.3785623131183963
-4.04004172261465 0.2486152200298159 0.3834119192791752
-3.878361333186839 0.2433946506928085 0.3894893031128954
-4.005341766395169 0.3475455339040308 0.3904566191272289
-3.816896478421876 0.3593425945364934 0.3976888632010894
-3.714372147428334 0.2442172841467835 0.3927944797253202
-3.620591058429308 0.363932186370706 0.399995160890406
-3.547354861641627 0.2522707795197059 0.3932860791820091
-3.421470303147085 0.3614896878240752 0.3946936411846667
-3.378261334583326 0.2741725357843117 0.3890419137987425
-3.227601153870332 0.3559524206289046 0.3825925801877355
-3.210916848526545 0.3071479461329433 0.3802738823869765
-3.831088161604017 0.9298171199097447 0.1515371536213412
-3.772663511377382 0.9791454687249943 0.07284750296901574
-3.89587675640399 0.9529714317085629 7.314031632516347e-18
-4.977145070094594 0.4494630542019136 0.09403722302554939
-4.91084841905772 0.5097833603898516 2.941274477474594e-17
-3.720486131577578 0.5759384333195328 0.3771136075266911
-2.87842412197997 0.3961455950108381 0.3490308501040669
-2.720357202263239 0.4442760586492556 0.3276019004668972
-2.861246498769671 0.6011610601851574 0.3176455243101809
-1.626229508196721 0.781967213114753 -0
-1.724081741973319 0.7965318676663293 5.835674492226677e-18
-1.626229508196721 0.7477821898845751 0.07277521710738706
-2.035014269497377 0.6255414925372055 0.1997246524907002
-2.023268942268872 0.7361714200029422 0.1485587510697665
-2.017447266082919 0.8441647425483888 1.1802225786825e-17
-1.99439222848171 0.8100595318408552 0.08053199162560862
-1.919615441799652 0.8281709689464005 1.08760131551737e-17
-3.941875306009961 0.6051423270154968 0.3577863893679558
-3.841529777308731 0.7307675989653751 0.318764796444145
-3.710781995205992 0.8577490569586581 0.2557006362814433
-3.857882991277652 0.8512507881035243 0.2370484293677627
-3.689374780911967 0.9582930307900597 0.1548212636501138
-3.565596712441749 0.9060225479232784 0.2200585824793365
-1.800200231526808 0.7555132152346791 0.09652610647249879
-1.910261837830987 0.7549198481493438 0.1167965613122695
-1.814879342448899 0.6588484101050389 0.1557906470967265
-4.558248305681621 0.4275151512789517 0.3121943257085574
-4.630186753810731 0.3223008728497537 0.316523917917043
-2.478529554003709 0.7697948111178765 0.2012427589573842
-2.36961539971904 0.8308358517952688 0.1380681865071715
-2.477947045302955 0.8748377773254842 0.111364851339766
-3.261556877832069 0.8718731859571137 0.2318661539440337
-3.215450727113621 0.9598184372349821 0.1297631977295093
-3.341492810875879 0.9523992277258448 0.1557307896814043
-3.413855302251321 0.8720928094255305 0.2428244127498895
-3.531196228402519 0.7424368193638624 0.3238228819412382
-3.318921332671863 0.7489795277054832 0.3103587085495289
-2.769198521374824 0.7761903181116516 0.239188517829084
-2.85370594707131 0.8969532951962269 0.15772274241041
-2.917930841099622 0.8489214489034317 0.2112712616016841
-2.686892721178747 0.6208974231627855 0.2912673835608116
-2.394245082656435 0.6669223100922198 0.2370832029486276
-2.332648393200494 0.7585807733558607 0.1852194905915477
-2.540358192691517 0.6488265697923296 0.263589518484947
-2.569400446424873 0.4904255086282023 0.3034930483344928
-4.758307309638143 0.5765408770345495 0.08355933039798311
-4.632168422788205 0.6394491556870185 0.08557639791917818
-4.730005430968747 0.6046849159773036 2.943955103440315e-17
-2.152141654939859 0.7598801772834605 0.1550411198127175
-2.096930868804801 0.8197949676413931 0.09290205739269407
-2.115235744724755 0.8599626481771987 1.211404321563287e-17
-3.043317368617666 0.8732762226223496 0.2076080382941914
-2.987369093998627 0.7552877293935067 0.2767704432492911
-3.04243613575621 0.6464154297026772 0.3248188601993883
-3.146772997558499 0.7684603537540651 0.2867996326588057
-3.55525166288619 0.9885414056281965 0.1096262267824995
-3.525777047275204 0.5392348522918551 0.3838036155109834
-3.361528295668791 0.5784286926202341 0.3687979753482247
-1.720756630327723 0.6694999851196728 0.1380480644371987
-1.821939510409544 0.8122008050485926 9.060830035413885e-18
-2.626363701135154 0.7614166153351142 0.2276620194458361
-2.669470150819043 0.8631044551296626 0.161666122221391
-2.969962094805873 0.9355169767597846 0.1279709191025424
-2.906043373974835 0.954961900230487 0.07598104052536284
-2.998182736231406 0.9788587573802414 4.442628855718472e-18
-3.198482138537774 0.5942961895007886 0.3533534520309496
-2.506714433856088 0.9192030567878688 9.951420658974384e-18
-2.584335784831228 0.9082954403065203 0.08511746584887306
-2.604833550228765 0.9326604516064817 8.945958039482082e-18
-3.19545559117754 0.9961407889755161 2.375558338581537e-18
-3.294213590346436 1.002924458871833 1.504833017794071e-18
-3.304787251514761 0.9935759322118605 0.06853712935595119
-3.048146652534419 0.4973585354398741 0.3574941254441132
-2.801304339144119 0.9574413387056553 6.719956962091057e-18
-2.748896328427 0.9394999846222539 0.0658457938272673
-2.703063654119754 0.9454355132245621 7.855827810342887e-18
-3.792119436599735 0.9837919447841865 3.79925455738239e-18
-3.690368659115425 1.007172530651054 8.983671550599057e-19
-3.647086883699963 1.003064562721319 0.07019844180418319
-3.492064070620222 1.011968752906879 2.803841683820271e-19
-3.426198991903096 0.9959736082062112 0.0812757429000338
-3.393085198077122 1.008265708402653 7.920174024936014e-19
-2.377213781596174 0.8833302368332434 0.07097538927320382
-2.408717243565091 0.9051361871632795 1.082904309967937e-17
-4.004865405498197 0.7160760651275013 0.3035426898039202
-4.84868541009654 0.4661429162086076 0.1796109642228215
-4.869654388085086 0.512979479031103 0.09273471751174903
-4.924513957962499 0.4198774042361488 0.1757037761721036
-4.001851347623137 0.9172399199730619 1.103735195681065e-17
-3.933927936835803 0.9284414608635001 0.08418797153715235
-4.074580783010776 0.8651518279042412 0.1235464356080237
-4.018090814169504 0.900700066926132 0.08053695455018853
-4.108660612336311 0.8780900727418859 1.472702511603371e-17
-3.702072312537949 0.7390231282940423 0.325053544270139
-3.591063717360671 1.013792560213628 2.06365096478111e-20
-2.245920949584831 0.6900686870151741 0.2064040226725803
-2.235061870440143 0.8163597235536935 0.1257742446758331
-2.159350617957352 0.6002790446721467 0.2251759992309069
-2.11861654393868 0.6876609921372691 0.1883761329097312
-3.09676101924869 0.9880722397501918 3.366577948874041e-18
-3.076332298182624 0.9576344261645262 0.1105990173045745
-4.109355432955296 0.7242359890121601 0.275844001762671
-4.135126993981668 0.8035625044085881 0.1904800459168789
-4.201744966001136 0.7072705592158115 0.2620279516329533
-4.066009971600073 0.4779124046973996 0.3763234719561812
-4.204866286089772 0.5048980934914163 0.3559274441036684
-3.900480980957579 0.4802820090984021 0.3870089728292523
-1.708687564299092 0.7433255386635413 0.09071392754650127
-1.626229508196721 0.6778698250025763 0.1221100980437533
-2.56773038582135 0.8440626310149794 0.1618272518666704
-4.427522881825467 0.4160029708135448 0.3414767512152709
-4.418293139976021 0.5970090208910048 0.2719638527030792
-4.48867478175749 0.5172906958868212 0.2957949017546975
-4.351634453634331 0.5159675518910757 0.3286336978447545
-4.290807353333318 0.4196956400106699 0.3612966322639666
-4.36314981281167 0.7259194449483397 0.1675785859491748
-4.399025928926605 0.7464518877327262 0.0886826756836159
-4.454838276260254 0.6757309742333941 0.1806363749999461
-4.116380888343278 0.6130996084116833 0.3340095693736315
-2.758718324878132 0.8921142341321225 0.1467996444354736
-2.67594871821048 0.9243446858740911 0.07918309267164142
-2.292086367306501 0.8727055341699059 0.06432749748739514
-4.528938186369235 0.5953550905044516 0.2300668086667335
-4.040994599933367 0.8121711323600305 0.2207865458199961
-4.223716229334425 0.7948394953151994 0.1500076292014225
-4.822729294973785 0.5571129925859971 2.98115342801629e-17
-3.946077474095171 0.8006663366802811 0.2591553935085608
-4.276882487743284 0.6130840295380062 0.302518610354986
-4.289051140844978 0.7186733562532102 0.2183986141559567
-4.846854694322555 0.3848323038895831 0.2375122649319212
-4.428211049598258 0.7466819976061686 2.427945760546848e-17
-4.32268642318868 0.7922306739544605 2.146308135458653e-17
-4.777641176017323 0.4372773017162154 0.2383392991707324
-4.785003117756993 0.519994585594494 0.1617706298296794
-3.147844869742318 0.8974677492174274 0.1981866551326449
-2.823611336865243 0.9442614428945306 0.07806344430591419
-2.899689486756903 0.9686139174041699 5.5712154969877e-18
-4.299236740657374 0.7851389437433476 0.101492355684873
-4.69714464911211 0.5670120722797573 0.1638287183970882
-3.961823884316873 0.8783691107523571 0.1710276505300681
-3.462752434407035 0.9550038633069294 0.1615224899424252
-4.531915858563318 0.6999087102182249 2.660507659177545e-17
-4.63262783674749 0.6525092521874969 2.834760352761069e-17
-4.713246184477498 0.4971203035452649 0.226393251220267
-4.748450197311074 0.3518622708212794 0.2826201812539392
-4.670182200956194 0.4241121254980796 0.2831888531555626
-4.549873215797429 0.6463034118418252 0.1572100206703933
-4.617793155551172 0.5986873416224584 0.1772204225745
-4.510178936150396 0.6942850000346843 0.09522657358526905
-3.143488460499172 0.9832783424891645 0.06262185834435398
-4.61305841724059 0.5245738965566898 0.2499832729696261
-4.215806880434669 0.8362431276542718 1.824099247186204e-17
-4.156453058847516 0.8485096658351314 0.08306962387360295
-1.864598919685984 0.8007883931801176 0.05948080516208708
-4.366622754160902 0.6641122927128263 0.2387492830856109
-2.310831680688552 0.8905286183303001 1.152770688786022e-17
-2.163788138716082 0.8538663514746139 0.05885925609016029
-2.213028082654121 0.8754481431454455 1.198383926459351e-17
-4.46703723717606 0.7259612841244959 0.04563688874296223
-2.877808627204655 0.7554329555686419 0.2638990025393927
-4.976638570059119 0.4491645692797758 -0.09522927702958807
-3.771593480775612 0.979570683316187 -0.07227239324195428
-4.095423469880673 0.5183102000338038 -0.3657711211933838
-2.572269377406503 0.8789724527727683 -0.1264390536804716
-3.675988897200506 0.5450876401293434 -0.3839625671469595
-1.626229508196721 0.7477822833490166 -0.07277512156909989
-3.293379634404908 0.5824608024118718 -0.3634244143508358
-3.483050287925544 0.658935688793223 -0.3536062240438838
-3.320494661804878 0.7674802690180057 -0.3016946007763806
-2.663161209420659 0.6140243923804302 -0.2901638882524776
-2.522065467987781 0.6575273106426616 -0.258192635347406
-2.568711197124871 0.4906424170270032 -0.303374267371846
-4.31908439967337 0.6614213674229084 -0.259038919510345
-4.390440394475736 0.7172166570752687 -0.1622224333048193
-4.253042008245706 0.7587896759355177 -0.1879992950863225
-3.024831049326027 0.6514496282111962 -0.3214662055172303
-2.936255910893076 0.7532265843159974 -0.2719388545747634
-2.83870121815978 0.6041776629054674 -0.3142639804833138
-3.362218866637376 0.9094620526635887 -0.2069819483586159
-3.468947888596437 0.8151644305397123 -0.2842939263395066
-3.720730560641283 0.872966210746933 -0.2426579521489767
-3.871870769544337 0.8467622674381012 -0.2378142380777193
-3.831983258819293 0.9313424255277075 -0.1485649137420517
-1.913222600407629 0.7563210276066341 -0.1162594180642239
-1.826874583919565 0.7164734728352959 -0.1287098623267056
-3.693691233984377 0.9593407124388007 -0.1522864914541265
-3.569992863304541 0.9255413240507979 -0.2008404321026216
-2.639004171866639 0.7775365002562562 -0.2204343596556006
-2.684313217580513 0.8925712747625869 -0.1322367540956171
-4.18676678354329 0.6692036501363701 -0.2924647253008945
-4.057642387768967 0.685779314045451 -0.3104909086365635
-3.953043508190971 0.6153206157762393 -0.353587919945404
-3.17086175920801 0.8507137531387705 -0.2394561111937554
-3.178955819467846 0.9511843903720009 -0.1382927657078003
-3.061237452700405 0.9214431863954826 -0.1615900628504596
-3.4601474663405 0.9199734845383043 -0.2026652971590961
-3.640644376495161 0.7365138261509749 -0.3276629398924761
-3.129741629917019 0.5269438935814673 -0.36076508325434
-3.175731413834507 0.7078228206863443 -0.3163351753856254
-3.055279827960959 0.8037251234963014 -0.2582522328854371
-2.964652959751014 0.8698216471448919 -0.2004801911311694
-2.050770284177257 0.8211148803413315 -0.07999198268283247
-2.512284791999304 0.7841061496128108 -0.1976710948361568
-3.572002449933965 0.9925174682699598 -0.1012679009705177
-2.352850265424725 0.8474422352543071 -0.1175961350238642
-4.345425384925905 0.7693851862413938 -0.08968740506689199
-2.98845861753347 0.9650363287474509 -0.07335622136092398
-2.832815588396708 0.7626666563614382 -0.2546714263258756
-2.867427342646469 0.8645568811761883 -0.1915152432209065
-2.466263875467781 0.8758246628390569 -0.1073491965047039
-3.658823402593855 1.002767949888018 -0.06731830473272571
-4.126056572554057 0.7757024817587985 -0.2269448385216451
-4.008593403480734 0.807430629307864 -0.2364370660126433
-3.917086582529624 0.7372889227350428 -0.3060518351095728
-3.12516600428964 0.9769623045186967 -0.07740798431632165
-4.461636065586247 0.618073050130284 -0.2397874380380243
-2.638541414783359 0.9231829171945869 -0.06976536831513308
-2.377665616181996 0.7035713289031964 -0.2199939809437841
-3.94335192149121 0.924645098121565 -0.08649690932378257
-4.053159739538581 0.8718091085462889 -0.1261125741086936
-2.845639782042298 0.9387130051312307 -0.09613981162428928
-4.161976428885559 0.8367425112132071 -0.1122199660058943
-3.450658164402903 0.4920277157402991 -0.3880746525509139
-3.346410590077776 0.9862793723966101 -0.09614249016374771
-4.351885240213377 0.4678197500753039 -0.3429410179368379
-4.248164607877389 0.5658582478748091 -0.3300870654937799
-4.239590230912549 0.4402829578740212 -0.3645584653261026
-4.747679590069571 0.3516389103459641 -0.2828957856404648
-4.846114991701049 0.3845417247153241 -0.2379507731976847
-4.750203631020721 0.4417348671380313 -0.247059192966441
-1.626229508196721 0.677869825002647 -0.1221100980437167
-1.720794320955215 0.6694961906007603 -0.1380548914575687
-4.506606477623338 0.6747901723101707 -0.1436989900966895
-4.590708745032002 0.61862056738992 -0.1687143511323538
-4.611080730302181 0.557212677538846 -0.2253768454492103
-2.151888860564867 0.8373361295473172 -0.08345513906413993
-4.37723903798079 0.5645973700578792 -0.3025334429078482
-4.498262056665605 0.504220549178249 -0.2991767403456799
-2.719891114359703 0.4444248531562812 -0.3275322038829399
-2.878221181438964 0.3962054686450802 -0.3490060448346636
-2.741727905370685 0.7214545491843581 -0.2626078705257891
-2.757750372919588 0.8369193914191528 -0.19801153015466
-2.975716388841573 0.5079084325795307 -0.3486755346909799
-3.460416821464698 0.9798578301564311 -0.1216873365512893
-2.034672040240048 0.6256049396529897 -0.1996545935862235
-2.158108413639924 0.6005527949252021 -0.2249226968756972
-2.117426680902108 0.6959501112869327 -0.1844784138409774
-2.244102877658454 0.6803724569444916 -0.2101705120891074
-2.778009526476276 0.9052792126372863 -0.1342904076890833
-3.260446962310867 0.8958624635338185 -0.2113079149722247
-4.261901432762758 0.8060219193971668 -0.08420756505214874
-3.896341603640129 0.4964805821580138 -0.3849383263332722
-3.273903690525765 0.9594476888062429 -0.1380376807055558
-3.801378739553481 0.649883446581037 -0.3541270429512053
-3.058531868810408 0.9740632310515578 -0.06757581844320257
-2.424120079859333 0.8076104429823773 -0.1673218786909244
-4.704225339917744 0.5859279429590329 -0.1272178066494219
-4.617057235729444 0.6485016556683322 -0.07998057823444876
-1.744896700094979 0.751852147452738 -0.08966658497945437
-1.972799356446438 0.8084482763954384 -0.07728282174145823
-2.010723744634395 0.7306674081587446 -0.1497924206551434
-2.185376345483849 0.7668903713837466 -0.1559919857064277
-2.099262401889893 0.7789700255417609 -0.1322932633303489
-1.831674802132498 0.7893947895849021 -0.06731220881599874
-2.934565490793182 0.9363230862046621 -0.1199752935687284
-4.732360541324304 0.517203090892126 -0.1989968505444248
-4.635217641293313 0.476437995619878 -0.2708262411957255
-3.947966130629938 0.8837307294429171 -0.1696786944734394
-2.239725315438672 0.838245147062157 -0.1035191043230627
-3.420197037340345 1.003336794093541 -0.05446901708364711
-1.814847961078599 0.658852315871048 -0.1557845647842419
-4.466067102948667 0.7188963090192325 -0.08071367839758198
-2.278728582038863 0.8723062572769599 -0.06043316740295442
-4.891928980118689 0.4849500617836852 -0.1223947904447173
-4.923695803533643 0.419449001077941 -0.1765939236266613
-2.759234237843315 0.9404248260928924 -0.06696887103597127
-3.787664391418838 0.776601400155073 -0.3005238727774184
-2.280031257170763 0.7784710126180452 -0.1640681191443011
-3.253086503646736 0.9908819303494888 -0.06595442685279584
-4.551678153101542 0.4020248758351137 -0.3203153959631883
-4.670656140591563 0.3994460580169352 -0.2916068679912097
-4.629935797556023 0.3222455656802066 -0.3165818283824043
-4.831279617047272 0.4601960159786295 -0.1956092320180202
-4.806914338434183 0.5305271125462497 -0.1276967356192063
-4.862228423471909 0.5265880861947723 -0.066213527338293
-4.436362751518517 0.3963183004582566 -0.3434064869845319
-4.772704688899129 0.5742968697751032 -0.06623587847498992
-3.597633300559321 0.845558308205647 -0.2683791241578737
-1.570830354620549 0.6816206891059122 0.1141857724405015
-1.538958515985245 0.769354993459856 -5.668208029899575e-18
-1.456343767571889 0.7564649766010652 -8.81045930896269e-18
-1.373848202879006 0.7428662186654391 -1.032626355812906e-17
-1.348002552624546 0.717531464179435 0.05695622878461155
-1.57083172781267 0.6816202779115164 -0.1141861413116202
-1.347888333184571 0.7175512621898292 -0.05690552777082836
1 3 2 1.0
4 3 5 1.0
6 8 7 1.0
9 11 10 1.0
12 7 13 1.0
11 12 14 1.0
1 13 15 1.0
16 9 17 1.0
17 19 18 1.0
20 22 21 1.0
23 25 24 1.0
26 24 25 1.0
26 28 27 1.0
29 31 30 1.0
32 34 33 1.0
35 37 36 1.0
38 39 36 1.0
29 24 26 1.0
29 26 27 1.0
27 31 29 1.0
40 42 41 1.0
11 14 43 1.0
13 7 8 1.0
9 12 11 1.0
44 13 8 1.0
45 12 13 1.0
14 12 45 1.0
1 45 13 1.0
21 47 46 1.0
37 46 47 1.0
48 20 46 1.0
21 46 20 1.0
36 47 38 1.0
49 25 23 1.0
33 43 14 1.0
35 36 39 1.0
47 36 37 1.0
49 28 25 1.0
26 25 28 1.0
24 50 23 1.0
43 33 34 1.0
32 33 2 1.0
34 40 43 1.0
43 40 41 1.0
51 52 42 1.0
43 41 11 1.0
53 49 23 1.0
54 52 51 1.0
41 10 11 1.0
9 7 12 1.0
53 23 55 1.0
56 58 57 1.0
19 17 10 1.0
9 16 6 1.0
18 16 17 1.0
7 9 6 1.0
59 18 19 1.0
60 61 55 1.0
50 55 23 1.0
61 53 55 1.0
55 50 62 1.0
61 60 63 1.0
56 52 54 1.0
56 54 64 1.0
64 58 56 1.0
52 56 10 1.0
65 55 62 1.0
63 60 58 1.0
60 55 65 1.0
62 59 65 1.0
66 67 15 1.0
1 15 67 1.0
66 15 44 1.0
44 15 13 1.0
14 2 33 1.0
45 2 14 1.0
32 2 3 1.0
45 1 2 1.0
52 41 42 1.0
60 57 58 1.0
59 19 57 1.0
60 65 57 1.0
59 57 65 1.0
35 48 37 1.0
46 37 48 1.0
10 56 57 1.0
19 10 57 1.0
52 10 41 1.0
9 10 17 1.0
1 67 5 1.0
68 5 67 1.0
1 5 3 1.0
68 4 5 1.0
69 71 70 1.0
21 22 72 1.0
73 75 74 1.0
75 76 74 1.0
69 70 73 1.0
22 77 72 1.0
75 79 78 1.0
80 82 81 1.0
79 84 83 1.0
84 79 75 1.0
21 85 47 1.0
77 86 72 1.0
72 87 85 1.0
88 38 85 1.0
47 85 38 1.0
89 91 90 1.0
81 82 92 1.0
93 95 94 1.0
92 95 81 1.0
93 97 96 1.0
98 87 86 1.0
99 101 100 1.0
72 85 21 1.0
97 93 102 1.0
71 93 83 1.0
80 81 103 1.0
80 104 82 1.0
100 105 103 1.0
106 96 107 1.0
95 99 81 1.0
95 108 94 1.0
71 83 84 1.0
88 85 87 1.0
79 96 78 1.0
92 108 95 1.0
99 103 81 1.0
102 93 94 1.0
83 93 96 1.0
75 70 84 1.0
71 95 93 1.0
70 75 73 1.0
78 96 106 1.0
109 110 78 1.0
78 106 109 1.0
107 96 97 1.0
78 76 75 1.0
74 76 111 1.0
76 110 112 1.0
76 112 111 1.0
100 103 99 1.0
76 78 110 1.0
113 68 67 1.0
113 67 114 1.0
112 115 111 1.0
115 112 114 1.0
66 115 114 1.0
114 67 66 1.0
103 105 116 1.0
71 99 95 1.0
101 71 69 1.0
71 101 99 1.0
79 83 96 1.0
80 89 90 1.0
117 116 98 1.0
90 104 80 1.0
98 119 118 1.0
70 71 84 1.0
117 98 86 1.0
87 98 118 1.0
118 88 87 1.0
72 86 87 1.0
77 120 86 1.0
117 86 120 1.0
119 98 116 1.0
120 91 117 1.0
89 117 91 1.0
80 103 116 1.0
119 116 105 1.0
80 116 89 1.0
89 116 117 1.0
44 121 66 1.0
122 124 123 1.0
125 127 126 1.0
128 129 125 1.0
130 132 131 1.0
133 135 134 1.0
136 123 137 1.0
138 140 139 1.0
141 143 142 1.0
127 125 129 1.0
144 146 145 1.0
147 149 148 1.0
149 150 148 1.0
151 153 152 1.0
154 156 155 1.0
157 159 158 1.0
125 126 160 1.0
161 159 160 1.0
162 163 30 1.0
38 164 39 1.0
128 165 129 1.0
166 168 167 1.0
169 135 133 1.0
170 165 171 1.0
172 123 173 1.0
123 124 174 1.0
136 173 123 1.0
124 156 175 1.0
134 176 155 1.0
175 174 124 1.0
177 179 178 1.0
178 180 177 1.0
123 174 137 1.0
181 176 134 1.0
182 184 183 1.0
185 150 149 1.0
186 187 168 1.0
152 189 188 1.0
166 190 168 1.0
187 191 168 1.0
24 192 50 1.0
50 192 193 1.0
194 153 146 1.0
168 190 186 1.0
152 153 195 1.0
153 145 146 1.0
194 195 153 1.0
187 186 196 1.0
151 186 197 1.0
196 188 187 1.0
153 151 145 1.0
192 198 193 1.0
186 151 196 1.0
152 196 151 1.0
199 201 200 1.0
196 152 188 1.0
202 204 203 1.0
205 207 206 1.0
208 210 209 1.0
211 202 203 1.0
212 203 204 1.0
213 215 214 1.0
207 216 206 1.0
207 217 216 1.0
172 219 218 1.0
217 220 216 1.0
216 220 221 1.0
222 223 210 1.0
217 224 220 1.0
225 224 226 1.0
227 229 228 1.0
230 232 231 1.0
233 231 234 1.0
235 218 236 1.0
199 238 237 1.0
239 238 240 1.0
241 242 226 1.0
223 6 210 1.0
16 210 6 1.0
243 242 244 1.0
241 244 242 1.0
245 247 246 1.0
213 214 248 1.0
194 249 195 1.0
250 251 212 1.0
252 163 253 1.0
254 256 255 1.0
257 259 258 1.0
260 169 261 1.0
133 261 169 1.0
260 261 262 1.0
262 261 263 1.0
264 266 265 1.0
243 268 267 1.0
269 202 270 1.0
264 270 202 1.0
157 245 271 1.0
199 272 201 1.0
205 274 273 1.0
275 251 274 1.0
205 206 274 1.0
276 218 201 1.0
200 201 277 1.0
232 234 231 1.0
189 234 232 1.0
233 234 195 1.0
252 253 231 1.0
230 231 253 1.0
241 239 244 1.0
200 278 199 1.0
279 131 280 1.0
211 280 281 1.0
279 280 203 1.0
211 203 280 1.0
259 282 258 1.0
259 283 282 1.0
142 285 284 1.0
142 284 141 1.0
286 224 287 1.0
125 289 288 1.0
265 266 290 1.0
265 290 291 1.0
292 291 290 1.0
293 295 294 1.0
293 294 296 1.0
297 296 294 1.0
298 300 299 1.0
268 301 299 1.0
302 130 303 1.0
131 303 130 1.0
304 140 305 1.0
138 305 140 1.0
138 287 305 1.0
306 255 307 1.0
256 307 255 1.0
306 307 308 1.0
267 310 309 1.0
311 310 267 1.0
311 312 310 1.0
313 297 314 1.0
297 313 296 1.0
212 204 250 1.0
250 204 315 1.0
316 317 275 1.0
317 296 313 1.0
122 235 262 1.0
318 320 319 1.0
257 258 321 1.0
265 321 322 1.0
257 321 323 1.0
293 325 324 1.0
317 325 296 1.0
293 296 325 1.0
326 183 184 1.0
298 183 326 1.0
182 183 301 1.0
217 144 327 1.0
311 267 328 1.0
268 328 267 1.0
311 328 329 1.0
184 182 330 1.0
184 330 331 1.0
147 332 247 1.0
131 281 280 1.0
333 281 132 1.0
131 132 281 1.0
182 301 334 1.0
192 336 335 1.0
192 24 336 1.0
228 229 209 1.0
18 59 228 1.0
227 228 59 1.0
227 59 337 1.0
163 252 338 1.0
339 338 249 1.0
252 249 338 1.0
233 195 249 1.0
327 144 145 1.0
247 158 149 1.0
245 158 247 1.0
245 157 158 1.0
340 342 341 1.0
8 340 44 1.0
254 229 343 1.0
264 265 322 1.0
344 270 322 1.0
345 309 346 1.0
243 309 242 1.0
345 242 309 1.0
211 281 347 1.0
333 347 281 1.0
333 348 347 1.0
204 202 269 1.0
349 204 350 1.0
252 233 249 1.0
252 231 233 1.0
351 353 352 1.0
215 240 214 1.0
219 128 277 1.0
125 288 128 1.0
354 121 355 1.0
44 355 121 1.0
354 355 340 1.0
44 340 355 1.0
356 278 357 1.0
289 357 288 1.0
356 199 278 1.0
356 238 199 1.0
264 202 211 1.0
358 360 359 1.0
24 29 336 1.0
339 336 338 1.0
361 193 350 1.0
241 327 362 1.0
200 288 278 1.0
278 288 357 1.0
346 309 310 1.0
243 267 309 1.0
362 363 272 1.0
254 255 222 1.0
352 222 255 1.0
124 263 155 1.0
122 263 124 1.0
133 263 261 1.0
122 262 263 1.0
258 322 321 1.0
344 322 258 1.0
164 253 162 1.0
163 162 253 1.0
251 273 274 1.0
250 273 251 1.0
250 364 273 1.0
194 335 249 1.0
339 249 335 1.0
147 247 149 1.0
185 149 158 1.0
227 337 365 1.0
269 365 337 1.0
229 227 366 1.0
124 155 156 1.0
133 155 263 1.0
154 155 176 1.0
133 134 155 1.0
272 363 190 1.0
272 190 166 1.0
122 123 235 1.0
364 205 273 1.0
264 211 266 1.0
347 266 211 1.0
339 335 336 1.0
157 160 159 1.0
289 160 157 1.0
161 160 126 1.0
289 125 160 1.0
128 171 165 1.0
219 171 128 1.0
219 172 171 1.0
50 193 62 1.0
361 62 193 1.0
185 158 367 1.0
367 158 159 1.0
254 208 229 1.0
288 277 128 1.0
200 277 288 1.0
219 277 218 1.0
218 277 201 1.0
164 38 368 1.0
230 368 38 1.0
164 368 253 1.0
230 253 368 1.0
179 369 178 1.0
134 369 181 1.0
179 181 369 1.0
264 322 270 1.0
223 359 342 1.0
8 342 340 1.0
223 342 6 1.0
8 6 342 1.0
206 370 274 1.0
316 274 370 1.0
371 370 221 1.0
372 371 221 1.0
370 371 316 1.0
356 214 238 1.0
240 238 214 1.0
373 173 136 1.0
170 173 373 1.0
172 173 171 1.0
170 171 173 1.0
220 224 286 1.0
345 287 224 1.0
372 141 371 1.0
316 371 141 1.0
134 135 369 1.0
178 369 135 1.0
316 275 274 1.0
313 275 317 1.0
275 313 314 1.0
279 314 297 1.0
275 314 251 1.0
251 314 212 1.0
29 30 374 1.0
163 374 30 1.0
163 338 374 1.0
269 270 365 1.0
289 157 357 1.0
287 138 286 1.0
375 286 138 1.0
375 372 221 1.0
206 221 370 1.0
206 216 221 1.0
317 316 376 1.0
141 376 316 1.0
317 376 284 1.0
141 284 376 1.0
240 334 239 1.0
215 334 240 1.0
377 334 301 1.0
215 182 334 1.0
282 283 307 1.0
218 235 172 1.0
123 172 235 1.0
377 243 244 1.0
279 212 314 1.0
279 203 212 1.0
378 379 146 1.0
378 198 379 1.0
335 194 379 1.0
359 380 358 1.0
359 223 380 1.0
358 380 353 1.0
352 353 380 1.0
381 383 382 1.0
384 304 385 1.0
306 351 386 1.0
352 386 351 1.0
306 386 255 1.0
352 255 386 1.0
343 229 366 1.0
365 366 227 1.0
365 270 366 1.0
247 387 246 1.0
319 387 318 1.0
352 380 222 1.0
223 222 380 1.0
327 241 226 1.0
225 226 242 1.0
327 226 217 1.0
217 226 224 1.0
318 387 332 1.0
247 332 387 1.0
357 271 356 1.0
246 271 245 1.0
357 157 271 1.0
327 145 363 1.0
304 305 385 1.0
287 385 305 1.0
349 198 315 1.0
337 59 361 1.0
62 361 59 1.0
379 198 335 1.0
192 335 198 1.0
337 361 350 1.0
337 350 269 1.0
269 350 204 1.0
29 338 336 1.0
374 338 29 1.0
344 388 343 1.0
344 258 388 1.0
272 166 201 1.0
246 214 271 1.0
356 271 214 1.0
262 235 236 1.0
276 236 218 1.0
262 236 389 1.0
276 390 236 1.0
268 377 301 1.0
268 243 377 1.0
222 210 208 1.0
222 208 254 1.0
354 340 341 1.0
359 341 342 1.0
354 341 360 1.0
359 360 341 1.0
347 348 391 1.0
292 391 348 1.0
347 391 266 1.0
256 282 307 1.0
308 307 283 1.0
378 315 198 1.0
364 315 378 1.0
349 315 204 1.0
364 250 315 1.0
377 239 334 1.0
377 244 239 1.0
285 324 284 1.0
390 392 389 1.0
260 389 392 1.0
390 389 236 1.0
260 262 389 1.0
327 363 362 1.0
331 330 320 1.0
390 166 167 1.0
191 167 168 1.0
390 167 392 1.0
191 392 167 1.0
385 287 345 1.0
385 345 346 1.0
270 344 366 1.0
343 366 344 1.0
329 328 300 1.0
300 328 299 1.0
268 299 328 1.0
294 295 393 1.0
320 330 319 1.0
213 319 330 1.0
239 237 238 1.0
199 237 272 1.0
362 272 237 1.0
343 388 254 1.0
256 254 388 1.0
324 325 284 1.0
317 284 325 1.0
303 131 279 1.0
303 279 297 1.0
239 362 237 1.0
239 241 362 1.0
258 282 388 1.0
256 388 282 1.0
302 303 393 1.0
297 393 303 1.0
302 393 295 1.0
297 294 393 1.0
217 207 144 1.0
276 201 166 1.0
276 166 390 1.0
382 375 138 1.0
382 372 375 1.0
246 387 248 1.0
319 248 387 1.0
246 248 214 1.0
319 213 248 1.0
146 379 194 1.0
330 182 213 1.0
215 213 182 1.0
292 290 391 1.0
266 391 290 1.0
378 146 207 1.0
205 364 378 1.0
383 394 382 1.0
141 394 143 1.0
383 143 394 1.0
141 372 394 1.0
382 394 372 1.0
139 381 395 1.0
382 395 381 1.0
139 395 138 1.0
382 138 395 1.0
16 209 210 1.0
18 209 16 1.0
208 209 229 1.0
18 228 209 1.0
234 189 152 1.0
234 152 195 1.0
205 378 207 1.0
144 207 146 1.0
345 225 242 1.0
345 224 225 1.0
310 312 396 1.0
397 396 312 1.0
310 396 346 1.0
397 346 396 1.0
385 346 398 1.0
397 398 346 1.0
385 398 384 1.0
397 384 398 1.0
349 193 198 1.0
349 350 193 1.0
190 197 186 1.0
363 197 190 1.0
151 197 145 1.0
363 145 197 1.0
375 220 286 1.0
375 221 220 1.0
321 265 399 1.0
291 399 265 1.0
321 399 323 1.0
291 323 399 1.0
298 299 400 1.0
301 400 299 1.0
298 400 183 1.0
301 183 400 1.0
401 403 402 1.0
404 405 118 1.0
88 405 38 1.0
118 406 404 1.0
38 405 230 1.0
232 230 405 1.0
130 407 132 1.0
408 143 383 1.0
409 411 410 1.0
406 412 404 1.0
413 415 414 1.0
416 418 417 1.0
419 401 420 1.0
421 415 413 1.0
422 421 413 1.0
423 403 422 1.0
424 426 425 1.0
427 429 428 1.0
430 432 431 1.0
178 433 180 1.0
433 178 434 1.0
435 437 436 1.0
414 439 438 1.0
440 413 414 1.0
412 442 441 1.0
432 430 426 1.0
439 414 415 1.0
443 100 101 1.0
444 446 445 1.0
348 333 447 1.0
422 413 423 1.0
142 448 285 1.0
409 410 189 1.0
404 412 411 1.0
449 260 392 1.0
66 121 115 1.0
423 402 403 1.0
450 452 451 1.0
453 452 420 1.0
414 438 425 1.0
454 456 455 1.0
406 118 119 1.0
118 405 88 1.0
405 404 409 1.0
457 458 441 1.0
459 392 191 1.0
441 411 412 1.0
119 460 406 1.0
189 410 188 1.0
460 412 406 1.0
105 460 119 1.0
410 411 458 1.0
458 411 441 1.0
409 189 232 1.0
412 460 442 1.0
457 462 461 1.0
459 463 418 1.0
405 409 232 1.0
411 409 404 1.0
435 436 459 1.0
449 392 459 1.0
458 188 410 1.0
191 187 463 1.0
459 191 463 1.0
418 435 459 1.0
417 418 464 1.0
435 418 416 1.0
443 101 465 1.0
101 69 465 1.0
466 468 467 1.0
469 471 470 1.0
472 474 473 1.0
475 477 476 1.0
478 479 473 1.0
449 480 260 1.0
481 480 482 1.0
449 483 480 1.0
484 486 485 1.0
487 489 488 1.0
490 488 489 1.0
260 491 169 1.0
481 491 480 1.0
260 480 491 1.0
487 492 489 1.0
492 456 493 1.0
494 496 495 1.0
293 497 295 1.0
329 300 498 1.0
499 501 500 1.0
470 502 469 1.0
332 502 318 1.0
292 503 291 1.0
324 504 293 1.0
293 504 497 1.0
304 505 140 1.0
506 508 507 1.0
437 509 436 1.0
510 511 462 1.0
506 507 512 1.0
470 512 507 1.0
470 471 512 1.0
453 514 513 1.0
486 471 515 1.0
484 485 416 1.0
466 516 443 1.0
517 408 518 1.0
519 478 520 1.0
308 521 306 1.0
495 521 522 1.0
523 525 524 1.0
526 407 525 1.0
487 461 475 1.0
487 488 461 1.0
527 445 446 1.0
257 444 259 1.0
291 528 323 1.0
446 528 529 1.0
291 503 528 1.0
408 530 518 1.0
381 530 383 1.0
408 383 530 1.0
147 531 332 1.0
486 515 485 1.0
407 130 532 1.0
302 532 130 1.0
407 532 525 1.0
495 496 533 1.0
353 533 496 1.0
353 351 533 1.0
329 534 311 1.0
454 534 535 1.0
308 283 536 1.0
445 522 536 1.0
312 454 455 1.0
537 455 456 1.0
312 455 397 1.0
507 538 470 1.0
320 538 331 1.0
469 502 531 1.0
332 531 502 1.0
142 143 539 1.0
408 539 143 1.0
142 539 448 1.0
503 541 540 1.0
292 541 503 1.0
447 541 348 1.0
292 348 541 1.0
324 285 542 1.0
448 542 285 1.0
324 542 504 1.0
504 542 543 1.0
326 184 544 1.0
326 544 508 1.0
507 508 544 1.0
333 545 447 1.0
407 545 132 1.0
333 132 545 1.0
304 384 546 1.0
537 546 384 1.0
304 546 505 1.0
505 546 547 1.0
443 516 100 1.0
519 548 478 1.0
430 425 426 1.0
424 425 438 1.0
437 515 549 1.0
514 549 515 1.0
469 531 451 1.0
550 451 551 1.0
550 450 451 1.0
490 552 484 1.0
553 552 490 1.0
553 501 552 1.0
423 549 402 1.0
437 549 509 1.0
423 509 549 1.0
436 509 554 1.0
440 554 509 1.0
483 554 555 1.0
111 115 556 1.0
111 556 557 1.0
456 547 537 1.0
558 547 559 1.0
456 492 547 1.0
517 543 448 1.0
560 540 561 1.0
526 540 447 1.0
527 446 529 1.0
298 499 300 1.0
487 559 492 1.0
492 559 547 1.0
139 562 381 1.0
517 518 477 1.0
476 477 518 1.0
381 562 530 1.0
302 295 524 1.0
473 479 525 1.0
526 525 479 1.0
453 451 452 1.0
469 451 453 1.0
497 524 295 1.0
523 524 497 1.0
302 524 532 1.0
532 524 525 1.0
354 556 121 1.0
115 121 556 1.0
320 318 563 1.0
449 459 436 1.0
457 417 458 1.0
481 431 564 1.0
565 431 432 1.0
481 430 431 1.0
566 467 468 1.0
466 467 516 1.0
470 538 563 1.0
320 563 538 1.0
470 563 502 1.0
502 563 318 1.0
358 567 360 1.0
568 494 569 1.0
488 490 570 1.0
461 488 571 1.0
560 529 503 1.0
503 529 528 1.0
429 572 428 1.0
434 572 429 1.0
434 178 572 1.0
560 561 566 1.0
478 473 573 1.0
474 573 473 1.0
454 535 574 1.0
553 574 535 1.0
454 574 456 1.0
456 574 493 1.0
472 504 543 1.0
448 543 542 1.0
560 503 540 1.0
447 540 541 1.0
475 511 477 1.0
558 505 547 1.0
537 547 546 1.0
514 402 549 1.0
491 481 575 1.0
558 562 505 1.0
423 413 509 1.0
440 509 413 1.0
497 504 576 1.0
472 576 504 1.0
497 576 523 1.0
523 576 473 1.0
436 554 449 1.0
483 449 554 1.0
569 577 568 1.0
527 577 445 1.0
485 435 416 1.0
564 431 428 1.0
565 428 431 1.0
564 428 572 1.0
565 427 428 1.0
531 551 451 1.0
147 551 531 1.0
550 551 148 1.0
147 148 551 1.0
499 508 501 1.0
506 501 508 1.0
564 135 575 1.0
169 575 135 1.0
564 575 481 1.0
169 491 575 1.0
578 74 557 1.0
111 557 74 1.0
578 557 567 1.0
558 476 579 1.0
73 580 69 1.0
329 498 534 1.0
535 534 498 1.0
437 485 515 1.0
523 473 525 1.0
472 473 576 1.0
485 437 435 1.0
566 468 527 1.0
568 580 494 1.0
500 498 300 1.0
499 500 300 1.0
498 500 535 1.0
535 500 501 1.0
560 566 529 1.0
564 572 135 1.0
178 135 572 1.0
430 481 482 1.0
483 482 480 1.0
430 482 425 1.0
425 482 555 1.0
440 555 554 1.0
414 555 440 1.0
483 555 482 1.0
414 425 555 1.0
494 578 496 1.0
553 535 501 1.0
527 529 566 1.0
510 462 520 1.0
358 581 567 1.0
496 581 353 1.0
358 353 581 1.0
457 442 462 1.0
457 441 442 1.0
460 582 442 1.0
496 578 581 1.0
567 581 578 1.0
140 562 139 1.0
140 505 562 1.0
543 474 472 1.0
467 548 519 1.0
467 519 516 1.0
402 514 420 1.0
402 420 401 1.0
583 419 420 1.0
514 453 420 1.0
583 420 452 1.0
462 442 520 1.0
567 557 584 1.0
556 584 557 1.0
556 354 584 1.0
474 510 573 1.0
326 508 585 1.0
499 585 508 1.0
326 585 298 1.0
499 298 585 1.0
559 475 476 1.0
559 487 475 1.0
553 490 493 1.0
489 493 490 1.0
553 493 574 1.0
489 492 493 1.0
354 360 584 1.0
567 584 360 1.0
465 568 586 1.0
577 586 568 1.0
465 586 468 1.0
306 521 351 1.0
474 511 510 1.0
474 477 511 1.0
580 568 465 1.0
580 465 69 1.0
495 533 521 1.0
351 521 533 1.0
259 444 283 1.0
516 587 100 1.0
105 100 587 1.0
512 471 486 1.0
501 506 552 1.0
552 486 484 1.0
476 558 559 1.0
495 569 494 1.0
495 522 569 1.0
539 517 448 1.0
539 408 517 1.0
445 536 444 1.0
283 444 536 1.0
184 331 544 1.0
507 544 538 1.0
331 538 544 1.0
471 469 513 1.0
453 513 469 1.0
471 513 515 1.0
515 513 514 1.0
573 520 478 1.0
510 520 573 1.0
519 520 582 1.0
582 520 442 1.0
479 548 561 1.0
479 478 548 1.0
105 587 460 1.0
582 460 587 1.0
545 407 526 1.0
545 526 447 1.0
457 571 417 1.0
570 571 488 1.0
457 461 571 1.0
188 464 187 1.0
417 464 458 1.0
188 458 464 1.0
518 530 579 1.0
562 579 530 1.0
518 579 476 1.0
562 558 579 1.0
474 543 588 1.0
517 588 543 1.0
474 588 477 1.0
517 477 588 1.0
443 465 466 1.0
468 466 465 1.0
475 461 589 1.0
462 589 461 1.0
475 589 511 1.0
462 511 589 1.0
522 445 577 1.0
522 577 569 1.0
384 397 590 1.0
455 590 397 1.0
384 590 537 1.0
455 537 590 1.0
494 591 578 1.0
73 591 580 1.0
494 580 591 1.0
570 417 571 1.0
570 416 417 1.0
463 464 418 1.0
187 464 463 1.0
516 582 587 1.0
516 519 582 1.0
561 548 467 1.0
561 467 566 1.0
506 512 552 1.0
486 552 512 1.0
484 416 570 1.0
484 570 490 1.0
526 561 540 1.0
526 479 561 1.0
73 74 591 1.0
578 591 74 1.0
577 527 586 1.0
468 586 527 1.0
308 536 592 1.0
522 592 536 1.0
308 592 521 1.0
522 521 592 1.0
312 311 593 1.0
534 593 311 1.0
312 593 454 1.0
534 454 593 1.0
528 446 594 1.0
528 594 323 1.0
257 323 594 1.0
257 594 444 1.0
446 444 594 1.0
180 596 595 1.0
597 599 598 2.0
600 602 601 2.0
599 603 598 2.0
604 605 599 2.0
603 607 606 2.0
608 610 609 2.0
611 613 612 2.0
614 616 615 2.0
617 602 600 2.0
618 620 619 2.0
621 623 622 2.0
624 626 625 2.0
627 629 628 2.0
625 601 620 2.0
630 625 628 2.0
600 601 631 2.0
630 624 625 2.0
631 601 632 2.0
620 627 625 2.0
618 627 620 2.0
625 627 628 2.0
633 629 634 2.0
627 634 629 2.0
620 601 602 2.0
617 619 602 2.0
618 635 634 2.0
627 618 634 2.0
633 634 635 2.0
602 619 620 2.0
616 611 612 2.0
611 614 636 2.0
633 635 637 2.0
635 638 637 2.0
618 619 638 2.0
611 616 614 2.0
618 638 635 2.0
639 637 638 2.0
639 638 623 2.0
638 622 623 2.0
640 641 638 2.0
621 622 642 2.0
622 638 641 2.0
643 641 644 2.0
619 617 640 2.0
643 642 622 2.0
640 638 619 2.0
645 640 617 2.0
644 641 645 2.0
640 645 641 2.0
597 604 599 2.0
603 606 598 2.0
606 607 608 2.0
599 605 603 2.0
608 607 610 2.0
605 610 607 2.0
603 605 607 2.0
642 643 646 2.0
622 641 643 2.0
647 643 644 2.0
648 646 643 2.0
649 646 648 2.0
650 614 615 2.0
651 649 652 2.0
651 654 653 2.0
650 653 655 2.0
656 648 647 2.0
643 647 648 2.0
650 655 614 2.0
657 655 654 2.0
654 655 653 2.0
614 655 636 2.0
657 636 655 2.0
656 657 658 2.0
654 658 657 2.0
656 658 648 2.0
648 658 652 2.0
654 652 658 2.0
648 652 649 2.0
654 651 652 2.0
626 659 632 2.0
631 632 659 2.0
626 632 625 2.0
625 632 601 2.0
660 662 661 2.0
662 660 663 2.0
664 626 624 2.0
665 667 666 2.0
668 670 669 2.0
665 666 663 2.0
671 659 626 2.0
671 672 659 2.0
673 675 674 2.0
671 675 672 2.0
673 672 675 2.0
671 626 664 2.0
675 667 674 2.0
676 678 677 2.0
669 679 668 2.0
680 682 681 2.0
683 681 682 2.0
674 684 673 2.0
685 683 686 2.0
687 685 688 2.0
665 674 667 2.0
678 684 674 2.0
689 690 604 2.0
691 693 692 2.0
663 660 665 2.0
605 604 690 2.0
691 605 690 2.0
690 689 691 2.0
605 691 610 2.0
610 691 692 2.0
694 691 689 2.0
678 674 695 2.0
670 661 662 2.0
696 665 660 2.0
697 677 698 2.0
665 696 695 2.0
676 684 678 2.0
689 699 694 2.0
688 700 687 2.0
670 668 661 2.0
661 668 701 2.0
702 668 679 2.0
695 674 665 2.0
696 677 695 2.0
702 680 681 2.0
695 677 678 2.0
697 676 677 2.0
698 677 696 2.0
680 702 679 2.0
698 703 697 2.0
704 694 705 2.0
706 703 707 2.0
707 702 708 2.0
681 683 685 2.0
688 685 686 2.0
704 687 700 2.0
709 704 700 2.0
685 687 710 2.0
711 712 687 2.0
693 691 694 2.0
610 692 609 2.0
609 692 693 2.0
693 694 709 2.0
704 709 694 2.0
701 696 661 2.0
696 701 698 2.0
698 701 707 2.0
698 707 703 2.0
702 707 701 2.0
660 661 696 2.0
702 701 668 2.0
681 708 702 2.0
685 708 681 2.0
706 707 710 2.0
687 704 705 2.0
699 705 694 2.0
687 705 711 2.0
699 711 705 2.0
712 710 687 2.0
706 710 712 2.0
685 710 708 2.0
708 710 707 2.0
713 604 597 2.0
714 716 715 2.0
613 718 717 2.0
647 644 719 2.0
720 722 721 2.0
723 725 724 2.0
659 726 631 2.0
727 714 715 2.0
728 730 729 2.0
731 733 732 2.0
731 734 733 2.0
732 733 735 2.0
733 737 736 2.0
714 739 738 2.0
740 742 741 2.0
743 745 744 2.0
743 746 745 2.0
736 735 733 2.0
732 735 747 2.0
748 750 749 2.0
748 751 750 2.0
752 754 753 2.0
755 737 756 2.0
757 759 758 2.0
760 761 738 2.0
762 724 763 2.0
764 750 751 2.0
739 714 727 2.0
765 715 766 2.0
647 767 656 2.0
724 725 763 2.0
768 725 720 2.0
769 771 770 2.0
772 774 773 2.0
775 776 771 2.0
770 776 723 2.0
777 774 778 2.0
771 769 779 2.0
720 776 775 2.0
768 763 725 2.0
720 725 776 2.0
780 768 720 2.0
770 771 776 2.0
771 781 775 2.0
723 776 725 2.0
782 779 769 2.0
771 779 781 2.0
779 783 781 2.0
784 786 785 2.0
784 785 787 2.0
788 790 789 2.0
719 644 791 2.0
792 785 793 2.0
794 796 795 2.0
797 798 796 2.0
799 801 800 2.0
802 801 799 2.0
803 795 791 2.0
786 805 804 2.0
786 784 805 2.0
806 808 807 2.0
806 809 808 2.0
762 811 810 2.0
812 813 783 2.0
814 815 718 2.0
816 818 817 2.0
819 820 817 2.0
821 823 822 2.0
824 823 825 2.0
826 828 827 2.0
829 831 830 2.0
793 833 832 2.0
834 836 835 2.0
824 838 837 2.0
644 645 839 2.0
803 839 645 2.0
644 839 791 2.0
803 791 839 2.0
809 806 778 2.0
804 778 806 2.0
840 842 841 2.0
829 842 843 2.0
840 728 842 2.0
782 799 800 2.0
812 800 801 2.0
782 800 779 2.0
812 783 800 2.0
825 844 824 2.0
845 844 846 2.0
825 847 844 2.0
848 850 849 2.0
851 850 848 2.0
830 852 829 2.0
853 855 854 2.0
734 854 756 2.0
753 857 856 2.0
858 857 753 2.0
859 861 860 2.0
862 860 861 2.0
859 860 863 2.0
827 865 864 2.0
866 865 867 2.0
827 828 865 2.0
847 846 844 2.0
716 846 847 2.0
845 846 868 2.0
868 846 869 2.0
728 729 843 2.0
870 843 729 2.0
728 843 842 2.0
871 873 872 2.0
798 862 874 2.0
862 861 875 2.0
876 878 877 2.0
834 880 879 2.0
881 880 838 2.0
882 884 883 2.0
833 884 832 2.0
882 832 884 2.0
885 887 886 2.0
830 849 850 2.0
888 889 849 2.0
890 891 848 2.0
866 891 892 2.0
890 892 891 2.0
893 895 894 2.0
731 763 734 2.0
731 811 763 2.0
896 752 856 2.0
753 856 752 2.0
792 856 857 2.0
754 897 753 2.0
754 898 897 2.0
899 861 900 2.0
749 901 821 2.0
728 902 730 2.0
903 730 902 2.0
875 899 904 2.0
899 875 861 2.0
905 833 906 2.0
907 908 905 2.0
804 805 778 2.0
821 901 823 2.0
825 823 901 2.0
909 911 910 2.0
768 913 912 2.0
768 912 763 2.0
814 914 813 2.0
851 807 808 2.0
808 916 915 2.0
731 732 811 2.0
811 732 917 2.0
733 756 737 2.0
855 756 854 2.0
733 734 756 2.0
785 857 787 2.0
787 857 918 2.0
825 901 919 2.0
764 919 750 2.0
764 920 919 2.0
600 631 921 2.0
600 921 922 2.0
851 866 867 2.0
851 867 807 2.0
923 807 867 2.0
896 856 924 2.0
792 924 856 2.0
896 924 925 2.0
888 849 926 2.0
830 926 849 2.0
888 926 927 2.0
814 813 812 2.0
814 812 801 2.0
830 831 926 2.0
907 929 928 2.0
631 726 921 2.0
930 921 726 2.0
719 767 647 2.0
719 931 767 2.0
847 825 758 2.0
803 645 932 2.0
617 932 645 2.0
617 818 932 2.0
784 933 805 2.0
836 822 837 2.0
934 831 870 2.0
919 758 825 2.0
920 758 919 2.0
847 758 766 2.0
920 757 758 2.0
795 936 935 2.0
803 936 795 2.0
872 936 816 2.0
816 936 932 2.0
937 933 938 2.0
820 819 939 2.0
824 837 823 2.0
823 837 822 2.0
829 843 831 2.0
870 831 843 2.0
916 772 940 2.0
913 868 869 2.0
716 869 846 2.0
818 816 932 2.0
803 932 936 2.0
808 809 916 2.0
772 916 809 2.0
941 793 786 2.0
785 786 793 2.0
923 867 828 2.0
828 867 865 2.0
881 838 942 2.0
881 942 858 2.0
943 813 944 2.0
923 790 807 2.0
806 807 790 2.0
945 931 946 2.0
901 750 919 2.0
749 750 901 2.0
716 714 869 2.0
853 869 714 2.0
929 788 789 2.0
923 789 790 2.0
929 789 947 2.0
923 828 789 2.0
792 857 785 2.0
778 774 809 2.0
772 809 774 2.0
924 792 832 2.0
793 832 792 2.0
829 841 842 2.0
829 852 841 2.0
853 714 738 2.0
948 738 739 2.0
853 738 855 2.0
942 838 949 2.0
742 744 950 2.0
745 950 744 2.0
741 742 950 2.0
818 617 922 2.0
600 922 617 2.0
818 922 819 2.0
788 941 790 2.0
734 912 854 2.0
854 912 951 2.0
755 756 761 2.0
855 761 756 2.0
755 761 952 2.0
952 761 760 2.0
872 816 817 2.0
819 817 818 2.0
872 817 871 2.0
871 817 820 2.0
734 763 912 2.0
837 835 836 2.0
838 835 837 2.0
834 835 880 2.0
838 880 835 2.0
716 847 766 2.0
759 766 758 2.0
716 766 715 2.0
759 765 766 2.0
810 811 917 2.0
741 917 732 2.0
810 917 953 2.0
741 953 917 2.0
855 738 761 2.0
948 760 738 2.0
745 953 950 2.0
741 950 953 2.0
794 935 877 2.0
872 935 936 2.0
794 795 935 2.0
954 945 874 2.0
798 874 945 2.0
954 874 875 2.0
875 874 862 2.0
931 955 767 2.0
841 910 911 2.0
852 910 841 2.0
611 956 613 2.0
718 613 956 2.0
720 775 722 2.0
797 958 957 2.0
794 958 796 2.0
797 796 958 2.0
954 875 904 2.0
840 904 899 2.0
954 904 911 2.0
959 909 960 2.0
862 798 961 2.0
797 961 798 2.0
862 961 894 2.0
848 891 866 2.0
848 866 851 2.0
913 768 780 2.0
962 938 918 2.0
937 938 962 2.0
787 938 784 2.0
784 938 933 2.0
933 721 722 2.0
937 721 933 2.0
720 721 780 2.0
791 946 719 2.0
931 719 946 2.0
721 937 780 2.0
924 832 963 2.0
882 963 832 2.0
924 963 925 2.0
882 925 963 2.0
868 780 937 2.0
868 913 780 2.0
833 941 788 2.0
833 793 941 2.0
790 941 804 2.0
956 611 914 2.0
946 791 964 2.0
795 964 791 2.0
946 964 796 2.0
795 796 964 2.0
805 933 722 2.0
798 946 796 2.0
798 945 946 2.0
962 845 868 2.0
962 868 937 2.0
897 881 858 2.0
897 858 753 2.0
790 804 806 2.0
786 804 941 2.0
811 762 763 2.0
819 922 965 2.0
921 965 922 2.0
921 930 965 2.0
828 947 789 2.0
826 947 828 2.0
929 947 928 2.0
826 928 947 2.0
740 741 747 2.0
732 747 741 2.0
740 747 966 2.0
966 747 735 2.0
940 772 960 2.0
773 960 772 2.0
800 783 779 2.0
913 869 951 2.0
853 951 869 2.0
913 951 912 2.0
853 854 951 2.0
883 884 908 2.0
903 900 967 2.0
899 900 902 2.0
903 902 900 2.0
863 860 895 2.0
885 877 878 2.0
958 794 886 2.0
927 926 968 2.0
831 968 926 2.0
927 968 934 2.0
831 934 968 2.0
862 894 860 2.0
895 860 894 2.0
893 957 887 2.0
961 797 969 2.0
959 970 909 2.0
959 955 970 2.0
930 939 965 2.0
819 965 939 2.0
902 840 899 2.0
902 728 840 2.0
908 884 905 2.0
833 905 884 2.0
877 935 971 2.0
872 971 935 2.0
877 971 876 2.0
774 972 773 2.0
783 972 781 2.0
955 931 970 2.0
955 656 767 2.0
851 808 915 2.0
852 915 916 2.0
851 915 850 2.0
852 850 915 2.0
942 962 918 2.0
787 918 938 2.0
942 918 858 2.0
858 918 857 2.0
845 949 844 2.0
942 949 962 2.0
845 962 949 2.0
774 777 973 2.0
781 973 722 2.0
774 973 972 2.0
781 972 973 2.0
844 949 824 2.0
824 949 838 2.0
872 873 971 2.0
876 971 873 2.0
773 974 960 2.0
805 777 778 2.0
805 722 777 2.0
914 944 813 2.0
775 781 722 2.0
777 722 973 2.0
830 850 852 2.0
975 974 943 2.0
955 959 974 2.0
718 956 914 2.0
718 914 814 2.0
945 954 970 2.0
945 970 931 2.0
840 841 911 2.0
840 911 904 2.0
929 907 906 2.0
905 906 907 2.0
929 906 788 2.0
788 906 833 2.0
852 940 910 2.0
852 916 940 2.0
866 892 865 2.0
864 865 892 2.0
957 958 886 2.0
877 886 794 2.0
957 886 887 2.0
877 885 886 2.0
955 974 976 2.0
657 976 975 2.0
955 976 656 2.0
657 656 976 2.0
894 961 969 2.0
957 969 797 2.0
894 969 893 2.0
957 893 969 2.0
954 911 909 2.0
954 909 970 2.0
611 944 914 2.0
611 636 944 2.0
972 943 773 2.0
813 943 783 2.0
972 783 943 2.0
910 960 909 2.0
910 940 960 2.0
900 861 977 2.0
859 977 861 2.0
900 977 967 2.0
859 967 977 2.0
974 975 976 2.0
944 975 943 2.0
773 943 974 2.0
944 636 978 2.0
657 978 636 2.0
944 978 975 2.0
657 975 978 2.0
959 960 974 2.0
881 897 880 2.0
898 880 897 2.0
898 879 880 2.0
802 604 979 2.0
713 979 604 2.0
802 979 980 2.0
713 815 979 2.0
889 890 981 2.0
848 981 890 2.0
889 981 849 2.0
848 849 981 2.0
717 718 815 2.0
717 815 713 2.0
801 802 980 2.0
815 980 979 2.0
801 980 814 2.0
815 814 980 2.0
703 706 982 2.0
983 927 934 2.0
984 986 985 2.0
987 989 988 2.0
882 883 990 2.0
991 993 992 2.0
659 672 726 2.0
994 996 995 2.0
992 699 997 2.0
689 604 997 2.0
998 699 992 2.0
999 1001 1000 2.0
604 802 997 2.0
987 1003 1002 2.0
799 997 802 2.0
986 1004 985 2.0
1005 1006 1002 2.0
999 1007 985 2.0
1004 999 985 2.0
985 1009 1008 2.0
1009 985 1007 2.0
1007 999 1010 2.0
1011 1013 1012 2.0
1012 1014 1001 2.0
1006 1013 1011 2.0
988 1015 987 2.0
1003 987 1015 2.0
1016 1018 1017 2.0
1019 988 1018 2.0
1020 1011 1021 2.0
1019 1015 988 2.0
1022 1024 1023 2.0
953 1023 1025 2.0
987 1020 989 2.0
953 1025 810 2.0
746 1026 745 2.0
1026 1027 745 2.0
1000 1010 999 2.0
998 711 699 2.0
998 992 993 2.0
991 1029 1028 2.0
1030 723 724 2.0
699 689 997 2.0
997 1031 992 2.0
1032 712 711 2.0
1033 1035 1034 2.0
706 712 1036 2.0
770 723 1037 2.0
1030 1038 723 2.0
1039 993 991 2.0
1032 998 993 2.0
1032 711 998 2.0
993 1039 1033 2.0
1040 1039 1028 2.0
1031 799 782 2.0
1029 769 1037 2.0
1041 1036 1042 2.0
993 1033 1032 2.0
997 799 1031 2.0
991 992 1031 2.0
782 769 1043 2.0
1044 1042 1036 2.0
1032 1033 1044 2.0
1045 1046 1028 2.0
1040 1028 1046 2.0
991 1028 1039 2.0
1047 1028 1029 2.0
697 703 1048 2.0
1046 1045 1049 2.0
703 982 1048 2.0
1050 1048 982 2.0
1051 1053 1052 2.0
697 1053 676 2.0
697 1048 1053 2.0
1054 1056 1055 2.0
1057 1055 1056 2.0
1057 1059 1058 2.0
1060 1062 1061 2.0
1063 1065 1064 2.0
1066 1067 1064 2.0
1045 1069 1068 2.0
1070 1072 1071 2.0
762 810 1073 2.0
1025 1073 810 2.0
762 1073 1074 2.0
1075 1073 1076 2.0
1060 1078 1077 2.0
1078 885 1079 2.0
1051 1081 1080 2.0
1061 1083 1082 2.0
1084 1086 1085 2.0
1087 1089 1088 2.0
1063 1091 1090 2.0
834 879 1092 2.0
1035 1055 1034 2.0
676 1093 684 2.0
1094 684 1093 2.0
1095 1097 1096 2.0
1098 1067 1099 2.0
996 994 1100 2.0
996 1100 1059 2.0
1087 1088 1101 2.0
1087 1101 1102 2.0
1102 1101 1103 2.0
1081 1105 1104 2.0
878 876 1104 2.0
996 1106 983 2.0
1107 1108 990 2.0
1034 1058 1042 2.0
827 864 1109 2.0
1086 1088 1109 2.0
1110 994 1111 2.0
1110 1111 730 2.0
729 730 1111 2.0
1088 1089 1112 2.0
888 927 1113 2.0
983 1113 927 2.0
1061 1115 1114 2.0
871 1080 1116 2.0
1081 1116 1080 2.0
871 1116 873 2.0
883 1117 990 2.0
883 908 1117 2.0
879 898 1118 2.0
879 1118 1092 2.0
1092 1118 1119 2.0
990 1120 882 2.0
925 882 1120 2.0
1095 1100 1097 2.0
1121 1122 822 2.0
821 822 1122 2.0
863 1123 859 2.0
1124 859 1123 2.0
1086 1125 1085 2.0
890 1125 892 2.0
752 1090 1126 2.0
1091 1126 1090 2.0
752 1126 754 2.0
1091 754 1126 2.0
967 1127 903 2.0
1128 1130 1129 2.0
928 1130 907 2.0
1128 907 1130 2.0
834 1092 1131 2.0
1121 1131 1132 2.0
834 1131 836 2.0
870 1133 934 2.0
983 934 1133 2.0
1134 1136 1135 2.0
1107 1136 1134 2.0
1103 1136 1102 2.0
1102 1136 1129 2.0
1050 1041 1115 2.0
1054 1103 1101 2.0
1050 982 1041 2.0
1051 1093 1053 2.0
676 1053 1093 2.0
1061 1062 1115 2.0
1050 1115 1062 2.0
989 1020 1075 2.0
1137 1138 1097 2.0
1041 1096 1115 2.0
673 1139 672 2.0
986 1121 1132 2.0
1098 1099 1132 2.0
1063 1064 1067 2.0
1091 1063 1119 2.0
1107 1128 1129 2.0
1107 1129 1136 2.0
1087 1102 1129 2.0
1011 1020 1002 2.0
987 1002 1020 2.0
1011 1002 1006 2.0
1005 1002 1003 2.0
1135 1136 1049 2.0
1068 1135 1049 2.0
982 706 1036 2.0
1071 1140 1099 2.0
986 1140 1004 2.0
1001 1072 1141 2.0
1070 1141 1072 2.0
1001 1141 1021 2.0
1142 1021 1070 2.0
1035 1143 1055 2.0
889 888 1144 2.0
996 1059 1106 2.0
888 1113 1144 2.0
1145 1144 1113 2.0
896 925 1146 2.0
1065 1108 1134 2.0
1107 1134 1108 2.0
1147 1146 1120 2.0
925 1120 1146 2.0
930 726 1139 2.0
672 1139 726 2.0
1066 1069 1148 2.0
1050 1062 1048 2.0
820 939 1149 2.0
1105 1150 1077 2.0
1081 1150 1105 2.0
1052 1150 1051 2.0
1081 1051 1150 2.0
988 1017 1018 2.0
1025 1017 1076 2.0
1025 1023 1017 2.0
1067 1119 1063 2.0
1098 1119 1067 2.0
1091 1119 1118 2.0
1098 1092 1119 2.0
1151 984 1008 2.0
1057 1058 1034 2.0
1057 1034 1055 2.0
1042 1033 1034 2.0
1042 1044 1033 2.0
1089 1129 1130 2.0
1087 1129 1089 2.0
1092 1132 1131 2.0
1098 1132 1092 2.0
1004 1072 999 2.0
1001 999 1072 2.0
1061 1082 1060 2.0
988 1076 1017 2.0
989 1076 988 2.0
1025 1076 1073 2.0
989 1075 1076 2.0
1144 1145 1085 2.0
1146 1147 1090 2.0
1063 1090 1147 2.0
1152 748 1151 2.0
749 1151 748 2.0
1021 1012 1001 2.0
1153 1012 1013 2.0
1021 1011 1012 2.0
1152 1151 1008 2.0
985 1008 984 2.0
1152 1008 1154 2.0
1154 1008 1009 2.0
1095 1042 1058 2.0
878 1104 1079 2.0
1105 1079 1104 2.0
878 1079 885 2.0
1105 1078 1079 2.0
1094 1149 1155 2.0
673 1155 1139 2.0
1094 1155 684 2.0
673 684 1155 2.0
1027 1022 1156 2.0
1023 1156 1022 2.0
1027 1156 745 2.0
1133 870 995 2.0
1133 995 983 2.0
983 995 996 2.0
1153 1014 1012 2.0
1000 1001 1014 2.0
1042 1096 1041 2.0
1095 1096 1042 2.0
1147 1108 1065 2.0
1147 1065 1063 2.0
1036 1032 1044 2.0
1036 712 1032 2.0
1023 953 1156 2.0
745 1156 953 2.0
1068 1049 1045 2.0
1103 1049 1136 2.0
1094 1093 1157 2.0
1051 1157 1093 2.0
1094 1157 1158 2.0
1051 1080 1157 2.0
984 1122 986 2.0
1121 986 1122 2.0
1067 1066 1099 2.0
1052 1048 1062 2.0
1052 1053 1048 2.0
1097 1159 1137 2.0
994 1159 1100 2.0
1097 1100 1159 2.0
1104 876 1116 2.0
994 1110 1159 2.0
1137 1159 1110 2.0
1016 1017 1024 2.0
1023 1024 1017 2.0
1145 1113 1106 2.0
983 1106 1113 2.0
1141 1070 1021 2.0
1020 1021 1142 2.0
1124 1137 1127 2.0
1110 1127 1137 2.0
990 1108 1120 2.0
1147 1120 1108 2.0
863 895 1083 2.0
863 1083 1123 2.0
1160 1161 1030 2.0
1030 1161 1038 2.0
826 827 1112 2.0
1080 871 1158 2.0
820 1158 871 2.0
820 1149 1158 2.0
1086 1084 1088 2.0
1088 1084 1101 2.0
1082 893 1162 2.0
887 1162 893 2.0
1161 1142 1163 2.0
1160 1142 1161 2.0
762 1074 724 2.0
1160 1074 1075 2.0
1075 1074 1073 2.0
1071 1066 1164 2.0
1099 1066 1071 2.0
729 1111 1165 2.0
994 1165 1111 2.0
994 995 1165 2.0
1080 1158 1157 2.0
1149 1094 1158 2.0
1070 1071 1164 2.0
1148 1164 1066 2.0
1020 1160 1075 2.0
1020 1142 1160 2.0
1078 1060 1162 2.0
1082 1162 1060 2.0
1148 1161 1163 2.0
1070 1163 1142 2.0
1148 1163 1164 2.0
1070 1164 1163 2.0
1036 1041 982 2.0
1138 1115 1097 2.0
1097 1115 1096 2.0
1103 1054 1143 2.0
1055 1143 1054 2.0
724 1074 1030 2.0
1160 1030 1074 2.0
1139 1155 1166 2.0
1149 1166 1155 2.0
1139 1166 930 2.0
1132 1140 986 2.0
1132 1099 1140 2.0
1035 1033 1039 2.0
1035 1039 1040 2.0
1105 1077 1078 2.0
1052 1077 1150 2.0
1060 1077 1062 2.0
1052 1062 1077 2.0
729 1165 870 2.0
995 870 1165 2.0
1100 1095 1059 2.0
1058 1059 1095 2.0
1149 939 1166 2.0
930 1166 939 2.0
1144 1085 1167 2.0
1144 1167 889 2.0
890 889 1167 2.0
1146 1090 1168 2.0
752 1168 1090 2.0
1146 1168 896 2.0
752 896 1168 2.0
1109 864 1125 2.0
892 1125 864 2.0
1086 1109 1125 2.0
873 1116 876 2.0
1081 1104 1116 2.0
1117 1107 990 2.0
1117 1128 1107 2.0
967 1124 1127 2.0
967 859 1124 2.0
1069 1169 1148 2.0
1038 1169 1047 2.0
1069 1045 1169 2.0
1148 1169 1161 2.0
1038 1161 1169 2.0
1069 1066 1170 2.0
1064 1170 1066 2.0
1069 1170 1068 2.0
1064 1068 1170 2.0
1065 1134 1135 2.0
1065 1135 1064 2.0
1068 1064 1135 2.0
1057 1171 1059 2.0
1172 1171 1056 2.0
1057 1056 1171 2.0
1172 1084 1173 2.0
1085 1173 1084 2.0
1172 1173 1171 2.0
1085 1145 1173 2.0
1145 1106 1171 2.0
1059 1171 1106 2.0
1145 1171 1173 2.0
1083 1061 1114 2.0
1138 1114 1115 2.0
1083 1114 1123 2.0
1138 1123 1114 2.0
1047 1029 1037 2.0
770 1037 769 2.0
1047 1037 1038 2.0
1038 1037 723 2.0
1112 1089 1174 2.0
1112 1174 826 2.0
928 826 1174 2.0
1117 908 1175 2.0
907 1175 908 2.0
1117 1175 1128 2.0
907 1128 1175 2.0
1131 1121 1176 2.0
822 1176 1121 2.0
1131 1176 836 2.0
822 836 1176 2.0
754 1091 1177 2.0
1118 1177 1091 2.0
754 1177 898 2.0
1118 898 1177 2.0
1140 1071 1178 2.0
1072 1178 1071 2.0
1140 1178 1004 2.0
1072 1004 1178 2.0
1054 1172 1056 2.0
1084 1172 1101 2.0
1054 1101 1172 2.0
1082 1083 1179 2.0
895 1179 1083 2.0
1082 1179 893 2.0
895 893 1179 2.0
1109 1088 1112 2.0
1109 1112 827 2.0
1124 1123 1138 2.0
1124 1138 1137 2.0
1085 1125 1167 2.0
890 1167 1125 2.0
1103 1143 1049 2.0
1046 1049 1143 2.0
991 1031 1043 2.0
782 1043 1031 2.0
991 1043 1029 2.0
1029 1043 769 2.0
1143 1035 1040 2.0
1143 1040 1046 2.0
821 1151 749 2.0
984 1151 1122 2.0
821 1122 1151 2.0
1045 1047 1169 2.0
1045 1028 1047 2.0
903 1110 730 2.0
903 1127 1110 2.0
1089 1130 1174 2.0
928 1174 1130 2.0
887 885 1180 2.0
1078 1180 885 2.0
887 1180 1162 2.0
1078 1162 1180 2.0
746 1182 1181 2.0
1183 3 1184 3.0
32 3 1183 3.0
1185 68 113 3.0
1185 1186 68 3.0
1187 1189 1188 3.0
1190 1192 1191 3.0
1191 1194 1193 3.0
1193 1194 1195 3.0
1191 1193 1190 3.0
1196 1198 1197 3.0
1189 1197 1188 3.0
1198 1188 1197 3.0
1188 1192 1187 3.0
1199 1201 1200 3.0
1202 1204 1203 3.0
1200 1204 1202 3.0
1195 1206 1205 3.0
1206 1195 1194 3.0
1205 1206 1201 3.0
1205 1201 1199 3.0
1200 1202 1199 3.0
1207 49 1208 3.0
1209 1211 1210 3.0
1212 1211 1209 3.0
1208 1213 1207 3.0
31 1213 1214 3.0
1213 1208 1215 3.0
1190 1189 1187 3.0
1192 1190 1187 3.0
1183 1184 1216 3.0
1186 1184 3 3.0
1216 1184 1217 3.0
1218 1217 1184 3.0
1218 1219 1217 3.0
1220 1222 1221 3.0
1223 1221 1222 3.0
1220 1221 1224 3.0
1223 1224 1221 3.0
1225 1217 1219 3.0
1224 1216 1226 3.0
1215 1209 1214 3.0
1215 1214 1213 3.0
1227 31 1214 3.0
1228 1230 1229 3.0
1231 1229 1230 3.0
1228 1229 1232 3.0
1231 1232 1229 3.0
1225 1220 1226 3.0
1224 1226 1220 3.0
1225 1226 1217 3.0
1217 1226 1216 3.0
1203 1204 1233 3.0
1228 1233 1204 3.0
1203 1233 1232 3.0
1228 1232 1233 3.0
1230 1235 1234 3.0
1236 1234 1235 3.0
1230 1234 1231 3.0
1236 1231 1234 3.0
1218 1184 1237 3.0
1186 1237 1184 3.0
1218 1237 1185 3.0
1186 1185 1237 3.0
1223 1238 1235 3.0
1239 1238 1222 3.0
1223 1222 1238 3.0
1227 1214 1210 3.0
1209 1210 1214 3.0
1227 1210 1240 3.0
1240 1210 1211 3.0
1235 1238 1241 3.0
1239 1241 1238 3.0
1235 1241 1236 3.0
1239 1236 1241 3.0
1202 1203 1242 3.0
1243 1190 1244 3.0
1205 1199 1245 3.0
1246 1195 1245 3.0
1244 1193 1246 3.0
1202 1247 1199 3.0
1196 1197 1248 3.0
1189 1249 1197 3.0
1248 1197 1249 3.0
1249 1189 1243 3.0
1193 1244 1190 3.0
1190 1243 1189 3.0
1195 1246 1193 3.0
1205 1245 1195 3.0
1247 1202 1242 3.0
1250 1242 1203 3.0
1199 1247 1245 3.0
1251 1252 109 3.0
1253 1251 1254 3.0
113 1254 1251 3.0
1251 109 1255 3.0
1256 1211 1212 3.0
1251 1253 1252 3.0
1256 48 1257 3.0
35 1257 48 3.0
1256 1257 1211 3.0
1251 1255 1258 3.0
1259 1258 1255 3.0
1259 1260 1258 3.0
1222 1261 1239 3.0
1262 1261 1263 3.0
1219 1264 1225 3.0
1259 1265 1260 3.0
1219 1218 1260 3.0
1219 1260 1264 3.0
1264 1260 1265 3.0
1220 1225 1264 3.0
1265 1263 1264 3.0
35 1240 1257 3.0
1211 1257 1240 3.0
1220 1266 1222 3.0
1263 1266 1264 3.0
1220 1264 1266 3.0
1185 113 1267 3.0
1251 1267 113 3.0
1185 1267 1258 3.0
1251 1258 1267 3.0
1236 1239 1268 3.0
1262 1269 1268 3.0
1270 1232 1271 3.0
1231 1271 1232 3.0
1270 1271 1269 3.0
1231 1269 1271 3.0
1250 1203 1272 3.0
1232 1272 1203 3.0
1250 1272 1270 3.0
1232 1270 1272 3.0
1269 1231 1273 3.0
1236 1273 1231 3.0
1269 1273 1268 3.0
1236 1268 1273 3.0
1222 1266 1261 3.0
1263 1261 1266 3.0
1260 1218 1274 3.0
1185 1274 1218 3.0
1260 1274 1258 3.0
1185 1258 1274 3.0
1262 1268 1275 3.0
1239 1275 1268 3.0
1262 1275 1261 3.0
1239 1261 1275 3.0
31 1227 30 3.0
30 1227 1276 3.0
1240 164 1276 3.0
1227 1240 1276 3.0
39 1240 35 3.0
1240 39 164 3.0
1277 1279 1278 4.0
1280 1282 1281 4.0
1283 1285 1284 4.0
1286 1288 1287 4.0
1289 1291 1290 4.0
1292 1294 1293 4.0
1295 1294 1296 4.0
1297 1283 1298 4.0
1299 1301 1300 4.0
629 1303 1302 4.0
1304 1306 1305 4.0
1307 1309 1308 4.0
1310 1311 1309 4.0
1312 1314 1313 4.0
1314 1312 1315 4.0
1315 1317 1316 4.0
1318 1320 1319 4.0
1318 1322 1321 4.0
1301 1324 1323 4.0
1280 1326 1325 4.0
1325 1327 1295 4.0
1325 1326 1310 4.0
1328 1330 1329 4.0
629 1331 1303 4.0
1332 1334 1333 4.0
1329 1330 1335 4.0
1336 1301 1323 4.0
1337 1339 1338 4.0
1340 1342 1341 4.0
1343 1303 1344 4.0
1339 1345 1342 4.0
1346 1348 1347 4.0
1349 1351 1350 4.0
1352 1353 1346 4.0
1354 1356 1355 4.0
1345 1339 1357 4.0
1358 1359 1355 4.0
1352 1361 1360 4.0
1297 1285 1283 4.0
1323 1324 1362 4.0
1302 1343 1363 4.0
1364 1366 1365 4.0
1328 1363 1367 4.0
1368 1365 1369 4.0
1370 1372 1371 4.0
1345 1357 1373 4.0
1369 1374 1372 4.0
1375 1377 1376 4.0
1309 1316 1308 4.0
1378 1380 1379 4.0
1381 1378 1379 4.0
1364 1379 1380 4.0
1382 1384 1383 4.0
1374 1365 1366 4.0
1370 1369 1372 4.0
1366 1364 1380 4.0
1373 1356 1354 4.0
1385 1387 1386 4.0
1388 1390 1389 4.0
1391 1389 1392 4.0
1286 1394 1393 4.0
1389 1391 1388 4.0
1349 1396 1395 4.0
1397 1357 1398 4.0
1386 1400 1399 4.0
1371 1377 1401 4.0
1385 1376 1387 4.0
1287 1321 1286 4.0
1402 1404 1403 4.0
1394 1286 1322 4.0
1385 1375 1376 4.0
1371 1401 1370 4.0
1286 1321 1322 4.0
1405 1375 1385 4.0
1307 1407 1406 4.0
1408 1401 1375 4.0
1368 1370 1408 4.0
1297 1409 1285 4.0
1410 1412 1411 4.0
1413 1415 1414 4.0
1416 1418 1417 4.0
1289 1290 1419 4.0
1332 1333 1420 4.0
1421 1423 1422 4.0
1424 1304 1425 4.0
1419 1290 1426 4.0
1427 1428 1416 4.0
1350 1430 1429 4.0
1431 1433 1432 4.0
1434 1436 1435 4.0
1399 1288 1393 4.0
1437 1298 1283 4.0
1413 1439 1438 4.0
1413 1441 1440 4.0
1442 1440 1441 4.0
1443 1440 1442 4.0
1444 1446 1445 4.0
1406 1447 1327 4.0
1297 1298 1295 4.0
1447 1407 1293 4.0
1310 1406 1327 4.0
1394 1449 1448 4.0
1412 1451 1450 4.0
1452 1353 1352 4.0
1453 1452 1360 4.0
1452 1453 1454 4.0
1440 1415 1413 4.0
1455 1289 1417 4.0
1358 1356 1456 4.0
1457 1459 1458 4.0
1458 1460 1457 4.0
1357 1397 1373 4.0
1461 1457 1460 4.0
1357 1339 1337 4.0
1462 1463 1359 4.0
1463 1464 1359 4.0
1462 1459 1463 4.0
1465 1359 1464 4.0
1459 1462 1458 4.0
1358 1355 1356 4.0
1466 1383 1435 4.0
1467 1383 1466 4.0
1436 1468 1428 4.0
1288 1286 1393 4.0
1469 1471 1470 4.0
1453 1472 1335 4.0
1473 1289 1419 4.0
1319 1320 1474 4.0
1277 1475 1305 4.0
1476 1334 1477 4.0
1478 1480 1479 4.0
1383 1434 1435 4.0
1315 1481 1314 4.0
1365 1374 1369 4.0
1368 1369 1370 4.0
1408 1370 1401 4.0
1377 1375 1401 4.0
1296 1292 1409 4.0
1294 1295 1327 4.0
1313 1474 1320 4.0
1328 1367 1330 4.0
1467 1382 1383 4.0
1469 1359 1465 4.0
1322 1318 1319 4.0
1474 1482 1319 4.0
1474 1313 1314 4.0
1334 1332 1477 4.0
1349 1350 1476 4.0
1427 1416 1473 4.0
1367 1454 1330 4.0
1363 1343 1367 4.0
1291 1289 1455 4.0
1473 1419 1483 4.0
1454 1483 1452 4.0
1300 1301 1341 4.0
1484 1486 1485 4.0
1482 1488 1487 4.0
1476 1477 1349 4.0
1334 1476 1423 4.0
1489 1299 1300 4.0
1490 1485 1486 4.0
1467 1486 1484 4.0
1384 1468 1434 4.0
1491 1423 1478 4.0
1484 1382 1467 4.0
1466 1486 1467 4.0
1383 1384 1434 4.0
1424 1492 1306 4.0
1304 1493 1425 4.0
1451 1494 1450 4.0
1438 1441 1413 4.0
1311 1310 1495 4.0
1408 1375 1405 4.0
1405 1385 1496 4.0
1385 1386 1496 4.0
1294 1447 1293 4.0
1309 1406 1310 4.0
1406 1407 1447 4.0
1294 1327 1447 4.0
1327 1325 1310 4.0
1448 1405 1496 4.0
1322 1319 1394 4.0
1291 1432 1433 4.0
1497 1340 1498 4.0
1397 1356 1373 4.0
1337 1398 1357 4.0
1354 1355 1470 4.0
1499 1470 1471 4.0
1354 1470 1499 4.0
1359 1469 1355 4.0
1470 1355 1469 4.0
1422 1423 1491 4.0
1431 1500 1433 4.0
1296 1409 1297 4.0
1294 1292 1296 4.0
1297 1295 1296 4.0
1315 1316 1481 4.0
1308 1316 1317 4.0
1312 1317 1315 4.0
1501 1344 1331 4.0
1343 1302 1303 4.0
1331 1344 1303 4.0
1289 1416 1417 4.0
1435 1427 1502 4.0
1418 1416 1428 4.0
1289 1473 1416 4.0
1487 1488 1503 4.0
1349 1395 1351 4.0
1430 1350 1504 4.0
1483 1427 1473 4.0
1424 1306 1304 4.0
1325 1282 1280 4.0
1386 1393 1496 4.0
1387 1400 1386 4.0
1291 1433 1290 4.0
1433 1426 1290 4.0
1455 1432 1291 4.0
1426 1433 1505 4.0
1506 1404 1353 4.0
1430 1504 1507 4.0
1404 1429 1430 4.0
1507 1404 1430 4.0
1351 1504 1350 4.0
1356 1397 1456 4.0
1398 1456 1397 4.0
1333 1334 1423 4.0
1491 1478 1479 4.0
1478 1500 1480 4.0
1282 1325 1295 4.0
1437 1282 1298 4.0
1394 1319 1508 4.0
1492 1424 1509 4.0
1510 1511 1420 4.0
1512 1510 1513 4.0
1402 1353 1404 4.0
1423 1421 1333 4.0
1431 1480 1500 4.0
1490 1486 1471 4.0
1492 1509 1514 4.0
1514 1509 1513 4.0
1515 1516 1421 4.0
1421 1510 1333 4.0
1332 1420 1517 4.0
1422 1515 1421 4.0
1386 1399 1393 4.0
1300 1341 1342 4.0
1339 1342 1518 4.0
1309 1307 1406 4.0
1311 1316 1309 4.0
1436 1428 1427 4.0
1434 1468 1436 4.0
1427 1435 1436 4.0
1493 1451 1519 4.0
1451 1493 1304 4.0
1446 1425 1520 4.0
1494 1451 1278 4.0
1451 1304 1475 4.0
1304 1305 1475 4.0
1503 1311 1495 4.0
1311 1481 1316 4.0
1295 1298 1282 4.0
1281 1282 650 4.0
1282 1437 650 4.0
650 1437 1521 4.0
1522 1523 1444 4.0
1523 1446 1444 4.0
1522 1511 1523 4.0
1425 1446 1523 4.0
1512 1523 1511 4.0
1511 1524 1420 4.0
1510 1420 1333 4.0
1522 1524 1511 4.0
1326 1495 1310 4.0
1510 1512 1511 4.0
1525 1527 1526 4.0
1528 1524 1529 4.0
1530 1531 1529 4.0
1524 1528 1532 4.0
1533 1535 1534 4.0
1536 1538 1537 4.0
1539 1540 1536 4.0
1541 1543 1542 4.0
1396 1543 1395 4.0
1544 1546 1545 4.0
1540 1548 1547 4.0
1396 1538 1547 4.0
1538 1396 1477 4.0
1349 1477 1396 4.0
1504 1549 1507 4.0
1550 1552 1551 4.0
1538 1536 1547 4.0
1540 1547 1536 4.0
1553 1555 1554 4.0
1539 1536 1537 4.0
1517 1537 1538 4.0
1539 1537 1546 4.0
1556 1557 1520 4.0
1558 1557 1559 4.0
1517 1538 1332 4.0
1410 1561 1560 4.0
1556 1560 1561 4.0
1410 1560 1412 4.0
1517 1562 1545 4.0
1555 1564 1563 4.0
1439 1535 1565 4.0
1450 1565 1566 4.0
1439 1565 1567 4.0
1450 1494 1565 4.0
1517 1545 1537 4.0
1546 1537 1545 4.0
1568 1347 1348 4.0
1361 1346 1347 4.0
1402 1346 1353 4.0
1361 1352 1346 4.0
1564 1520 1557 4.0
1446 1520 1564 4.0
1556 1520 1493 4.0
1493 1520 1425 4.0
1542 1543 1548 4.0
1526 1527 1541 4.0
1314 1481 1488 4.0
1503 1488 1311 4.0
1481 1311 1488 4.0
1504 1351 1527 4.0
1395 1527 1351 4.0
1569 1534 1414 4.0
1531 1571 1570 4.0
1528 1570 1571 4.0
1531 1570 1529 4.0
1528 1529 1570 4.0
1478 1572 1500 4.0
1423 1572 1478 4.0
1429 1572 1350 4.0
1573 1403 1574 4.0
1575 1403 1573 4.0
1507 1403 1404 4.0
1538 1477 1332 4.0
1471 1486 1576 4.0
1499 1471 1576 4.0
1402 1403 1348 4.0
1575 1348 1403 4.0
1402 1348 1346 4.0
1575 1568 1348 4.0
1552 1577 1551 4.0
1578 1549 1525 4.0
1454 1367 1502 4.0
1454 1502 1483 4.0
1483 1502 1427 4.0
1535 1566 1565 4.0
1533 1566 1535 4.0
1450 1566 1579 4.0
1533 1579 1566 4.0
1535 1414 1534 4.0
1439 1414 1535 4.0
1569 1414 1415 4.0
1439 1413 1414 4.0
1556 1493 1519 4.0
1412 1519 1451 4.0
1556 1519 1560 4.0
1412 1560 1519 4.0
1548 1543 1547 4.0
1396 1547 1543 4.0
1344 1576 1580 4.0
1501 1576 1344 4.0
1466 1576 1486 4.0
1501 1499 1576 4.0
1494 1567 1565 4.0
1581 1360 1361 4.0
1472 1360 1581 4.0
1352 1360 1452 4.0
1472 1453 1360 4.0
1279 1438 1567 4.0
1439 1567 1438 4.0
1490 1471 1469 4.0
1367 1580 1502 4.0
1367 1343 1580 4.0
1562 1517 1532 4.0
1420 1532 1517 4.0
1562 1532 1528 4.0
1420 1524 1532 4.0
1466 1580 1576 4.0
1343 1344 1580 4.0
1452 1506 1353 4.0
1426 1506 1419 4.0
1454 1453 1330 4.0
1335 1330 1453 4.0
1577 1582 1444 4.0
1529 1582 1577 4.0
1522 1582 1524 4.0
1529 1524 1582 4.0
1502 1580 1435 4.0
1466 1435 1580 4.0
1485 1490 1465 4.0
1469 1465 1490 4.0
1562 1584 1583 4.0
1544 1583 1584 4.0
1562 1583 1545 4.0
1544 1545 1583 4.0
1474 1488 1482 4.0
1474 1314 1488 4.0
1425 1509 1424 4.0
1523 1509 1425 4.0
1523 1512 1509 4.0
1301 1336 1585 4.0
1301 1585 1341 4.0
1340 1341 1585 4.0
1564 1445 1446 4.0
1555 1445 1564 4.0
1444 1445 1551 4.0
1551 1445 1586 4.0
1362 1588 1587 4.0
1362 1324 1588 4.0
1421 1513 1510 4.0
1516 1513 1421 4.0
1512 1513 1509 4.0
1516 1514 1513 4.0
1496 1393 1448 4.0
1394 1448 1393 4.0
1487 1449 1508 4.0
1394 1508 1449 4.0
1487 1508 1482 4.0
1482 1508 1319 4.0
1506 1452 1419 4.0
1483 1419 1452 4.0
1489 1521 1589 4.0
1521 1437 1590 4.0
1553 1550 1586 4.0
1551 1586 1550 4.0
1553 1586 1555 4.0
1555 1586 1445 4.0
1340 1518 1342 4.0
1339 1518 1338 4.0
1476 1350 1572 4.0
1476 1572 1423 4.0
1340 1585 1498 4.0
1336 1498 1585 4.0
1525 1549 1527 4.0
1504 1527 1549 4.0
1567 1494 1278 4.0
1475 1278 1451 4.0
1567 1278 1279 4.0
1475 1277 1278 4.0
1557 1563 1564 4.0
1558 1563 1557 4.0
1555 1563 1554 4.0
1558 1554 1563 4.0
1500 1505 1433 4.0
1572 1505 1500 4.0
1572 1429 1505 4.0
1588 1324 1589 4.0
1301 1299 1324 4.0
1588 1590 1283 4.0
1437 1283 1590 4.0
1340 1497 1518 4.0
1338 1518 1497 4.0
1411 1412 1591 4.0
1450 1591 1412 4.0
1411 1591 1579 4.0
1450 1579 1591 4.0
1426 1505 1429 4.0
1426 1429 1506 4.0
1404 1506 1429 4.0
1549 1578 1574 4.0
1573 1574 1578 4.0
1549 1574 1507 4.0
1507 1574 1403 4.0
1299 1589 1324 4.0
1489 1589 1299 4.0
1588 1589 1590 4.0
1590 1589 1521 4.0
1284 1587 1592 4.0
1588 1592 1587 4.0
1284 1592 1283 4.0
1588 1283 1592 4.0
1557 1556 1593 4.0
1561 1593 1556 4.0
1557 1593 1559 4.0
1561 1559 1593 4.0
1530 1577 1552 4.0
1530 1529 1577 4.0
1541 1527 1395 4.0
1541 1395 1543 4.0
1571 1584 1594 4.0
1562 1594 1584 4.0
1571 1594 1528 4.0
1562 1528 1594 4.0
1577 1444 1551 4.0
1522 1444 1582 4.0
1595 628 1596 4.0
629 1302 628 4.0
1597 664 624 4.0
1597 624 1595 4.0
1598 1526 1599 4.0
1600 1578 1525 4.0
1578 1601 1573 4.0
1601 1602 1573 4.0
1578 1600 1601 4.0
1542 1603 1541 4.0
1541 1603 1526 4.0
1599 1526 1603 4.0
1526 1598 1525 4.0
1604 1347 1568 4.0
1605 1606 1361 4.0
1347 1605 1361 4.0
1602 1607 1575 4.0
1575 1573 1602 4.0
1607 1568 1575 4.0
1607 1604 1568 4.0
1347 1604 1605 4.0
1608 1281 650 4.0
1609 1611 1610 4.0
1495 1326 1611 4.0
1281 1608 1612 4.0
1280 1612 1613 4.0
1612 1280 1281 4.0
1600 1598 1599 4.0
1525 1598 1600 4.0
1302 1363 1596 4.0
1302 1596 628 4.0
1614 1596 1615 4.0
1363 1615 1596 4.0
1614 1615 1616 4.0
1329 1618 1617 4.0
1619 1617 1618 4.0
1329 1617 1328 4.0
1619 1328 1617 4.0
1620 1616 1615 4.0
1615 1363 1621 4.0
1280 1613 1326 4.0
1622 1613 612 4.0
612 1613 1612 4.0
1623 1472 1624 4.0
1581 1624 1472 4.0
1623 1624 1625 4.0
1581 1625 1624 4.0
1328 1619 1621 4.0
1620 1621 1619 4.0
1328 1621 1363 4.0
1620 1615 1621 4.0
1581 1361 1626 4.0
1606 1626 1361 4.0
1581 1626 1625 4.0
1606 1625 1626 4.0
1627 1335 1628 4.0
1472 1628 1335 4.0
1627 1628 1623 4.0
1472 1623 1628 4.0
1595 1596 1629 4.0
1614 1629 1596 4.0
1595 1629 1597 4.0
1614 1597 1629 4.0
1329 1335 1630 4.0
1329 1630 1618 4.0
1631 1618 1630 4.0
1326 1613 1610 4.0
1622 1610 1613 4.0
1326 1610 1611 4.0
1622 1609 1610 4.0
1631 1630 1632 4.0
1335 1632 1630 4.0
1631 1632 1627 4.0
1335 1627 1632 4.0
1601 1600 1633 4.0
1607 1634 1604 4.0
1602 1635 1607 4.0
1602 1601 1636 4.0
1605 1604 1637 4.0
664 1639 1638 4.0
1542 1640 1603 4.0
1640 1641 1603 4.0
1599 1603 1641 4.0
1600 1599 1642 4.0
1643 1633 1600 4.0
1599 1641 1642 4.0
1633 1636 1601 4.0
1635 1602 1636 4.0
1634 1637 1604 4.0
1607 1635 1634 4.0
1644 1638 1639 4.0
666 1639 1645 4.0
1600 1642 1643 4.0
1643 1642 1641 4.0
1639 666 1646 4.0
1647 1495 1611 4.0
1644 1639 1646 4.0
598 606 1648 4.0
1647 1648 606 4.0
1647 1611 1648 4.0
1649 1645 1650 4.0
1639 1650 1645 4.0
1649 1650 1651 4.0
1618 1631 1652 4.0
1653 1654 1652 4.0
1616 1620 1655 4.0
1656 1649 1655 4.0
1616 1651 1614 4.0
1649 1651 1655 4.0
1616 1655 1651 4.0
1611 1609 1648 4.0
598 1648 1609 4.0
1619 1655 1620 4.0
1654 1656 1657 4.0
1619 1618 1657 4.0
1619 1657 1655 4.0
1655 1657 1656 4.0
1639 664 1658 4.0
1597 1658 664 4.0
1639 1658 1650 4.0
1597 1650 1658 4.0
1652 1631 1659 4.0
1660 1653 1659 4.0
1623 1625 1661 4.0
1662 1661 1625 4.0
1623 1661 1660 4.0
1662 1660 1661 4.0
1625 1606 1663 4.0
1664 1663 1606 4.0
1625 1663 1662 4.0
1664 1662 1663 4.0
1627 1623 1659 4.0
1660 1659 1623 4.0
1627 1659 1631 4.0
1652 1659 1653 4.0
1654 1657 1652 4.0
1618 1652 1657 4.0
1597 1614 1665 4.0
1651 1665 1614 4.0
1597 1665 1650 4.0
1651 1650 1665 4.0
1606 1605 1666 4.0
1637 1666 1605 4.0
1606 1666 1664 4.0
1637 1664 1666 4.0
612 613 1622 4.0
1667 713 1609 4.0
613 1667 1622 4.0
1622 1667 1609 4.0
597 598 1609 4.0
1609 713 597 4.0
1668 1670 1669 5.0
1671 1673 1672 5.0
1674 1670 1675 5.0
1676 1678 1677 5.0
1679 1677 1680 5.0
1681 1683 1682 5.0
1677 1678 1684 5.0
1685 1687 1686 5.0
1671 1668 1688 5.0
1671 1670 1668 5.0
1673 1690 1689 5.0
1672 1691 1671 5.0
1671 1691 1670 5.0
1692 1693 1687 5.0
1694 1696 1695 5.0
1697 1669 1670 5.0
1698 1700 1699 5.0
1701 1685 1686 5.0
1702 1685 1701 5.0
1701 1686 1703 5.0
1670 1691 1704 5.0
1695 1696 1692 5.0
1674 1706 1705 5.0
1707 1708 1705 5.0
1709 1710 1674 5.0
1696 1694 1711 5.0
1696 1711 1693 5.0
1712 1713 1711 5.0
1700 1711 1713 5.0
1693 1711 1700 5.0
1675 1706 1674 5.0
1714 1716 1715 5.0
1714 1715 1708 5.0
1681 1682 1680 5.0
1717 1718 1680 5.0
1710 1697 1674 5.0
1697 1670 1674 5.0
1704 1675 1670 5.0
1712 1720 1719 5.0
1694 1720 1711 5.0
1712 1711 1720 5.0
1682 1683 1721 5.0
1709 1721 1683 5.0
1682 1721 1715 5.0
1709 1674 1721 5.0
1713 1722 1700 5.0
1722 1699 1700 5.0
1682 1715 1717 5.0
1717 1680 1682 5.0
1679 1680 1718 5.0
1681 1680 1684 5.0
1684 1680 1677 5.0
1723 1689 1690 5.0
1724 1689 1723 5.0
1673 1689 1725 5.0
1694 1689 1720 5.0
1726 1699 1722 5.0
1693 1700 1698 5.0
1703 1698 1699 5.0
1703 1686 1698 5.0
1690 1673 1688 5.0
1671 1688 1673 5.0
1690 1688 1727 5.0
1727 1688 1668 5.0
1686 1687 1698 5.0
1716 1717 1715 5.0
1716 1718 1717 5.0
1696 1693 1692 5.0
1698 1687 1693 5.0
1695 1672 1725 5.0
1673 1725 1672 5.0
1695 1725 1694 5.0
1694 1725 1689 5.0
1719 1720 1724 5.0
1724 1720 1689 5.0
1721 1674 1705 5.0
1707 1705 1706 5.0
1721 1705 1715 5.0
1715 1705 1708 5.0
1728 1730 1729 5.0
1731 1733 1732 5.0
1734 1736 1735 5.0
1737 1739 1738 5.0
1676 1677 1740 5.0
1741 1743 1742 5.0
1744 1731 1745 5.0
1746 1748 1747 5.0
1749 1750 1733 5.0
1729 1752 1751 5.0
1731 1732 1745 5.0
1753 1755 1754 5.0
1756 1729 1757 5.0
1746 1745 1748 5.0
1758 1759 1752 5.0
1745 1732 1748 5.0
1752 1760 1758 5.0
1758 1760 1761 5.0
1702 1701 1739 5.0
1738 1701 1703 5.0
1737 1762 1744 5.0
1738 1739 1701 5.0
1733 1731 1763 5.0
1762 1737 1764 5.0
1731 1762 1763 5.0
1762 1731 1744 5.0
1748 1732 1765 5.0
1748 1765 1747 5.0
1766 1765 1767 5.0
1732 1767 1765 5.0
1766 1767 1768 5.0
1716 1769 1718 5.0
1742 1769 1770 5.0
1716 1771 1769 5.0
1763 1749 1733 5.0
1766 1772 1765 5.0
1728 1765 1772 5.0
1747 1765 1728 5.0
1679 1773 1677 5.0
1743 1773 1742 5.0
1768 1767 1774 5.0
1767 1732 1775 5.0
1776 1778 1777 5.0
1779 1777 1780 5.0
1776 1777 1781 5.0
1779 1782 1777 5.0
1783 1753 1754 5.0
1760 1754 1734 5.0
1760 1752 1754 5.0
1738 1703 1764 5.0
1703 1699 1784 5.0
1763 1784 1749 5.0
1749 1784 1785 5.0
1784 1764 1703 5.0
1763 1764 1784 5.0
1738 1764 1737 5.0
1763 1762 1764 5.0
1747 1729 1751 5.0
1759 1751 1752 5.0
1747 1751 1746 5.0
1759 1746 1751 5.0
1786 1741 1787 5.0
1742 1787 1741 5.0
1786 1787 1735 5.0
1677 1773 1740 5.0
1743 1740 1773 5.0
1771 1788 1781 5.0
1716 1788 1771 5.0
1789 1788 1714 5.0
1716 1714 1788 5.0
1790 1786 1735 5.0
1782 1735 1770 5.0
1790 1735 1736 5.0
1782 1779 1735 5.0
1750 1791 1733 5.0
1774 1775 1791 5.0
1733 1775 1732 5.0
1774 1767 1775 5.0
1792 1750 1749 5.0
1775 1733 1791 5.0
1760 1734 1780 5.0
1755 1734 1754 5.0
1779 1734 1735 5.0
1755 1736 1734 5.0
1793 1729 1730 5.0
1747 1728 1729 5.0
1730 1728 1772 5.0
1771 1770 1769 5.0
1782 1770 1771 5.0
1742 1770 1787 5.0
1787 1770 1735 5.0
1718 1769 1679 5.0
1789 1776 1781 5.0
1782 1781 1777 5.0
1789 1781 1788 5.0
1782 1771 1781 5.0
1757 1783 1756 5.0
1793 1757 1729 5.0
1752 1729 1756 5.0
1679 1769 1773 5.0
1742 1773 1769 5.0
1783 1754 1756 5.0
1752 1756 1754 5.0
1778 1780 1777 5.0
1761 1780 1778 5.0
1779 1780 1734 5.0
1761 1760 1780 5.0
1792 1749 1785 5.0
1699 1785 1784 5.0
1792 1785 1726 5.0
1699 1726 1785 5.0
1714 1708 1794 5.0
1707 1794 1708 5.0
1795 1797 1796 5.0
1798 1800 1799 5.0
1801 1803 1802 5.0
1800 1805 1804 5.0
1672 1806 1691 5.0
1807 1687 1808 5.0
1809 1811 1810 5.0
1812 1814 1813 5.0
1812 1813 1815 5.0
1797 1815 1813 5.0
1816 1818 1817 5.0
1800 1819 1805 5.0
1805 1819 1820 5.0
1821 1814 1822 5.0
1823 1822 1824 5.0
1825 1827 1826 5.0
1826 1707 1828 5.0
1823 1829 1822 5.0
1823 1831 1830 5.0
1823 1830 1829 5.0
1832 1819 1830 5.0
1833 1835 1834 5.0
1836 1795 1837 5.0
1838 1839 1837 5.0
1840 1842 1841 5.0
1840 1841 1843 5.0
1843 1841 1844 5.0
1845 1796 1846 5.0
1847 1796 1797 5.0
1848 1675 1849 5.0
1704 1811 1675 5.0
1849 1811 1850 5.0
1851 1853 1852 5.0
1804 1853 1854 5.0
1851 1854 1853 5.0
1855 1843 1856 5.0
1857 1798 1858 5.0
1855 1856 1859 5.0
1860 1799 1861 5.0
1804 1799 1800 5.0
1860 1798 1799 5.0
1862 1828 1848 5.0
1706 1828 1707 5.0
1825 1826 1828 5.0
1804 1805 1853 5.0
1811 1704 1863 5.0
1819 1829 1830 5.0
1800 1829 1819 5.0
1797 1795 1836 5.0
1815 1797 1864 5.0
1821 1844 1814 5.0
1797 1844 1847 5.0
1800 1798 1857 5.0
1821 1822 1857 5.0
1810 1835 1833 5.0
1865 1835 1866 5.0
1866 1835 1867 5.0
1868 1869 1820 5.0
1805 1820 1870 5.0
1832 1820 1819 5.0
1865 1871 1835 5.0
1865 1836 1871 5.0
1821 1843 1844 5.0
1847 1844 1841 5.0
1815 1864 1806 5.0
1865 1864 1836 5.0
1836 1864 1797 5.0
1872 1862 1873 5.0
1814 1824 1822 5.0
1812 1824 1814 5.0
1807 1823 1874 5.0
1823 1807 1831 5.0
1814 1844 1813 5.0
1797 1813 1844 5.0
1803 1801 1817 5.0
1875 1817 1801 5.0
1803 1817 1818 5.0
1816 1817 1876 5.0
1877 1879 1878 5.0
1832 1878 1880 5.0
1875 1881 1876 5.0
1875 1876 1817 5.0
1882 1816 1876 5.0
1800 1857 1829 5.0
1822 1829 1857 5.0
1832 1882 1878 5.0
1882 1832 1883 5.0
1879 1880 1878 5.0
1868 1880 1879 5.0
1832 1880 1820 5.0
1868 1820 1880 5.0
1852 1853 1870 5.0
1805 1870 1853 5.0
1852 1870 1869 5.0
1869 1870 1820 5.0
1881 1882 1876 5.0
1877 1882 1881 5.0
1877 1878 1882 5.0
1849 1862 1848 5.0
1706 1848 1828 5.0
1811 1849 1675 5.0
1706 1675 1848 5.0
1865 1866 1864 5.0
1806 1864 1866 5.0
1884 1886 1885 5.0
1871 1888 1887 5.0
1889 1887 1888 5.0
1889 1871 1887 5.0
1827 1794 1826 5.0
1707 1826 1794 5.0
1890 1892 1891 5.0
1833 1892 1893 5.0
1840 1843 1855 5.0
1845 1838 1796 5.0
1795 1796 1838 5.0
1839 1838 1845 5.0
1841 1842 1894 5.0
1809 1810 1893 5.0
1833 1893 1810 5.0
1809 1893 1885 5.0
1850 1809 1895 5.0
1862 1849 1895 5.0
1809 1850 1811 5.0
1685 1808 1687 5.0
1702 1808 1685 5.0
1702 1896 1808 5.0
1687 1874 1692 5.0
1806 1897 1815 5.0
1812 1815 1897 5.0
1897 1898 1812 5.0
1898 1692 1874 5.0
1897 1695 1898 5.0
1692 1898 1695 5.0
1862 1895 1873 5.0
1885 1895 1809 5.0
1850 1895 1849 5.0
1885 1893 1899 5.0
1892 1899 1893 5.0
1892 1890 1899 5.0
1885 1886 1900 5.0
1873 1900 1886 5.0
1885 1900 1895 5.0
1873 1895 1900 5.0
1816 1831 1901 5.0
1816 1901 1818 5.0
1896 1818 1901 5.0
1808 1896 1902 5.0
1806 1867 1691 5.0
1810 1867 1835 5.0
1806 1866 1867 5.0
1892 1833 1834 5.0
1871 1834 1835 5.0
1871 1889 1834 5.0
1691 1867 1863 5.0
1810 1863 1867 5.0
1691 1863 1704 5.0
1810 1811 1863 5.0
1892 1834 1903 5.0
1889 1903 1834 5.0
1892 1903 1891 5.0
1889 1891 1903 5.0
1843 1821 1858 5.0
1857 1858 1821 5.0
1843 1858 1856 5.0
1856 1858 1798 5.0
1830 1883 1832 5.0
1831 1883 1830 5.0
1882 1883 1816 5.0
1831 1816 1883 5.0
1890 1884 1899 5.0
1885 1899 1884 5.0
1846 1796 1894 5.0
1847 1894 1796 5.0
1846 1894 1842 5.0
1847 1841 1894 5.0
1812 1898 1874 5.0
1807 1874 1687 5.0
1812 1874 1824 5.0
1824 1874 1823 5.0
1695 1897 1672 5.0
1806 1672 1897 5.0
1798 1860 1904 5.0
1859 1904 1860 5.0
1798 1904 1856 5.0
1859 1856 1904 5.0
1831 1807 1902 5.0
1808 1902 1807 5.0
1831 1902 1901 5.0
1901 1902 1896 5.0
1825 1828 1905 5.0
1862 1905 1828 5.0
1825 1905 1872 5.0
1862 1872 1905 5.0
1888 1837 1839 5.0
1871 1837 1888 5.0
1838 1837 1795 5.0
1871 1836 1837 5.0
1861 1799 1906 5.0
1804 1906 1799 5.0
1861 1906 1854 5.0
1804 1854 1906 5.0
1789 1714 1794 5.0
1802 1803 1907 5.0
1759 1758 1908 5.0
1909 1910 1745 5.0
1744 1745 1910 5.0
1911 1908 1912 5.0
1803 1818 1913 5.0
1914 1916 1915 5.0
1917 1919 1918 5.0
1920 1922 1921 5.0
1909 1922 1923 5.0
1919 1925 1924 5.0
1825 1926 1827 5.0
1778 1776 1927 5.0
1746 1909 1745 5.0
1928 1930 1929 5.0
1928 1931 1930 5.0
1778 1927 1932 5.0
1778 1932 1761 5.0
1761 1932 1933 5.0
1839 1934 1888 5.0
1935 1937 1936 5.0
1891 1889 1938 5.0
1930 1931 1938 5.0
1854 1939 1861 5.0
1940 1936 1941 5.0
1854 1941 1939 5.0
1914 1915 1942 5.0
1914 1942 1943 5.0
1825 1927 1926 5.0
1926 1927 1776 5.0
1935 1919 1944 5.0
1925 1919 1943 5.0
1935 1945 1919 5.0
1859 1860 1946 5.0
1859 1946 1937 5.0
1936 1937 1946 5.0
1947 1949 1948 5.0
1950 1949 1951 5.0
1886 1952 1873 5.0
1912 1932 1952 5.0
1922 1929 1921 5.0
1925 1943 1953 5.0
1914 1943 1945 5.0
1945 1943 1919 5.0
1935 1936 1940 5.0
1935 1940 1945 5.0
1950 1951 1954 5.0
1914 1954 1916 5.0
1951 1916 1954 5.0
1845 1955 1839 5.0
1855 1956 1840 5.0
1890 1957 1884 5.0
1737 1942 1739 5.0
1909 1923 1910 5.0
1854 1851 1958 5.0
1959 1958 1851 5.0
1854 1958 1941 5.0
1949 1941 1959 5.0
1958 1959 1941 5.0
1950 1941 1949 5.0
1939 1941 1936 5.0
1950 1940 1941 5.0
1923 1953 1910 5.0
1925 1953 1923 5.0
1942 1953 1943 5.0
1803 1913 1960 5.0
1961 1960 1962 5.0
1803 1960 1907 5.0
1961 1907 1960 5.0
1963 1965 1964 5.0
1966 1965 1963 5.0
1967 1962 1968 5.0
1961 1962 1967 5.0
1969 1962 1913 5.0
1913 1962 1960 5.0
1948 1949 1959 5.0
1969 1913 1970 5.0
1969 1970 1916 5.0
1916 1970 1915 5.0
1969 1916 1971 5.0
1951 1971 1916 5.0
1969 1971 1968 5.0
1951 1965 1971 5.0
1928 1972 1931 5.0
1908 1911 1972 5.0
1911 1931 1972 5.0
1957 1931 1911 5.0
1947 1963 1964 5.0
1951 1964 1965 5.0
1947 1964 1949 5.0
1951 1949 1964 5.0
1912 1908 1933 5.0
1758 1933 1908 5.0
1912 1933 1932 5.0
1758 1761 1933 5.0
1920 1973 1918 5.0
1966 1967 1968 5.0
1969 1968 1962 5.0
1966 1968 1965 5.0
1965 1968 1971 5.0
1956 1917 1974 5.0
1920 1918 1924 5.0
1917 1944 1919 5.0
1956 1944 1917 5.0
1935 1944 1937 5.0
1937 1944 1975 5.0
1929 1930 1976 5.0
1794 1827 1977 5.0
1846 1978 1973 5.0
1846 1842 1978 5.0
1889 1888 1938 5.0
1972 1979 1908 5.0
1909 1746 1980 5.0
1972 1980 1979 5.0
1979 1980 1746 5.0
1952 1981 1912 5.0
1952 1886 1981 5.0
1840 1956 1974 5.0
1840 1974 1842 5.0
1929 1922 1982 5.0
1909 1982 1922 5.0
1929 1982 1928 5.0
1909 1980 1982 5.0
1957 1981 1983 5.0
1886 1983 1981 5.0
1957 1983 1884 5.0
1886 1884 1983 5.0
1918 1974 1917 5.0
1973 1974 1918 5.0
1927 1984 1932 5.0
1952 1932 1984 5.0
1957 1890 1985 5.0
1891 1985 1890 5.0
1957 1985 1931 5.0
1942 1915 1986 5.0
1896 1986 1987 5.0
1896 1702 1986 5.0
1957 1911 1981 5.0
1912 1981 1911 5.0
1908 1979 1759 5.0
1746 1759 1979 5.0
1956 1855 1975 5.0
1859 1975 1855 5.0
1956 1975 1944 5.0
1859 1937 1975 5.0
1910 1942 1744 5.0
1910 1953 1942 5.0
1934 1839 1976 5.0
1955 1976 1839 5.0
1955 1921 1976 5.0
1972 1928 1980 5.0
1980 1928 1982 5.0
1942 1986 1739 5.0
1702 1739 1986 5.0
1931 1985 1988 5.0
1891 1988 1985 5.0
1931 1988 1938 5.0
1891 1938 1988 5.0
1919 1924 1918 5.0
1923 1924 1925 5.0
1920 1924 1922 5.0
1923 1922 1924 5.0
1915 1987 1986 5.0
1970 1987 1915 5.0
1970 1913 1987 5.0
1927 1825 1989 5.0
1872 1989 1825 5.0
1927 1989 1984 5.0
1872 1984 1989 5.0
1872 1873 1990 5.0
1952 1990 1873 5.0
1872 1990 1984 5.0
1952 1984 1990 5.0
1930 1938 1934 5.0
1934 1938 1888 5.0
1921 1955 1991 5.0
1973 1991 1992 5.0
1921 1991 1920 5.0
1973 1920 1991 5.0
1744 1942 1737 5.0
1945 1954 1914 5.0
1940 1954 1945 5.0
1940 1950 1954 5.0
1973 1978 1974 5.0
1842 1974 1978 5.0
1934 1976 1930 5.0
1921 1929 1976 5.0
1846 1973 1992 5.0
1955 1992 1991 5.0
1846 1992 1845 5.0
1955 1845 1992 5.0
1860 1861 1946 5.0
1939 1946 1861 5.0
1936 1946 1939 5.0
1913 1818 1987 5.0
1896 1987 1818 5.0
1926 1977 1827 5.0
1776 1977 1926 5.0
1794 1977 1789 5.0
1776 1789 1977 5.0
1851 1852 1993 5.0
1993 1852 1869 5.0
1994 1996 1995 5.0
1997 1993 1869 5.0
1879 1877 1998 5.0
1995 2000 1999 5.0
1801 2000 1875 5.0
2000 1995 1996 5.0
2001 2000 1996 5.0
1996 2003 2002 5.0
1995 2004 1994 5.0
2005 2004 2006 5.0
1994 2003 1996 5.0
2001 2008 2007 5.0
2001 2007 2000 5.0
1879 2009 1868 5.0
1879 1998 2009 5.0
1868 2009 2010 5.0
2011 2010 2009 5.0
2011 2012 2010 5.0
2008 2001 2013 5.0
2014 2015 2013 5.0
2008 2017 2016 5.0
2018 2017 2019 5.0
1877 1881 2016 5.0
1877 2016 1998 5.0
1998 2016 2017 5.0
2011 2021 2020 5.0
1998 2021 2009 5.0
2011 2009 2021 5.0
2008 2016 2022 5.0
1881 2022 2016 5.0
2008 2022 2007 5.0
1801 1802 2023 5.0
2024 2023 1802 5.0
2025 2023 1999 5.0
1881 1875 2007 5.0
2000 2007 1875 5.0
1881 2007 2022 5.0
1868 2010 2026 5.0
2012 2026 2010 5.0
2012 1997 2026 5.0
2001 1996 2027 5.0
2014 2013 2027 5.0
2001 2027 2013 5.0
2014 2027 2028 5.0
2029 2031 2030 5.0
1997 1869 2026 5.0
1868 2026 1869 5.0
1995 2006 2004 5.0
1999 2006 1995 5.0
2005 2006 2032 5.0
1999 2031 2006 5.0
2015 2019 2033 5.0
2015 2033 2013 5.0
2008 2013 2033 5.0
2018 2020 2034 5.0
2018 2034 2017 5.0
1998 2017 2034 5.0
2028 2027 2002 5.0
1996 2002 2027 5.0
2028 2002 2035 5.0
2035 2002 2003 5.0
2019 2017 2033 5.0
2008 2033 2017 5.0
1999 2000 2025 5.0
1801 2025 2000 5.0
2031 1999 2023 5.0
1801 2023 2025 5.0
2020 2021 2034 5.0
1998 2034 2021 5.0
2024 2031 2023 5.0
2030 2031 2024 5.0
2029 2036 2032 5.0
2005 2032 2036 5.0
2029 2032 2031 5.0
2031 2032 2006 5.0
1993 1959 1851 5.0
1997 1948 1993 5.0
2020 2037 2011 5.0
1948 1959 1993 5.0
2036 2039 2038 5.0
2040 2042 2041 5.0
2043 2045 2044 5.0
2038 2039 2045 5.0
2046 2039 2029 5.0
2041 2047 2044 5.0
1961 1967 2048 5.0
2049 2050 2048 5.0
1967 2049 2048 5.0
2051 2048 2050 5.0
2052 2015 2053 5.0
2051 2050 2053 5.0
2018 2019 2054 5.0
2052 2050 2054 5.0
2050 2049 2055 5.0
1966 2049 1967 5.0
2051 2041 2056 5.0
2057 2056 2044 5.0
2051 2056 2048 5.0
2048 2056 2058 5.0
2024 2046 2030 5.0
2057 2039 2046 5.0
2037 2059 2055 5.0
2018 2059 2020 5.0
2037 2020 2059 5.0
2012 2011 2060 5.0
2037 2060 2011 5.0
1961 2058 1907 5.0
2057 2058 2056 5.0
1961 2048 2058 5.0
2046 2061 2057 5.0
2024 2061 2046 5.0
1907 2061 1802 5.0
2024 1802 2061 5.0
2012 2062 1997 5.0
1947 2062 2063 5.0
2012 2060 2062 5.0
2014 2028 2040 5.0
2051 2040 2041 5.0
1997 2062 1948 5.0
1947 1948 2062 5.0
2041 2044 2056 5.0
2043 2044 2047 5.0
2057 2044 2039 5.0
2039 2044 2045 5.0
2015 2052 2019 5.0
2028 2042 2040 5.0
2047 2041 2042 5.0
1907 2058 2061 5.0
2058 2057 2061 5.0
2063 2037 1963 5.0
2036 2029 2039 5.0
2030 2046 2029 5.0
1966 1963 2064 5.0
1947 2063 1963 5.0
2037 2063 2060 5.0
2060 2063 2062 5.0
2052 2054 2019 5.0
2055 2054 2050 5.0
2018 2054 2059 5.0
2055 2059 2054 5.0
2014 2053 2015 5.0
2040 2053 2014 5.0
2052 2053 2050 5.0
2040 2051 2053 5.0
2037 2055 2064 5.0
2049 2064 2055 5.0
2037 2064 1963 5.0
2049 1966 2064 5.0
2065 2066 2003 5.0
1994 2065 2003 5.0
2035 2066 2028 5.0
2066 2035 2003 5.0
1994 2004 2067 5.0
2005 2036 2068 5.0
2005 2068 2069 5.0
2067 2065 1994 5.0
2004 2069 2067 5.0
2004 2005 2069 5.0
2042 2028 2066 5.0
2047 2066 2065 5.0
2066 2047 2042 5.0
2047 2065 2043 5.0
2065 2067 2043 5.0
2045 2067 2069 5.0
2038 2069 2068 5.0
2069 2038 2045 5.0
2038 2068 2036 5.0
2067 2045 2043 5.0
2070 2072 2071 6.0
2073 2075 2074 6.0
2076 2077 2071 6.0
2078 2080 2079 6.0
2081 2083 2082 6.0
2077 2083 2081 6.0
2079 2085 2084 6.0
2081 2070 2077 6.0
2071 2077 2070 6.0
2086 2087 2079 6.0
2088 2090 2089 6.0
2091 2090 2088 6.0
2089 2090 2092 6.0
2093 2095 2094 6.0
2096 2078 2097 6.0
2098 2078 2079 6.0
2084 2099 2098 6.0
2098 2099 2100 6.0
2084 2098 2079 6.0
2083 2077 2076 6.0
2101 2079 2080 6.0
2102 2104 2103 6.0
2095 2102 2103 6.0
2104 2102 2105 6.0
2106 2086 2107 6.0
2104 2108 2103 6.0
2109 2111 2110 6.0
2110 2113 2112 6.0
2114 2105 2102 6.0
2114 2102 2115 6.0
2116 2095 2092 6.0
2117 2118 2092 6.0
2107 2086 2101 6.0
2087 2086 2108 6.0
2109 2110 2112 6.0
2071 2112 2113 6.0
2071 2072 2112 6.0
2101 2086 2079 6.0
2085 2079 2087 6.0
2106 2094 2103 6.0
2095 2103 2094 6.0
2106 2103 2086 6.0
2086 2103 2108 6.0
2119 2113 2120 6.0
2121 2122 2120 6.0
2123 2076 2124 6.0
2071 2124 2076 6.0
2123 2124 2125 6.0
2071 2113 2124 6.0
2116 2092 2118 6.0
2093 2092 2095 6.0
2117 2092 2090 6.0
2093 2089 2092 6.0
2126 2073 2074 6.0
2100 2074 2075 6.0
2126 2074 2120 6.0
2119 2074 2127 6.0
2111 2121 2110 6.0
2119 2128 2125 6.0
2123 2125 2128 6.0
2119 2125 2113 6.0
2113 2125 2124 6.0
2113 2110 2120 6.0
2121 2120 2110 6.0
2075 2096 2097 6.0
2098 2097 2078 6.0
2075 2097 2100 6.0
2098 2100 2097 6.0
2115 2102 2116 6.0
2095 2116 2102 6.0
2115 2116 2118 6.0
2100 2099 2127 6.0
2128 2127 2099 6.0
2100 2127 2074 6.0
2128 2119 2127 6.0
2072 2130 2129 6.0
2109 2129 2130 6.0
2072 2129 2112 6.0
2109 2112 2129 6.0
2122 2126 2120 6.0
2119 2120 2074 6.0
2131 2133 2132 6.0
2131 2132 2134 6.0
2135 2137 2136 6.0
2138 2140 2139 6.0
2091 2141 2090 6.0
2142 2144 2143 6.0
2145 2147 2146 6.0
2148 2150 2149 6.0
2151 2153 2152 6.0
2154 2156 2155 6.0
2157 2159 2158 6.0
2160 2162 2161 6.0
2149 2150 2133 6.0
2163 2133 2131 6.0
2150 2164 2132 6.0
2165 2166 2164 6.0
2156 2151 2152 6.0
2165 2161 2167 6.0
2151 2156 2154 6.0
2082 2139 2081 6.0
2140 2070 2081 6.0
2138 2163 2168 6.0
2140 2081 2139 6.0
2134 2169 2131 6.0
2140 2138 2170 6.0
2131 2169 2168 6.0
2168 2163 2131 6.0
2132 2133 2150 6.0
2148 2164 2150 6.0
2115 2118 2171 6.0
2115 2171 2172 6.0
2172 2171 2173 6.0
2169 2134 2174 6.0
2117 2090 2175 6.0
2143 2144 2175 6.0
2132 2164 2176 6.0
2177 2178 2176 6.0
2132 2176 2134 6.0
2179 2181 2180 6.0
2136 2181 2179 6.0
2182 2181 2183 6.0
2183 2181 2184 6.0
2185 2159 2157 6.0
2186 2159 2185 6.0
2152 2159 2156 6.0
2187 2070 2170 6.0
2070 2187 2072 6.0
2072 2187 2188 6.0
2169 2174 2187 6.0
2169 2187 2170 6.0
2140 2170 2070 6.0
2169 2170 2168 6.0
2168 2170 2138 6.0
2144 2142 2189 6.0
2190 2189 2142 6.0
2143 2175 2141 6.0
2090 2141 2175 6.0
2115 2172 2191 6.0
2192 2191 2180 6.0
2115 2191 2114 6.0
2192 2114 2191 6.0
2137 2135 2190 6.0
2179 2135 2136 6.0
2158 2136 2193 6.0
2148 2149 2155 6.0
2154 2155 2149 6.0
2148 2155 2161 6.0
2161 2155 2156 6.0
2178 2145 2146 6.0
2147 2174 2146 6.0
2178 2146 2176 6.0
2134 2176 2146 6.0
2134 2146 2174 6.0
2194 2174 2147 6.0
2137 2193 2136 6.0
2157 2158 2193 6.0
2136 2158 2184 6.0
2152 2158 2159 6.0
2177 2176 2195 6.0
2164 2195 2176 6.0
2177 2195 2196 6.0
2196 2195 2166 6.0
2148 2161 2165 6.0
2197 2167 2161 6.0
2167 2166 2165 6.0
2195 2164 2166 6.0
2148 2165 2164 6.0
2179 2172 2173 6.0
2144 2173 2171 6.0
2179 2173 2135 6.0
2144 2189 2173 6.0
2118 2117 2171 6.0
2182 2180 2181 6.0
2192 2180 2182 6.0
2179 2180 2172 6.0
2172 2180 2191 6.0
2162 2160 2186 6.0
2156 2160 2161 6.0
2197 2161 2162 6.0
2144 2171 2175 6.0
2117 2175 2171 6.0
2156 2159 2160 6.0
2186 2160 2159 6.0
2153 2183 2184 6.0
2136 2184 2181 6.0
2153 2184 2152 6.0
2152 2184 2158 6.0
2174 2188 2187 6.0
2194 2188 2174 6.0
2072 2188 2130 6.0
2194 2130 2188 6.0
2190 2135 2189 6.0
2189 2135 2173 6.0
2114 2198 2105 6.0
2198 2104 2105 6.0
2199 2201 2200 6.0
2202 2204 2203 6.0
2202 2205 2204 6.0
2206 2208 2207 6.0
2209 2207 2210 6.0
2211 2084 2212 6.0
2084 2085 2213 6.0
2214 2216 2215 6.0
2199 2206 2217 6.0
2218 2220 2219 6.0
2221 2213 2222 6.0
2217 2206 2223 6.0
2202 2209 2224 6.0
2225 2226 2220 6.0
2219 2220 2226 6.0
2099 2211 2227 6.0
2099 2227 2128 6.0
2228 2230 2229 6.0
2231 2205 2232 6.0
2233 2235 2234 6.0
2225 2233 2226 6.0
2076 2224 2083 6.0
2214 2237 2236 6.0
2237 2238 2212 6.0
2239 2241 2240 6.0
2242 2108 2241 6.0
2214 2236 2243 6.0
2215 2216 2244 6.0
2245 2244 2246 6.0
2247 2249 2248 6.0
2250 2218 2248 6.0
2245 2246 2251 6.0
2087 2222 2085 6.0
2108 2252 2087 6.0
2108 2242 2252 6.0
2246 2253 2251 6.0
2254 2253 2255 6.0
2256 2258 2257 6.0
2259 2261 2260 6.0
2262 2264 2263 6.0
2219 2226 2263 6.0
2218 2219 2257 6.0
2104 2241 2108 6.0
2239 2242 2241 6.0
2265 2267 2266 6.0
2222 2252 2267 6.0
2257 2258 2268 6.0
2251 2225 2245 6.0
2202 2203 2209 6.0
2269 2203 2270 6.0
2269 2209 2203 6.0
2259 2260 2271 6.0
2244 2216 2260 6.0
2259 2271 2272 6.0
2211 2212 2238 6.0
2221 2212 2213 6.0
2213 2212 2084 6.0
2235 2233 2273 6.0
2274 2276 2275 6.0
2277 2278 2248 6.0
2279 2278 2277 6.0
2280 2282 2281 6.0
2283 2282 2280 6.0
2281 2282 2223 6.0
2217 2282 2284 6.0
2269 2270 2281 6.0
2204 2270 2203 6.0
2250 2278 2281 6.0
2250 2281 2270 6.0
2283 2201 2284 6.0
2199 2284 2201 6.0
2283 2284 2282 6.0
2199 2217 2284 6.0
2215 2227 2238 6.0
2249 2277 2248 6.0
2250 2248 2278 6.0
2250 2270 2218 6.0
2226 2233 2234 6.0
2262 2234 2235 6.0
2226 2234 2263 6.0
2262 2263 2234 6.0
2231 2220 2204 6.0
2084 2211 2099 6.0
2252 2222 2087 6.0
2213 2085 2222 6.0
2279 2280 2281 6.0
2279 2281 2278 6.0
2214 2243 2216 6.0
2271 2216 2243 6.0
2233 2225 2251 6.0
2231 2245 2225 6.0
2246 2244 2260 6.0
2271 2260 2216 6.0
2214 2238 2237 6.0
2211 2238 2227 6.0
2214 2215 2238 6.0
2205 2231 2204 6.0
2220 2231 2225 6.0
2221 2237 2212 6.0
2236 2237 2285 6.0
2240 2241 2198 6.0
2104 2198 2241 6.0
2286 2287 2285 6.0
2261 2255 2288 6.0
2270 2204 2218 6.0
2218 2204 2220 6.0
2244 2245 2232 6.0
2215 2244 2229 6.0
2276 2274 2289 6.0
2285 2237 2289 6.0
2209 2269 2223 6.0
2209 2223 2207 6.0
2207 2223 2206 6.0
2269 2281 2223 6.0
2217 2223 2282 6.0
2290 2291 2287 6.0
2285 2287 2291 6.0
2245 2231 2232 6.0
2228 2232 2205 6.0
2267 2292 2222 6.0
2267 2265 2292 6.0
2273 2233 2293 6.0
2251 2293 2233 6.0
2273 2293 2254 6.0
2248 2218 2268 6.0
2257 2268 2218 6.0
2248 2268 2247 6.0
2247 2268 2258 6.0
2242 2294 2252 6.0
2267 2252 2294 6.0
2202 2296 2295 6.0
2224 2296 2202 6.0
2230 2296 2123 6.0
2208 2082 2210 6.0
2208 2210 2207 6.0
2224 2209 2210 6.0
2123 2128 2297 6.0
2227 2297 2128 6.0
2123 2297 2230 6.0
2227 2230 2297 6.0
2298 2263 2264 6.0
2257 2219 2299 6.0
2253 2288 2255 6.0
2246 2288 2253 6.0
2261 2288 2260 6.0
2246 2260 2288 6.0
2227 2229 2230 6.0
2215 2229 2227 6.0
2228 2229 2232 6.0
2232 2229 2244 6.0
2242 2239 2300 6.0
2301 2300 2239 6.0
2242 2300 2294 6.0
2301 2294 2300 6.0
2298 2256 2299 6.0
2257 2299 2256 6.0
2298 2299 2263 6.0
2263 2299 2219 6.0
2291 2302 2236 6.0
2290 2302 2291 6.0
2243 2302 2271 6.0
2224 2210 2083 6.0
2082 2083 2210 6.0
2285 2291 2236 6.0
2243 2236 2302 6.0
2237 2221 2289 6.0
2276 2289 2221 6.0
2254 2293 2253 6.0
2251 2253 2293 6.0
2290 2272 2303 6.0
2271 2303 2272 6.0
2290 2303 2302 6.0
2271 2302 2303 6.0
2276 2292 2304 6.0
2265 2304 2292 6.0
2276 2304 2275 6.0
2265 2275 2304 6.0
2301 2266 2305 6.0
2267 2305 2266 6.0
2301 2305 2294 6.0
2267 2294 2305 6.0
2274 2286 2306 6.0
2285 2306 2286 6.0
2274 2306 2289 6.0
2285 2289 2306 6.0
2224 2076 2296 6.0
2123 2296 2076 6.0
2230 2295 2296 6.0
2228 2295 2230 6.0
2202 2295 2205 6.0
2228 2205 2295 6.0
2276 2221 2292 6.0
2222 2292 2221 6.0
2192 2198 2114 6.0
2200 2307 2199 6.0
2154 2308 2151 6.0
2163 2309 2133 6.0
2310 2133 2309 6.0
2311 2313 2312 6.0
2314 2315 2308 6.0
2199 2316 2206 6.0
2317 2319 2318 6.0
2320 2319 2317 6.0
2321 2323 2322 6.0
2310 2324 2312 6.0
2239 2240 2325 6.0
2325 2182 2326 6.0
2149 2133 2310 6.0
2312 2313 2327 6.0
2328 2327 2329 6.0
2328 2329 2330 6.0
2183 2331 2326 6.0
2315 2331 2332 6.0
2183 2153 2331 6.0
2272 2290 2333 6.0
2334 2336 2335 6.0
2286 2337 2287 6.0
2329 2337 2330 6.0
2298 2264 2338 6.0
2298 2338 2339 6.0
2340 2339 2336 6.0
2324 2342 2341 6.0
2323 2343 2341 6.0
2320 2344 2319 6.0
2183 2326 2182 6.0
2239 2325 2326 6.0
2334 2323 2345 6.0
2345 2323 2346 6.0
2235 2347 2262 6.0
2336 2347 2335 6.0
2235 2335 2347 6.0
2348 2350 2349 6.0
2351 2352 2349 6.0
2265 2266 2353 6.0
2315 2353 2331 6.0
2344 2346 2354 6.0
2320 2346 2344 6.0
2342 2346 2323 6.0
2320 2345 2346 6.0
2334 2340 2336 6.0
2334 2345 2340 6.0
2345 2320 2355 6.0
2352 2355 2317 6.0
2320 2317 2355 6.0
2259 2272 2356 6.0
2273 2254 2357 6.0
2274 2275 2358 6.0
2138 2139 2344 6.0
2324 2309 2354 6.0
2310 2309 2324 6.0
2359 2256 2360 6.0
2298 2360 2256 6.0
2349 2359 2339 6.0
2298 2339 2360 6.0
2350 2359 2349 6.0
2351 2349 2339 6.0
2360 2339 2359 6.0
2351 2339 2340 6.0
2338 2336 2339 6.0
2342 2324 2354 6.0
2342 2354 2346 6.0
2316 2362 2361 6.0
2199 2362 2316 6.0
2363 2362 2307 6.0
2199 2307 2362 6.0
2364 2366 2365 6.0
2352 2365 2367 6.0
2363 2368 2361 6.0
2369 2361 2370 6.0
2363 2361 2362 6.0
2369 2316 2361 6.0
2369 2317 2318 6.0
2369 2318 2316 6.0
2352 2317 2371 6.0
2369 2371 2317 6.0
2352 2371 2365 6.0
2365 2371 2370 6.0
2314 2372 2330 6.0
2308 2372 2314 6.0
2328 2330 2372 6.0
2358 2314 2330 6.0
2366 2367 2365 6.0
2348 2367 2366 6.0
2352 2367 2349 6.0
2348 2349 2367 6.0
2151 2308 2332 6.0
2315 2332 2308 6.0
2151 2332 2153 6.0
2153 2332 2331 6.0
2368 2370 2361 6.0
2364 2370 2368 6.0
2369 2370 2371 6.0
2364 2365 2370 6.0
2311 2343 2373 6.0
2343 2321 2374 6.0
2321 2343 2323 6.0
2334 2335 2322 6.0
2357 2322 2375 6.0
2334 2322 2323 6.0
2357 2321 2322 6.0
2333 2329 2376 6.0
2325 2240 2377 6.0
2261 2378 2255 6.0
2261 2373 2378 6.0
2333 2290 2337 6.0
2372 2308 2379 6.0
2379 2149 2380 6.0
2310 2380 2149 6.0
2372 2379 2380 6.0
2353 2381 2265 6.0
2353 2315 2381 6.0
2254 2255 2374 6.0
2254 2374 2357 6.0
2310 2312 2382 6.0
2327 2382 2312 6.0
2310 2382 2380 6.0
2380 2382 2328 6.0
2265 2381 2383 6.0
2358 2383 2381 6.0
2265 2383 2275 6.0
2358 2275 2383 6.0
2357 2374 2321 6.0
2373 2343 2374 6.0
2326 2331 2384 6.0
2353 2384 2331 6.0
2286 2274 2385 6.0
2358 2385 2274 6.0
2358 2330 2385 6.0
2319 2387 2386 6.0
2344 2387 2319 6.0
2208 2387 2082 6.0
2358 2381 2314 6.0
2315 2314 2381 6.0
2149 2379 2154 6.0
2308 2154 2379 6.0
2235 2273 2375 6.0
2357 2375 2273 6.0
2235 2375 2335 6.0
2335 2375 2322 6.0
2309 2344 2354 6.0
2309 2163 2344 6.0
2356 2376 2313 6.0
2333 2376 2272 6.0
2356 2272 2376 6.0
2372 2380 2328 6.0
2327 2328 2382 6.0
2344 2139 2387 6.0
2082 2387 2139 6.0
2286 2385 2388 6.0
2330 2388 2385 6.0
2286 2388 2337 6.0
2330 2337 2388 6.0
2323 2341 2342 6.0
2311 2341 2343 6.0
2324 2341 2312 6.0
2311 2312 2341 6.0
2318 2386 2316 6.0
2208 2386 2387 6.0
2318 2319 2386 6.0
2301 2239 2389 6.0
2326 2389 2239 6.0
2301 2389 2384 6.0
2326 2384 2389 6.0
2353 2266 2390 6.0
2301 2390 2266 6.0
2353 2390 2384 6.0
2301 2384 2390 6.0
2287 2337 2290 6.0
2329 2333 2337 6.0
2356 2392 2391 6.0
2313 2392 2356 6.0
2373 2392 2311 6.0
2313 2311 2392 6.0
2163 2138 2344 6.0
2351 2355 2352 6.0
2340 2355 2351 6.0
2340 2345 2355 6.0
2255 2378 2374 6.0
2373 2374 2378 6.0
2327 2376 2329 6.0
2313 2376 2327 6.0
2373 2391 2392 6.0
2261 2391 2373 6.0
2356 2391 2259 6.0
2261 2259 2391 6.0
2338 2264 2347 6.0
2336 2338 2347 6.0
2262 2347 2264 6.0
2316 2386 2206 6.0
2208 2206 2386 6.0
2182 2325 2377 6.0
2198 2377 2240 6.0
2182 2377 2192 6.0
2198 2192 2377 6.0
2277 2393 2279 6.0
2394 2396 2395 6.0
2397 2258 2256 6.0
2397 2247 2258 6.0
2398 2400 2399 6.0
2397 2401 2247 6.0
2402 2399 2403 6.0
2400 2405 2404 6.0
2396 2398 2399 6.0
2201 2283 2403 6.0
2400 2406 2403 6.0
2400 2403 2399 6.0
2400 2398 2405 6.0
2402 2408 2407 6.0
2402 2403 2408 6.0
2277 2249 2409 6.0
2277 2409 2393 6.0
2410 2409 2411 6.0
2249 2411 2409 6.0
2410 2411 2412 6.0
2407 2413 2402 6.0
2414 2413 2415 6.0
2416 2418 2417 6.0
2393 2417 2419 6.0
2279 2419 2280 6.0
2407 2419 2417 6.0
2279 2393 2419 6.0
2410 2421 2420 6.0
2410 2420 2409 6.0
2393 2409 2420 6.0
2407 2408 2422 6.0
2280 2422 2408 6.0
2407 2422 2419 6.0
2280 2419 2422 6.0
2423 2425 2424 6.0
2201 2425 2200 6.0
2423 2200 2425 6.0
2403 2283 2408 6.0
2280 2408 2283 6.0
2412 2426 2401 6.0
2249 2426 2411 6.0
2412 2411 2426 6.0
2414 2428 2427 6.0
2402 2427 2399 6.0
2402 2413 2427 6.0
2414 2427 2413 6.0
2429 2430 2424 6.0
2249 2247 2426 6.0
2401 2426 2247 6.0
2424 2404 2431 6.0
2406 2404 2424 6.0
2432 2404 2405 6.0
2406 2400 2404 6.0
2415 2433 2418 6.0
2407 2433 2413 6.0
2415 2413 2433 6.0
2416 2434 2421 6.0
2393 2434 2417 6.0
2416 2417 2434 6.0
2399 2427 2395 6.0
2428 2395 2427 6.0
2399 2395 2396 6.0
2428 2394 2395 6.0
2407 2417 2433 6.0
2418 2433 2417 6.0
2201 2403 2435 6.0
2406 2435 2403 6.0
2201 2435 2425 6.0
2424 2425 2406 6.0
2393 2420 2434 6.0
2421 2434 2420 6.0
2430 2423 2424 6.0
2435 2406 2425 6.0
2432 2436 2431 6.0
2429 2431 2436 6.0
2432 2431 2404 6.0
2429 2424 2431 6.0
2397 2256 2359 6.0
2401 2397 2350 6.0
2421 2410 2437 6.0
2350 2397 2359 6.0
2436 2439 2438 6.0
2440 2442 2441 6.0
2438 2444 2443 6.0
2439 2444 2438 6.0
2445 2429 2438 6.0
2446 2447 2443 6.0
2363 2448 2368 6.0
2449 2450 2448 6.0
2451 2448 2450 6.0
2368 2448 2451 6.0
2414 2415 2452 6.0
2453 2450 2452 6.0
2453 2418 2454 6.0
2455 2450 2454 6.0
2450 2455 2451 6.0
2364 2368 2451 6.0
2442 2456 2443 6.0
2449 2456 2442 6.0
2457 2456 2458 6.0
2449 2448 2456 6.0
2423 2430 2445 6.0
2437 2455 2459 6.0
2437 2459 2421 6.0
2416 2421 2459 6.0
2437 2410 2460 6.0
2412 2460 2410 6.0
2457 2445 2438 6.0
2363 2307 2458 6.0
2363 2458 2448 6.0
2448 2458 2456 6.0
2423 2445 2461 6.0
2307 2461 2458 6.0
2423 2461 2200 6.0
2307 2200 2461 6.0
2412 2401 2462 6.0
2412 2462 2460 6.0
2460 2462 2463 6.0
2449 2442 2440 6.0
2348 2462 2350 6.0
2401 2350 2462 6.0
2414 2440 2428 6.0
2442 2443 2447 6.0
2457 2443 2456 6.0
2446 2443 2444 6.0
2457 2438 2443 6.0
2415 2418 2453 6.0
2447 2441 2442 6.0
2428 2440 2441 6.0
2445 2457 2461 6.0
2458 2461 2457 6.0
2437 2366 2464 6.0
2463 2366 2437 6.0
2430 2429 2445 6.0
2436 2438 2429 6.0
2348 2366 2463 6.0
2348 2463 2462 6.0
2437 2460 2463 6.0
2416 2459 2454 6.0
2455 2454 2459 6.0
2416 2454 2418 6.0
2453 2454 2450 6.0
2449 2452 2450 6.0
2440 2452 2449 6.0
2453 2452 2415 6.0
2440 2414 2452 6.0
2451 2455 2464 6.0
2437 2464 2455 6.0
2451 2464 2364 6.0
2364 2464 2366 6.0
2465 2396 2466 6.0
2398 2396 2465 6.0
2394 2428 2466 6.0
2466 2396 2394 6.0
2398 2467 2405 6.0
2432 2468 2436 6.0
2432 2469 2468 6.0
2467 2398 2465 6.0
2405 2467 2469 6.0
2405 2469 2432 6.0
2441 2466 2428 6.0
2447 2465 2466 6.0
2466 2441 2447 6.0
2447 2446 2465 6.0
2465 2446 2467 6.0
2444 2469 2467 6.0
2439 2468 2469 6.0
2469 2444 2439 6.0
2439 2436 2468 6.0
2467 2446 2444 6.0
2470 2472 2471 7.0
2473 2475 2474 7.0
2476 2478 2477 7.0
2479 2481 2480 7.0
2482 2484 2483 7.0
2485 2474 2475 7.0
2486 2488 2487 7.0
2489 2482 2490 7.0
2491 2493 2492 7.0
2494 2496 2495 7.0
2497 2499 2498 7.0
2484 2500 2483 7.0
2501 2503 2502 7.0
2504 2506 2505 7.0
2507 2509 2508 7.0
2510 2511 2493 7.0
2512 2514 2513 7.0
2515 2495 2516 7.0
2517 2519 2518 7.0
2520 2522 2521 7.0
2523 2524 2506 7.0
2525 2522 2520 7.0
2526 2528 2527 7.0
2529 2531 2530 7.0
2532 2533 2516 7.0
2519 2521 2518 7.0
2473 2474 2534 7.0
2532 2495 2535 7.0
2536 2493 2537 7.0
2491 2510 2493 7.0
2491 2492 2538 7.0
2536 2492 2493 7.0
2495 2496 2539 7.0
2495 2539 2535 7.0
2495 2532 2516 7.0
2532 2535 2540 7.0
2538 2541 2491 7.0
2511 2540 2493 7.0
2498 2542 2539 7.0
2543 2484 2544 7.0
2482 2545 2484 7.0
2546 2544 2545 7.0
2547 2549 2548 7.0
2550 2552 2551 7.0
2553 2551 2554 7.0
2555 2557 2556 7.0
2557 2530 2558 7.0
2559 2546 2560 7.0
2484 2543 2500 7.0
2561 2563 2562 7.0
2564 2566 2565 7.0
2567 2502 2568 7.0
2567 2568 2569 7.0
2570 2571 2475 7.0
2500 2543 2572 7.0
2573 2569 2574 7.0
2496 2497 2498 7.0
2497 2496 2575 7.0
2564 2577 2576 7.0
2578 2580 2579 7.0
2581 2583 2582 7.0
2584 2586 2585 7.0
2584 2585 2576 7.0
2576 2585 2587 7.0
2584 2589 2588 7.0
2577 2589 2576 7.0
2584 2576 2589 7.0
2475 2590 2485 7.0
2522 2590 2571 7.0
2475 2571 2590 7.0
2553 2592 2591 7.0
2553 2591 2593 7.0
2553 2593 2594 7.0
2553 2594 2551 7.0
2551 2594 2595 7.0
2538 2597 2596 7.0
2598 2600 2599 7.0
2598 2599 2591 7.0
2593 2591 2599 7.0
2601 2603 2602 7.0
2571 2604 2513 7.0
2512 2604 2574 7.0
2573 2574 2604 7.0
2592 2528 2591 7.0
2605 2606 2575 7.0
2482 2504 2545 7.0
2558 2607 2556 7.0
2607 2609 2608 7.0
2610 2582 2611 7.0
2612 2614 2613 7.0
2485 2590 2525 7.0
2522 2525 2590 7.0
2615 2563 2561 7.0
2616 2514 2512 7.0
2617 2513 2514 7.0
2574 2616 2512 7.0
2559 2587 2618 7.0
2601 2548 2619 7.0
2620 2594 2619 7.0
2564 2587 2621 7.0
2622 2621 2560 7.0
2564 2621 2566 7.0
2566 2621 2623 7.0
2624 2528 2526 7.0
2625 2527 2528 7.0
2564 2576 2587 7.0
2618 2587 2585 7.0
2610 2478 2476 7.0
2626 2477 2478 7.0
2477 2561 2476 7.0
2627 2629 2628 7.0
2630 2629 2631 7.0
2546 2559 2632 7.0
2546 2632 2544 7.0
2633 2509 2507 7.0
2616 2509 2633 7.0
2569 2509 2574 7.0
2616 2574 2509 7.0
2622 2560 2546 7.0
2559 2560 2587 7.0
2587 2560 2621 7.0
2538 2492 2634 7.0
2630 2634 2492 7.0
2538 2634 2597 7.0
2597 2634 2631 7.0
2573 2604 2635 7.0
2569 2573 2636 7.0
2567 2623 2622 7.0
2637 2638 2499 7.0
2639 2638 2637 7.0
2498 2638 2542 7.0
2542 2638 2625 7.0
2640 2480 2481 7.0
2490 2480 2640 7.0
2483 2480 2482 7.0
2490 2482 2480 7.0
2626 2481 2479 7.0
2483 2479 2480 7.0
2626 2479 2477 7.0
2477 2479 2641 7.0
2536 2550 2642 7.0
2577 2564 2565 7.0
2579 2565 2578 7.0
2489 2486 2487 7.0
2504 2487 2488 7.0
2489 2487 2482 7.0
2504 2482 2487 7.0
2643 2507 2508 7.0
2569 2508 2509 7.0
2643 2508 2568 7.0
2569 2568 2508 7.0
2530 2531 2558 7.0
2607 2558 2531 7.0
2582 2583 2644 7.0
2539 2645 2535 7.0
2641 2500 2646 7.0
2477 2641 2561 7.0
2500 2641 2483 7.0
2483 2641 2479 7.0
2610 2476 2582 7.0
2630 2492 2642 7.0
2536 2642 2492 7.0
2630 2642 2629 7.0
2647 2503 2501 7.0
2643 2568 2503 7.0
2648 2566 2623 7.0
2622 2623 2621 7.0
2522 2571 2513 7.0
2512 2513 2604 7.0
2638 2498 2499 7.0
2606 2499 2497 7.0
2488 2506 2504 7.0
2649 2506 2524 7.0
2488 2523 2506 7.0
2609 2605 2608 7.0
2502 2649 2501 7.0
2524 2501 2649 7.0
2568 2502 2503 7.0
2524 2647 2501 7.0
2617 2517 2518 7.0
2522 2518 2521 7.0
2617 2518 2513 7.0
2522 2513 2518 7.0
2553 2542 2592 7.0
2592 2542 2625 7.0
2639 2625 2638 7.0
2592 2625 2528 7.0
2639 2527 2625 7.0
2511 2510 2570 7.0
2511 2570 2473 7.0
2475 2473 2570 7.0
2515 2557 2555 7.0
2515 2555 2495 7.0
2494 2495 2555 7.0
2545 2544 2484 7.0
2613 2543 2544 7.0
2650 2631 2629 7.0
2651 2631 2650 7.0
2630 2631 2634 7.0
2651 2597 2631 7.0
2652 2653 2572 7.0
2593 2603 2594 7.0
2550 2551 2595 7.0
2620 2595 2594 7.0
2654 2656 2655 7.0
2657 2588 2589 7.0
2658 2660 2659 7.0
2661 2585 2586 7.0
2498 2539 2496 7.0
2645 2539 2542 7.0
2662 2664 2663 7.0
2561 2646 2615 7.0
2572 2646 2500 7.0
2561 2641 2646 7.0
2585 2665 2618 7.0
2585 2661 2665 7.0
2666 2668 2667 7.0
2650 2662 2651 7.0
2549 2670 2669 7.0
2666 2670 2547 7.0
2549 2547 2670 7.0
2645 2552 2537 7.0
2645 2537 2535 7.0
2540 2535 2537 7.0
2656 2671 2632 7.0
2613 2671 2612 7.0
2589 2577 2672 7.0
2589 2672 2657 7.0
2540 2537 2493 7.0
2581 2562 2563 7.0
2582 2562 2581 7.0
2561 2562 2476 7.0
2582 2476 2562 7.0
2673 2658 2674 7.0
2659 2674 2658 7.0
2541 2596 2648 7.0
2578 2596 2597 7.0
2541 2538 2596 7.0
2546 2545 2505 7.0
2546 2505 2622 7.0
2578 2565 2596 7.0
2649 2505 2506 7.0
2545 2504 2505 7.0
2651 2663 2675 7.0
2662 2663 2651 7.0
2676 2663 2664 7.0
2661 2655 2677 7.0
2656 2677 2655 7.0
2661 2677 2665 7.0
2656 2665 2677 7.0
2580 2663 2678 7.0
2676 2678 2663 7.0
2676 2673 2678 7.0
2665 2656 2679 7.0
2664 2662 2680 7.0
2615 2646 2681 7.0
2572 2681 2646 7.0
2615 2681 2653 7.0
2572 2653 2681 7.0
2552 2550 2537 7.0
2536 2537 2550 7.0
2577 2565 2672 7.0
2648 2623 2682 7.0
2635 2682 2636 7.0
2648 2682 2541 7.0
2541 2682 2683 7.0
2534 2540 2473 7.0
2534 2533 2540 7.0
2645 2542 2554 7.0
2553 2554 2542 7.0
2645 2554 2552 7.0
2552 2554 2551 7.0
2550 2595 2628 7.0
2627 2628 2669 7.0
2550 2628 2642 7.0
2642 2628 2629 7.0
2622 2505 2684 7.0
2649 2684 2505 7.0
2649 2502 2684 7.0
2635 2636 2573 7.0
2623 2636 2682 7.0
2569 2636 2567 7.0
2623 2567 2636 7.0
2668 2680 2667 7.0
2502 2567 2684 7.0
2622 2684 2567 7.0
2533 2532 2540 7.0
2613 2544 2671 7.0
2632 2671 2544 7.0
2685 2652 2686 7.0
2572 2686 2652 7.0
2572 2543 2686 7.0
2650 2629 2687 7.0
2627 2687 2629 7.0
2650 2687 2667 7.0
2667 2687 2688 7.0
2580 2674 2579 7.0
2659 2579 2674 7.0
2613 2614 2689 7.0
2685 2689 2614 7.0
2543 2613 2689 7.0
2656 2654 2690 7.0
2612 2690 2654 7.0
2656 2690 2671 7.0
2612 2671 2690 7.0
2685 2686 2689 7.0
2543 2689 2686 7.0
2491 2541 2683 7.0
2635 2683 2682 7.0
2491 2683 2510 7.0
2603 2601 2619 7.0
2549 2619 2548 7.0
2603 2619 2594 7.0
2549 2620 2619 7.0
2673 2674 2678 7.0
2580 2678 2674 7.0
2659 2672 2579 7.0
2579 2672 2565 7.0
2473 2540 2511 7.0
2632 2559 2679 7.0
2618 2679 2559 7.0
2632 2679 2656 7.0
2618 2665 2679 7.0
2648 2596 2566 7.0
2565 2566 2596 7.0
2570 2510 2691 7.0
2635 2604 2691 7.0
2604 2571 2691 7.0
2570 2691 2571 7.0
2657 2672 2692 7.0
2659 2692 2672 7.0
2657 2692 2660 7.0
2659 2660 2692 7.0
2494 2575 2496 7.0
2608 2575 2494 7.0
2497 2575 2606 7.0
2608 2605 2575 7.0
2595 2669 2628 7.0
2620 2669 2595 7.0
2627 2669 2670 7.0
2620 2549 2669 7.0
2602 2599 2600 7.0
2593 2599 2603 7.0
2602 2603 2599 7.0
2580 2578 2675 7.0
2597 2675 2578 7.0
2580 2675 2663 7.0
2597 2651 2675 7.0
2635 2691 2683 7.0
2510 2683 2691 7.0
2608 2556 2607 7.0
2494 2556 2608 7.0
2558 2556 2557 7.0
2494 2555 2556 7.0
2666 2667 2688 7.0
2627 2688 2687 7.0
2666 2688 2670 7.0
2627 2670 2688 7.0
2528 2624 2693 7.0
2598 2693 2624 7.0
2528 2693 2591 7.0
2598 2591 2693 7.0
2650 2667 2694 7.0
2680 2694 2667 7.0
2650 2694 2662 7.0
2680 2662 2694 7.0
2611 2582 2644 7.0
2472 2644 2583 7.0
2611 2644 2470 7.0
2472 2470 2644 7.0
2695 2697 2696 7.0
2698 2695 2485 7.0
2699 2471 2472 7.0
2700 2702 2701 7.0
2703 2699 2472 7.0
2704 2706 2705 7.0
2707 2709 2708 7.0
2710 2712 2711 7.0
2706 2714 2713 7.0
2515 2516 2715 7.0
2716 2718 2717 7.0
2719 2721 2720 7.0
2722 2724 2723 7.0
2706 2726 2725 7.0
2727 2729 2728 7.0
2727 2731 2730 7.0
2732 2734 2733 7.0
2714 2704 2735 7.0
2736 2738 2737 7.0
2739 2724 2740 7.0
2741 2743 2742 7.0
2744 2717 2745 7.0
2746 2748 2747 7.0
2525 2749 2698 7.0
2750 2752 2751 7.0
2753 2755 2754 7.0
2756 2715 2757 7.0
2758 2529 2530 7.0
2747 2530 2557 7.0
2515 2759 2557 7.0
2760 2695 2696 7.0
2749 2762 2761 7.0
2763 2764 2713 7.0
2749 2520 2762 7.0
2698 2697 2695 7.0
2714 2706 2704 7.0
2765 2761 2762 7.0
2749 2525 2520 7.0
2695 2474 2485 7.0
2718 2756 2766 7.0
2758 2530 2747 7.0
2534 2767 2533 7.0
2474 2695 2760 7.0
2747 2748 2758 7.0
2557 2759 2747 7.0
2697 2769 2768 7.0
2525 2698 2485 7.0
2700 2701 2770 7.0
2696 2768 2770 7.0
2770 2767 2760 7.0
2769 2719 2768 7.0
2768 2696 2697 7.0
2696 2770 2760 7.0
2697 2771 2769 7.0
2768 2719 2700 7.0
2770 2701 2767 7.0
2474 2760 2534 7.0
2721 2769 2772 7.0
2720 2721 2773 7.0
2729 2773 2774 7.0
2775 2757 2767 7.0
2757 2775 2756 7.0
2776 2778 2777 7.0
2775 2778 2756 7.0
2715 2756 2718 7.0
2533 2767 2757 7.0
2769 2771 2772 7.0
2768 2700 2770 7.0
2701 2775 2767 7.0
2721 2719 2769 7.0
2760 2767 2534 7.0
2515 2715 2759 7.0
2757 2715 2516 7.0
2757 2516 2533 7.0
2705 2779 2704 7.0
2780 2702 2781 7.0
2782 2779 2739 7.0
2705 2739 2779 7.0
2727 2783 2729 7.0
2727 2763 2783 7.0
2784 2786 2785 7.0
2784 2785 2787 7.0
2788 2790 2789 7.0
2763 2714 2783 7.0
2784 2792 2791 7.0
2583 2581 2793 7.0
2709 2707 2793 7.0
2794 2796 2795 7.0
2797 2685 2798 7.0
2799 2735 2800 7.0
2789 2790 2801 7.0
2772 2795 2774 7.0
2652 2802 2653 7.0
2548 2803 2547 7.0
2804 2805 2786 7.0
2781 2702 2806 7.0
2673 2676 2807 7.0
2673 2807 2791 7.0
2808 2791 2807 7.0
2624 2810 2809 7.0
2624 2809 2598 7.0
2668 2666 2811 7.0
2738 2811 2812 7.0
2664 2680 2737 7.0
2804 2737 2738 7.0
2548 2601 2813 7.0
2563 2615 2814 7.0
2815 2742 2743 7.0
2602 2600 2741 7.0
2813 2742 2816 7.0
2772 2771 2817 7.0
2753 2817 2771 7.0
2772 2817 2795 7.0
2818 2729 2774 7.0
2721 2774 2773 7.0
2818 2774 2795 7.0
2721 2772 2774 7.0
2743 2809 2734 7.0
2810 2734 2809 7.0
2739 2819 2724 7.0
2739 2705 2819 7.0
2712 2766 2732 7.0
2583 2793 2820 7.0
2707 2820 2793 7.0
2707 2703 2820 7.0
2705 2821 2819 7.0
2822 2819 2821 7.0
2823 2746 2824 7.0
2824 2759 2744 7.0
2759 2824 2747 7.0
2746 2747 2824 7.0
2586 2825 2661 7.0
2804 2826 2808 7.0
2784 2826 2786 7.0
2804 2786 2826 7.0
2753 2754 2817 7.0
2794 2817 2754 7.0
2794 2795 2817 7.0
2808 2826 2791 7.0
2784 2791 2826 7.0
2789 2787 2788 7.0
2729 2783 2773 7.0
2799 2773 2783 7.0
2778 2776 2766 7.0
2766 2776 2827 7.0
2781 2828 2780 7.0
2818 2795 2751 7.0
2796 2751 2795 7.0
2818 2751 2728 7.0
2796 2750 2751 7.0
2703 2472 2820 7.0
2583 2820 2472 7.0
2777 2775 2701 7.0
2719 2786 2700 7.0
2720 2785 2719 7.0
2815 2776 2829 7.0
2710 2830 2717 7.0
2716 2717 2744 7.0
2710 2717 2712 7.0
2712 2717 2718 7.0
2731 2727 2728 7.0
2818 2728 2729 7.0
2731 2728 2752 7.0
2752 2728 2751 7.0
2726 2706 2713 7.0
2763 2713 2714 7.0
2726 2713 2831 7.0
2831 2713 2764 7.0
2830 2745 2717 7.0
2823 2744 2745 7.0
2716 2744 2759 7.0
2823 2824 2744 7.0
2749 2753 2832 7.0
2771 2832 2753 7.0
2749 2832 2698 7.0
2828 2833 2816 7.0
2781 2833 2828 7.0
2764 2763 2730 7.0
2727 2730 2763 7.0
2764 2730 2834 7.0
2834 2730 2731 7.0
2835 2725 2726 7.0
2836 2725 2835 7.0
2706 2725 2705 7.0
2755 2753 2761 7.0
2749 2761 2753 7.0
2755 2761 2837 7.0
2837 2761 2765 7.0
2711 2712 2732 7.0
2734 2732 2766 7.0
2711 2732 2733 7.0
2810 2733 2734 7.0
2799 2783 2735 7.0
2714 2735 2783 7.0
2712 2718 2766 7.0
2778 2766 2756 7.0
2805 2700 2786 7.0
2702 2700 2805 7.0
2715 2716 2759 7.0
2715 2718 2716 7.0
2722 2708 2838 7.0
2709 2838 2708 7.0
2722 2838 2724 7.0
2724 2838 2839 7.0
2800 2841 2840 7.0
2790 2841 2842 7.0
2793 2581 2843 7.0
2786 2719 2785 7.0
2698 2832 2697 7.0
2771 2697 2832 7.0
2724 2819 2723 7.0
2822 2723 2819 7.0
2844 2841 2800 7.0
2612 2845 2614 7.0
2657 2801 2588 7.0
2789 2801 2846 7.0
2658 2792 2660 7.0
2777 2780 2829 7.0
2652 2685 2847 7.0
2836 2821 2705 7.0
2836 2705 2725 7.0
2740 2802 2848 7.0
2782 2848 2797 7.0
2740 2848 2739 7.0
2782 2739 2848 7.0
2845 2782 2798 7.0
2802 2847 2848 7.0
2652 2847 2802 7.0
2847 2797 2848 7.0
2797 2847 2685 7.0
2547 2803 2666 7.0
2833 2812 2811 7.0
2781 2812 2833 7.0
2738 2812 2804 7.0
2664 2807 2676 7.0
2782 2845 2849 7.0
2779 2782 2850 7.0
2833 2811 2803 7.0
2666 2803 2811 7.0
2787 2789 2851 7.0
2668 2736 2680 7.0
2738 2736 2811 7.0
2668 2811 2736 7.0
2740 2724 2839 7.0
2709 2839 2838 7.0
2740 2839 2814 7.0
2814 2839 2843 7.0
2815 2743 2827 7.0
2734 2827 2743 7.0
2815 2827 2776 7.0
2734 2766 2827 7.0
2787 2852 2788 7.0
2773 2852 2720 7.0
2844 2849 2853 7.0
2845 2854 2849 7.0
2801 2657 2846 7.0
2773 2799 2852 7.0
2825 2841 2855 7.0
2844 2855 2841 7.0
2825 2855 2661 7.0
2657 2660 2846 7.0
2792 2846 2660 7.0
2803 2816 2833 7.0
2548 2816 2803 7.0
2828 2816 2742 7.0
2548 2813 2816 7.0
2844 2800 2850 7.0
2828 2742 2829 7.0
2825 2586 2842 7.0
2584 2842 2586 7.0
2825 2842 2841 7.0
2584 2790 2842 7.0
2704 2779 2850 7.0
2849 2850 2782 7.0
2849 2844 2850 7.0
2792 2784 2851 7.0
2787 2851 2784 7.0
2792 2851 2846 7.0
2846 2851 2789 7.0
2799 2800 2840 7.0
2799 2840 2852 7.0
2788 2852 2840 7.0
2584 2588 2856 7.0
2801 2856 2588 7.0
2584 2856 2790 7.0
2801 2790 2856 7.0
2829 2776 2777 7.0
2775 2777 2778 7.0
2735 2850 2800 7.0
2704 2850 2735 7.0
2828 2829 2780 7.0
2815 2829 2742 7.0
2614 2798 2685 7.0
2845 2798 2614 7.0
2797 2798 2782 7.0
2658 2673 2857 7.0
2791 2857 2673 7.0
2658 2857 2792 7.0
2791 2792 2857 7.0
2844 2655 2855 7.0
2661 2855 2655 7.0
2709 2843 2839 7.0
2793 2843 2709 7.0
2814 2843 2563 7.0
2563 2843 2581 7.0
2845 2612 2854 7.0
2654 2854 2612 7.0
2602 2813 2601 7.0
2787 2720 2852 7.0
2787 2785 2720 7.0
2808 2737 2804 7.0
2807 2737 2808 7.0
2736 2737 2680 7.0
2807 2664 2737 7.0
2653 2802 2615 7.0
2805 2804 2806 7.0
2812 2806 2804 7.0
2805 2806 2702 7.0
2812 2781 2806 7.0
2615 2802 2814 7.0
2740 2814 2802 7.0
2741 2600 2858 7.0
2743 2741 2858 7.0
2598 2858 2600 7.0
2743 2858 2809 7.0
2598 2809 2858 7.0
2780 2777 2701 7.0
2780 2701 2702 7.0
2741 2742 2859 7.0
2813 2859 2742 7.0
2741 2859 2602 7.0
2813 2602 2859 7.0
2790 2788 2841 7.0
2840 2841 2788 7.0
2854 2853 2849 7.0
2654 2853 2854 7.0
2844 2853 2655 7.0
2654 2655 2853 7.0
2860 2861 2639 7.0
2637 2860 2639 7.0
2862 2499 2606 7.0
2863 2606 2605 7.0
2637 2499 2864 7.0
2639 2861 2865 7.0
2866 2624 2526 7.0
2867 2526 2527 7.0
2526 2867 2866 7.0
2867 2527 2865 7.0
2527 2639 2865 7.0
2868 2607 2869 7.0
2869 2607 2531 7.0
2607 2868 2609 7.0
2531 2870 2869 7.0
2870 2531 2529 7.0
2637 2864 2860 7.0
2605 2609 2871 7.0
2499 2862 2864 7.0
2863 2605 2871 7.0
2862 2606 2872 7.0
2872 2606 2863 7.0
2609 2868 2871 7.0
2624 2866 2810 7.0
2810 2866 2867 7.0
2733 2867 2873 7.0
2810 2867 2733 7.0
2711 2873 2874 7.0
2711 2875 2710 7.0
2711 2733 2873 7.0
2876 2830 2710 7.0
2830 2876 2877 7.0
2876 2710 2875 7.0
2874 2875 2711 7.0
2877 2878 2745 7.0
2745 2878 2879 7.0
2877 2745 2830 7.0
2823 2879 2880 7.0
2879 2823 2745 7.0
2823 2880 2746 7.0
2746 2868 2748 7.0
2868 2746 2880 7.0
2748 2868 2869 7.0
2869 2870 2758 7.0
2529 2758 2870 7.0
2869 2758 2748 7.0
2864 2881 2860 7.0
2862 2882 2864 7.0
2872 2883 2862 7.0
2865 2861 2884 7.0
2884 2867 2865 7.0
2860 2885 2861 7.0
2886 2884 2861 7.0
2872 2863 2887 7.0
2887 2883 2872 7.0
2863 2888 2887 7.0
2868 2888 2871 7.0
2861 2885 2886 7.0
2881 2885 2860 7.0
2882 2862 2883 7.0
2882 2881 2864 7.0
2863 2871 2888 7.0
2873 2867 2884 7.0
2884 2886 2874 7.0
2885 2874 2886 7.0
2873 2884 2874 7.0
2875 2881 2876 7.0
2875 2874 2885 7.0
2876 2881 2882 7.0
2881 2875 2885 7.0
2877 2882 2883 7.0
2882 2877 2876 7.0
2877 2883 2878 7.0
2878 2883 2887 7.0
2878 2887 2879 7.0
2888 2868 2880 7.0
2888 2880 2879 7.0
2887 2888 2879 7.0
2889 2891 2890 8.0
2891 2892 2890 8.0
2893 2895 2894 8.0
2896 2892 2891 8.0
2895 2898 2897 8.0
2898 2895 2899 8.0
2899 2895 2900 8.0
2893 2901 2895 8.0
2902 2901 2893 8.0
2895 2901 2900 8.0
2900 2903 2899 8.0
2904 2906 2905 8.0
2907 2908 2905 8.0
2909 2907 2910 8.0
2906 2911 2910 8.0
2912 2909 2913 8.0
2911 2914 2913 8.0
2915 2912 2916 8.0
2914 2917 2916 8.0
2918 2897 2898 8.0
2906 2910 2905 8.0
2907 2905 2910 8.0
2917 2920 2919 8.0
2921 2915 2919 8.0
2911 2913 2922 8.0
2909 2922 2913 8.0
2911 2922 2910 8.0
2909 2910 2922 8.0
2914 2916 2913 8.0
2912 2913 2916 8.0
2917 2919 2923 8.0
2915 2923 2919 8.0
2917 2923 2916 8.0
2915 2916 2923 8.0
2920 2925 2924 8.0
2926 2921 2924 8.0
2927 2894 2928 8.0
2895 2928 2894 8.0
2927 2928 2897 8.0
2895 2897 2928 8.0
2921 2919 2929 8.0
2920 2929 2919 8.0
2921 2929 2924 8.0
2920 2924 2929 8.0
2892 2930 2925 8.0
2926 2930 2896 8.0
2892 2896 2930 8.0
2926 2924 2931 8.0
2925 2931 2924 8.0
2926 2931 2930 8.0
2925 2930 2931 8.0
2927 2897 2932 8.0
2905 2932 2897 8.0
2927 2932 2908 8.0
2905 2908 2932 8.0
2897 2918 2933 8.0
2904 2933 2918 8.0
2897 2933 2905 8.0
2904 2905 2933 8.0
2889 2934 2891 8.0
2896 2891 2935 8.0
2934 2935 2891 8.0
2936 2894 2937 8.0
2894 2936 2893 8.0
2938 2936 2939 8.0
2893 2936 2940 8.0
2938 2941 2936 8.0
2942 2941 2938 8.0
2936 2941 2940 8.0
2940 2902 2893 8.0
2908 2907 2943 8.0
2944 2945 2943 8.0
2946 2944 2947 8.0
2907 2909 2947 8.0
2948 2946 2949 8.0
2909 2912 2949 8.0
2950 2948 2951 8.0
2912 2915 2951 8.0
2927 2937 2894 8.0
2907 2947 2943 8.0
2944 2943 2947 8.0
2915 2921 2952 8.0
2953 2950 2952 8.0
2909 2949 2954 8.0
2946 2954 2949 8.0
2909 2954 2947 8.0
2946 2947 2954 8.0
2912 2951 2949 8.0
2948 2949 2951 8.0
2915 2952 2955 8.0
2950 2955 2952 8.0
2915 2955 2951 8.0
2950 2951 2955 8.0
2921 2926 2956 8.0
2957 2953 2956 8.0
2958 2939 2959 8.0
2936 2959 2939 8.0
2958 2959 2937 8.0
2936 2937 2959 8.0
2953 2952 2960 8.0
2921 2960 2952 8.0
2953 2960 2956 8.0
2921 2956 2960 8.0
2926 2896 2961 8.0
2935 2961 2896 8.0
2935 2957 2961 8.0
2957 2956 2962 8.0
2926 2962 2956 8.0
2957 2962 2961 8.0
2926 2961 2962 8.0
2958 2937 2963 8.0
2943 2963 2937 8.0
2958 2963 2945 8.0
2943 2945 2963 8.0
2937 2927 2964 8.0
2908 2964 2927 8.0
2937 2964 2943 8.0
2908 2943 2964 8.0
2889 2965 2934 8.0
2934 2965 150 8.0
2966 2935 150 8.0
150 2935 2934 8.0
2966 2967 2957 8.0
2953 159 2950 8.0
2953 2957 2967 8.0
2935 2966 2957 8.0
2968 2948 2950 8.0
2953 2967 159 8.0
159 2968 2950 8.0
2969 2971 2970 8.0
2938 2939 2971 8.0
2972 2942 2938 8.0
2971 2969 2973 8.0
2971 2972 2938 8.0
2969 137 2973 8.0
2972 2971 2973 8.0
2939 2958 2974 8.0
2939 2974 2971 8.0
2975 2977 2976 8.0
2958 2945 2976 8.0
2978 2975 2979 8.0
2979 2945 2980 8.0
2958 2976 2981 8.0
2977 2981 2976 8.0
2958 2981 2974 8.0
2977 2974 2981 8.0
2982 2978 2983 8.0
2944 2946 2983 8.0
2945 2979 2976 8.0
2975 2976 2979 8.0
2944 2983 2980 8.0
2978 2980 2983 8.0
2944 2980 2945 8.0
2978 2979 2980 8.0
2984 2982 2985 8.0
2946 2948 2985 8.0
2946 2985 2986 8.0
2982 2986 2985 8.0
2946 2986 2983 8.0
2982 2983 2986 8.0
2948 2968 2987 8.0
2984 2987 2968 8.0
2948 2987 2985 8.0
2984 2985 2987 8.0
2971 2974 2988 8.0
2977 2988 2974 8.0
2971 2988 2970 8.0
2977 2970 2988 8.0
2889 2890 2965 8.0
2965 2890 148 8.0
148 150 2965 8.0
2892 148 2890 8.0
2892 2989 148 8.0
2925 2990 2989 8.0
2989 2892 2925 8.0
2991 2990 2920 8.0
2920 2990 2925 8.0
2920 2917 2991 8.0
2991 2917 583 8.0
2899 2903 2992 8.0
2993 438 2992 8.0
2899 2994 2898 8.0
2995 2994 2996 8.0
2898 2997 2918 8.0
2998 2997 2995 8.0
2999 3000 2998 8.0
2918 3000 2904 8.0
2999 2904 3000 8.0
2904 2999 3001 8.0
3002 3001 2999 8.0
2904 3001 2906 8.0
3002 2906 3001 8.0
2906 3002 3003 8.0
3004 3003 3002 8.0
2906 3003 2911 8.0
3004 2911 3003 8.0
3005 2914 3006 8.0
2911 3006 2914 8.0
3005 3006 3004 8.0
2911 3004 3006 8.0
2993 2992 2903 8.0
2996 2992 438 8.0
2899 2992 2994 8.0
2996 2994 2992 8.0
2898 2994 3007 8.0
2995 3007 2994 8.0
2898 3007 2997 8.0
2995 2997 3007 8.0
2998 3000 3008 8.0
2918 3008 3000 8.0
2998 3008 2997 8.0
2918 2997 3008 8.0
2914 3005 3009 8.0
583 3009 3005 8.0
2914 3009 2917 8.0
583 2917 3009 8.0
2903 2900 3010 8.0
2900 3011 3010 8.0
3012 3010 3011 8.0
2901 2902 3013 8.0
2900 2901 3011 8.0
3013 3011 2901 8.0
3014 3011 3013 8.0
3015 3017 3016 8.0
3018 3017 3019 8.0
3020 3022 3021 8.0
3023 3022 3024 8.0
3021 3018 3020 8.0
3025 3023 3026 8.0
3019 3020 3018 8.0
3027 3019 3017 8.0
3017 3015 3027 8.0
3024 3026 3023 8.0
3028 3024 3022 8.0
3028 3022 3020 8.0
3026 3029 3025 8.0
3030 3032 3031 8.0
3033 3034 3031 8.0
3035 3030 3036 8.0
3035 3036 3037 8.0
3034 3037 3036 8.0
3011 3038 3012 8.0
3032 3012 3038 8.0
3033 3038 3039 8.0
3011 3039 3038 8.0
3033 3039 3014 8.0
3011 3014 3039 8.0
3032 3038 3040 8.0
3033 3040 3038 8.0
3032 3040 3031 8.0
3033 3031 3040 8.0
3016 3035 3041 8.0
3037 3041 3035 8.0
3016 3041 3015 8.0
3037 3015 3041 8.0
3034 3036 3042 8.0
3030 3042 3036 8.0
3034 3042 3031 8.0
3030 3031 3042 8.0
2902 2940 3013 8.0
2940 3043 3013 8.0
3014 3013 3043 8.0
2941 2942 3044 8.0
2940 2941 3043 8.0
3044 3043 2941 8.0
3045 3043 3044 8.0
3046 3027 3015 8.0
3019 3027 3047 8.0
3028 3020 3048 8.0
3028 3048 3024 8.0
3019 3049 3020 8.0
3050 3026 3024 8.0
3051 3020 3049 8.0
3047 3049 3019 8.0
3027 3046 3047 8.0
3052 3026 3050 8.0
3048 3050 3024 8.0
3051 3048 3020 8.0
3052 3029 3026 8.0
3034 3033 3053 8.0
3054 3055 3053 8.0
3037 3034 3056 8.0
3037 3056 3057 8.0
3055 3057 3056 8.0
3043 3058 3014 8.0
3033 3014 3058 8.0
3054 3058 3059 8.0
3043 3059 3058 8.0
3054 3059 3045 8.0
3043 3045 3059 8.0
3033 3058 3060 8.0
3054 3060 3058 8.0
3033 3060 3053 8.0
3054 3053 3060 8.0
3015 3037 3061 8.0
3057 3061 3037 8.0
3015 3061 3046 8.0
3057 3046 3061 8.0
3055 3056 3062 8.0
3034 3062 3056 8.0
3055 3062 3053 8.0
3034 3053 3062 8.0
2942 2972 3044 8.0
2972 3063 3044 8.0
3063 2973 3064 8.0
2973 137 3064 8.0
3063 2972 2973 8.0
175 3063 3064 8.0
3044 3063 3045 8.0
3047 3046 3065 8.0
3049 3047 3066 8.0
3051 3049 3067 8.0
3068 3050 3048 8.0
3050 3069 3052 8.0
3051 3068 3048 8.0
3052 3070 3029 8.0
3065 3046 3071 8.0
3047 3065 3066 8.0
3069 3050 3068 8.0
3067 3068 3051 8.0
3067 3049 3066 8.0
3070 3052 3069 8.0
3054 3072 3055 8.0
3073 3072 3074 8.0
3074 3075 175 8.0
3063 175 3075 8.0
3054 3045 3076 8.0
3063 3076 3045 8.0
3054 3076 3075 8.0
3063 3075 3076 8.0
3077 3078 3073 8.0
3055 3078 3057 8.0
3077 3057 3078 8.0
3054 3075 3079 8.0
3074 3079 3075 8.0
3054 3079 3072 8.0
3074 3072 3079 8.0
3057 3077 3080 8.0
3071 3080 3077 8.0
3057 3080 3046 8.0
3071 3046 3080 8.0
3055 3072 3081 8.0
3073 3081 3072 8.0
3055 3081 3078 8.0
3073 3078 3081 8.0
175 3082 3074 8.0
3082 3073 3074 8.0
3083 3077 3073 8.0
3083 3084 3077 8.0
3035 3086 3085 8.0
3087 3030 3085 8.0
3083 3073 3082 8.0
438 2993 3088 8.0
2993 2903 3010 8.0
3010 3088 2993 8.0
3089 3018 3090 8.0
3021 3067 3090 8.0
3090 3091 3089 8.0
3012 432 3092 8.0
3030 3035 3085 8.0
3087 3032 3030 8.0
432 3012 3032 8.0
432 3032 3087 8.0
3067 3093 3090 8.0
3094 3017 3089 8.0
3021 3090 3018 8.0
3018 3089 3017 8.0
3084 3071 3077 8.0
177 3093 3066 8.0
3071 3095 3065 8.0
3096 3065 3095 8.0
3065 3096 3066 8.0
3095 3071 3084 8.0
3066 3093 3067 8.0
177 3091 3093 8.0
3069 3068 3023 8.0
3067 3021 3068 8.0
3025 3070 3069 8.0
3066 3096 177 8.0
3094 3016 3017 8.0
3094 3089 3097 8.0
3089 3091 3097 8.0
595 3097 3091 8.0
3094 3086 3016 8.0
3023 3068 3022 8.0
3021 3022 3068 8.0
595 3091 177 8.0
3090 3093 3091 8.0
3069 3023 3025 8.0
3070 3025 3029 8.0
3086 3035 3016 8.0
3092 3088 3098 8.0
3010 3098 3088 8.0
3092 3098 3012 8.0
3010 3012 3098 8.0
3099 3101 3100 9.0
3100 3101 3102 9.0
3103 3105 3104 9.0
3106 3100 3102 9.0
3107 3109 3108 9.0
3109 3110 3104 9.0
3110 3111 3104 9.0
3103 3104 3112 9.0
3113 3103 3112 9.0
3104 3111 3112 9.0
3111 3110 3114 9.0
3115 3117 3116 9.0
3118 3117 3119 9.0
3120 3121 3118 9.0
3116 3121 3122 9.0
3123 3124 3120 9.0
3122 3124 3125 9.0
3126 3127 3123 9.0
3125 3127 3128 9.0
3104 3108 3109 9.0
3118 3121 3117 9.0
3116 3117 3121 9.0
3128 3130 3129 9.0
3131 3130 3126 9.0
3120 3124 3132 9.0
3122 3132 3124 9.0
3120 3132 3121 9.0
3122 3121 3132 9.0
3123 3127 3124 9.0
3125 3124 3127 9.0
3126 3130 3133 9.0
3128 3133 3130 9.0
3126 3133 3127 9.0
3128 3127 3133 9.0
3129 3135 3134 9.0
3136 3135 3131 9.0
3104 3105 3137 9.0
3138 3137 3105 9.0
3104 3137 3108 9.0
3138 3108 3137 9.0
3129 3130 3139 9.0
3131 3139 3130 9.0
3129 3139 3135 9.0
3131 3135 3139 9.0
3136 3106 3140 9.0
3102 3140 3106 9.0
3102 3134 3140 9.0
3134 3135 3141 9.0
3136 3141 3135 9.0
3134 3141 3140 9.0
3136 3140 3141 9.0
3138 3119 3142 9.0
3117 3142 3119 9.0
3138 3142 3108 9.0
3117 3108 3142 9.0
3108 3117 3143 9.0
3115 3143 3117 9.0
3108 3143 3107 9.0
3115 3107 3143 9.0
3099 3100 3144 9.0
3144 3100 3145 9.0
3106 3145 3100 9.0
3138 3105 3146 9.0
3105 3103 3147 9.0
3148 3149 3147 9.0
3103 3150 3147 9.0
3148 3147 3151 9.0
3152 3148 3151 9.0
3147 3150 3151 9.0
3150 3103 3113 9.0
3119 3153 3118 9.0
3154 3153 3155 9.0
3156 3157 3154 9.0
3118 3157 3120 9.0
3158 3159 3156 9.0
3120 3159 3123 9.0
3160 3161 3158 9.0
3123 3161 3126 9.0
3147 3146 3105 9.0
3154 3157 3153 9.0
3118 3153 3157 9.0
3126 3162 3131 9.0
3163 3162 3160 9.0
3156 3159 3164 9.0
3120 3164 3159 9.0
3156 3164 3157 9.0
3120 3157 3164 9.0
3158 3161 3159 9.0
3123 3159 3161 9.0
3160 3162 3165 9.0
3126 3165 3162 9.0
3160 3165 3161 9.0
3126 3161 3165 9.0
3131 3166 3136 9.0
3167 3166 3163 9.0
3147 3149 3168 9.0
3169 3168 3149 9.0
3147 3168 3146 9.0
3169 3146 3168 9.0
3131 3162 3170 9.0
3163 3170 3162 9.0
3131 3170 3166 9.0
3163 3166 3170 9.0
3145 3106 3171 9.0
3136 3171 3106 9.0
3145 3171 3167 9.0
3136 3166 3172 9.0
3167 3172 3166 9.0
3136 3172 3171 9.0
3167 3171 3172 9.0
3169 3155 3173 9.0
3153 3173 3155 9.0
3169 3173 3146 9.0
3153 3146 3173 9.0
3146 3153 3174 9.0
3119 3174 3153 9.0
3146 3174 3138 9.0
3119 3138 3174 9.0
3099 3144 3175 9.0
3144 751 3175 9.0
3176 751 3145 9.0
751 3144 3145 9.0
3176 3167 3177 9.0
3163 3160 757 9.0
3163 3177 3167 9.0
3145 3167 3176 9.0
3178 3160 3158 9.0
3163 757 3177 9.0
757 3160 3178 9.0
3179 3181 3180 9.0
3148 3180 3149 9.0
3182 3148 3152 9.0
3180 3183 3179 9.0
3180 3148 3182 9.0
3179 3183 755 9.0
3182 3183 3180 9.0
3149 3184 3169 9.0
3149 3180 3184 9.0
3185 3187 3186 9.0
3169 3187 3155 9.0
3188 3189 3185 9.0
3154 3155 3190 9.0
3186 3187 3191 9.0
3169 3191 3187 9.0
3186 3191 3184 9.0
3169 3184 3191 9.0
3192 3193 3188 9.0
3154 3193 3156 9.0
3185 3189 3187 9.0
3155 3187 3189 9.0
3188 3193 3190 9.0
3154 3190 3193 9.0
3188 3190 3189 9.0
3189 3190 3155 9.0
3194 3195 3192 9.0
3156 3195 3158 9.0
3192 3195 3196 9.0
3156 3196 3195 9.0
3192 3196 3193 9.0
3156 3193 3196 9.0
3194 3178 3197 9.0
3158 3197 3178 9.0
3194 3197 3195 9.0
3158 3195 3197 9.0
3186 3184 3198 9.0
3180 3198 3184 9.0
3186 3198 3181 9.0
3180 3181 3198 9.0
3099 3175 3101 9.0
3175 748 3101 9.0
748 3175 751 9.0
3102 3101 748 9.0
3102 748 3199 9.0
3134 3199 3200 9.0
3199 3134 3102 9.0
3201 3129 3200 9.0
3129 3134 3200 9.0
3129 3201 3128 9.0
3201 1007 3128 9.0
3202 3114 3203 9.0
3204 1003 3203 9.0
3110 3109 3205 9.0
3206 3204 3205 9.0
3109 3107 3207 9.0
3208 3206 3207 9.0
3209 3208 3210 9.0
3209 3210 3115 9.0
3107 3115 3210 9.0
3211 3209 3212 9.0
3115 3212 3209 9.0
3211 3212 3116 9.0
3115 3116 3212 9.0
3213 3211 3214 9.0
3116 3214 3211 9.0
3213 3214 3122 9.0
3116 3122 3214 9.0
3122 3125 3215 9.0
3216 3215 3125 9.0
3122 3215 3213 9.0
3216 3213 3215 9.0
3202 3203 1003 9.0
3110 3203 3114 9.0
3204 3203 3205 9.0
3110 3205 3203 9.0
3206 3205 3217 9.0
3109 3217 3205 9.0
3206 3217 3207 9.0
3109 3207 3217 9.0
3107 3210 3218 9.0
3208 3218 3210 9.0
3107 3218 3207 9.0
3208 3207 3218 9.0
1007 3216 3219 9.0
3125 3219 3216 9.0
1007 3219 3128 9.0
3125 3128 3219 9.0
3114 3220 3111 9.0
3111 3220 3221 9.0
3222 3221 3220 9.0
3112 3223 3113 9.0
3111 3221 3112 9.0
3223 3112 3221 9.0
3224 3223 3221 9.0
3225 3227 3226 9.0
3228 3226 3229 9.0
3230 3232 3231 9.0
3233 3231 3234 9.0
3229 3235 3230 9.0
3234 3237 3236 9.0
3232 3230 3235 9.0
3235 3229 3226 9.0
3226 3228 3225 9.0
3238 3236 3237 9.0
3237 3234 3231 9.0
3233 3230 3231 9.0
3236 3238 3239 9.0
3240 3242 3241 9.0
3243 3242 3244 9.0
3245 3246 3240 9.0
3244 3246 3247 9.0
3245 3247 3246 9.0
3241 3248 3222 9.0
3221 3222 3248 9.0
3221 3248 3249 9.0
3243 3249 3248 9.0
3221 3249 3224 9.0
3243 3224 3249 9.0
3243 3248 3250 9.0
3241 3250 3248 9.0
3243 3250 3242 9.0
3241 3242 3250 9.0
3247 3245 3251 9.0
3227 3251 3245 9.0
3247 3251 3225 9.0
3227 3225 3251 9.0
3240 3246 3252 9.0
3244 3252 3246 9.0
3240 3252 3242 9.0
3244 3242 3252 9.0
3113 3223 3150 9.0
3150 3223 3253 9.0
3224 3253 3223 9.0
3151 3254 3152 9.0
3150 3253 3151 9.0
3254 3151 3253 9.0
3255 3254 3253 9.0
3256 3225 3228 9.0
3229 3257 3228 9.0
3258 3230 3259 9.0
3233 3234 3259 9.0
3229 3230 3260 9.0
3261 3234 3236 9.0
3258 3260 3230 9.0
3257 3229 3260 9.0
3228 3257 3256 9.0
3262 3261 3236 9.0
3259 3234 3261 9.0
3233 3259 3230 9.0
3262 3236 3239 9.0
3244 3263 3243 9.0
3264 3263 3265 9.0
3247 3266 3244 9.0
3265 3266 3267 9.0
3247 3267 3266 9.0
3243 3268 3224 9.0
3253 3224 3268 9.0
3253 3268 3269 9.0
3264 3269 3268 9.0
3253 3269 3255 9.0
3264 3255 3269 9.0
3264 3268 3270 9.0
3243 3270 3268 9.0
3264 3270 3263 9.0
3243 3263 3270 9.0
3267 3247 3271 9.0
3225 3271 3247 9.0
3267 3271 3256 9.0
3225 3256 3271 9.0
3244 3266 3272 9.0
3265 3272 3266 9.0
3244 3272 3263 9.0
3265 3263 3272 9.0
3152 3254 3182 9.0
3182 3254 3273 9.0
3273 3274 3183 9.0
3183 3274 755 9.0
3273 3183 3182 9.0
736 3274 3273 9.0
3254 3255 3273 9.0
3257 3275 3256 9.0
3260 3276 3257 9.0
3258 3277 3260 9.0
3278 3259 3261 9.0
3261 3262 3279 9.0
3258 3259 3278 9.0
3262 3239 3280 9.0
3275 3281 3256 9.0
3257 3276 3275 9.0
3279 3278 3261 9.0
3277 3258 3278 9.0
3277 3276 3260 9.0
3280 3279 3262 9.0
3264 3265 3282 9.0
3283 3284 3282 9.0
3273 3285 736 9.0
3284 736 3285 9.0
3273 3255 3286 9.0
3264 3286 3255 9.0
3273 3286 3285 9.0
3264 3285 3286 9.0
3287 3283 3288 9.0
3287 3288 3267 9.0
3265 3267 3288 9.0
3284 3285 3289 9.0
3264 3289 3285 9.0
3284 3289 3282 9.0
3264 3282 3289 9.0
3281 3287 3290 9.0
3267 3290 3287 9.0
3281 3290 3256 9.0
3267 3256 3290 9.0
3283 3282 3291 9.0
3265 3291 3282 9.0
3283 3291 3288 9.0
3265 3288 3291 9.0
736 3284 3292 9.0
3292 3284 3283 9.0
3293 3283 3287 9.0
3293 3287 3294 9.0
3245 3296 3295 9.0
3297 3296 3240 9.0
3293 3292 3283 9.0
1003 3298 3202 9.0
3202 3220 3114 9.0
3220 3202 3298 9.0
3299 3300 3235 9.0
3232 3300 3277 9.0
3300 3299 3301 9.0
3222 3302 1018 9.0
3240 3296 3245 9.0
3297 3240 3241 9.0
1018 3241 3222 9.0
1018 3297 3241 9.0
3277 3300 3303 9.0
3304 3299 3226 9.0
3232 3235 3300 9.0
3235 3226 3299 9.0
3294 3287 3281 9.0
743 3276 3303 9.0
3281 3275 3305 9.0
3306 3305 3275 9.0
3275 3276 3306 9.0
3305 3294 3281 9.0
3276 3277 3303 9.0
743 3303 3301 9.0
3279 3237 3278 9.0
3277 3278 3232 9.0
3238 3279 3280 9.0
743 3306 3276 9.0
3304 3226 3227 9.0
3304 3307 3299 9.0
3299 3307 3301 9.0
1182 3301 3307 9.0
3304 3227 3295 9.0
3237 3231 3278 9.0
3232 3278 3231 9.0
1182 743 3301 9.0
3300 3301 3303 9.0
3279 3238 3237 9.0
3280 3239 3238 9.0
3295 3227 3245 9.0
3220 3298 3308 9.0
3302 3308 3298 9.0
3220 3308 3222 9.0
3302 3222 3308 9.0
3309 3311 3310 10.0
3312 3314 3313 10.0
3315 3317 3316 10.0
3318 3320 3319 10.0
3321 3323 3322 10.0
3324 3326 3325 10.0
3327 3329 3328 10.0
3330 3332 3331 10.0
3333 3335 3334 10.0
3336 3337 3335 10.0
3338 3340 3339 10.0
3341 3343 3342 10.0
3344 3346 3345 10.0
3347 3349 3348 10.0
3350 3352 3351 10.0
3338 3339 3353 10.0
3354 3356 3355 10.0
3354 3357 3356 10.0
3358 3312 3359 10.0
3360 3362 3361 10.0
3363 3365 3364 10.0
3366 3368 3367 10.0
3369 3339 3370 10.0
3371 3373 3372 10.0
3374 3371 3375 10.0
3376 3378 3377 10.0
3379 3380 3376 10.0
3344 3382 3381 10.0
3332 3384 3383 10.0
3385 3387 3386 10.0
3388 3390 3389 10.0
3338 3392 3391 10.0
3338 3393 3392 10.0
3356 3395 3394 10.0
3357 3395 3356 10.0
3363 3396 3365 10.0
3331 3332 3397 10.0
3398 3400 3399 10.0
3385 3402 3401 10.0
3385 3386 3402 10.0
3403 3405 3404 10.0
3406 3408 3407 10.0
3409 3406 3410 10.0
3411 3312 3412 10.0
3352 3413 3348 10.0
3414 3415 3404 10.0
3416 3417 3399 10.0
3418 3420 3419 10.0
3421 3423 3422 10.0
3344 3424 3346 10.0
3425 3427 3426 10.0
3428 3419 3429 10.0
3337 3400 3430 10.0
3431 3430 3400 10.0
3431 3432 3430 10.0
3341 3433 3343 10.0
3433 3435 3434 10.0
3436 3354 3437 10.0
3438 3439 3394 10.0
3440 3394 3439 10.0
3441 3443 3442 10.0
3444 3429 3442 10.0
3445 3447 3446 10.0
3373 3448 3372 10.0
3372 3448 3449 10.0
3450 3452 3451 10.0
3453 3452 3454 10.0
3455 3457 3456 10.0
3458 3460 3459 10.0
3461 3382 3462 10.0
3463 3462 3382 10.0
3463 3464 3462 10.0
3465 3467 3466 10.0
3468 3470 3469 10.0
3431 3472 3471 10.0
3398 3472 3400 10.0
3431 3400 3472 10.0
3473 3475 3474 10.0
3476 3477 3475 10.0
3390 3477 3389 10.0
3476 3389 3477 10.0
3478 3473 3474 10.0
3367 3480 3479 10.0
3481 3479 3480 10.0
3482 3484 3483 10.0
3355 3356 3394 10.0
3485 3394 3395 10.0
3486 3487 3353 10.0
3353 3489 3488 10.0
3490 3323 3321 10.0
3490 3321 3396 10.0
3365 3396 3321 10.0
3491 3492 3380 10.0
3380 3492 3493 10.0
3494 3496 3495 10.0
3425 3426 3497 10.0
3385 3497 3498 10.0
3499 3500 3364 10.0
3341 3500 3501 10.0
3341 3342 3500 10.0
3448 3502 3361 10.0
3373 3502 3448 10.0
3360 3502 3499 10.0
3499 3502 3501 10.0
3312 3313 3412 10.0
3503 3313 3504 10.0
3504 3313 3314 10.0
3505 3507 3506 10.0
3508 3327 3328 10.0
3312 3509 3314 10.0
3510 3314 3509 10.0
3344 3511 3382 10.0
3444 3511 3429 10.0
3411 3427 3512 10.0
3513 3374 3393 10.0
3348 3351 3352 10.0
3349 3351 3348 10.0
3514 3350 3515 10.0
3516 3496 3434 10.0
3319 3417 3318 10.0
3517 3319 3320 10.0
3384 3320 3318 10.0
3489 3326 3518 10.0
3487 3326 3489 10.0
3519 3326 3520 10.0
3520 3326 3324 10.0
3325 3487 3521 10.0
3517 3325 3319 10.0
3487 3325 3326 10.0
3517 3324 3325 10.0
3372 3375 3371 10.0
3393 3374 3375 10.0
3425 3494 3522 10.0
3425 3522 3427 10.0
3523 3437 3524 10.0
3354 3524 3437 10.0
3354 3355 3524 10.0
3489 3353 3487 10.0
3486 3353 3525 10.0
3331 3397 3526 10.0
3526 3397 3527 10.0
3528 3530 3529 10.0
3498 3532 3531 10.0
3533 3535 3534 10.0
3536 3538 3537 10.0
3349 3538 3539 10.0
3363 3540 3396 10.0
3386 3540 3402 10.0
3363 3541 3540 10.0
3523 3529 3542 10.0
3543 3493 3443 10.0
3409 3493 3492 10.0
3544 3315 3316 10.0
3371 3316 3317 10.0
3544 3316 3518 10.0
3371 3374 3316 10.0
3447 3445 3545 10.0
3377 3378 3546 10.0
3543 3546 3547 10.0
3445 3373 3317 10.0
3346 3424 3542 10.0
3523 3542 3424 10.0
3543 3443 3548 10.0
3441 3548 3443 10.0
3441 3549 3548 10.0
3550 3551 3410 10.0
3444 3551 3550 10.0
3443 3551 3442 10.0
3444 3442 3551 10.0
3523 3524 3529 10.0
3513 3393 3488 10.0
3338 3488 3393 10.0
3513 3488 3489 10.0
3338 3353 3488 10.0
3312 3358 3552 10.0
3553 3552 3554 10.0
3312 3552 3509 10.0
3555 3317 3315 10.0
3545 3317 3555 10.0
3371 3317 3373 10.0
3545 3445 3317 10.0
3556 3405 3554 10.0
3376 3553 3554 10.0
3553 3376 3557 10.0
3377 3557 3376 10.0
3553 3557 3558 10.0
3497 3401 3559 10.0
3385 3401 3497 10.0
3343 3401 3342 10.0
3342 3401 3402 10.0
3436 3560 3328 10.0
3436 3437 3560 10.0
3347 3348 3561 10.0
3474 3362 3322 10.0
3390 3362 3474 10.0
3365 3362 3360 10.0
3366 3563 3562 10.0
3367 3563 3366 10.0
3398 3563 3564 10.0
3367 3479 3563 10.0
3367 3368 3565 10.0
3566 3565 3567 10.0
3367 3565 3483 10.0
3566 3569 3568 10.0
3369 3568 3569 10.0
3566 3568 3570 10.0
3340 3370 3339 10.0
3369 3370 3571 10.0
3340 3338 3572 10.0
3391 3572 3338 10.0
3340 3572 3573 10.0
3574 3549 3420 10.0
3357 3576 3575 10.0
3436 3576 3354 10.0
3357 3354 3576 10.0
3577 3423 3421 10.0
3444 3578 3511 10.0
3382 3511 3578 10.0
3556 3554 3358 10.0
3358 3554 3552 10.0
3499 3501 3500 10.0
3373 3501 3502 10.0
3433 3341 3446 10.0
3373 3445 3501 10.0
3426 3498 3497 10.0
3532 3498 3426 10.0
3385 3498 3387 10.0
3357 3575 3579 10.0
3580 3579 3421 10.0
3357 3579 3395 10.0
3580 3395 3579 10.0
3403 3491 3379 10.0
3403 3379 3405 10.0
3491 3380 3379 10.0
3378 3376 3380 10.0
3408 3406 3581 10.0
3377 3546 3582 10.0
3583 3584 3336 10.0
3337 3336 3584 10.0
3388 3389 3585 10.0
3378 3547 3546 10.0
3380 3547 3378 10.0
3543 3547 3493 10.0
3380 3493 3547 10.0
3461 3560 3381 10.0
3583 3527 3584 10.0
3416 3527 3397 10.0
3583 3526 3527 10.0
3586 3514 3454 10.0
3389 3506 3585 10.0
3587 3585 3506 10.0
3588 3590 3589 10.0
3492 3491 3591 10.0
3491 3403 3589 10.0
3428 3346 3592 10.0
3428 3592 3593 10.0
3594 3593 3592 10.0
3405 3379 3554 10.0
3376 3554 3379 10.0
3544 3518 3519 10.0
3513 3518 3374 10.0
3374 3518 3316 10.0
3513 3489 3518 10.0
3519 3518 3326 10.0
3393 3595 3392 10.0
3393 3375 3595 10.0
3596 3414 3597 10.0
3598 3439 3438 10.0
3435 3433 3599 10.0
3558 3457 3600 10.0
3552 3553 3600 10.0
3494 3434 3496 10.0
3343 3434 3559 10.0
3516 3434 3435 10.0
3343 3433 3434 10.0
3430 3432 3601 10.0
3464 3508 3462 10.0
3328 3560 3602 10.0
3587 3595 3449 10.0
3375 3449 3595 10.0
3587 3449 3585 10.0
3557 3377 3456 10.0
3455 3582 3460 10.0
3428 3429 3345 10.0
3428 3345 3346 10.0
3411 3512 3359 10.0
3556 3359 3597 10.0
3411 3359 3312 10.0
3556 3358 3359 10.0
3405 3597 3414 10.0
3556 3597 3405 10.0
3596 3597 3512 10.0
3512 3597 3359 10.0
3485 3438 3394 10.0
3596 3512 3522 10.0
3427 3522 3512 10.0
3349 3539 3351 10.0
3539 3453 3515 10.0
3360 3499 3364 10.0
3363 3364 3500 10.0
3360 3364 3365 10.0
3603 3605 3604 10.0
3540 3386 3606 10.0
3388 3448 3361 10.0
3360 3361 3502 10.0
3388 3361 3390 10.0
3390 3361 3362 10.0
3485 3608 3607 10.0
3580 3608 3395 10.0
3485 3395 3608 10.0
3388 3585 3449 10.0
3388 3449 3448 10.0
3375 3372 3449 10.0
3363 3500 3541 10.0
3342 3541 3500 10.0
3402 3540 3541 10.0
3342 3402 3541 10.0
3609 3575 3610 10.0
3611 3468 3573 10.0
3370 3340 3469 10.0
3344 3345 3511 10.0
3429 3511 3345 10.0
3424 3381 3612 10.0
3461 3381 3382 10.0
3424 3344 3381 10.0
3425 3497 3559 10.0
3343 3559 3401 10.0
3425 3559 3494 10.0
3494 3559 3434 10.0
3391 3613 3572 10.0
3614 3615 3613 10.0
3568 3369 3466 10.0
3465 3571 3470 10.0
3570 3467 3616 10.0
3483 3565 3616 10.0
3390 3474 3477 10.0
3477 3474 3475 10.0
3481 3471 3564 10.0
3617 3422 3423 10.0
3421 3422 3580 10.0
3549 3441 3618 10.0
3549 3618 3420 10.0
3618 3419 3420 10.0
3546 3543 3619 10.0
3478 3474 3322 10.0
3365 3322 3362 10.0
3478 3322 3323 10.0
3365 3321 3322 10.0
3569 3566 3567 10.0
3368 3567 3565 10.0
3486 3569 3620 10.0
3368 3621 3567 10.0
3406 3409 3581 10.0
3581 3409 3591 10.0
3536 3623 3622 10.0
3550 3407 3444 10.0
3624 3407 3625 10.0
3573 3572 3626 10.0
3613 3626 3572 10.0
3613 3615 3626 10.0
3452 3453 3627 10.0
3627 3453 3622 10.0
3575 3609 3628 10.0
3575 3628 3579 10.0
3421 3579 3628 10.0
3391 3392 3629 10.0
3391 3629 3613 10.0
3584 3527 3630 10.0
3584 3630 3337 10.0
3399 3400 3630 10.0
3337 3630 3400 10.0
3506 3507 3629 10.0
3623 3451 3627 10.0
3452 3627 3451 10.0
3548 3619 3543 10.0
3458 3619 3631 10.0
3571 3465 3466 10.0
3570 3466 3467 10.0
3571 3466 3369 10.0
3570 3568 3466 10.0
3444 3632 3578 10.0
3624 3632 3407 10.0
3444 3407 3632 10.0
3582 3455 3456 10.0
3558 3456 3457 10.0
3582 3456 3377 10.0
3558 3557 3456 10.0
3629 3392 3587 10.0
3534 3633 3503 10.0
3534 3535 3633 10.0
3529 3524 3634 10.0
3355 3634 3524 10.0
3635 3634 3636 10.0
3442 3429 3618 10.0
3419 3618 3429 10.0
3442 3618 3441 10.0
3538 3349 3637 10.0
3538 3637 3537 10.0
3454 3514 3515 10.0
3351 3515 3350 10.0
3454 3515 3453 10.0
3351 3539 3515 10.0
3550 3406 3407 10.0
3625 3407 3408 10.0
3638 3598 3607 10.0
3598 3638 3413 10.0
3506 3389 3639 10.0
3476 3639 3389 10.0
3506 3639 3505 10.0
3476 3505 3639 10.0
3309 3641 3640 10.0
3452 3640 3642 10.0
3309 3640 3311 10.0
3417 3643 3366 10.0
3621 3643 3319 10.0
3417 3319 3643 10.0
3561 3348 3638 10.0
3413 3638 3348 10.0
3427 3411 3644 10.0
3412 3644 3411 10.0
3427 3644 3426 10.0
3609 3577 3628 10.0
3421 3628 3577 10.0
3594 3645 3530 10.0
3542 3645 3346 10.0
3522 3494 3495 10.0
3646 3495 3496 10.0
3522 3495 3596 10.0
3596 3495 3647 10.0
3571 3370 3469 10.0
3573 3469 3340 10.0
3571 3469 3470 10.0
3573 3468 3469 10.0
3426 3644 3532 10.0
3412 3532 3644 10.0
3573 3626 3611 10.0
3615 3611 3626 10.0
3537 3637 3648 10.0
3649 3648 3637 10.0
3537 3648 3617 10.0
3646 3415 3647 10.0
3414 3647 3415 10.0
3646 3647 3495 10.0
3414 3596 3647 10.0
3397 3332 3383 10.0
3318 3383 3384 10.0
3397 3383 3416 10.0
3535 3532 3633 10.0
3412 3633 3532 10.0
3567 3620 3569 10.0
3621 3620 3567 10.0
3486 3620 3487 10.0
3501 3445 3446 10.0
3599 3446 3447 10.0
3501 3446 3341 10.0
3599 3433 3446 10.0
3621 3319 3521 10.0
3325 3521 3319 10.0
3621 3521 3620 10.0
3620 3521 3487 10.0
3595 3587 3392 10.0
3506 3629 3587 10.0
3527 3416 3650 10.0
3399 3650 3416 10.0
3527 3650 3630 10.0
3399 3630 3650 10.0
3339 3525 3353 10.0
3369 3525 3339 10.0
3486 3525 3569 10.0
3369 3569 3525 10.0
3463 3382 3632 10.0
3578 3632 3382 10.0
3463 3632 3624 10.0
3529 3634 3651 10.0
3635 3651 3634 10.0
3529 3651 3528 10.0
3635 3528 3651 10.0
3535 3533 3652 10.0
3653 3652 3533 10.0
3653 3387 3652 10.0
3438 3485 3607 10.0
3561 3607 3608 10.0
3438 3607 3598 10.0
3561 3638 3607 10.0
3482 3616 3467 10.0
3483 3616 3482 10.0
3570 3616 3566 10.0
3566 3616 3565 10.0
3493 3409 3410 10.0
3550 3410 3406 10.0
3493 3410 3443 10.0
3443 3410 3551 10.0
3318 3417 3383 10.0
3416 3383 3417 10.0
3454 3452 3642 10.0
3641 3642 3640 10.0
3454 3642 3586 10.0
3641 3586 3642 10.0
3530 3645 3529 10.0
3542 3529 3645 10.0
3549 3654 3548 10.0
3631 3654 3574 10.0
3549 3574 3654 10.0
3548 3654 3619 10.0
3631 3619 3654 10.0
3412 3313 3633 10.0
3503 3633 3313 10.0
3398 3562 3563 10.0
3399 3562 3398 10.0
3366 3562 3417 10.0
3399 3417 3562 10.0
3509 3552 3600 10.0
3558 3600 3553 10.0
3509 3600 3510 10.0
3510 3600 3457 10.0
3452 3450 3640 10.0
3311 3640 3450 10.0
3507 3614 3655 10.0
3613 3655 3614 10.0
3507 3655 3629 10.0
3613 3629 3655 10.0
3366 3643 3656 10.0
3621 3656 3643 10.0
3366 3656 3368 10.0
3621 3368 3656 10.0
3461 3602 3560 10.0
3462 3602 3461 10.0
3328 3602 3508 10.0
3462 3508 3602 10.0
3604 3605 3657 10.0
3604 3657 3653 10.0
3387 3653 3657 10.0
3605 3386 3657 10.0
3387 3657 3386 10.0
3539 3622 3453 10.0
3538 3622 3539 10.0
3627 3622 3623 10.0
3538 3536 3622 10.0
3561 3608 3422 10.0
3580 3422 3608 10.0
3483 3484 3658 10.0
3480 3658 3484 10.0
3483 3658 3367 10.0
3480 3367 3658 10.0
3561 3422 3347 10.0
3649 3347 3422 10.0
3396 3540 3606 10.0
3605 3606 3386 10.0
3396 3606 3490 10.0
3560 3437 3612 10.0
3523 3612 3437 10.0
3560 3612 3381 10.0
3523 3424 3612 10.0
3479 3481 3564 10.0
3472 3564 3471 10.0
3479 3564 3563 10.0
3472 3398 3564 10.0
3589 3591 3491 10.0
3590 3591 3589 10.0
3492 3591 3409 10.0
3590 3581 3591 10.0
3349 3347 3637 10.0
3649 3637 3347 10.0
3329 3610 3659 10.0
3575 3659 3610 10.0
3575 3576 3659 10.0
3593 3418 3660 10.0
3419 3660 3418 10.0
3593 3660 3428 10.0
3419 3428 3660 10.0
3346 3645 3592 10.0
3594 3592 3645 10.0
3617 3648 3422 10.0
3649 3422 3648 10.0
3588 3404 3415 10.0
3589 3404 3588 10.0
3414 3404 3405 10.0
3589 3403 3404 10.0
3546 3619 3459 10.0
3458 3459 3619 10.0
3546 3459 3582 10.0
3582 3459 3460 10.0
3355 3394 3636 10.0
3440 3636 3394 10.0
3355 3636 3634 10.0
3440 3635 3636 10.0
3605 3603 3661 10.0
3490 3661 3603 10.0
3605 3661 3606 10.0
3490 3606 3661 10.0
3387 3498 3531 10.0
3535 3531 3532 10.0
3387 3531 3652 10.0
3535 3652 3531 10.0
3436 3659 3576 10.0
3329 3659 3328 10.0
3436 3328 3659 10.0
3334 3335 3601 10.0
3337 3601 3335 10.0
3334 3601 3432 10.0
3337 3430 3601 10.0
3310 3662 3309 10.0
3505 3476 3663 10.0
3664 3666 3665 10.0
3667 3534 3668 10.0
1438 3670 3669 10.0
3671 3478 3672 10.0
3673 3475 3674 10.0
3480 3484 3675 10.0
3676 3678 3677 10.0
3679 3681 3680 10.0
3682 3684 3683 10.0
1491 3685 1422 10.0
3686 3687 3334 10.0
3688 3690 3689 10.0
3691 3693 3692 10.0
3694 3696 3695 10.0
3697 3671 3694 10.0
3698 3675 3699 10.0
3698 3699 3700 10.0
3689 3690 3701 10.0
3702 3704 3703 10.0
3705 3707 3706 10.0
3708 3705 3709 10.0
3705 3710 3707 10.0
3711 3713 3712 10.0
3714 3716 3715 10.0
3717 3718 3667 10.0
3719 3721 3720 10.0
3722 3724 3723 10.0
3593 3594 3725 10.0
3726 3728 3727 10.0
3439 3598 3729 10.0
3730 3732 3731 10.0
3733 3735 3734 10.0
3413 3352 3736 10.0
1422 3685 3737 10.0
3711 3738 3729 10.0
3711 3712 3739 10.0
3692 3741 3740 10.0
3693 3741 3692 10.0
3742 3744 3743 10.0
3717 3667 3745 10.0
3746 3748 3747 10.0
3749 3751 3750 10.0
3752 3753 3750 10.0
3754 3420 3755 10.0
3688 3757 3756 10.0
3688 3756 3758 10.0
3758 3756 3759 10.0
3760 3762 3761 10.0
3763 3765 3764 10.0
3766 3765 3767 10.0
3768 3769 3749 10.0
3722 3770 3724 10.0
3720 3771 3719 10.0
3772 3774 3773 10.0
3350 3736 3352 10.0
3775 3776 3773 10.0
3350 3514 3773 10.0
3777 3779 3778 10.0
3780 3432 3781 10.0
3782 3780 3715 10.0
3774 3783 3736 10.0
3713 3783 3784 10.0
3465 3785 3467 10.0
3786 3615 3787 10.0
3468 3732 3788 10.0
3468 3788 3470 10.0
3727 3728 3789 10.0
3790 3507 3663 10.0
3431 3471 3791 10.0
3714 3715 3791 10.0
3675 3792 3480 10.0
3481 3480 3792 10.0
3482 3793 3484 10.0
3675 3484 3793 10.0
3794 3664 3665 10.0
3720 3665 3666 10.0
3794 3665 3721 10.0
3720 3721 3665 10.0
3795 3709 3796 10.0
3797 3796 3798 10.0
3476 3475 3673 10.0
3476 3673 3799 10.0
3478 3671 3800 10.0
3478 3800 3473 10.0
3801 3802 3784 10.0
3691 3804 3803 10.0
3697 3805 3804 10.0
3323 3672 3478 10.0
3490 3672 3323 10.0
3768 3807 3806 10.0
3808 3809 3807 10.0
3768 3806 3769 10.0
3804 3811 3810 10.0
3691 3811 3804 10.0
3810 3811 3692 10.0
3691 3692 3811 10.0
3667 3668 3745 10.0
3504 3668 3503 10.0
3503 3668 3534 10.0
3776 3775 3812 10.0
3813 3815 3814 10.0
3719 3771 3816 10.0
3817 3816 3771 10.0
3719 3816 3818 10.0
3819 3739 3820 10.0
3712 3820 3739 10.0
3819 3820 3821 10.0
3802 3821 3822 10.0
3730 3704 3759 10.0
3823 3759 3824 10.0
3730 3759 3756 10.0
3823 3758 3759 10.0
3594 3530 3825 10.0
3817 3825 3826 10.0
3653 3533 3827 10.0
3766 3829 3828 10.0
3828 3829 3830 10.0
3831 3833 3832 10.0
3834 3751 3832 10.0
3533 3835 3827 10.0
3667 3835 3534 10.0
3533 3534 3835 10.0
3836 3837 3666 10.0
3720 3666 3837 10.0
3838 3680 3681 10.0
3839 3681 3679 10.0
3733 3805 3840 10.0
3694 3840 3805 10.0
3733 3840 3735 10.0
3735 3840 3695 10.0
3719 3841 3721 10.0
3842 3843 3676 10.0
3838 3676 3680 10.0
3842 3676 3677 10.0
3838 3678 3676 10.0
3756 3757 3844 10.0
1422 3737 3677 10.0
3842 3677 3845 10.0
1422 3677 1515 10.0
1515 3677 3678 10.0
3779 3847 3846 10.0
3693 3691 3669 10.0
3709 3798 3796 10.0
3797 3798 3848 10.0
3849 3807 3798 10.0
3817 3771 3834 10.0
3706 3851 3850 10.0
3707 3851 3706 10.0
3702 3703 3852 10.0
3853 3741 3703 10.0
3817 3826 3816 10.0
3818 3816 3826 10.0
3715 3854 3782 10.0
3855 3854 3716 10.0
3715 3716 3854 10.0
3705 3856 3710 10.0
3809 3808 3754 10.0
3849 3808 3807 10.0
3806 3807 3809 10.0
3314 3510 3857 10.0
3831 3769 3858 10.0
3859 3857 3860 10.0
3837 3836 3861 10.0
3847 1438 3669 10.0
3693 3669 3862 10.0
3847 3669 3846 10.0
3846 3669 3691 10.0
3863 3827 3835 10.0
3835 3667 3864 10.0
3688 3865 3690 10.0
3753 3752 3836 10.0
3866 3800 3867 10.0
3671 3867 3800 10.0
3866 3867 3697 10.0
3671 3697 3867 10.0
3761 3762 3862 10.0
3693 3862 3852 10.0
3761 3862 3670 10.0
3670 3862 3669 10.0
3868 3870 3869 10.0
3685 3682 3683 10.0
3855 3683 3684 10.0
3685 3683 3737 10.0
3855 3737 3683 10.0
3671 3696 3694 10.0
3728 3696 3871 10.0
3671 3672 3696 10.0
3726 3872 3695 10.0
3734 3735 3872 10.0
3792 3874 3873 10.0
3675 3874 3792 10.0
3714 3874 3875 10.0
3675 3698 3874 10.0
3866 3810 3876 10.0
3799 3876 3740 10.0
3866 3876 3673 10.0
3799 3673 3876 10.0
3699 3701 3690 10.0
3675 3701 3699 10.0
3689 3701 3877 10.0
3675 3793 3701 10.0
3689 3785 3878 10.0
3689 3878 3688 10.0
3757 3688 3878 10.0
3879 3790 3880 10.0
3879 3880 3881 10.0
3853 3880 3740 10.0
3829 3767 3882 10.0
3766 3767 3829 10.0
3724 3767 3723 10.0
3723 3767 3765 10.0
3731 3786 3883 10.0
3790 3879 3787 10.0
3768 3749 3884 10.0
3885 3869 3886 10.0
3574 3420 3754 10.0
3854 3855 3887 10.0
3738 3889 3888 10.0
3711 3889 3738 10.0
3711 3739 3889 10.0
3698 3843 3875 10.0
3843 3845 3875 10.0
3859 3745 3857 10.0
3859 3890 3830 10.0
3805 3803 3804 10.0
3733 3803 3805 10.0
3691 3803 3846 10.0
3737 3845 3677 10.0
3855 3845 3737 10.0
3842 3845 3843 10.0
3855 3716 3845 10.0
3731 3883 3891 10.0
3879 3892 3883 10.0
3704 3892 3703 10.0
3831 3858 3833 10.0
3893 3884 3894 10.0
3635 3440 3742 10.0
3724 3895 3718 10.0
3863 3895 3770 10.0
3724 3770 3895 10.0
3774 3784 3783 10.0
3712 3713 3784 10.0
3896 3897 3708 10.0
3896 3708 3795 10.0
3706 3709 3705 10.0
3795 3708 3709 10.0
3744 3738 3888 10.0
3885 3888 3889 10.0
3744 3888 3898 10.0
3885 3841 3888 10.0
3899 3797 3900 10.0
3768 3848 3807 10.0
3807 3848 3798 10.0
3726 3727 3901 10.0
3863 3770 3901 10.0
3841 3898 3888 10.0
3719 3898 3841 10.0
3744 3898 3818 10.0
3719 3818 3898 10.0
3902 3903 3899 10.0
3684 3904 3887 10.0
3782 3887 3686 10.0
3684 3887 3855 10.0
3782 3854 3887 10.0
3709 3706 3850 10.0
3849 3850 3851 10.0
3709 3850 3798 10.0
3849 3798 3850 10.0
3863 3901 3827 10.0
3727 3827 3901 10.0
3812 3815 3905 10.0
3762 3852 3862 10.0
3702 3852 3762 10.0
3693 3852 3741 10.0
3741 3852 3703 10.0
3797 3899 3796 10.0
3702 3762 3824 10.0
3823 3824 3906 10.0
3702 3824 3704 10.0
3704 3824 3759 10.0
3869 3885 3907 10.0
3897 3828 3890 10.0
3897 3890 3908 10.0
3859 3856 3890 10.0
3716 3714 3875 10.0
3698 3875 3874 10.0
3716 3875 3845 10.0
3746 3896 3909 10.0
3795 3909 3896 10.0
3746 3909 3910 10.0
3859 3860 3856 10.0
3710 3856 3860 10.0
3748 3764 3911 10.0
3856 3908 3890 10.0
3705 3908 3856 10.0
3897 3908 3708 10.0
3705 3708 3908 10.0
3766 3911 3765 10.0
3432 3780 3334 10.0
3514 3586 3775 10.0
3717 3829 3882 10.0
3724 3882 3767 10.0
3717 3882 3718 10.0
3724 3718 3882 10.0
3726 3901 3872 10.0
3809 3858 3806 10.0
3769 3806 3858 10.0
3455 3460 3912 10.0
3885 3886 3841 10.0
3721 3841 3886 10.0
3707 3912 3851 10.0
3697 3694 3805 10.0
3728 3695 3696 10.0
3726 3695 3728 10.0
3694 3695 3840 10.0
3735 3695 3872 10.0
3762 3906 3824 10.0
3760 3906 3762 10.0
3760 3839 3906 10.0
3697 3804 3810 10.0
3697 3810 3866 10.0
3810 3692 3740 10.0
3853 3740 3741 10.0
3810 3740 3876 10.0
3799 3740 3880 10.0
3672 3871 3696 10.0
3490 3871 3672 10.0
3490 3603 3871 10.0
3752 3751 3861 10.0
3611 3615 3786 10.0
3614 3507 3790 10.0
3482 3467 3877 10.0
3481 3873 3471 10.0
3714 3873 3874 10.0
3481 3792 3873 10.0
3858 3809 3755 10.0
3754 3755 3809 10.0
3884 3749 3750 10.0
3752 3750 3751 10.0
3884 3750 3894 10.0
3894 3750 3753 10.0
3755 3913 3858 10.0
3418 3913 3420 10.0
3913 3755 3420 10.0
3812 3905 3776 10.0
3772 3776 3905 10.0
3905 3914 3772 10.0
3772 3773 3776 10.0
3736 3773 3774 10.0
3775 3773 3514 10.0
3736 3350 3773 10.0
3769 3831 3832 10.0
3769 3832 3749 10.0
3749 3832 3751 10.0
3825 3817 3725 10.0
3746 3747 3896 10.0
3911 3896 3747 10.0
3825 3725 3594 10.0
3911 3747 3748 10.0
3765 3911 3764 10.0
3734 3722 3915 10.0
3736 3783 3916 10.0
3736 3916 3413 10.0
3729 3738 3917 10.0
3742 3440 3918 10.0
3914 3905 3919 10.0
3920 3914 3919 10.0
3815 3919 3905 10.0
3899 3900 3902 10.0
3848 3900 3797 10.0
3734 3872 3722 10.0
3729 3917 3439 10.0
3440 3439 3917 10.0
3839 3823 3906 10.0
3758 3823 3679 10.0
3839 3679 3823 10.0
3812 3814 3815 10.0
3662 3813 3814 10.0
3921 3923 3922 10.0
3733 3734 3922 10.0
3883 3787 3879 10.0
3786 3787 3883 10.0
3790 3787 3614 10.0
3614 3787 3615 10.0
3725 3833 3593 10.0
3720 3837 3861 10.0
3752 3861 3836 10.0
3834 3861 3751 10.0
3765 3763 3924 10.0
3921 3924 3763 10.0
3765 3924 3925 10.0
3926 3924 3915 10.0
3458 3631 3927 10.0
3593 3913 3418 10.0
3858 3913 3833 10.0
3593 3833 3913 10.0
3722 3872 3770 10.0
3901 3770 3872 10.0
3801 3784 3928 10.0
3801 3928 3920 10.0
3828 3897 3766 10.0
3857 3510 3860 10.0
3710 3860 3929 10.0
3510 3929 3860 10.0
3710 3929 3457 10.0
3510 3457 3929 10.0
3413 3916 3930 10.0
3729 3930 3931 10.0
3413 3930 3598 10.0
3729 3598 3930 10.0
3333 3334 3687 10.0
3780 3686 3334 10.0
3780 3782 3686 10.0
3641 3814 3932 10.0
3812 3932 3814 10.0
3812 3775 3932 10.0
3834 3933 3817 10.0
3833 3933 3832 10.0
3834 3832 3933 10.0
3775 3586 3934 10.0
3641 3934 3586 10.0
3775 3934 3932 10.0
3641 3932 3934 10.0
3722 3723 3925 10.0
3765 3925 3723 10.0
3722 3925 3926 10.0
3926 3925 3924 10.0
3916 3931 3930 10.0
3783 3931 3916 10.0
3783 3713 3931 10.0
3889 3907 3885 10.0
3739 3907 3889 10.0
3869 3907 3868 10.0
3897 3896 3766 10.0
3911 3766 3896 10.0
3902 3900 3935 10.0
3884 3935 3936 10.0
3902 3935 3893 10.0
3884 3893 3935 10.0
3717 3830 3829 10.0
3745 3830 3717 10.0
3828 3830 3890 10.0
3745 3859 3830 10.0
3834 3771 3937 10.0
3720 3937 3771 10.0
3834 3937 3861 10.0
3720 3861 3937 10.0
3803 3733 3778 10.0
3803 3778 3846 10.0
3846 3778 3779 10.0
3865 3688 3938 10.0
3758 3938 3688 10.0
3758 3679 3938 10.0
3772 3928 3939 10.0
3784 3939 3928 10.0
3772 3939 3774 10.0
3784 3774 3939 10.0
3868 3907 3940 10.0
3739 3940 3907 10.0
3868 3940 3819 10.0
3739 3819 3940 10.0
3690 3865 3700 10.0
3843 3700 3941 10.0
3690 3700 3699 10.0
3843 3698 3700 10.0
3857 3745 3942 10.0
3857 3942 3314 10.0
3504 3314 3942 10.0
3662 3814 3943 10.0
3641 3943 3814 10.0
3662 3943 3309 10.0
3641 3309 3943 10.0
3900 3936 3935 10.0
3848 3936 3900 10.0
3884 3936 3768 10.0
3848 3768 3936 10.0
3818 3528 3743 10.0
3635 3743 3528 10.0
3818 3743 3744 10.0
3635 3742 3743 10.0
3458 3927 3944 10.0
3851 3944 3945 10.0
3851 3912 3944 10.0
3923 3777 3946 10.0
3528 3818 3947 10.0
3528 3947 3530 10.0
3825 3530 3947 10.0
3910 3909 3948 10.0
3796 3899 3948 10.0
3825 3947 3826 10.0
3818 3826 3947 10.0
3754 3808 3949 10.0
3713 3711 3931 10.0
3729 3931 3711 10.0
3794 3721 3950 10.0
3886 3950 3721 10.0
3886 3869 3950 10.0
3869 3870 3950 10.0
3794 3950 3870 10.0
3631 3574 3949 10.0
3754 3949 3574 10.0
3631 3949 3927 10.0
3927 3949 3808 10.0
3799 3663 3476 10.0
3880 3663 3799 10.0
3505 3663 3507 10.0
3880 3790 3663 10.0
3504 3942 3951 10.0
3745 3951 3942 10.0
3504 3951 3668 10.0
3745 3668 3951 10.0
3910 3948 3903 10.0
3899 3903 3948 10.0
3926 3915 3722 10.0
3921 3915 3924 10.0
3734 3915 3922 10.0
3921 3922 3915 10.0
3927 3945 3944 10.0
3808 3945 3927 10.0
3851 3945 3849 10.0
3808 3849 3945 10.0
3680 3676 3941 10.0
3843 3941 3676 10.0
3680 3941 3865 10.0
3865 3941 3700 10.0
3710 3457 3952 10.0
3455 3952 3457 10.0
3455 3912 3952 10.0
3786 3731 3953 10.0
3732 3953 3731 10.0
3786 3953 3611 10.0
3817 3933 3725 10.0
3833 3725 3933 10.0
3710 3952 3707 10.0
3912 3707 3952 10.0
3611 3953 3468 10.0
3732 3468 3953 10.0
3871 3789 3728 10.0
3603 3789 3871 10.0
3727 3789 3604 10.0
3603 3604 3789 10.0
3470 3788 3954 10.0
3757 3954 3788 10.0
3470 3954 3465 10.0
3878 3954 3757 10.0
3465 3954 3785 10.0
3878 3785 3954 10.0
3853 3881 3880 10.0
3703 3881 3853 10.0
3879 3881 3892 10.0
3703 3892 3881 10.0
3712 3784 3822 10.0
3802 3822 3784 10.0
3712 3822 3820 10.0
3820 3822 3821 10.0
3772 3914 3928 10.0
3920 3928 3914 10.0
3471 3873 3791 10.0
3714 3791 3873 10.0
3865 3938 3680 10.0
3679 3680 3938 10.0
3738 3744 3918 10.0
3742 3918 3744 10.0
3738 3918 3917 10.0
3917 3918 3440 10.0
3778 3946 3777 10.0
3733 3946 3778 10.0
3923 3946 3922 10.0
3733 3922 3946 10.0
3732 3730 3844 10.0
3756 3844 3730 10.0
3732 3844 3788 10.0
3788 3844 3757 10.0
3912 3460 3955 10.0
3458 3955 3460 10.0
3912 3955 3944 10.0
3458 3944 3955 10.0
3796 3948 3795 10.0
3909 3795 3948 10.0
3604 3653 3956 10.0
3827 3956 3653 10.0
3604 3956 3727 10.0
3827 3727 3956 10.0
3687 3686 3904 10.0
3904 3686 3887 10.0
3895 3863 3864 10.0
3835 3864 3863 10.0
3895 3864 3718 10.0
3718 3864 3667 10.0
3892 3891 3883 10.0
3704 3891 3892 10.0
3731 3891 3730 10.0
3704 3730 3891 10.0
3785 3689 3877 10.0
3793 3877 3701 10.0
3785 3877 3467 10.0
3793 3482 3877 10.0
3715 3780 3781 10.0
3431 3781 3432 10.0
3715 3781 3791 10.0
3431 3791 3781 10.0
3866 3673 3674 10.0
3473 3674 3475 10.0
3866 3674 3800 10.0
3473 3800 3674 10.0
3310 3957 3662 10.0
3664 3958 3666 10.0
3959 3794 3960 10.0
3777 3923 3961 10.0
3962 3964 3963 10.0
3965 3967 3966 10.0
3968 3970 3969 10.0
1443 3971 3779 10.0
1443 3779 3972 10.0
3971 3973 3847 10.0
3847 3779 3971 10.0
1438 3847 3973 10.0
3974 3970 3975 10.0
3976 3977 3975 10.0
3977 3979 3978 10.0
3978 3980 3977 10.0
3979 3981 3978 10.0
1443 3974 3982 10.0
3983 3984 3961 10.0
3981 3986 3985 10.0
3981 3979 3986 10.0
3985 3986 3987 10.0
3963 3989 3988 10.0
3990 3992 3991 10.0
3993 3995 3994 10.0
3996 3998 3997 10.0
3999 3959 4000 10.0
4001 4003 4002 10.0
4004 4006 4005 10.0
4007 4009 4008 10.0
4010 4012 4011 10.0
3910 3903 4013 10.0
4014 4016 4015 10.0
4017 4019 4018 10.0
4020 4022 4021 10.0
4023 4025 4024 10.0
4023 4024 4026 10.0
4003 4028 4027 10.0
4026 4028 4029 10.0
4030 4028 4024 10.0
4026 4024 4028 10.0
3999 4000 4031 10.0
3995 4031 4000 10.0
3999 4031 3997 10.0
3997 4031 4032 10.0
3821 4033 3819 10.0
4026 4034 4023 10.0
4035 4034 4036 10.0
4037 4039 4038 10.0
3815 3813 4022 10.0
4040 4041 3989 10.0
4042 4044 4043 10.0
4004 4045 4002 10.0
4046 4045 4047 10.0
4004 4005 4045 10.0
4048 4025 4043 10.0
3894 3753 4049 10.0
3894 4049 4050 10.0
4050 4049 4051 10.0
4026 4052 4034 10.0
3965 4052 4053 10.0
4054 4056 4055 10.0
4007 4016 4057 10.0
4058 4060 4059 10.0
4058 4059 4006 10.0
4061 4063 4062 10.0
3999 4065 4064 10.0
4066 4018 4067 10.0
4068 4069 4019 10.0
4018 4019 4069 10.0
3999 4070 4065 10.0
4068 4065 4070 10.0
3868 3960 3870 10.0
3870 3960 3794 10.0
3664 4071 3958 10.0
3959 4071 3794 10.0
3664 3794 4071 10.0
3764 3748 4072 10.0
4073 3991 4074 10.0
4040 3989 4074 10.0
4068 4075 4069 10.0
4076 4075 4077 10.0
4078 4011 4012 10.0
3836 3666 4079 10.0
3958 4079 3666 10.0
4072 4081 4080 10.0
4030 4081 4072 10.0
4025 4081 4024 10.0
4030 4024 4081 10.0
4082 4083 4062 10.0
4072 3748 4084 10.0
4068 4085 4065 10.0
4086 4085 4019 10.0
4068 4019 4085 10.0
4087 4089 4088 10.0
4090 4088 4091 10.0
3777 3961 3972 10.0
3777 3972 3779 10.0
3974 1443 3972 10.0
4073 4074 4092 10.0
3964 4074 3989 10.0
3958 4065 4085 10.0
3958 4085 4079 10.0
4068 4070 4093 10.0
3999 4094 4070 10.0
3999 3997 4094 10.0
4005 4095 4047 10.0
4006 4095 4005 10.0
4096 4095 4059 10.0
4006 4059 4095 10.0
3964 3962 4097 10.0
4082 4097 3962 10.0
4041 3988 3989 10.0
3964 3989 3963 10.0
4098 4048 4099 10.0
4063 4061 4100 10.0
4058 4101 4060 10.0
4060 4101 4091 10.0
4102 4103 4097 10.0
4104 4060 4091 10.0
4090 4091 4101 10.0
4104 4091 4089 10.0
4089 4091 4088 10.0
4012 4010 4105 10.0
3958 4071 4064 10.0
3959 4064 4071 10.0
3958 4064 4065 10.0
3959 3999 4064 10.0
4004 4002 4106 10.0
4106 4030 4084 10.0
4107 4108 4035 10.0
4042 4108 4107 10.0
4023 4108 4025 10.0
4002 4003 4027 10.0
4030 4027 4028 10.0
4002 4027 4106 10.0
4030 4106 4027 10.0
3819 4033 3868 10.0
3968 3961 3984 10.0
4109 3984 3983 10.0
3746 3910 4110 10.0
4013 4006 4110 10.0
4111 4112 4010 10.0
3923 3921 4113 10.0
4114 4098 3921 10.0
3923 4113 3961 10.0
4025 4048 4080 10.0
3763 3764 4080 10.0
4115 4117 4116 10.0
3961 4113 3983 10.0
4111 4118 4112 10.0
3920 3919 4118 10.0
4025 4080 4081 10.0
3764 4072 4080 10.0
3974 3972 3969 10.0
3961 3969 3972 10.0
3974 3969 3970 10.0
3961 3968 3969 10.0
4090 4101 4119 10.0
4120 4090 4121 10.0
4017 4120 4050 10.0
3959 3960 4122 10.0
4033 4124 4123 10.0
3959 4122 4000 10.0
4000 4122 4125 10.0
4040 4074 3992 10.0
3991 3992 4074 10.0
4124 4126 4125 10.0
3995 4125 4126 10.0
4124 4125 4122 10.0
3995 4000 4125 10.0
4098 4114 4048 10.0
3763 4114 3921 10.0
4113 3921 4098 10.0
4127 4128 4056 10.0
4049 3753 4129 10.0
4079 4085 4129 10.0
4096 4047 4095 10.0
4005 4047 4045 10.0
4060 4096 4059 10.0
4089 4087 4037 10.0
4017 4050 4051 10.0
4086 4051 4049 10.0
4017 4051 4019 10.0
4086 4019 4051 10.0
4039 4037 4130 10.0
4130 4037 4087 10.0
4088 4132 4131 10.0
4090 4132 4088 10.0
4017 4132 4120 10.0
4090 4120 4132 10.0
4003 4029 4028 10.0
4001 4029 4003 10.0
4026 4029 4052 10.0
4001 4128 4029 10.0
3980 3975 3977 10.0
3982 3975 3980 10.0
3976 3975 3970 10.0
3982 3974 3975 10.0
3995 3993 4032 10.0
3996 4032 3993 10.0
3995 4032 4031 10.0
3996 3997 4032 10.0
4087 4018 4066 10.0
4087 4066 4130 10.0
4133 4130 4066 10.0
4014 3993 3994 10.0
4126 3994 3995 10.0
4087 4088 4131 10.0
4017 4131 4132 10.0
4009 4007 4134 10.0
4126 4057 4016 10.0
3983 4113 4135 10.0
4099 4044 4135 10.0
4128 4001 4055 10.0
4128 4055 4056 10.0
4102 4062 4063 10.0
4097 4062 4102 10.0
4061 4062 4083 10.0
4097 4082 4062 10.0
4035 4108 4136 10.0
4023 4136 4108 10.0
4035 4136 4034 10.0
4023 4034 4136 10.0
4013 3903 4137 10.0
4101 4058 4138 10.0
4126 4124 4057 10.0
3903 4139 4137 10.0
3903 3902 4139 10.0
4093 4094 4140 10.0
4075 4093 4077 10.0
4057 4134 4007 10.0
4124 4134 4057 10.0
4124 4033 4134 10.0
4141 4143 4142 10.0
4009 4144 4008 10.0
4046 4047 4142 10.0
4141 4142 4145 10.0
4141 4145 4146 10.0
4033 3821 4134 10.0
4118 3919 4147 10.0
3815 4147 3919 10.0
4118 4147 4112 10.0
4010 4112 4148 10.0
4010 4148 4105 10.0
4020 4105 4148 10.0
4013 4110 3910 10.0
4106 4110 4004 10.0
4004 4110 4006 10.0
4077 4093 4140 10.0
3997 4140 4094 10.0
4077 4140 3998 10.0
3997 3998 4140 10.0
4142 4047 4145 10.0
4096 4145 4047 10.0
4037 4038 4089 10.0
4117 4038 4116 10.0
4116 4038 4039 10.0
4145 4150 4149 10.0
4096 4150 4145 10.0
4117 4150 4104 10.0
4058 4006 4137 10.0
4013 4137 4006 10.0
4151 4061 4083 10.0
4100 4061 4152 10.0
4152 4061 4153 10.0
4048 4114 4080 10.0
3763 4080 4114 10.0
4097 4154 3964 10.0
4092 4154 4103 10.0
4097 4103 4154 10.0
3893 4155 4119 10.0
4050 4155 3894 10.0
3893 3894 4155 10.0
4075 4068 4093 10.0
4094 4093 4070 10.0
4133 4066 4067 10.0
4069 4067 4018 10.0
4133 4067 4076 10.0
4089 4038 4104 10.0
4117 4104 4038 10.0
4046 4055 4156 10.0
4001 4156 4055 10.0
4156 4001 4157 10.0
4034 4052 3966 10.0
3965 3966 4052 10.0
4034 3966 4036 10.0
4036 3966 3967 10.0
4143 4054 4142 10.0
4099 4043 4044 10.0
4048 4043 4099 10.0
4042 4043 4108 10.0
4108 4043 4025 10.0
3821 3802 4158 10.0
4009 4158 3802 10.0
3821 4158 4134 10.0
4009 4134 4158 10.0
4146 4145 4149 10.0
4117 4149 4150 10.0
4146 4149 4115 10.0
4117 4115 4149 10.0
4046 4142 4055 10.0
4054 4055 4142 10.0
3801 4144 4159 10.0
4009 4159 4144 10.0
3801 4159 3802 10.0
4009 3802 4159 10.0
4072 4084 4030 10.0
3746 4084 3748 10.0
4106 4084 4110 10.0
3746 4110 4084 10.0
4137 4139 4138 10.0
4119 4138 4139 10.0
4137 4138 4058 10.0
4119 4101 4138 10.0
4069 4075 4067 10.0
4076 4067 4075 10.0
4104 4150 4060 10.0
4096 4060 4150 10.0
4002 4045 4157 10.0
4046 4157 4045 10.0
4002 4157 4001 10.0
4046 4156 4157 10.0
4010 4011 4160 10.0
4008 4160 4011 10.0
4010 4160 4111 10.0
4111 4160 4161 10.0
3815 4022 4162 10.0
4112 4162 4022 10.0
3815 4162 4147 10.0
4112 4147 4162 10.0
3964 4154 4074 10.0
4092 4074 4154 10.0
3957 4021 4163 10.0
4022 4163 4021 10.0
3957 4163 3662 10.0
4144 4164 4161 10.0
3801 4164 4144 10.0
4118 4164 3920 10.0
3801 3920 4164 10.0
3662 4163 3813 10.0
4022 3813 4163 10.0
4119 4155 4121 10.0
4050 4121 4155 10.0
4119 4121 4090 10.0
4050 4120 4121 10.0
4016 4166 4165 10.0
4007 4166 4016 10.0
4011 4166 4008 10.0
4007 4008 4166 10.0
4126 4016 3994 10.0
4014 3994 4016 10.0
3902 3893 4139 10.0
4119 4139 3893 10.0
4020 4148 4167 10.0
4112 4167 4148 10.0
4020 4167 4022 10.0
4112 4022 4167 10.0
4086 4129 4085 10.0
4049 4129 4086 10.0
4079 4129 3836 10.0
3836 4129 3753 10.0
4015 4016 4165 10.0
4011 4165 4166 10.0
4015 4165 4078 10.0
4011 4078 4165 10.0
4122 4123 4124 10.0
3960 4123 4122 10.0
4033 4123 3868 10.0
3960 3868 4123 10.0
4118 4111 4161 10.0
4008 4161 4160 10.0
4118 4161 4164 10.0
4008 4144 4161 10.0
4098 4135 4113 10.0
4099 4135 4098 10.0
3983 4135 4109 10.0
4109 4135 4044 10.0
4128 4127 4168 10.0
4053 4168 4127 10.0
4053 4052 4168 10.0
4128 4168 4029 10.0
4052 4029 4168 10.0
4017 4018 4131 10.0
4087 4131 4018 10.0
4151 3985 4153 10.0
3987 4153 3985 10.0
4151 4153 4061 10.0
3987 4152 4153 10.0
3311 3957 3310 10.0
4169 4171 4170 10.0
4172 4174 4173 10.0
3508 3464 4175 10.0
4176 3967 4177 10.0
4178 3435 3599 10.0
3599 3447 4179 10.0
4180 4182 4181 10.0
4183 4185 4184 10.0
4186 4188 4187 10.0
4189 3447 3545 10.0
4190 4191 4187 10.0
4192 4191 4193 10.0
4191 4190 4193 10.0
4192 4195 4194 10.0
4196 4194 4197 10.0
3545 3555 4198 10.0
3545 4198 4189 10.0
4192 4193 4195 10.0
4199 4196 4200 10.0
4197 4194 4195 10.0
4196 4197 4200 10.0
4201 4203 4202 10.0
4204 4206 4205 10.0
4207 4209 4208 10.0
4173 4210 4172 10.0
4211 4174 4172 10.0
4183 4188 4181 10.0
4189 4185 3447 10.0
4212 4213 3996 10.0
4214 4216 4215 10.0
3998 4213 4217 10.0
3998 4217 4077 10.0
4218 4220 4219 10.0
4221 4223 4222 10.0
4224 4226 4225 10.0
3537 3617 4225 10.0
3590 4227 3581 10.0
4078 4228 4015 10.0
4224 4228 4226 10.0
3451 3623 4229 10.0
4230 4232 4231 10.0
4233 4020 4234 10.0
4105 4020 4235 10.0
4236 4238 4237 10.0
4209 4176 4237 10.0
4239 4241 4240 10.0
4141 4242 4143 10.0
4243 3415 4244 10.0
4222 4245 4221 10.0
4246 4248 4247 10.0
4213 4247 4248 10.0
4249 4251 4250 10.0
3588 3415 4252 10.0
4220 4254 4253 10.0
4218 4254 4220 10.0
4255 4254 4230 10.0
4218 4230 4254 10.0
3965 4053 4256 10.0
4236 4237 4256 10.0
4221 4245 4257 10.0
4258 4257 4245 10.0
4258 4259 4257 10.0
4238 4260 4208 10.0
4238 4236 4261 10.0
4238 4261 4260 10.0
4262 3329 4263 10.0
4264 4219 4265 10.0
4264 4265 4266 10.0
4267 4245 4268 10.0
4076 4259 4133 10.0
4248 4270 4269 10.0
4246 4270 4248 10.0
4221 4270 4223 10.0
4236 4256 4271 10.0
4221 4272 4217 10.0
4272 4257 4273 10.0
4221 4257 4272 10.0
4222 4223 4175 10.0
3327 4175 4223 10.0
4222 4175 3464 10.0
3327 3508 4175 10.0
4274 4261 4275 10.0
4236 4275 4261 10.0
4274 4275 4276 10.0
4232 4275 4271 10.0
4277 4279 4278 10.0
3408 4280 3625 10.0
4274 4243 4281 10.0
4260 4281 4282 10.0
4274 4281 4261 10.0
4260 4261 4281 10.0
4283 4284 4206 10.0
4211 4284 4174 10.0
4201 4286 4285 10.0
4286 4201 4170 10.0
4185 4179 3447 10.0
4183 4179 4185 10.0
3599 4179 4178 10.0
4219 4220 4287 10.0
4288 4287 4253 10.0
4219 4287 4265 10.0
4288 4265 4287 10.0
4218 4289 4230 10.0
4274 4289 4243 10.0
4290 4291 4286 10.0
4292 4249 4293 10.0
4054 4143 4242 10.0
3623 3536 4294 10.0
4208 4260 4250 10.0
4295 4207 4208 10.0
4258 4245 4296 10.0
4297 4280 4298 10.0
4241 4297 4266 10.0
3577 3609 4299 10.0
4300 4182 4180 10.0
4301 4182 4300 10.0
4218 4219 4227 10.0
3435 4178 4302 10.0
3435 4302 3516 10.0
3516 4302 4303 10.0
4304 4171 4169 10.0
4202 4169 4170 10.0
4304 4169 4305 10.0
4174 4169 4306 10.0
4227 3590 4252 10.0
4307 4267 4308 10.0
3463 3624 4308 10.0
4290 4286 4170 10.0
4202 4170 4201 10.0
4290 4170 4309 10.0
4309 4170 4171 10.0
4297 4241 4278 10.0
4297 4278 4310 10.0
4231 4312 4311 10.0
4242 4255 4311 10.0
4312 4231 4232 10.0
4255 4230 4231 10.0
3496 4282 3646 10.0
4293 4260 4313 10.0
4200 4285 4314 10.0
4315 4115 4316 10.0
4178 4182 4302 10.0
4317 4318 4299 10.0
4317 4216 4318 10.0
4310 4307 4319 10.0
3996 3993 4212 10.0
4320 4247 4212 10.0
4180 4181 4188 10.0
4178 4181 4182 10.0
4183 4181 4179 10.0
4178 4179 4181 10.0
4203 4173 4306 10.0
4174 4306 4173 10.0
4203 4306 4202 10.0
4202 4306 4169 10.0
4277 4321 4279 10.0
4277 4322 4321 10.0
3993 4214 4212 10.0
4320 4212 4214 10.0
3329 4262 3610 10.0
4246 4262 4323 10.0
4230 4289 4276 10.0
4274 4276 4289 10.0
4230 4276 4232 10.0
4232 4276 4275 10.0
4206 4284 4205 10.0
4211 4205 4284 10.0
4240 4266 4265 10.0
4241 4266 4240 10.0
4264 4266 4298 10.0
4298 4266 4297 10.0
3496 3516 4303 10.0
4292 4303 4302 10.0
4303 4292 4313 10.0
4317 4299 4324 10.0
4262 4246 4325 10.0
4221 4217 4269 10.0
4213 4269 4217 10.0
4221 4269 4270 10.0
4213 4248 4269 10.0
4127 4056 4326 10.0
4246 4323 4270 10.0
4223 4270 4323 10.0
4220 4253 4287 10.0
4255 4253 4254 10.0
4255 4242 4253 10.0
4240 4265 4288 10.0
4324 4327 4215 10.0
4246 4327 4324 10.0
4320 4327 4247 10.0
4246 4247 4327 10.0
4320 4214 4215 10.0
4317 4215 4216 10.0
4320 4215 4327 10.0
4317 4324 4215 10.0
4174 4284 4305 10.0
4283 4305 4284 10.0
4174 4305 4169 10.0
4283 4304 4305 10.0
4183 4187 4188 10.0
4184 4187 4183 10.0
4186 4187 4191 10.0
4184 4190 4187 10.0
4280 4297 4319 10.0
4326 4312 4328 10.0
4236 4271 4275 10.0
4312 4232 4271 10.0
4014 4216 4329 10.0
4214 4329 4216 10.0
4014 4329 3993 10.0
4214 3993 4329 10.0
4247 4213 4212 10.0
3998 3996 4213 10.0
4228 4224 4330 10.0
4216 4331 4318 10.0
4224 4318 4331 10.0
4301 4249 4332 10.0
4251 4249 4301 10.0
4209 4237 4333 10.0
4238 4333 4237 10.0
4209 4333 4208 10.0
4238 4208 4333 10.0
4294 4334 4229 10.0
4294 4229 3623 10.0
4335 3581 4336 10.0
4226 4337 4334 10.0
4259 4338 4133 10.0
4338 4321 4339 10.0
4243 4289 4252 10.0
4243 4252 3415 10.0
3588 4252 3590 10.0
3311 3450 4234 10.0
3311 4234 3957 10.0
4242 4311 4054 10.0
4326 4311 4312 10.0
4231 4311 4255 10.0
4299 4318 4340 10.0
4133 4338 4339 10.0
4339 4321 4341 10.0
4133 4339 4130 10.0
4012 4105 4235 10.0
4233 4235 4020 10.0
4012 4235 4337 10.0
4324 4325 4246 10.0
4299 4325 4324 10.0
4262 4325 3610 10.0
4021 4234 4020 10.0
3957 4234 4021 10.0
4308 3624 4319 10.0
4308 4319 4307 10.0
4310 4319 4297 10.0
4225 4342 3537 10.0
4294 4342 4334 10.0
4267 4307 4296 10.0
4278 4279 4310 10.0
4141 4343 4242 10.0
4141 4146 4343 10.0
3581 4335 3408 10.0
4344 3408 4335 10.0
4280 3408 4344 10.0
4331 4330 4224 10.0
4216 4330 4331 10.0
4228 4330 4015 10.0
4288 4253 4345 10.0
4242 4345 4253 10.0
4288 4345 4343 10.0
4242 4343 4345 10.0
4334 4342 4226 10.0
4225 4226 4342 10.0
4264 4335 4336 10.0
4227 4336 3581 10.0
4264 4336 4219 10.0
4227 4219 4336 10.0
4015 4330 4346 10.0
4216 4346 4330 10.0
4015 4346 4014 10.0
4216 4014 4346 10.0
4217 4273 4077 10.0
4259 4273 4257 10.0
4217 4272 4273 10.0
4289 4218 4347 10.0
4227 4347 4218 10.0
4289 4347 4252 10.0
4227 4252 4347 10.0
4321 4338 4279 10.0
4299 3609 4348 10.0
3610 4348 3609 10.0
4299 4348 4325 10.0
3610 4325 4348 10.0
4239 4349 4315 10.0
4288 4349 4240 10.0
4239 4240 4349 10.0
4116 4039 4350 10.0
4322 4350 4341 10.0
4322 4239 4350 10.0
4012 4337 4351 10.0
4012 4351 4078 10.0
4228 4078 4351 10.0
4326 4056 4352 10.0
4054 4352 4056 10.0
4326 4352 4311 10.0
4054 4311 4352 10.0
4337 4353 4334 10.0
4233 4353 4235 10.0
4337 4235 4353 10.0
4222 3464 4268 10.0
4222 4268 4245 10.0
4308 4267 4268 10.0
4233 4234 4354 10.0
3450 4354 4234 10.0
3450 3451 4354 10.0
4264 4298 4335 10.0
3537 4342 4355 10.0
4294 4355 4342 10.0
3537 4355 3536 10.0
4294 3536 4355 10.0
4259 4258 4338 10.0
4279 4338 4258 10.0
4337 4226 4356 10.0
4228 4356 4226 10.0
4337 4356 4351 10.0
4228 4351 4356 10.0
3496 4303 4313 10.0
4293 4313 4292 10.0
3496 4313 4282 10.0
4282 4313 4260 10.0
4340 4358 4357 10.0
4318 4358 4340 10.0
4225 4358 4224 10.0
4318 4224 4358 10.0
4288 4343 4349 10.0
4315 4349 4359 10.0
4241 4239 4277 10.0
4322 4277 4239 10.0
4241 4277 4278 10.0
3965 4256 4177 10.0
4237 4177 4256 10.0
3965 4177 3967 10.0
4237 4176 4177 10.0
4077 4273 4360 10.0
4259 4360 4273 10.0
4077 4360 4076 10.0
4259 4076 4360 10.0
4292 4332 4249 10.0
4302 4332 4292 10.0
4301 4332 4182 10.0
4302 4182 4332 10.0
3423 4340 4357 10.0
4225 4357 4358 10.0
3423 4357 3617 10.0
4225 3617 4357 10.0
4299 4340 4361 10.0
3423 4361 4340 10.0
4299 4361 3577 10.0
3423 3577 4361 10.0
4328 4256 4362 10.0
4256 4328 4271 10.0
4271 4328 4312 10.0
4293 4249 4250 10.0
4295 4250 4251 10.0
4293 4250 4260 10.0
4295 4208 4250 10.0
4326 4328 4362 10.0
4053 4362 4256 10.0
4326 4362 4127 10.0
4053 4127 4362 10.0
4233 4229 4353 10.0
4334 4353 4229 10.0
3451 4229 4354 10.0
4233 4354 4229 10.0
3646 4244 3415 10.0
4282 4244 3646 10.0
4243 4244 4281 10.0
4282 4281 4244 10.0
4130 4339 4341 10.0
4322 4341 4321 10.0
4130 4341 4039 10.0
4039 4341 4350 10.0
4116 4350 4316 10.0
4239 4316 4350 10.0
4116 4316 4115 10.0
4239 4315 4316 10.0
4286 4291 4314 10.0
4199 4314 4291 10.0
4286 4314 4285 10.0
4199 4200 4314 10.0
4280 4344 4298 10.0
4335 4298 4344 10.0
4310 4296 4307 10.0
4279 4296 4310 10.0
4267 4296 4245 10.0
4279 4258 4296 10.0
4308 4268 4363 10.0
3464 4363 4268 10.0
4308 4363 3463 10.0
3464 3463 4363 10.0
4280 4319 3625 10.0
3624 3625 4319 10.0
4323 4262 4263 10.0
3327 4263 3329 10.0
4323 4263 4223 10.0
3327 4223 4263 10.0
4146 4115 4359 10.0
4315 4359 4115 10.0
4146 4359 4343 10.0
4343 4359 4349 10.0
4364 4366 4365 10.0
4367 4369 4368 10.0
4370 4372 4371 10.0
4373 4375 4374 10.0
4376 4378 4377 10.0
4377 4366 4379 10.0
4380 4382 4381 10.0
4383 4385 4384 10.0
4386 4388 4387 10.0
4389 4368 4390 10.0
4391 4393 4392 10.0
4394 4396 4395 10.0
4397 4384 4385 10.0
4398 4399 4389 10.0
4400 3335 3333 10.0
4401 4403 4402 10.0
3336 4404 3583 10.0
4405 4407 4406 10.0
4400 4408 3336 10.0
4389 4409 4398 10.0
4368 4389 4399 10.0
4410 4383 4411 10.0
4412 4414 4413 10.0
4372 4416 4415 10.0
4417 4419 4418 10.0
4420 4400 3333 10.0
4421 4423 4422 10.0
4400 4420 4367 10.0
4424 4371 4376 10.0
4425 4365 4422 10.0
4366 4426 4422 10.0
4364 4379 4366 10.0
4366 4422 4365 10.0
4369 4367 4427 10.0
4390 4369 4428 10.0
4423 4390 4428 10.0
4429 4382 4380 10.0
4430 4371 4424 10.0
4370 4371 4430 10.0
4370 4432 4431 10.0
4392 4404 4433 10.0
4376 4377 4379 10.0
4434 4388 4435 10.0
4436 4437 4401 10.0
4386 4397 4435 10.0
4438 4439 4432 10.0
4364 4440 4379 10.0
4431 4432 4401 10.0
4385 4383 4402 10.0
4419 4441 4405 10.0
4406 4375 4373 10.0
4373 4443 4442 10.0
4423 4409 4389 10.0
4444 4446 4445 10.0
3336 4408 4404 10.0
4430 4438 4370 10.0
4371 4372 4447 10.0
4448 4450 4449 10.0
4449 4451 4448 10.0
4451 4449 4452 10.0
4423 4389 4390 10.0
4453 4409 4421 10.0
4376 4379 4440 10.0
3526 3583 4393 10.0
4390 4368 4369 10.0
4440 4424 4376 10.0
4376 4371 4447 10.0
4437 4435 4403 10.0
4426 4421 4422 10.0
4370 4438 4432 10.0
4454 4402 4383 10.0
4455 4456 4378 10.0
4421 4456 4453 10.0
4420 4427 4367 10.0
4408 4367 4368 10.0
4382 4457 4412 10.0
4381 4459 4458 10.0
4399 4398 4392 10.0
4433 4408 4368 10.0
4391 3331 3526 10.0
4399 4392 4433 10.0
4382 4412 4413 10.0
4460 4462 4461 10.0
4463 4464 4398 10.0
3331 4391 4396 10.0
3583 4404 4393 10.0
4404 4392 4393 10.0
4368 4399 4433 10.0
4408 4433 4404 10.0
4457 4382 4462 10.0
4454 4416 4402 10.0
4415 4380 4455 10.0
4409 4463 4398 10.0
4464 4392 4398 10.0
4464 4391 4392 10.0
4463 4409 4453 10.0
4409 4423 4421 10.0
4465 4464 4463 10.0
4366 4377 4426 10.0
4453 4456 4466 10.0
4466 4456 4458 10.0
4391 3526 4393 10.0
4457 4462 4467 10.0
4460 4467 4462 10.0
4468 4470 4469 10.0
4382 4461 4462 10.0
4429 4461 4382 10.0
4470 4468 4460 10.0
4454 4429 4416 10.0
4372 4431 4416 10.0
4461 4454 4410 10.0
4403 4385 4402 10.0
4370 4431 4372 10.0
4415 4447 4372 10.0
4401 4402 4431 10.0
4416 4431 4402 10.0
4460 4410 4470 10.0
4384 4471 4411 10.0
4472 4473 4417 10.0
4441 4474 4407 10.0
4475 4471 4384 10.0
4461 4429 4454 10.0
4383 4410 4454 10.0
4411 4477 4476 10.0
4441 4407 4405 10.0
4386 4474 4397 10.0
4411 4383 4384 10.0
4397 4475 4384 10.0
4411 4471 4477 10.0
4419 4478 4441 10.0
4474 4475 4397 10.0
4397 4403 4435 10.0
4474 4441 4475 10.0
4474 4386 4407 10.0
4475 4478 4471 10.0
4417 4478 4419 10.0
4388 4386 4435 10.0
4418 4472 4417 10.0
4475 4441 4478 10.0
4418 4419 4479 10.0
4471 4478 4477 10.0
4478 4417 4477 10.0
4461 4410 4460 10.0
4467 4460 4468 10.0
4476 4469 4470 10.0
4477 4417 4476 10.0
4480 4476 4473 10.0
4473 4481 4480 10.0
4476 4417 4473 10.0
4472 4482 4473 10.0
4482 4481 4473 10.0
4367 4408 4400 10.0
3336 3335 4400 10.0
4405 4406 4483 10.0
4373 4483 4406 10.0
4374 4443 4373 10.0
4387 4374 4484 10.0
4406 4407 4375 10.0
4397 4385 4403 10.0
4437 4434 4435 10.0
4436 4434 4437 10.0
4401 4437 4403 10.0
4413 4381 4382 10.0
4459 4381 4413 10.0
4380 4458 4455 10.0
4378 4447 4455 10.0
4421 4426 4456 10.0
4377 4456 4426 10.0
4458 4459 4466 10.0
4466 4459 4463 10.0
4465 4459 4485 10.0
4458 4380 4381 10.0
4453 4466 4463 10.0
4486 4465 4485 10.0
4413 4485 4459 10.0
4463 4459 4465 10.0
4456 4455 4458 10.0
4455 4447 4415 10.0
4429 4415 4416 10.0
4469 4476 4480 10.0
4487 4489 4488 10.0
4482 4472 4490 10.0
4481 4482 4489 10.0
4485 4413 4414 10.0
4415 4429 4380 10.0
4376 4447 4378 10.0
4456 4377 4378 10.0
3331 4396 3330 10.0
4394 3330 4396 10.0
4491 4493 4492 10.0
4494 4444 4495 10.0
4491 4496 4442 10.0
4497 4499 4498 10.0
4418 4500 4490 10.0
4418 4490 4472 10.0
4482 4490 4489 10.0
4500 4418 4501 10.0
4500 4501 4499 10.0
4483 4501 4479 10.0
4418 4479 4501 10.0
4483 4479 4405 10.0
4405 4479 4419 10.0
4502 4504 4503 10.0
4505 4507 4506 10.0
4504 4509 4508 10.0
4510 4512 4511 10.0
4513 4512 4514 10.0
4515 4507 4503 10.0
4516 4518 4517 10.0
4487 4519 4509 10.0
4515 4506 4507 10.0
4509 4519 4508 10.0
4508 4519 4520 10.0
4521 4523 4522 10.0
4524 4526 4525 10.0
4527 4529 4528 10.0
4530 4445 4446 10.0
4531 4445 4530 10.0
4444 4445 4532 10.0
4532 4445 4533 10.0
4534 4524 4525 10.0
4534 4525 4514 10.0
4514 4525 4535 10.0
4536 4538 4537 10.0
4527 4540 4539 10.0
4532 4495 4444 10.0
4541 4494 4495 10.0
4536 4542 4510 10.0
4541 4542 4543 10.0
4493 4491 4442 10.0
4483 4442 4496 10.0
4493 4442 4544 10.0
4528 4529 4545 10.0
4546 4529 4547 10.0
4538 4547 4539 10.0
4546 4547 4548 10.0
4538 4518 4547 10.0
4499 4501 4496 10.0
4483 4496 4501 10.0
4537 4539 4540 10.0
4538 4539 4537 10.0
4527 4539 4529 10.0
4529 4539 4547 10.0
4516 4515 4549 10.0
4531 4533 4445 10.0
4534 4533 4531 10.0
4534 4514 4533 10.0
4550 4552 4551 10.0
4553 4552 4550 10.0
4553 4545 4552 10.0
4540 4543 4537 10.0
4545 4529 4552 10.0
4546 4552 4529 10.0
4536 4537 4542 10.0
4542 4537 4543 10.0
4490 4488 4489 10.0
4500 4488 4490 10.0
4487 4488 4519 10.0
4519 4488 4554 10.0
4516 4555 4518 10.0
4516 4549 4555 10.0
4553 4550 4492 10.0
4553 4492 4556 10.0
4556 4492 4493 10.0
4541 4495 4557 10.0
4510 4557 4558 10.0
4541 4557 4542 10.0
4510 4542 4557 10.0
4518 4548 4547 10.0
4559 4548 4520 10.0
4518 4555 4548 10.0
4559 4519 4554 10.0
4500 4554 4488 10.0
4500 4499 4554 10.0
4523 4521 4560 10.0
4523 4560 4506 10.0
4505 4506 4560 10.0
4497 4498 4550 10.0
4491 4498 4496 10.0
4496 4498 4499 10.0
4522 4525 4526 10.0
4523 4525 4522 10.0
4476 4470 4411 10.0
4411 4470 4410 10.0
4555 4520 4548 10.0
4549 4520 4555 10.0
4559 4520 4519 10.0
4549 4508 4520 10.0
4521 4561 4560 10.0
4505 4560 4561 10.0
4497 4550 4551 10.0
4546 4551 4552 10.0
4497 4551 4562 10.0
4550 4498 4492 10.0
4491 4492 4498 10.0
4559 4554 4562 10.0
4499 4562 4554 10.0
4559 4562 4563 10.0
4499 4497 4562 10.0
4546 4548 4563 10.0
4559 4563 4548 10.0
4546 4563 4551 10.0
4551 4563 4562 10.0
4536 4510 4511 10.0
4513 4511 4512 10.0
4516 4511 4564 10.0
4495 4558 4557 10.0
4532 4558 4495 10.0
4510 4558 4512 10.0
4512 4558 4565 10.0
4401 4432 4566 10.0
4439 4566 4432 10.0
4401 4566 4436 10.0
4439 4436 4566 10.0
4514 4512 4565 10.0
4532 4565 4558 10.0
4514 4565 4533 10.0
4532 4533 4565 10.0
4486 4394 4395 10.0
4391 4395 4396 10.0
4391 4464 4395 10.0
4464 4465 4395 10.0
4486 4395 4465 10.0
4513 4564 4511 10.0
4506 4564 4513 10.0
4516 4564 4515 10.0
4506 4515 4564 10.0
4526 4567 4522 10.0
4521 4522 4567 10.0
4513 4514 4535 10.0
4523 4535 4525 10.0
4513 4535 4506 10.0
4523 4506 4535 10.0
4508 4503 4504 10.0
4549 4503 4508 10.0
4502 4503 4507 10.0
4549 4515 4503 10.0
4536 4511 4517 10.0
4516 4517 4511 10.0
4536 4517 4538 10.0
4538 4517 4518 10.0
4544 4442 4443 10.0
4483 4373 4442 10.0
4375 4484 4374 10.0
4407 4484 4375 10.0
4387 4484 4386 10.0
4407 4386 4484 10.0
4423 4428 4568 10.0
4425 4568 4428 10.0
4423 4568 4422 10.0
4425 4422 4568 10.0
4569 4571 4570 11.0
4572 4574 4573 11.0
4570 4571 4572 11.0
4571 4569 4575 11.0
4576 4578 4577 11.0
4571 4575 4578 11.0
4579 4577 4580 11.0
4581 4579 4582 11.0
4583 4584 4582 11.0
4585 4586 4583 11.0
4585 4588 4587 11.0
4586 4585 4587 11.0
4589 4584 4583 11.0
4582 4590 4581 11.0
4591 4593 4592 11.0
4594 4596 4595 11.0
4594 4598 4597 11.0
4599 4597 4598 11.0
4598 4595 4600 11.0
4599 4601 4597 11.0
4601 4599 4602 11.0
4601 4602 4603 11.0
4604 4603 4602 11.0
4603 4604 4605 11.0
4606 4608 4607 11.0
4607 4605 4606 11.0
4605 4604 4606 11.0
4608 4610 4609 11.0
4608 4609 4607 11.0
4610 4612 4611 11.0
4610 4611 4609 11.0
4612 4613 4611 11.0
4572 4573 4570 11.0
4569 4570 4573 11.0
4580 4575 4569 11.0
4575 4577 4578 11.0
4575 4580 4577 11.0
4576 4577 4581 11.0
4590 4614 4581 11.0
4576 4581 4614 11.0
4579 4581 4577 11.0
4614 4590 4615 11.0
4589 4615 4584 11.0
4615 4589 4616 11.0
4614 4615 4616 11.0
4616 4589 4587 11.0
4582 4584 4590 11.0
4584 4615 4590 11.0
4616 4587 4617 11.0
4583 4586 4589 11.0
4587 4589 4586 11.0
4588 4617 4587 11.0
4617 4588 4618 11.0
4619 4618 4588 11.0
4585 4620 4588 11.0
4618 4619 4621 11.0
4588 4620 4619 11.0
4622 4621 4619 11.0
4620 4623 4619 11.0
4621 4622 4624 11.0
4592 4622 4623 11.0
4625 4624 4622 11.0
4619 4623 4622 11.0
4624 4625 4626 11.0
4625 4592 4593 11.0
4622 4592 4625 11.0
4593 4626 4625 11.0
4626 4593 4627 11.0
4596 4627 4591 11.0
4600 4596 4591 11.0
4593 4591 4627 11.0
4600 4595 4596 11.0
4598 4594 4595 11.0
4628 4630 4629 11.0
4631 4633 4632 11.0
4634 4636 4635 11.0
4637 4634 4635 11.0
4610 4639 4638 11.0
4640 4642 4641 11.0
4643 4645 4644 11.0
4646 4648 4647 11.0
4649 4651 4650 11.0
4652 4653 4648 11.0
4652 4648 4646 11.0
4654 4638 4655 11.0
4612 4610 4638 11.0
4602 4599 4656 11.0
4604 4657 4606 11.0
4599 4658 4656 11.0
4659 4608 4660 11.0
4604 4661 4657 11.0
4602 4656 4662 11.0
4639 4659 4663 11.0
4639 4663 4664 11.0
4665 4667 4666 11.0
4668 4592 4669 11.0
4670 4672 4671 11.0
4670 4673 4672 11.0
4674 4676 4675 11.0
4676 4678 4677 11.0
4600 4591 4679 11.0
4670 4680 4673 11.0
4623 4681 4669 11.0
4623 4620 4681 11.0
4639 4664 4682 11.0
4683 4684 4644 11.0
4685 4687 4686 11.0
4688 4640 4689 11.0
4599 4598 4690 11.0
4599 4690 4658 11.0
4691 4693 4692 11.0
4694 4695 4675 11.0
4694 4688 4695 11.0
4667 4697 4696 11.0
4674 4628 4676 11.0
4670 4671 4692 11.0
4691 4692 4698 11.0
4670 4692 4699 11.0
4628 4701 4700 11.0
4628 4674 4701 11.0
4635 4702 4637 11.0
4656 4704 4703 11.0
4569 4573 4705 11.0
4706 4700 4707 11.0
4708 4673 4709 11.0
4701 4711 4710 11.0
4674 4711 4701 11.0
4674 4712 4711 11.0
4713 4714 4707 11.0
4707 4714 4715 11.0
4688 4716 4695 11.0
4695 4716 4717 11.0
4674 4675 4718 11.0
4674 4718 4712 11.0
4719 4720 4702 11.0
4721 4719 4702 11.0
4637 4702 4720 11.0
4600 4722 4598 11.0
4723 4650 4724 11.0
4724 4650 4651 11.0
4620 4585 4725 11.0
4726 4725 4727 11.0
4649 4650 4728 11.0
4646 4728 4729 11.0
4730 4731 4644 11.0
4649 4731 4651 11.0
4730 4651 4731 11.0
4685 4645 4643 11.0
4730 4644 4645 11.0
4685 4643 4687 11.0
4644 4684 4643 11.0
4732 4641 4642 11.0
4686 4641 4732 11.0
4640 4641 4733 11.0
4686 4687 4641 11.0
4633 4734 4694 11.0
4640 4734 4642 11.0
4633 4642 4734 11.0
4735 4631 4632 11.0
4694 4632 4633 11.0
4694 4675 4632 11.0
4620 4725 4681 11.0
4681 4725 4736 11.0
4737 4629 4630 11.0
4678 4629 4737 11.0
4628 4629 4676 11.0
4678 4676 4629 11.0
4738 4630 4739 11.0
4628 4739 4630 11.0
4628 4700 4739 11.0
4640 4733 4689 11.0
4740 4733 4687 11.0
4687 4733 4641 11.0
4713 4668 4714 11.0
4591 4592 4668 11.0
4741 4720 4719 11.0
4742 4741 4743 11.0
4744 4679 4713 11.0
4591 4668 4679 11.0
4580 4569 4745 11.0
4746 4654 4655 11.0
4639 4655 4638 11.0
4746 4655 4682 11.0
4639 4682 4655 11.0
4569 4705 4745 11.0
4747 4745 4748 11.0
4670 4699 4727 11.0
4670 4727 4680 11.0
4749 4681 4736 11.0
4726 4736 4725 11.0
4749 4736 4715 11.0
4726 4750 4736 11.0
4735 4632 4677 11.0
4675 4677 4632 11.0
4735 4677 4678 11.0
4675 4676 4677 11.0
4721 4751 4719 11.0
4738 4739 4752 11.0
4700 4752 4739 11.0
4738 4752 4697 11.0
4722 4754 4753 11.0
4600 4754 4722 11.0
4712 4754 4679 11.0
4600 4679 4754 11.0
4706 4750 4755 11.0
4756 4755 4757 11.0
4706 4755 4696 11.0
4696 4755 4666 11.0
4598 4722 4758 11.0
4759 4758 4722 11.0
4598 4758 4690 11.0
4690 4758 4760 11.0
4644 4731 4761 11.0
4649 4761 4731 11.0
4644 4761 4683 11.0
4683 4761 4762 11.0
4759 4716 4760 11.0
4759 4760 4758 11.0
4658 4690 4760 11.0
4705 4748 4745 11.0
4721 4748 4705 11.0
4747 4748 4763 11.0
4721 4702 4748 11.0
4675 4695 4717 11.0
4759 4717 4716 11.0
4675 4717 4718 11.0
4759 4718 4717 11.0
4640 4688 4764 11.0
4694 4764 4688 11.0
4640 4764 4734 11.0
4694 4734 4764 11.0
4765 4751 4574 11.0
4700 4701 4710 11.0
4713 4710 4711 11.0
4700 4710 4707 11.0
4713 4707 4710 11.0
4746 4682 4647 11.0
4646 4647 4682 11.0
4746 4647 4766 11.0
4766 4647 4648 11.0
4635 4636 4698 11.0
4691 4698 4636 11.0
4635 4698 4671 11.0
4671 4698 4692 11.0
4702 4763 4748 11.0
4635 4763 4702 11.0
4635 4671 4763 11.0
4712 4679 4744 11.0
4668 4713 4679 11.0
4712 4744 4711 11.0
4713 4711 4744 11.0
4574 4751 4573 11.0
4646 4682 4767 11.0
4664 4767 4682 11.0
4646 4767 4728 11.0
4728 4767 4762 11.0
4756 4757 4699 11.0
4726 4757 4750 11.0
4750 4757 4755 11.0
4760 4716 4658 11.0
4759 4722 4753 11.0
4712 4753 4754 11.0
4759 4753 4718 11.0
4712 4718 4753 11.0
4573 4751 4705 11.0
4721 4705 4751 11.0
4661 4703 4704 11.0
4659 4768 4663 11.0
4762 4663 4683 11.0
4747 4763 4769 11.0
4671 4769 4763 11.0
4747 4769 4745 11.0
4671 4672 4769 11.0
4664 4663 4762 11.0
4649 4762 4761 11.0
4582 4579 4708 11.0
4608 4659 4770 11.0
4639 4770 4659 11.0
4608 4770 4610 11.0
4639 4610 4770 11.0
4665 4666 4693 11.0
4756 4666 4755 11.0
4696 4666 4667 11.0
4664 4762 4767 11.0
4649 4728 4762 11.0
4650 4729 4728 11.0
4723 4729 4650 11.0
4646 4729 4652 11.0
4723 4652 4729 11.0
4661 4604 4662 11.0
4602 4662 4604 11.0
4661 4662 4703 11.0
4703 4662 4656 11.0
4716 4688 4689 11.0
4716 4689 4658 11.0
4684 4683 4771 11.0
4657 4661 4771 11.0
4708 4772 4673 11.0
4708 4579 4772 11.0
4684 4771 4740 11.0
4771 4661 4740 11.0
4704 4740 4661 11.0
4704 4656 4689 11.0
4658 4689 4656 11.0
4771 4768 4657 11.0
4663 4768 4683 11.0
4771 4683 4768 11.0
4585 4583 4773 11.0
4680 4773 4583 11.0
4585 4773 4725 11.0
4672 4673 4774 11.0
4745 4772 4580 11.0
4579 4580 4772 11.0
4700 4706 4775 11.0
4696 4775 4706 11.0
4700 4775 4752 11.0
4776 4742 4743 11.0
4719 4743 4741 11.0
4719 4751 4743 11.0
4772 4774 4673 11.0
4745 4774 4772 11.0
4672 4774 4769 11.0
4745 4769 4774 11.0
4725 4773 4727 11.0
4680 4727 4773 11.0
4680 4583 4709 11.0
4582 4709 4583 11.0
4680 4709 4673 11.0
4582 4708 4709 11.0
4699 4757 4727 11.0
4726 4727 4757 11.0
4751 4765 4777 11.0
4776 4777 4765 11.0
4751 4777 4743 11.0
4776 4743 4777 11.0
4696 4697 4775 11.0
4752 4775 4697 11.0
4692 4756 4699 11.0
4666 4756 4693 11.0
4692 4693 4756 11.0
4750 4715 4736 11.0
4706 4715 4750 11.0
4749 4715 4714 11.0
4706 4707 4715 11.0
4689 4733 4704 11.0
4740 4704 4733 11.0
4768 4659 4660 11.0
4606 4660 4608 11.0
4768 4660 4657 11.0
4606 4657 4660 11.0
4749 4669 4681 11.0
4714 4669 4749 11.0
4623 4669 4592 11.0
4714 4668 4669 11.0
4643 4684 4778 11.0
4740 4778 4684 11.0
4643 4778 4687 11.0
4740 4687 4778 11.0
4634 4780 4779 11.0
4636 4634 4779 11.0
4732 4642 4781 11.0
4782 4633 4783 11.0
4724 4651 4784 11.0
4785 4652 4786 11.0
4787 4785 4788 11.0
4653 4652 4785 11.0
4789 4791 4790 11.0
4791 4792 4790 11.0
4792 4791 4793 11.0
4665 4693 4794 11.0
4792 4796 4795 11.0
4792 4795 4797 11.0
4798 4667 4794 11.0
4799 4801 4800 11.0
4799 4802 4801 11.0
4803 4805 4804 11.0
4735 4678 4806 11.0
4799 4800 4807 11.0
4808 4810 4809 11.0
4808 4811 4810 11.0
4792 4812 4796 11.0
4797 4814 4813 11.0
4813 4816 4815 11.0
4817 4819 4818 11.0
4820 4822 4821 11.0
4820 4823 4822 11.0
4824 4693 4825 11.0
4826 4828 4827 11.0
4826 4827 4829 11.0
4782 4830 4828 11.0
4782 4805 4830 11.0
4737 4804 4678 11.0
4831 4685 4832 11.0
4833 4831 4829 11.0
4667 4798 4697 11.0
4834 4798 4835 11.0
4802 4825 4836 11.0
4799 4825 4802 11.0
4691 4825 4693 11.0
4799 4824 4825 11.0
4820 4838 4837 11.0
4820 4837 4823 11.0
4779 4780 4839 11.0
4840 4827 4841 11.0
4828 4841 4827 11.0
4807 4800 4842 11.0
4833 4829 4843 11.0
4844 4845 4838 11.0
4844 4846 4845 11.0
4847 4849 4848 11.0
4828 4830 4850 11.0
4851 4850 4852 11.0
4803 4853 4805 11.0
4851 4853 4854 11.0
4851 4854 4855 11.0
4856 4855 4857 11.0
4856 4821 4855 11.0
4833 4843 4858 11.0
4723 4724 4784 11.0
4819 4784 4651 11.0
4859 4861 4860 11.0
4819 4862 4784 11.0
4784 4862 4863 11.0
4819 4651 4864 11.0
4730 4864 4651 11.0
4819 4864 4818 11.0
4730 4818 4864 11.0
4826 4829 4781 11.0
4826 4781 4642 11.0
4686 4732 4781 11.0
4865 4866 4839 11.0
4633 4782 4867 11.0
4633 4867 4642 11.0
4826 4642 4867 11.0
4782 4783 4805 11.0
4735 4783 4631 11.0
4631 4783 4633 11.0
4809 4869 4868 11.0
4870 4869 4871 11.0
4809 4810 4869 11.0
4799 4872 4824 11.0
4873 4824 4872 11.0
4874 4876 4875 11.0
4859 4877 4875 11.0
4685 4831 4645 11.0
4840 4843 4827 11.0
4829 4827 4843 11.0
4878 4793 4791 11.0
4879 4793 4878 11.0
4792 4793 4812 11.0
4879 4812 4793 11.0
4859 4860 4880 11.0
4881 4880 4882 11.0
4859 4880 4877 11.0
4799 4807 4883 11.0
4799 4883 4872 11.0
4872 4883 4884 11.0
4630 4738 4885 11.0
4865 4839 4886 11.0
4780 4886 4839 11.0
4805 4783 4806 11.0
4735 4806 4783 11.0
4805 4806 4804 11.0
4804 4806 4678 11.0
4877 4888 4887 11.0
4810 4871 4869 11.0
4811 4871 4810 11.0
4870 4871 4889 11.0
4811 4889 4871 11.0
4890 4881 4891 11.0
4869 4870 4892 11.0
4888 4880 4890 11.0
4877 4880 4888 11.0
4837 4894 4893 11.0
4838 4894 4837 11.0
4840 4894 4845 11.0
4838 4845 4894 11.0
4800 4801 4848 11.0
4846 4895 4858 11.0
4858 4895 4896 11.0
4889 4835 4884 11.0
4834 4835 4889 11.0
4873 4835 4798 11.0
4821 4822 4897 11.0
4851 4897 4898 11.0
4821 4897 4855 11.0
4851 4855 4897 11.0
4850 4898 4899 11.0
4851 4898 4850 11.0
4823 4898 4822 11.0
4822 4898 4897 11.0
4860 4882 4880 11.0
4803 4882 4860 11.0
4803 4804 4882 11.0
4840 4858 4843 11.0
4846 4858 4845 11.0
4840 4845 4858 11.0
4830 4852 4850 11.0
4805 4852 4830 11.0
4851 4852 4853 11.0
4805 4853 4852 11.0
4877 4887 4875 11.0
4808 4874 4900 11.0
4840 4841 4893 11.0
4823 4893 4899 11.0
4840 4893 4894 11.0
4823 4837 4893 11.0
4826 4867 4901 11.0
4782 4901 4867 11.0
4826 4901 4828 11.0
4782 4828 4901 11.0
4861 4854 4860 11.0
4879 4787 4788 11.0
4786 4788 4785 11.0
4879 4788 4812 11.0
4786 4812 4788 11.0
4902 4865 4903 11.0
4779 4802 4836 11.0
4691 4836 4825 11.0
4779 4836 4636 11.0
4691 4636 4836 11.0
4779 4839 4904 11.0
4779 4904 4802 11.0
4834 4890 4798 11.0
4881 4890 4880 11.0
4834 4888 4890 11.0
4817 4818 4896 11.0
4817 4896 4895 11.0
4833 4858 4896 11.0
4861 4875 4857 11.0
4859 4875 4861 11.0
4803 4860 4853 11.0
4854 4853 4860 11.0
4786 4862 4905 11.0
4796 4905 4862 11.0
4786 4905 4812 11.0
4796 4812 4905 11.0
4870 4889 4884 11.0
4873 4884 4835 11.0
4870 4884 4883 11.0
4873 4872 4884 11.0
4828 4850 4899 11.0
4823 4899 4898 11.0
4828 4899 4841 11.0
4841 4899 4893 11.0
4887 4888 4811 11.0
4881 4882 4885 11.0
4846 4844 4816 11.0
4815 4816 4844 11.0
4846 4816 4906 11.0
4801 4908 4907 11.0
4802 4908 4801 11.0
4907 4908 4904 11.0
4802 4904 4908 11.0
4903 4865 4909 11.0
4831 4833 4910 11.0
4876 4857 4875 11.0
4856 4857 4876 11.0
4861 4857 4854 11.0
4854 4857 4855 11.0
4817 4911 4819 11.0
4796 4911 4795 11.0
4795 4911 4912 11.0
4817 4895 4912 11.0
4814 4912 4906 11.0
4817 4912 4911 11.0
4814 4795 4912 11.0
4829 4831 4832 11.0
4686 4832 4685 11.0
4829 4832 4781 11.0
4686 4781 4832 11.0
4913 4914 4849 11.0
4909 4865 4915 11.0
4915 4865 4886 11.0
4814 4797 4795 11.0
4816 4813 4814 11.0
4792 4797 4790 11.0
4813 4790 4797 11.0
4873 4798 4794 11.0
4665 4794 4667 11.0
4873 4794 4824 11.0
4824 4794 4693 11.0
4819 4911 4916 11.0
4796 4916 4911 11.0
4819 4916 4862 11.0
4796 4862 4916 11.0
4814 4906 4816 11.0
4846 4906 4895 11.0
4895 4906 4912 11.0
4723 4784 4863 11.0
4786 4863 4862 11.0
4723 4863 4652 11.0
4786 4652 4863 11.0
4811 4888 4889 11.0
4834 4889 4888 11.0
4900 4874 4887 11.0
4875 4887 4874 11.0
4808 4900 4811 11.0
4887 4811 4900 11.0
4914 4800 4848 11.0
4907 4848 4801 11.0
4914 4848 4849 11.0
4798 4890 4891 11.0
4885 4891 4881 11.0
4798 4891 4697 11.0
4885 4738 4917 11.0
4697 4917 4738 11.0
4885 4917 4891 11.0
4697 4891 4917 11.0
4885 4882 4918 11.0
4804 4918 4882 11.0
4804 4737 4918 11.0
4868 4869 4919 11.0
4868 4919 4920 11.0
4807 4920 4919 11.0
4865 4921 4866 11.0
4922 4921 4902 11.0
4865 4902 4921 11.0
4818 4730 4923 11.0
4645 4923 4730 11.0
4923 4645 4910 11.0
4818 4923 4910 11.0
4831 4910 4645 11.0
4818 4910 4896 11.0
4896 4910 4833 11.0
4866 4907 4924 11.0
4904 4924 4907 11.0
4866 4924 4839 11.0
4904 4839 4924 11.0
4866 4925 4907 11.0
4926 4925 4927 11.0
4866 4927 4925 11.0
4866 4921 4927 11.0
4922 4927 4921 11.0
4885 4918 4928 11.0
4737 4928 4918 11.0
4885 4928 4630 11.0
4737 4630 4928 11.0
4883 4892 4870 11.0
4807 4892 4883 11.0
4869 4892 4919 11.0
4807 4919 4892 11.0
4926 4847 4929 11.0
4926 4929 4925 11.0
4907 4925 4929 11.0
4914 4842 4800 11.0
4913 4842 4914 11.0
4807 4842 4920 11.0
4913 4920 4842 11.0
4907 4929 4848 11.0
4847 4848 4929 11.0
4930 4931 4789 11.0
4932 4934 4933 11.0
4935 4937 4936 11.0
4938 4939 4935 11.0
4934 4940 4933 11.0
4932 4941 4934 11.0
4941 4932 4942 11.0
4938 4935 4936 11.0
4933 4940 4937 11.0
4936 4937 4940 11.0
4943 4939 4938 11.0
4944 4946 4945 11.0
4946 4944 4947 11.0
4946 4947 4943 11.0
4943 4947 4939 11.0
4613 4612 4948 11.0
4949 4951 4950 11.0
4952 4949 4953 11.0
4952 4951 4949 11.0
4953 4954 4952 11.0
4950 4951 4955 11.0
4956 4950 4955 11.0
4956 4958 4957 11.0
4955 4958 4956 11.0
4958 4959 4957 11.0
4960 4962 4961 11.0
4962 4963 4961 11.0
4960 4959 4962 11.0
4960 4957 4959 11.0
4964 4961 4963 11.0
4612 4965 4948 11.0
4966 2703 4967 11.0
4968 4970 4969 11.0
4963 4971 4964 11.0
4972 4974 4973 11.0
4975 4977 4976 11.0
4978 4979 4962 11.0
4980 4982 4981 11.0
4983 4985 4984 11.0
4986 4988 4987 11.0
4989 4654 4990 11.0
4991 4992 4975 11.0
4976 4991 4975 11.0
4965 4994 4993 11.0
4995 4997 4996 11.0
4998 5000 4999 11.0
5001 5002 4998 11.0
5003 5001 5004 11.0
4992 4991 4995 11.0
5005 5007 5006 11.0
5008 4988 5009 11.0
5010 5012 5011 11.0
5013 5015 5014 11.0
5016 5018 5017 11.0
5019 5021 5020 11.0
5022 5024 5023 11.0
5025 5009 5026 11.0
5027 5028 5013 11.0
5029 4971 5030 11.0
4984 4978 4983 11.0
5002 5000 4998 11.0
5031 5033 5032 11.0
5034 5036 5035 11.0
5036 5038 5037 11.0
5039 5041 5040 11.0
5037 5042 5036 11.0
5043 5008 5044 11.0
5017 4952 4954 11.0
5045 5047 5046 11.0
5048 5030 4979 11.0
5049 5050 5002 11.0
4638 4654 4989 11.0
4766 4648 5051 11.0
5052 5051 5053 11.0
5054 5056 5055 11.0
5057 4972 5058 11.0
5050 5060 5059 11.0
5061 5063 5062 11.0
5064 5066 5065 11.0
5060 5065 5059 11.0
5067 5054 5055 11.0
5068 5069 5021 11.0
4991 5070 4995 11.0
4987 5071 4973 11.0
5008 5058 5071 11.0
5072 5067 5055 11.0
5073 5075 5074 11.0
5076 5078 5077 11.0
5079 4648 4653 11.0
5080 5081 5052 11.0
5074 5068 5073 11.0
5082 5084 5083 11.0
5051 5079 5053 11.0
5012 5085 5011 11.0
5086 5088 5087 11.0
5077 5078 5080 11.0
5083 5089 5082 11.0
5074 5087 5068 11.0
5090 5091 5082 11.0
4967 2703 5092 11.0
5093 5095 5094 11.0
5049 5097 5096 11.0
5098 5026 5099 11.0
5100 5102 5101 11.0
5103 5104 5099 11.0
5105 5031 4986 11.0
5106 5063 5107 11.0
5063 5106 5108 11.0
5109 5089 5083 11.0
5110 5108 5111 11.0
5112 5037 5113 11.0
5114 5115 5112 11.0
5116 5118 5117 11.0
5119 5121 5120 11.0
5122 5124 5123 11.0
4746 4766 5125 11.0
5033 5031 5105 11.0
5044 5025 5126 11.0
4986 5031 4988 11.0
4951 4952 5018 11.0
5071 4987 4988 11.0
5127 5128 5123 11.0
5129 5131 5130 11.0
5132 5048 2723 11.0
4978 4962 4959 11.0
5133 5135 5134 11.0
5136 5137 5130 11.0
5104 5138 5099 11.0
5139 5048 5140 11.0
5141 5119 5039 11.0
5100 5101 5134 11.0
2723 5048 5139 11.0
5077 5080 5142 11.0
5066 5144 5143 11.0
5145 5043 5044 11.0
5100 5134 5135 11.0
2699 5146 2471 11.0
4612 4638 4965 11.0
5147 4951 5018 11.0
5070 5007 4995 11.0
5148 5149 5045 11.0
5029 5150 4964 11.0
4979 4963 4962 11.0
5029 4964 4971 11.0
4965 4638 4989 11.0
4958 4983 4959 11.0
5151 4966 5152 11.0
5148 5150 5149 11.0
4983 4958 4985 11.0
4963 4979 4971 11.0
5153 5154 2822 11.0
5003 5004 5155 11.0
5020 5047 5019 11.0
5020 5046 5047 11.0
5156 5158 5157 11.0
5069 5158 5159 11.0
5149 5154 5014 11.0
5069 5157 5158 11.0
5032 4988 5031 11.0
5160 4969 5161 11.0
5160 5095 5093 11.0
5028 5073 5019 11.0
5154 5149 5029 11.0
5047 5015 5028 11.0
4995 4996 4992 11.0
5162 5093 5094 11.0
5163 5165 5164 11.0
5163 5162 5094 11.0
5028 5015 5013 11.0
5014 2836 5013 11.0
5166 5033 5101 11.0
5133 5033 5105 11.0
5153 2836 5014 11.0
5167 5169 5168 11.0
5070 4991 5170 11.0
5165 5171 5164 11.0
5092 5172 4967 11.0
4984 5172 5140 11.0
4966 5146 2699 11.0
4967 5172 4984 11.0
2836 5027 5013 11.0
2723 2822 5132 11.0
2822 5154 5132 11.0
5014 5154 5153 11.0
5139 5140 5173 11.0
5017 4954 5174 11.0
4966 2699 2703 11.0
5175 5176 5055 11.0
5177 5179 5178 11.0
4979 5030 4971 11.0
5154 5029 5030 11.0
5098 5181 5180 11.0
5140 4978 4984 11.0
5109 5023 5024 11.0
5182 2471 5146 11.0
5068 5088 5069 11.0
4981 5183 5094 11.0
5168 5169 5184 11.0
5094 4980 4981 11.0
5102 5137 5185 11.0
5163 5094 5183 11.0
5075 5028 5027 11.0
5186 5188 5187 11.0
5030 5048 5132 11.0
5048 4978 5140 11.0
5189 5175 5056 11.0
5190 5191 5169 11.0
5192 5108 5106 11.0
5008 5071 4988 11.0
5114 5124 5193 11.0
5154 5030 5132 11.0
5185 5137 5136 11.0
5147 5018 5179 11.0
5010 5194 5012 11.0
5072 5010 5011 11.0
5006 5007 5083 11.0
5012 5194 5084 11.0
5028 5075 5073 11.0
5068 5019 5073 11.0
5068 5021 5019 11.0
5068 5087 5088 11.0
4978 4959 4983 11.0
4978 5048 4979 11.0
5147 4955 4951 11.0
5018 5016 5179 11.0
5052 5142 5080 11.0
5078 5187 5080 11.0
5128 5136 5130 11.0
5033 5166 5032 11.0
5133 5134 5033 11.0
5045 5015 5047 11.0
5046 5020 5195 11.0
4997 5196 4996 11.0
5083 5197 5109 11.0
4976 5170 4991 11.0
4994 5186 5198 11.0
5194 5199 5006 11.0
5010 5072 5055 11.0
4955 4985 4958 11.0
5152 5147 5151 11.0
5178 5200 5107 11.0
5036 5201 5174 11.0
5053 5142 5052 11.0
5051 5081 5188 11.0
5078 5022 5187 11.0
5128 5120 5136 11.0
5032 5166 5026 11.0
5138 5104 5118 11.0
5149 5015 5045 11.0
5046 5148 5045 11.0
5014 5015 5149 11.0
5150 5029 5149 11.0
5152 4967 4984 11.0
4955 5147 4985 11.0
5018 4952 5017 11.0
5174 5016 5017 11.0
5032 5026 5009 11.0
5166 5101 5103 11.0
5025 5098 5180 11.0
5103 5026 5166 11.0
5099 5181 5098 11.0
5025 5026 5098 11.0
5138 5181 5099 11.0
5026 5103 5099 11.0
4653 5053 5079 11.0
4648 5079 5051 11.0
5164 5162 5163 11.0
5183 5165 5163 11.0
5191 4982 4980 11.0
5094 5095 4980 11.0
5190 4982 5191 11.0
5184 4970 4968 11.0
4980 5095 5191 11.0
5184 5191 4970 11.0
5160 5161 5095 11.0
4970 5191 5095 11.0
4969 4970 5161 11.0
4970 5095 5161 11.0
4969 5202 4968 11.0
5140 5172 5173 11.0
5092 5173 5172 11.0
5146 4966 5177 11.0
5177 5151 5179 11.0
5145 5203 5043 11.0
5058 5043 5059 11.0
5060 5049 5096 11.0
5174 4954 5035 11.0
5192 5042 5037 11.0
5120 5128 5127 11.0
5120 5121 5136 11.0
5121 5185 5136 11.0
5120 5204 5119 11.0
5141 5116 5121 11.0
5101 5205 5104 11.0
4993 4948 4965 11.0
4989 4994 4965 11.0
5206 4977 4993 11.0
5170 4976 5198 11.0
5071 4972 4973 11.0
5059 5057 5058 11.0
5071 5058 4972 11.0
5059 5065 5057 11.0
5043 5203 5059 11.0
5000 5203 5145 11.0
5058 5008 5043 11.0
5126 4999 5044 11.0
5145 5044 4999 11.0
5106 5042 5192 11.0
5115 5192 5112 11.0
5201 5106 5200 11.0
5061 5107 5063 11.0
5004 5207 5155 11.0
5208 5006 5199 11.0
5084 5194 5006 11.0
5083 5084 5006 11.0
5007 5005 4995 11.0
5155 5196 4997 11.0
5175 5199 5176 11.0
5070 5197 5007 11.0
5024 5022 5078 11.0
5024 5089 5109 11.0
5197 5170 5109 11.0
5186 5187 5022 11.0
5198 5186 5022 11.0
5055 5176 5010 11.0
5010 5199 5194 11.0
5201 5016 5174 11.0
5036 5174 5035 11.0
5200 5016 5201 11.0
5036 5042 5201 11.0
5179 5016 5200 11.0
5200 5106 5107 11.0
5102 5100 5137 11.0
5118 5104 5117 11.0
5205 5117 5104 11.0
4988 5032 5009 11.0
5025 5008 5009 11.0
4982 5190 5209 11.0
5169 5209 5190 11.0
5167 5209 5169 11.0
5184 5169 5191 11.0
5146 5178 5061 11.0
5151 5147 5179 11.0
5179 5200 5178 11.0
5146 5177 5178 11.0
5147 5152 4985 11.0
4966 5151 5177 11.0
5050 5203 5002 11.0
5003 5097 5002 11.0
5145 4999 5000 11.0
5002 5203 5000 11.0
5002 5001 5003 11.0
5155 5097 5003 11.0
5189 5096 5097 11.0
5208 5210 4997 11.0
5041 5039 5119 11.0
5037 5038 5113 11.0
5204 5113 5041 11.0
5205 5102 5185 11.0
5185 5121 5117 11.0
5116 5117 5121 11.0
5119 5141 5121 11.0
4977 5206 4976 11.0
5198 4976 5206 11.0
5180 5126 5025 11.0
5025 5044 5008 11.0
5041 5038 5040 11.0
5204 5127 5113 11.0
5038 5041 5113 11.0
5108 5115 5111 11.0
5037 5112 5192 11.0
5108 5192 5115 11.0
5111 5115 5193 11.0
5193 5115 5114 11.0
5124 5114 5123 11.0
5106 5201 5042 11.0
5061 5178 5107 11.0
5062 5063 5110 11.0
5108 5110 5063 11.0
5146 5061 5182 11.0
5062 5182 5061 11.0
4997 4995 5005 11.0
5006 5208 5005 11.0
5170 5197 5070 11.0
5198 5023 5170 11.0
5083 5007 5197 11.0
5023 5109 5170 11.0
5187 5188 5081 11.0
5198 5206 4994 11.0
5023 5198 5022 11.0
5185 5117 5205 11.0
5205 5101 5102 11.0
4984 4985 5152 11.0
4967 5152 4966 11.0
5059 5203 5050 11.0
5049 5060 5050 11.0
5096 5064 5060 11.0
5097 5049 5002 11.0
5056 5064 5096 11.0
5189 5210 5175 11.0
4997 5005 5208 11.0
5120 5127 5204 11.0
5119 5204 5041 11.0
5040 5038 5034 11.0
5036 5034 5038 11.0
5188 4990 5125 11.0
5186 4990 5188 11.0
5125 5051 5188 11.0
4654 4746 4990 11.0
4994 4989 5186 11.0
4990 5186 4989 11.0
5054 5064 5056 11.0
5175 5055 5056 11.0
5067 5211 5054 11.0
5196 5155 5207 11.0
5189 5155 5210 11.0
5208 5175 5210 11.0
5080 5187 5081 11.0
5051 5052 5081 11.0
4766 5051 5125 11.0
4746 5125 4990 11.0
5212 5167 5168 11.0
5057 5066 5143 11.0
5064 5065 5060 11.0
5057 5065 5066 11.0
5195 5021 5159 11.0
5028 5019 5047 11.0
5195 5020 5021 11.0
5159 5021 5069 11.0
5101 5033 5134 11.0
5101 5104 5103 11.0
5206 4993 4994 11.0
5175 5208 5199 11.0
5010 5176 5199 11.0
5210 5155 4997 11.0
5097 5155 5189 11.0
5056 5096 5189 11.0
5157 5214 5213 11.0
4968 5202 5213 11.0
5168 5214 5215 11.0
5088 5215 5214 11.0
5168 5215 5212 11.0
5184 4968 5168 11.0
5213 5168 4968 11.0
5214 5168 5213 11.0
5024 5216 5089 11.0
5217 5216 5076 11.0
5076 5216 5078 11.0
5024 5078 5216 11.0
5084 5082 5218 11.0
5091 5218 5082 11.0
5091 5085 5218 11.0
5127 5123 5113 11.0
5114 5113 5123 11.0
5114 5112 5113 11.0
5088 5086 5215 11.0
5212 5215 5086 11.0
5157 5213 5156 11.0
5202 5156 5213 11.0
5089 5216 5219 11.0
5217 5219 5216 11.0
5217 5090 5219 11.0
5137 5221 5220 11.0
5129 5220 5221 11.0
5137 5220 5130 11.0
5129 5130 5220 11.0
5089 5219 5082 11.0
5090 5082 5219 11.0
5085 5012 5218 11.0
5084 5218 5012 11.0
5122 5222 5131 11.0
5128 5222 5123 11.0
5122 5123 5222 11.0
5054 5211 5223 11.0
5144 5223 5211 11.0
5054 5223 5064 11.0
5100 5135 5224 11.0
5221 5224 5135 11.0
5100 5224 5137 11.0
5221 5137 5224 11.0
5069 5088 5225 11.0
5214 5225 5088 11.0
5069 5225 5157 11.0
5214 5157 5225 11.0
5131 5222 5130 11.0
5128 5130 5222 11.0
5057 5143 5226 11.0
4974 5226 5143 11.0
5057 5226 4972 11.0
4974 4972 5226 11.0
5064 5223 5066 11.0
5144 5066 5223 11.0
5011 5227 5072 11.0
5228 5090 5229 11.0
5227 5231 5230 11.0
5232 5234 5233 11.0
5235 5237 5236 11.0
5238 5240 5239 11.0
2611 2470 5241 11.0
5067 5242 5211 11.0
5243 4986 5244 11.0
5245 5246 4947 11.0
5239 5240 5247 11.0
5248 5250 5249 11.0
5251 5253 5252 11.0
5254 4785 5255 11.0
5254 5053 4653 11.0
5255 4785 4787 11.0
5256 5258 5257 11.0
5259 5261 5260 11.0
5261 5262 5260 11.0
5053 5263 5142 11.0
5240 4974 5143 11.0
5264 5265 5237 11.0
5266 5268 5267 11.0
5077 5269 5076 11.0
5270 5271 5269 11.0
5272 5274 5273 11.0
5091 5090 5228 11.0
5275 5271 5276 11.0
5277 5269 5077 11.0
5229 5271 5275 11.0
4973 5278 4987 11.0
5231 5279 5230 11.0
4933 4937 5280 11.0
5281 5283 5282 11.0
5284 5286 5285 11.0
5287 5289 5288 11.0
5290 5291 4945 11.0
5110 5111 5292 11.0
5062 5293 5182 11.0
5076 5269 5271 11.0
5294 5296 5295 11.0
5297 5292 5298 11.0
5299 5300 5297 11.0
5301 5303 5302 11.0
5304 5306 5305 11.0
5110 5292 5307 11.0
5308 5310 5309 11.0
5311 5085 5312 11.0
5105 4986 5243 11.0
4787 5256 5255 11.0
5278 5244 4987 11.0
5284 5135 5133 11.0
5246 5313 4939 11.0
5314 5316 5315 11.0
5317 5319 5318 11.0
5221 5135 5285 11.0
5317 5321 5320 11.0
5315 5321 5301 11.0
5322 5324 5323 11.0
5246 5326 5325 11.0
5327 5182 5293 11.0
5315 5320 5321 11.0
5328 5329 5318 11.0
5310 5330 5309 11.0
5252 5331 5251 11.0
5332 5334 5333 11.0
5331 5252 5335 11.0
5267 5331 5266 11.0
5336 5266 5337 11.0
5338 5340 5339 11.0
5341 5343 5342 11.0
5344 5345 5250 11.0
5338 5261 5259 11.0
4878 4791 5346 11.0
5255 5263 5254 11.0
4791 4789 5347 11.0
5348 4944 4945 11.0
5277 5257 5349 11.0
5011 5350 5227 11.0
5351 5352 5341 11.0
4935 5353 4937 11.0
5354 5356 5355 11.0
4931 5357 5347 11.0
2481 5296 2640 11.0
5358 5360 5359 11.0
5361 5362 5316 11.0
5363 5352 5351 11.0
5144 5364 5143 11.0
5365 5239 5366 11.0
5367 5368 5314 11.0
5369 5371 5370 11.0
5241 5327 5372 11.0
5253 5228 5275 11.0
5336 5268 5266 11.0
5373 5375 5374 11.0
5365 5278 5238 11.0
5376 5325 5326 11.0
5067 5072 5377 11.0
5323 5379 5378 11.0
5325 5359 5246 11.0
5271 5217 5076 11.0
5380 5284 5133 11.0
5381 5382 5337 11.0
4933 5280 5283 11.0
5341 5352 5330 11.0
5383 5384 5371 11.0
2471 5182 5327 11.0
5232 5233 5334 11.0
5385 5387 5386 11.0
5245 5326 5246 11.0
2486 5388 5375 11.0
5291 5295 5348 11.0
5252 5275 5276 11.0
5389 5390 5308 11.0
5333 5334 5233 11.0
5270 5269 5277 11.0
5391 5241 5392 11.0
5392 5280 5391 11.0
5388 2486 5393 11.0
5296 5294 2640 11.0
5387 5393 2486 11.0
5376 2481 5394 11.0
5291 5395 5295 11.0
5281 4932 5283 11.0
5377 5396 5242 11.0
5392 5241 5372 11.0
5385 5294 5295 11.0
5326 5296 5376 11.0
5232 5334 5251 11.0
5336 5397 5268 11.0
5266 5331 5335 11.0
5398 5400 5399 11.0
5401 5403 5402 11.0
5248 5249 5404 11.0
5405 5407 5406 11.0
5408 5405 5406 11.0
5393 5236 5388 11.0
5234 5331 5267 11.0
5376 5296 2481 11.0
5395 5290 5409 11.0
5410 5411 5235 11.0
5290 5395 5291 11.0
5385 5386 5294 11.0
5274 5403 5412 11.0
5273 5274 5265 11.0
5111 5193 5298 11.0
5305 5414 5413 11.0
5313 4935 4939 11.0
4932 4933 5283 11.0
5327 5241 2470 11.0
5415 5416 5358 11.0
5217 5229 5090 11.0
5346 5258 4878 11.0
5359 5313 5246 11.0
5359 5325 5358 11.0
4944 5348 5245 11.0
5348 4945 5291 11.0
5343 5417 5243 11.0
5296 5326 5348 11.0
4947 5246 4939 11.0
2640 5294 5386 11.0
5391 5353 5359 11.0
5348 5295 5296 11.0
5405 5418 5407 11.0
5356 5418 5404 11.0
4791 5347 5346 11.0
4789 4931 5347 11.0
5410 5393 5395 11.0
5295 5395 5385 11.0
5419 5421 5420 11.0
5062 5307 5293 11.0
5355 5420 5422 11.0
5285 5286 5322 11.0
5221 5378 5129 11.0
5258 4879 4878 11.0
5248 5404 5408 11.0
5423 5292 5297 11.0
5346 5347 5357 11.0
5407 5424 5406 11.0
5299 5298 5425 11.0
5374 5412 5373 11.0
5327 2470 2471 11.0
5410 5236 5393 11.0
5221 5285 5378 11.0
5281 4942 4932 11.0
5280 5282 5283 11.0
5396 5259 5242 11.0
5251 5331 5232 11.0
5232 5331 5234 11.0
5340 5230 5332 11.0
4931 5397 5357 11.0
5426 5257 5258 11.0
5370 5384 4942 11.0
5423 5297 5427 11.0
5392 5282 5280 11.0
5280 4937 5353 11.0
5262 5364 5260 11.0
5259 5260 5242 11.0
5259 5340 5338 11.0
5377 5072 5227 11.0
5251 5334 5279 11.0
5392 5372 5282 11.0
5391 5360 5241 11.0
5261 5428 5262 11.0
5413 5414 5338 11.0
5242 5067 5377 11.0
5227 5396 5377 11.0
5281 5282 5429 11.0
5427 5429 5423 11.0
5261 5414 5428 11.0
5413 5430 5304 11.0
5430 5339 5431 11.0
5372 5327 5432 11.0
5429 5282 5432 11.0
5414 5261 5338 11.0
5332 5339 5340 11.0
5259 5396 5340 11.0
5332 5333 5431 11.0
5273 5433 5272 11.0
5274 5237 5265 11.0
5388 5236 5374 11.0
5375 5388 5374 11.0
5237 5412 5374 11.0
5274 5412 5237 11.0
5264 5235 5411 11.0
4653 4785 5254 11.0
5263 5053 5254 11.0
5142 5277 5077 11.0
5263 5277 5142 11.0
5277 5349 5270 11.0
5263 5257 5277 11.0
5363 5434 5306 11.0
5418 5405 5404 11.0
5408 5404 5405 11.0
5355 5356 5404 11.0
5249 5355 5404 11.0
5354 5355 5422 11.0
5420 5355 5345 11.0
5250 5345 5249 11.0
5355 5249 5345 11.0
5354 5422 5421 11.0
5422 5420 5421 11.0
5419 5435 5421 11.0
5436 5420 5345 11.0
5436 5419 5420 11.0
5348 5326 5245 11.0
4947 4944 5245 11.0
4935 5313 5353 11.0
5359 5353 5313 11.0
5275 5228 5229 11.0
5217 5271 5229 11.0
5319 5324 5328 11.0
5323 5324 5361 11.0
5287 5288 5316 11.0
5383 5367 5303 11.0
5427 5369 5429 11.0
5329 5328 5308 11.0
5390 5389 5437 11.0
5091 5228 5312 11.0
5279 5332 5230 11.0
5342 5365 5438 11.0
5262 5247 5364 11.0
5427 5300 5371 11.0
5425 5193 5124 11.0
5193 5425 5298 11.0
5111 5298 5292 11.0
5361 5379 5323 11.0
5322 5323 5285 11.0
5379 5129 5378 11.0
5285 5323 5378 11.0
5316 5379 5361 11.0
5361 5324 5362 11.0
5362 5319 5320 11.0
5328 5324 5322 11.0
5322 5286 5389 11.0
5380 5133 5105 11.0
5417 5437 5380 11.0
5243 5380 5105 11.0
5285 5135 5284 11.0
5380 5437 5284 11.0
5387 5385 5393 11.0
5395 5393 5385 11.0
5409 5411 5410 11.0
5335 5276 5337 11.0
5253 5275 5252 11.0
5357 5397 5336 11.0
5262 5366 5247 11.0
5438 5434 5351 11.0
5413 5304 5305 11.0
5305 5428 5414 11.0
5339 5430 5413 11.0
5338 5339 5413 11.0
5332 5431 5339 11.0
5062 5110 5307 11.0
5423 5439 5307 11.0
5432 5327 5293 11.0
5293 5307 5439 11.0
5307 5292 5423 11.0
5429 5439 5423 11.0
5432 5439 5429 11.0
5429 5369 5281 11.0
5432 5293 5439 11.0
5282 5372 5432 11.0
5281 5370 4942 11.0
5427 5371 5369 11.0
5251 5279 5253 11.0
5349 5426 5381 11.0
5440 5357 5336 11.0
5351 5434 5363 11.0
5341 5438 5351 11.0
5342 5438 5341 11.0
5341 5330 5310 11.0
5316 5362 5315 11.0
5302 5314 5315 11.0
5320 5319 5317 11.0
5315 5362 5320 11.0
5315 5301 5302 11.0
5367 5314 5302 11.0
5309 5329 5308 11.0
5308 5390 5310 11.0
5085 5350 5011 11.0
5279 5441 5253 11.0
5240 5364 5247 11.0
5247 5366 5239 11.0
5300 5427 5297 11.0
5298 5299 5297 11.0
5371 5367 5383 11.0
5368 5367 5300 11.0
5314 5287 5316 11.0
5299 5368 5300 11.0
5328 5318 5319 11.0
5319 5362 5324 11.0
5389 5328 5322 11.0
5284 5437 5286 11.0
5395 5409 5410 11.0
5235 5236 5410 11.0
5366 5262 5428 11.0
5305 5434 5428 11.0
5305 5306 5434 11.0
5371 5384 5370 11.0
5281 5369 5370 11.0
5332 5279 5334 11.0
5441 5279 5231 11.0
5350 5311 5231 11.0
5381 5270 5349 11.0
5257 5426 5349 11.0
5270 5276 5271 11.0
5381 5337 5276 11.0
5426 5258 5440 11.0
5257 5263 5255 11.0
5335 5252 5276 11.0
5270 5381 5276 11.0
5366 5438 5365 11.0
5343 5310 5390 11.0
5417 5343 5390 11.0
5085 5091 5312 11.0
5253 5441 5312 11.0
5231 5311 5441 11.0
5367 5302 5303 11.0
5371 5300 5367 11.0
5266 5335 5337 11.0
5336 5382 5440 11.0
4787 4879 5256 11.0
5286 5437 5389 11.0
5308 5328 5389 11.0
5341 5310 5343 11.0
5342 5343 5442 11.0
5380 5243 5417 11.0
5437 5417 5390 11.0
5257 5255 5256 11.0
4879 5258 5256 11.0
4986 4987 5244 11.0
5440 5346 5357 11.0
5258 5346 5440 11.0
5440 5382 5426 11.0
5381 5426 5382 11.0
5336 5337 5382 11.0
5316 5288 5379 11.0
5359 5360 5391 11.0
5280 5353 5391 11.0
5374 5236 5237 11.0
5264 5237 5235 11.0
5143 5364 5240 11.0
4974 5238 4973 11.0
4974 5240 5238 11.0
4973 5238 5278 11.0
5434 5438 5366 11.0
5434 5366 5428 11.0
5238 5239 5365 11.0
5342 5278 5365 11.0
5231 5227 5350 11.0
5085 5311 5350 11.0
5314 5368 5287 11.0
5272 5399 5443 11.0
5419 5399 5435 11.0
5399 5400 5444 11.0
5399 5444 5443 11.0
5403 5443 5444 11.0
5419 5436 5399 11.0
5403 5444 5402 11.0
5400 5402 5444 11.0
5272 5433 5399 11.0
5435 5399 5433 11.0
5260 5364 5445 11.0
5144 5445 5364 11.0
5144 5211 5445 11.0
5299 5425 5368 11.0
5289 5368 5425 11.0
5289 5287 5368 11.0
5398 5446 5344 11.0
5436 5446 5399 11.0
5398 5399 5446 11.0
5360 5358 5447 11.0
5416 5447 5358 11.0
5416 2611 5447 11.0
5211 5242 5445 11.0
5260 5445 5242 11.0
5344 5446 5345 11.0
5436 5345 5446 11.0
5228 5253 5312 11.0
5311 5312 5441 11.0
5360 5447 5241 11.0
2611 5241 5447 11.0
5325 5376 5448 11.0
5394 5448 5376 11.0
5394 5415 5448 11.0
5274 5272 5443 11.0
5274 5443 5403 11.0
5122 5131 5449 11.0
5288 5289 5449 11.0
5379 5288 5450 11.0
5325 5448 5358 11.0
5415 5358 5448 11.0
5412 5403 5451 11.0
5401 5451 5403 11.0
5412 5451 5373 11.0
5401 5373 5451 11.0
5396 5227 5452 11.0
5230 5452 5227 11.0
5396 5452 5340 11.0
5230 5340 5452 11.0
5124 5122 5453 11.0
5124 5453 5425 11.0
5289 5425 5453 11.0
5122 5449 5453 11.0
5289 5453 5449 11.0
5244 5278 5442 11.0
5342 5442 5278 11.0
5244 5442 5243 11.0
5243 5442 5343 11.0
5131 5129 5450 11.0
5379 5450 5129 11.0
5131 5450 5449 11.0
5449 5450 5288 11.0
5454 5456 5455 12.0
5457 5458 4446 12.0
5459 5461 5460 12.0
5462 5464 5463 12.0
5465 5467 5466 12.0
5468 5470 5469 12.0
5471 5473 5472 12.0
5454 5474 5456 12.0
5475 5456 5476 12.0
5471 5472 5477 12.0
5478 4567 5479 12.0
5480 5462 5481 12.0
5481 5462 5463 12.0
5482 5465 5483 12.0
5471 5477 5484 12.0
5485 5487 5486 12.0
5488 5490 5489 12.0
5491 5493 5492 12.0
5486 5487 5494 12.0
5495 5494 5487 12.0
5496 5497 5488 12.0
5498 5499 5497 12.0
5495 5497 5499 12.0
5500 5502 5501 12.0
5503 5505 5504 12.0
5492 5507 5506 12.0
5508 5486 5492 12.0
5509 5511 5510 12.0
5488 5489 5512 12.0
5488 5513 5496 12.0
5488 5512 5513 12.0
5514 5511 5509 12.0
5515 5517 5516 12.0
5518 5520 5519 12.0
5485 5486 5508 12.0
5459 5512 5521 12.0
5489 5521 5512 12.0
5459 5521 5461 12.0
5461 5521 5522 12.0
5523 5524 5519 12.0
5525 5527 5526 12.0
5518 5519 5528 12.0
5493 5529 5508 12.0
5467 5530 5468 12.0
5472 5473 5531 12.0
5477 5533 5532 12.0
5534 5536 5535 12.0
5485 5508 5537 12.0
5473 5539 5538 12.0
5540 5538 5541 12.0
5473 5538 5531 12.0
5540 5531 5538 12.0
5507 5492 5486 12.0
5493 5508 5492 12.0
5542 5544 5543 12.0
5545 5547 5546 12.0
5500 5501 5548 12.0
5545 5550 5549 12.0
5551 5524 5552 12.0
5551 5552 5548 12.0
5553 5555 5554 12.0
5553 5554 5516 12.0
5516 5554 5541 12.0
5486 5494 5556 12.0
5557 5556 5558 12.0
5486 5556 5507 12.0
5507 5556 5559 12.0
5553 5516 5560 12.0
5561 5550 5562 12.0
5561 5460 5550 12.0
5463 5464 5563 12.0
5463 5563 5500 12.0
5481 5463 5552 12.0
5500 5552 5463 12.0
5500 5548 5552 12.0
5504 5505 5537 12.0
5485 5537 5505 12.0
5504 5537 5564 12.0
5460 5561 5565 12.0
5566 5565 5567 12.0
5460 5565 5459 12.0
5566 5459 5565 12.0
5568 5569 5558 12.0
5555 5568 5499 12.0
5495 5499 5568 12.0
5487 5490 5495 12.0
5481 5570 5480 12.0
5571 5570 5523 12.0
5469 5573 5572 12.0
5469 5572 5468 12.0
5467 5468 5572 12.0
5560 5516 5574 12.0
5517 5574 5516 12.0
5517 5575 5574 12.0
5467 5572 5466 12.0
5495 5568 5558 12.0
5557 5558 5569 12.0
5495 5558 5494 12.0
5494 5558 5556 12.0
5576 5571 5577 12.0
5523 5577 5571 12.0
5466 5572 5578 12.0
5573 5578 5572 12.0
5573 5579 5578 12.0
5501 5502 5580 12.0
5581 5580 5582 12.0
5566 5533 5583 12.0
5566 5583 5459 12.0
5495 5490 5497 12.0
5488 5497 5490 12.0
5468 5584 5470 12.0
5585 5470 5584 12.0
5576 5586 5571 12.0
5481 5552 5587 12.0
5503 5589 5588 12.0
5503 5588 5505 12.0
5489 5522 5521 12.0
5590 5533 5591 12.0
5465 5466 5590 12.0
5515 5541 5592 12.0
5593 5541 5554 12.0
5515 5516 5541 12.0
5465 5590 5591 12.0
5566 5591 5533 12.0
5465 5591 5483 12.0
5460 5595 5594 12.0
5461 5595 5460 12.0
5596 5595 5597 12.0
5597 5595 5522 12.0
5598 5600 5599 12.0
5576 5577 5601 12.0
5482 5601 5602 12.0
5576 5601 5483 12.0
5482 5483 5601 12.0
5477 5532 5603 12.0
5604 5603 5532 12.0
5477 5603 5484 12.0
5604 5484 5603 12.0
5605 5606 5509 12.0
5525 5606 5607 12.0
5605 5608 5606 12.0
5577 5602 5601 12.0
5523 5602 5577 12.0
5523 5519 5602 12.0
5608 5610 5609 12.0
5605 5610 5608 12.0
5551 5610 5611 12.0
5612 5528 5605 12.0
5613 5615 5614 12.0
5553 5600 5569 12.0
5557 5569 5600 12.0
5553 5569 5555 12.0
5555 5569 5568 12.0
5554 5555 5616 12.0
5604 5578 5579 12.0
5466 5578 5532 12.0
5604 5532 5578 12.0
5608 5607 5606 12.0
5501 5607 5608 12.0
5525 5607 5580 12.0
5501 5580 5607 12.0
5617 5560 5618 12.0
5574 5575 5618 12.0
5464 5619 5563 12.0
5620 5563 5619 12.0
5483 5591 5567 12.0
5566 5567 5591 12.0
5483 5567 5562 12.0
5561 5567 5565 12.0
5621 5622 5544 12.0
5528 5611 5610 12.0
5519 5611 5528 12.0
5551 5611 5524 12.0
5519 5524 5611 12.0
5477 5472 5623 12.0
5624 5623 5625 12.0
5477 5623 5533 12.0
5523 5587 5524 12.0
5481 5587 5570 12.0
5523 5570 5587 12.0
5482 5520 5530 12.0
5482 5530 5465 12.0
5467 5465 5530 12.0
5557 5600 5559 12.0
5557 5559 5556 12.0
5626 5507 5559 12.0
5512 5459 5513 12.0
5586 5627 5571 12.0
5480 5628 5627 12.0
5571 5628 5570 12.0
5480 5570 5628 12.0
5518 5528 5612 12.0
5610 5605 5528 12.0
5605 5509 5612 12.0
5596 5594 5595 12.0
5549 5594 5596 12.0
5460 5594 5550 12.0
5549 5550 5594 12.0
5624 5583 5629 12.0
5533 5629 5583 12.0
5624 5629 5623 12.0
5533 5623 5629 12.0
5540 5541 5593 12.0
5592 5541 5539 12.0
5539 5541 5538 12.0
5496 5513 5625 12.0
5624 5625 5513 12.0
5472 5625 5623 12.0
5588 5522 5489 12.0
5589 5522 5588 12.0
5461 5522 5595 12.0
5589 5597 5522 12.0
5586 5576 5546 12.0
5561 5562 5567 12.0
5576 5483 5562 12.0
5613 5614 5617 12.0
5598 5599 5614 12.0
5519 5520 5602 12.0
5482 5602 5520 12.0
5540 5593 5630 12.0
5499 5616 5555 12.0
5593 5554 5616 12.0
5613 5617 5535 12.0
5560 5617 5599 12.0
5599 5617 5614 12.0
5499 5498 5630 12.0
5540 5630 5498 12.0
5499 5630 5616 12.0
5616 5630 5593 12.0
5496 5498 5497 12.0
5540 5498 5531 12.0
5631 5531 5496 12.0
5524 5587 5552 12.0
5501 5608 5609 12.0
5551 5609 5610 12.0
5501 5609 5548 12.0
5551 5548 5609 12.0
5459 5583 5513 12.0
5624 5513 5583 12.0
5628 5571 5627 12.0
5547 5627 5586 12.0
5466 5532 5632 12.0
5533 5632 5532 12.0
5466 5632 5590 12.0
5533 5590 5632 12.0
5581 5527 5633 12.0
5525 5633 5527 12.0
5581 5633 5580 12.0
5525 5580 5633 12.0
5496 5625 5631 12.0
5472 5631 5625 12.0
5498 5496 5531 12.0
5472 5531 5631 12.0
5560 5599 5553 12.0
5553 5599 5600 12.0
5563 5620 5634 12.0
5620 5542 5543 12.0
5543 5544 5582 12.0
5620 5543 5634 12.0
5478 5479 5635 12.0
5479 5637 5636 12.0
5479 5636 5635 12.0
5615 5635 5636 12.0
5626 5638 5506 12.0
5639 5638 5640 12.0
5640 5638 5641 12.0
5505 5642 5485 12.0
5490 5642 5489 12.0
5563 5634 5500 12.0
5502 5500 5634 12.0
5615 5643 5614 12.0
5644 5646 5645 12.0
5626 5646 5638 12.0
5644 5638 5646 12.0
5508 5529 5647 12.0
5564 5647 5529 12.0
5508 5647 5537 12.0
5564 5537 5647 12.0
5476 5514 5648 12.0
5476 5648 5475 12.0
5527 5581 5649 12.0
5622 5649 5581 12.0
5622 5621 5649 12.0
5534 5618 5575 12.0
5535 5618 5534 12.0
5574 5618 5560 12.0
5535 5617 5618 12.0
5644 5643 5650 12.0
5651 5650 5652 12.0
5651 5458 5650 12.0
5585 5584 5510 12.0
5612 5510 5653 12.0
5585 5510 5511 12.0
5612 5509 5510 12.0
5654 5652 5636 12.0
5651 5652 5654 12.0
5615 5652 5643 12.0
5643 5652 5650 12.0
5650 5458 5641 12.0
5614 5643 5645 12.0
5644 5645 5643 12.0
5614 5645 5598 12.0
5598 5645 5646 12.0
5562 5546 5576 12.0
5550 5546 5562 12.0
5586 5546 5547 12.0
5550 5545 5546 12.0
5527 5649 5655 12.0
5621 5655 5649 12.0
5527 5655 5455 12.0
5621 5656 5655 12.0
5490 5487 5642 12.0
5485 5642 5487 12.0
5634 5543 5582 12.0
5622 5582 5544 12.0
5634 5582 5502 12.0
5478 5635 5657 12.0
5535 5657 5635 12.0
5478 5657 5536 12.0
5535 5536 5657 12.0
5502 5582 5580 12.0
5622 5581 5582 12.0
5514 5509 5648 12.0
5606 5648 5509 12.0
5475 5455 5456 12.0
5527 5455 5475 12.0
5454 5455 5656 12.0
5656 5455 5655 12.0
5535 5635 5613 12.0
5615 5613 5635 12.0
5530 5520 5658 12.0
5518 5658 5520 12.0
5530 5658 5468 12.0
5468 5658 5653 12.0
5644 5650 5641 12.0
5457 5641 5458 12.0
5644 5641 5638 12.0
5457 5640 5641 12.0
5598 5646 5659 12.0
5626 5659 5646 12.0
5598 5659 5600 12.0
5518 5612 5653 12.0
5584 5653 5510 12.0
5518 5653 5658 12.0
5584 5468 5653 12.0
5489 5642 5588 12.0
5505 5588 5642 12.0
5626 5559 5659 12.0
5600 5659 5559 12.0
5606 5525 5526 12.0
5475 5526 5527 12.0
5606 5526 5648 12.0
5475 5648 5526 12.0
5615 5636 5652 12.0
5637 5654 5636 12.0
5639 5506 5638 12.0
5491 5506 5639 12.0
5626 5506 5507 12.0
5491 5492 5506 12.0
5660 5661 5462 12.0
5662 5457 4446 12.0
5464 5462 5661 12.0
5663 5665 5664 12.0
5666 5663 5667 12.0
5665 5663 5668 12.0
5669 5671 5670 12.0
5462 5480 5660 12.0
5672 5674 5673 12.0
5675 5677 5676 12.0
5678 5680 5679 12.0
5681 5683 5682 12.0
5677 5684 5676 12.0
5685 5676 5684 12.0
5491 5686 5493 12.0
5673 5674 5687 12.0
5685 5687 5688 12.0
5689 5691 5690 12.0
5685 5692 5687 12.0
5673 5694 5693 12.0
5695 5686 5677 12.0
5696 5697 5690 12.0
5503 5504 5698 12.0
5699 5701 5700 12.0
5702 5704 5703 12.0
5705 5703 5706 12.0
5705 5707 5703 12.0
5708 5694 5709 12.0
5710 5709 5711 12.0
5708 5709 5712 12.0
5627 5547 5713 12.0
5480 5627 5714 12.0
5715 5717 5716 12.0
5718 5703 5707 12.0
5480 5714 5660 12.0
5719 5714 5720 12.0
5721 5547 5722 12.0
5723 5724 5665 12.0
5725 5727 5726 12.0
5725 5729 5728 12.0
5718 5731 5730 12.0
5718 5730 5703 12.0
5675 5695 5677 12.0
5665 5732 5723 12.0
5733 5723 5732 12.0
5734 5736 5735 12.0
5737 5739 5738 12.0
5740 5739 5741 12.0
5696 5690 5742 12.0
5691 5742 5690 12.0
5696 5742 5743 12.0
5743 5742 5744 12.0
5493 5686 5695 12.0
5745 5677 5686 12.0
5493 5695 5529 12.0
5682 5746 5681 12.0
5639 5640 5747 12.0
5504 5564 5748 12.0
5675 5748 5695 12.0
5661 5749 5464 12.0
5750 5751 5743 12.0
5696 5743 5752 12.0
5753 5755 5754 12.0
5684 5757 5756 12.0
5677 5757 5684 12.0
5758 5757 5759 12.0
5677 5745 5757 12.0
5760 5762 5761 12.0
5763 5761 5764 12.0
5504 5748 5698 12.0
5675 5698 5748 12.0
5765 5767 5766 12.0
5675 5768 5698 12.0
5769 5768 5676 12.0
5675 5676 5768 12.0
5702 5771 5770 12.0
5758 5772 5771 12.0
5773 5775 5774 12.0
5700 5775 5678 12.0
5691 5744 5742 12.0
5776 5744 5777 12.0
5743 5744 5750 12.0
5778 5720 5721 12.0
5719 5720 5779 12.0
5778 5755 5720 12.0
5729 5781 5780 12.0
5729 5780 5728 12.0
5728 5780 5782 12.0
5689 5784 5783 12.0
5672 5783 5785 12.0
5689 5783 5691 12.0
5672 5691 5783 12.0
5786 5788 5787 12.0
5753 5788 5786 12.0
5789 5788 5727 12.0
5727 5788 5790 12.0
5733 5792 5791 12.0
5793 5678 5791 12.0
5789 5727 5728 12.0
5772 5759 5794 12.0
5758 5759 5772 12.0
5795 5759 5745 12.0
5745 5759 5757 12.0
5796 5767 5797 12.0
5724 5773 5780 12.0
5723 5773 5724 12.0
5723 5775 5773 12.0
5503 5798 5589 12.0
5503 5698 5798 12.0
5798 5784 5799 12.0
5689 5690 5800 12.0
5689 5800 5799 12.0
5596 5597 5800 12.0
5710 5692 5801 12.0
5771 5801 5692 12.0
5710 5801 5702 12.0
5702 5801 5771 12.0
5802 5724 5780 12.0
5803 5780 5773 12.0
5802 5780 5781 12.0
5694 5711 5709 12.0
5673 5711 5694 12.0
5673 5687 5711 12.0
5665 5724 5664 12.0
5802 5664 5724 12.0
5795 5745 5804 12.0
5750 5805 5716 12.0
5716 5805 5806 12.0
5806 5805 5693 12.0
5786 5807 5779 12.0
5699 5807 5786 12.0
5719 5807 5808 12.0
5699 5809 5807 12.0
5810 5749 5811 12.0
5661 5811 5749 12.0
5661 5812 5811 12.0
5740 5762 5734 12.0
5733 5746 5792 12.0
5810 5792 5682 12.0
5810 5793 5792 12.0
5765 5814 5813 12.0
5754 5751 5814 12.0
5710 5711 5692 12.0
5687 5692 5711 12.0
5762 5764 5761 12.0
5740 5764 5762 12.0
5763 5764 5704 12.0
5691 5777 5744 12.0
5672 5777 5691 12.0
5777 5672 5815 12.0
5596 5800 5697 12.0
5690 5697 5800 12.0
5596 5697 5549 12.0
5694 5806 5693 12.0
5776 5693 5805 12.0
5731 5712 5730 12.0
5816 5817 5746 12.0
5758 5771 5756 12.0
5685 5756 5692 12.0
5771 5692 5756 12.0
5743 5751 5818 12.0
5754 5818 5751 12.0
5743 5818 5752 12.0
5754 5752 5818 12.0
5701 5782 5774 12.0
5789 5782 5787 12.0
5803 5782 5780 12.0
5789 5728 5782 12.0
5660 5809 5819 12.0
5812 5819 5820 12.0
5660 5819 5661 12.0
5812 5661 5819 12.0
5597 5799 5800 12.0
5589 5799 5597 12.0
5689 5799 5784 12.0
5589 5798 5799 12.0
5754 5755 5821 12.0
5778 5821 5755 12.0
5754 5821 5752 12.0
5752 5821 5822 12.0
5753 5754 5790 12.0
5710 5730 5709 12.0
5709 5730 5712 12.0
5701 5787 5782 12.0
5699 5787 5701 12.0
5789 5787 5788 12.0
5699 5786 5787 12.0
5750 5716 5813 12.0
5750 5813 5751 12.0
5751 5813 5814 12.0
5810 5811 5680 12.0
5812 5680 5811 12.0
5810 5680 5793 12.0
5793 5680 5678 12.0
5704 5741 5706 12.0
5740 5741 5764 12.0
5704 5764 5741 12.0
5755 5779 5720 12.0
5753 5779 5755 12.0
5719 5779 5807 12.0
5753 5786 5779 12.0
5758 5756 5757 12.0
5685 5684 5756 12.0
5660 5714 5808 12.0
5719 5808 5714 12.0
5660 5808 5809 12.0
5809 5808 5807 12.0
5464 5749 5619 12.0
5683 5619 5749 12.0
5776 5805 5823 12.0
5750 5823 5805 12.0
5776 5823 5744 12.0
5750 5744 5823 12.0
5809 5820 5819 12.0
5699 5820 5809 12.0
5699 5700 5820 12.0
5772 5770 5771 12.0
5763 5770 5772 12.0
5702 5770 5704 12.0
5763 5704 5770 12.0
5769 5676 5688 12.0
5685 5688 5676 12.0
5769 5688 5674 12.0
5674 5688 5687 12.0
5776 5777 5815 12.0
5673 5815 5672 12.0
5776 5815 5693 12.0
5673 5693 5815 12.0
5749 5682 5683 12.0
5810 5682 5749 12.0
5817 5681 5746 12.0
5746 5682 5792 12.0
5814 5790 5754 12.0
5753 5790 5788 12.0
5824 5727 5790 12.0
5763 5772 5794 12.0
5795 5794 5759 12.0
5700 5678 5679 12.0
5812 5679 5680 12.0
5700 5679 5820 12.0
5812 5820 5679 12.0
5696 5752 5822 12.0
5778 5822 5821 12.0
5778 5721 5822 12.0
5784 5785 5783 12.0
5769 5785 5825 12.0
5672 5785 5674 12.0
5769 5674 5785 12.0
5803 5773 5774 12.0
5700 5774 5775 12.0
5803 5774 5782 12.0
5700 5701 5774 12.0
5760 5761 5747 12.0
5639 5747 5804 12.0
5727 5824 5726 12.0
5728 5727 5725 12.0
5767 5765 5826 12.0
5716 5717 5827 12.0
5734 5828 5740 12.0
5671 5828 5670 12.0
5740 5828 5739 12.0
5545 5722 5547 12.0
5721 5722 5822 12.0
5734 5762 5829 12.0
5760 5829 5762 12.0
5671 5738 5830 12.0
5739 5830 5738 12.0
5671 5830 5828 12.0
5739 5828 5830 12.0
5716 5827 5813 12.0
5765 5813 5827 12.0
5831 5735 5736 12.0
5670 5735 5831 12.0
5734 5735 5828 12.0
5670 5828 5735 12.0
5832 5816 5833 12.0
5746 5833 5816 12.0
5832 5833 5732 12.0
5827 5826 5765 12.0
5717 5826 5827 12.0
5767 5826 5797 12.0
5717 5797 5826 12.0
5564 5529 5834 12.0
5695 5834 5529 12.0
5564 5834 5748 12.0
5695 5748 5834 12.0
5763 5794 5761 12.0
5769 5825 5768 12.0
5798 5825 5784 12.0
5784 5825 5785 12.0
5822 5722 5835 12.0
5697 5835 5836 12.0
5822 5835 5696 12.0
5697 5696 5835 12.0
5721 5713 5547 12.0
5720 5713 5721 12.0
5627 5713 5714 12.0
5720 5714 5713 12.0
5732 5833 5837 12.0
5746 5837 5833 12.0
5732 5837 5733 12.0
5746 5733 5837 12.0
5734 5829 5838 12.0
5839 5838 5840 12.0
5734 5838 5736 12.0
5839 5736 5838 12.0
5716 5806 5841 12.0
5842 5841 5843 12.0
5716 5841 5715 12.0
5842 5715 5841 12.0
5829 5840 5838 12.0
5760 5840 5829 12.0
5839 5840 5662 12.0
5704 5706 5703 12.0
5739 5706 5741 12.0
5705 5706 5737 12.0
5739 5737 5706 12.0
5806 5843 5841 12.0
5694 5843 5806 12.0
5842 5843 5708 12.0
5694 5708 5843 12.0
5662 5840 5457 12.0
5775 5723 5791 12.0
5733 5791 5723 12.0
5775 5791 5678 12.0
5793 5791 5792 12.0
5732 5665 5668 12.0
5666 5668 5663 12.0
5732 5668 5832 12.0
5666 5832 5668 12.0
5768 5825 5698 12.0
5798 5698 5825 12.0
5795 5747 5844 12.0
5761 5844 5747 12.0
5795 5844 5794 12.0
5761 5794 5844 12.0
5760 5747 5845 12.0
5640 5845 5747 12.0
5640 5457 5845 12.0
5710 5702 5846 12.0
5703 5846 5702 12.0
5710 5846 5730 12.0
5703 5730 5846 12.0
5760 5845 5840 12.0
5457 5840 5845 12.0
5824 5790 5766 12.0
5814 5766 5790 12.0
5824 5766 5767 12.0
5814 5765 5766 12.0
5545 5549 5836 12.0
5697 5836 5549 12.0
5545 5836 5722 12.0
5722 5836 5835 12.0
5726 5824 5847 12.0
5767 5847 5824 12.0
5726 5847 5796 12.0
5767 5796 5847 12.0
5686 5804 5745 12.0
5491 5804 5686 12.0
5795 5804 5747 12.0
5491 5639 5804 12.0
5848 5474 5454 12.0
5849 5620 5850 12.0
5619 5850 5620 12.0
5851 5853 5852 12.0
5854 5848 5454 12.0
5542 5620 5855 12.0
5856 5850 5619 12.0
5857 5850 5856 12.0
5850 5857 5849 12.0
5858 5860 5859 12.0
1768 5861 1766 12.0
1774 5862 5861 12.0
1774 5861 1768 12.0
1774 1791 5862 12.0
5863 5858 5864 12.0
1750 5866 5865 12.0
1750 5867 5866 12.0
1791 1750 5865 12.0
1792 5867 1750 12.0
1792 1726 5867 12.0
5868 5867 1726 12.0
5865 5862 1791 12.0
5869 5848 5854 12.0
5870 5868 1726 12.0
5853 5872 5871 12.0
5857 5874 5873 12.0
5853 5860 5875 12.0
5871 5852 5853 12.0
5864 5858 5859 12.0
5874 5857 5856 12.0
5875 5872 5853 12.0
5876 5860 5877 12.0
5853 5877 5860 12.0
5858 5875 5860 12.0
5860 5876 5859 12.0
5878 5879 5863 12.0
5880 5864 5859 12.0
5881 5883 5882 12.0
5881 5882 5884 12.0
5885 5887 5886 12.0
5888 5882 5879 12.0
5882 5883 5879 12.0
5889 5891 5890 12.0
5890 5887 5892 12.0
5883 5893 5879 12.0
5894 5857 5873 12.0
5852 5895 5851 12.0
5890 5891 5887 12.0
5893 5883 5896 12.0
5881 5896 5883 12.0
5897 5873 5874 12.0
5898 5873 5897 12.0
5890 5892 5899 12.0
5900 5899 5892 12.0
5901 5898 5897 12.0
5902 5904 5903 12.0
5870 1726 5905 12.0
5906 5908 5907 12.0
5895 5910 5909 12.0
5911 5912 1668 12.0
1668 5912 5913 12.0
5904 5915 5914 12.0
5916 5917 5885 12.0
1723 5918 1724 12.0
5919 5918 5920 12.0
5911 5922 5921 12.0
5923 1719 5924 12.0
5919 5925 5924 12.0
5926 5927 5851 12.0
5928 5930 5929 12.0
5902 5928 5931 12.0
5885 5932 5887 12.0
5933 5935 5934 12.0
5936 5937 5909 12.0
5938 5940 5939 12.0
5941 5943 5942 12.0
5911 5921 5912 12.0
5944 5921 5922 12.0
5945 5946 5939 12.0
5880 5878 5864 12.0
5947 5949 5948 12.0
5892 5887 5950 12.0
5951 5953 5952 12.0
5954 5956 5955 12.0
5957 5959 5958 12.0
5958 5959 5960 12.0
5961 5963 5962 12.0
5964 5894 5965 12.0
5964 5965 5966 12.0
5967 5965 5968 12.0
5931 5965 5969 12.0
5894 5969 5965 12.0
5970 5972 5971 12.0
5973 5971 5972 12.0
5974 5976 5975 12.0
5656 5621 5975 12.0
5869 5978 5977 12.0
5979 5977 5978 12.0
5980 5982 5981 12.0
5983 5979 5978 12.0
5854 5978 5869 12.0
5984 5986 5985 12.0
5987 5884 5988 12.0
5989 5991 5990 12.0
5992 5993 5990 12.0
5914 5903 5904 12.0
5943 5903 5914 12.0
5983 5978 5994 12.0
5995 5994 5996 12.0
5983 5994 5997 12.0
5931 5968 5965 12.0
5997 5967 5968 12.0
5998 6000 5999 12.0
6001 6000 6002 12.0
6001 6003 6000 12.0
6004 6005 5998 12.0
5998 6005 6002 12.0
5880 6007 6006 12.0
5880 6006 5878 12.0
6008 6010 6009 12.0
6011 6012 5984 12.0
6013 5960 5959 12.0
6014 6015 5990 12.0
6016 5877 6017 12.0
6018 6020 6019 12.0
6021 6022 5988 12.0
5961 5988 6023 12.0
6021 5988 5884 12.0
5961 5987 5988 12.0
5979 6025 6024 12.0
6026 6028 6027 12.0
6029 6031 6030 12.0
6032 6027 6033 12.0
6011 6034 6012 12.0
6011 5957 6034 12.0
5970 6006 6035 12.0
6007 6035 6006 12.0
5970 6035 5972 12.0
5970 6037 6036 12.0
5960 6039 6038 12.0
6013 6039 5960 12.0
5942 5915 6013 12.0
6040 5935 6041 12.0
6042 6043 6041 12.0
5870 5955 6044 12.0
6014 6045 6015 12.0
6026 6045 6028 12.0
6040 6046 5935 12.0
6047 5949 6048 12.0
6049 6012 6048 12.0
5942 6051 6050 12.0
6013 6051 5942 12.0
6013 5959 6051 12.0
1723 5938 6052 12.0
6053 5920 6052 12.0
5951 6054 5987 12.0
6055 6015 6045 12.0
6056 6011 5985 12.0
6057 5957 6056 12.0
1726 6058 5905 12.0
1726 5982 6058 12.0
6054 5916 5886 12.0
5951 5916 6054 12.0
5932 5885 5917 12.0
5542 6059 5544 12.0
5974 6059 6060 12.0
1719 1724 6061 12.0
1719 6061 5924 12.0
5919 5924 6061 12.0
6007 6063 6062 12.0
6064 6065 6018 12.0
6066 6065 5930 12.0
6064 5930 6065 12.0
6067 6069 6068 12.0
6070 6069 6062 12.0
5945 6069 5946 12.0
6070 5946 6069 12.0
5923 6071 1713 12.0
5923 5924 6071 12.0
1724 5918 6061 12.0
5919 6061 5918 12.0
5910 6073 6072 12.0
6043 6042 5922 12.0
5933 6042 5935 12.0
5922 6042 5944 12.0
1723 6052 6074 12.0
5920 6074 6052 12.0
1723 6074 5918 12.0
5920 5918 6074 12.0
6075 6002 6076 12.0
6001 6002 6075 12.0
6077 6002 6005 12.0
5998 6002 6000 12.0
5954 5955 6078 12.0
6079 6081 6080 12.0
5939 5940 6082 12.0
6083 6071 6084 12.0
5924 6084 6071 12.0
6083 6084 5925 12.0
5924 5925 6084 12.0
6083 6085 6071 12.0
5947 6086 6004 12.0
6055 6087 6015 12.0
6053 6052 6088 12.0
5938 6088 6052 12.0
5938 5939 6088 12.0
5919 6089 5925 12.0
5926 5925 6089 12.0
6090 6067 6068 12.0
5945 6068 6069 12.0
5913 6068 6082 12.0
6091 5980 6085 12.0
6077 6005 6092 12.0
6093 6092 6005 12.0
6077 6092 6028 12.0
5967 5966 5965 12.0
5891 5886 5887 12.0
6054 5886 5891 12.0
5885 5886 5916 12.0
5943 5941 6094 12.0
5893 5863 5879 12.0
5864 5878 5863 12.0
5879 5878 5888 12.0
5906 5934 6046 12.0
5935 6046 5934 12.0
5902 5931 6095 12.0
5902 6095 5904 12.0
6096 6098 6097 12.0
5989 6100 6099 12.0
5915 6101 6039 12.0
5904 6101 5915 12.0
5881 6054 5891 12.0
5881 5891 5896 12.0
5889 5896 5891 12.0
5908 5906 6102 12.0
6021 6102 6022 12.0
6032 6033 6103 12.0
6093 6033 6027 12.0
6104 6033 6105 12.0
6093 6086 6033 12.0
6106 6097 6107 12.0
5926 5909 5937 12.0
5926 5937 5925 12.0
6083 5925 5937 12.0
6022 6023 5988 12.0
6106 6023 6022 12.0
5961 6023 6108 12.0
6106 6107 6023 12.0
6007 6067 6035 12.0
6090 6035 6067 12.0
6090 5972 6035 12.0
5948 6109 6105 12.0
5978 5996 5994 12.0
5854 5996 5978 12.0
5995 5996 5976 12.0
5976 5996 6110 12.0
5963 6112 6111 12.0
6113 6112 5963 12.0
6055 6112 6087 12.0
6087 6112 6098 12.0
5941 5942 6050 12.0
6114 6050 6051 12.0
5917 6032 6103 12.0
6104 6103 6033 12.0
5917 6103 5932 12.0
6104 5932 6103 12.0
5884 5987 6054 12.0
5884 6054 5881 12.0
5930 5928 6066 12.0
6077 6076 6002 12.0
6115 6075 6076 12.0
5968 5929 6116 12.0
5931 5929 5968 12.0
6117 5929 5930 12.0
5931 5928 5929 12.0
6095 5969 5873 12.0
6049 6048 5999 12.0
5982 5980 6058 12.0
5908 6102 6118 12.0
6021 5884 5882 12.0
5939 5946 6088 12.0
6053 6088 5946 12.0
5983 5997 6119 12.0
6117 6116 5929 12.0
5997 5968 6116 12.0
5966 6120 6060 12.0
5995 6120 5966 12.0
5974 6120 5976 12.0
5995 5976 6120 12.0
5958 6121 5957 12.0
5971 6037 5970 12.0
6093 6005 6122 12.0
6004 6122 6005 12.0
6093 6122 6086 12.0
6004 6086 6122 12.0
5957 6121 6034 12.0
6123 6034 6047 12.0
5957 6057 5959 12.0
6114 6057 6056 12.0
6011 6056 5957 12.0
6116 6119 5997 12.0
6117 6119 6116 12.0
5983 6119 6025 12.0
6117 6025 6119 12.0
6113 6098 6112 12.0
6100 6087 6098 12.0
5902 5903 5928 12.0
5995 5966 5994 12.0
5967 5994 5966 12.0
5967 5997 5994 12.0
6124 5960 6038 12.0
5894 5964 6125 12.0
5899 5900 5901 12.0
5977 5979 6126 12.0
5983 6025 5979 12.0
6064 6025 6127 12.0
6117 6127 6025 12.0
6064 6127 5930 12.0
6117 5930 6127 12.0
6037 5971 6128 12.0
5933 5934 6128 12.0
5851 5927 5853 12.0
5877 5853 5927 12.0
6109 6124 6129 12.0
6081 6079 6096 12.0
6004 5998 5999 12.0
6049 5999 6000 12.0
6026 6027 6032 12.0
6125 6060 5855 12.0
5964 6060 6125 12.0
5974 6060 6120 12.0
5964 5966 6060 12.0
6003 6008 6009 12.0
5984 6012 6009 12.0
5971 5973 6128 12.0
5931 5969 6095 12.0
6076 6130 5993 12.0
6077 6130 6076 12.0
6077 6028 6130 12.0
6083 5937 5936 12.0
6083 5936 6085 12.0
5951 5952 6131 12.0
5917 6131 6032 12.0
5951 6131 5916 12.0
5917 5916 6131 12.0
5952 6032 6131 12.0
6026 6032 5952 12.0
5973 6132 6128 12.0
5933 6128 6132 12.0
6090 6133 5972 12.0
5986 5984 6010 12.0
6107 6108 6023 12.0
6113 6108 6107 12.0
5961 6108 5963 12.0
6113 5963 6108 12.0
5947 5948 6105 12.0
6104 6105 6109 12.0
5947 6105 6086 12.0
6086 6105 6033 12.0
5973 6133 6134 12.0
5912 6134 6133 12.0
5973 6134 5921 12.0
5912 5921 6134 12.0
5880 6063 6007 12.0
5859 5876 5880 12.0
6063 5880 5876 12.0
6115 6076 5993 12.0
6014 5993 6130 12.0
6115 5993 5992 12.0
5857 5894 5849 12.0
6125 5849 5894 12.0
5914 5915 5942 12.0
6039 6013 5915 12.0
5914 5942 5943 12.0
6012 6034 6123 12.0
6121 6047 6034 12.0
6012 6123 6048 12.0
6047 6048 6123 12.0
6100 5989 6087 12.0
5991 5989 6135 12.0
5973 5972 6133 12.0
6093 6027 6092 12.0
6028 6092 6027 12.0
6067 6062 6069 12.0
6007 6062 6067 12.0
6070 6062 6136 12.0
5955 5956 6137 12.0
6031 6138 6020 12.0
5933 6132 5944 12.0
5933 5944 6042 12.0
6091 6058 5980 12.0
6000 6003 6009 12.0
5984 6009 6010 12.0
6000 6009 6049 12.0
6049 6009 6012 12.0
6080 6041 6043 12.0
6081 6041 6080 12.0
6042 6041 5935 12.0
6081 6040 6041 12.0
5985 5986 6030 12.0
5984 5985 6011 12.0
5912 6139 5913 12.0
6090 6139 6133 12.0
5912 6133 6139 12.0
6114 6140 6050 12.0
6056 6140 6114 12.0
6020 6140 6031 12.0
5877 6016 5876 12.0
5979 6024 6126 12.0
6141 6126 6024 12.0
6024 6142 6141 12.0
6143 6141 6142 12.0
5932 5950 5887 12.0
5900 5892 5950 12.0
6142 6024 6025 12.0
5950 6129 5900 12.0
6038 5900 6129 12.0
6038 6129 6124 12.0
6129 5950 6109 12.0
6097 6106 6144 12.0
6046 6040 6144 12.0
6040 6081 6144 12.0
5928 5903 6066 12.0
5898 6101 6145 12.0
5898 6145 5873 12.0
5949 6047 6146 12.0
5960 6124 6146 12.0
5900 6038 6147 12.0
6101 5898 6147 12.0
5989 6099 6135 12.0
6096 6099 6098 12.0
6098 6099 6100 12.0
6047 6121 6146 12.0
6025 6064 6142 12.0
6143 6142 6019 12.0
6124 6109 6146 12.0
6059 5974 6148 12.0
5975 6148 5974 12.0
5975 5621 6148 12.0
1681 6096 6079 12.0
6135 6099 1681 12.0
6099 6096 1681 12.0
5905 6058 6149 12.0
5905 6149 6078 12.0
6078 6149 6150 12.0
6022 6151 6106 12.0
6151 6022 5906 12.0
6085 5936 6091 12.0
6021 6118 6102 12.0
5882 6118 6021 12.0
5908 6118 5888 12.0
5882 5888 6118 12.0
6038 6039 6147 12.0
6101 6147 6039 12.0
6046 6151 5906 12.0
6102 5906 6022 12.0
6152 6017 6153 12.0
6016 6017 6152 12.0
5927 6017 5877 12.0
6106 6151 6144 12.0
6046 6144 6151 12.0
6154 6070 6136 12.0
6063 6136 6062 12.0
6154 6136 6016 12.0
6152 5920 6155 12.0
6053 6155 5920 12.0
6053 6154 6155 12.0
5656 5975 6110 12.0
5656 6110 5454 12.0
5854 5454 6110 12.0
6059 5542 5855 12.0
5849 5855 5620 12.0
6059 5855 6060 12.0
5849 6125 5855 12.0
6091 6156 6072 12.0
5909 6156 5936 12.0
6091 5936 6156 12.0
6045 6026 6157 12.0
5952 6157 6026 12.0
6045 6157 6055 12.0
5854 6110 5996 12.0
5975 5976 6110 12.0
6109 5950 6158 12.0
5932 6158 5950 12.0
6109 6158 6104 12.0
5932 6104 6158 12.0
6004 5999 5947 12.0
5908 6036 6037 12.0
5888 6036 5908 12.0
5888 5878 6036 12.0
5903 5943 6159 12.0
6094 6159 5943 12.0
5903 6159 6066 12.0
6094 6066 6159 12.0
6097 6144 6096 12.0
6081 6096 6144 12.0
5970 6036 6006 12.0
5878 6006 6036 12.0
5953 5963 6111 12.0
6055 6111 6112 12.0
5952 5953 6160 12.0
6089 6153 6017 12.0
5919 6153 6089 12.0
6152 6153 5920 12.0
5919 5920 6153 12.0
6095 6145 5904 12.0
6101 5904 6145 12.0
6037 6128 5907 12.0
5934 5907 6128 12.0
6037 5907 5908 12.0
5934 5906 5907 12.0
6130 6028 6161 12.0
6045 6161 6028 12.0
6130 6161 6014 12.0
6045 6014 6161 12.0
6111 6160 5953 12.0
6055 6160 6111 12.0
5952 6160 6157 12.0
6055 6157 6160 12.0
5949 6146 5948 12.0
6109 5948 6146 12.0
5987 5961 5962 12.0
5953 5962 5963 12.0
5987 5962 5951 12.0
5953 5951 5962 12.0
6072 6073 6150 12.0
5954 6150 6073 12.0
6072 6150 6149 12.0
5954 6078 6150 12.0
5945 6082 6068 12.0
5939 6082 5945 12.0
5913 6082 1668 12.0
1668 6082 5940 12.0
6089 5927 5926 12.0
6089 6017 5927 12.0
6087 5990 6015 12.0
5989 5990 6087 12.0
6014 5990 5993 12.0
5992 5990 5991 12.0
6154 6053 6162 12.0
5946 6162 6053 12.0
6154 6162 6070 12.0
5946 6070 6162 12.0
6048 5949 6163 12.0
5947 6163 5949 12.0
6048 6163 5999 12.0
5947 5999 6163 12.0
6020 6018 6164 12.0
6094 6164 6018 12.0
6020 6164 5941 12.0
6094 5941 6164 12.0
6059 6148 5544 12.0
5621 5544 6148 12.0
6154 6016 6155 12.0
6152 6155 6016 12.0
6085 5980 5981 12.0
1713 5981 5982 12.0
6085 5981 6071 12.0
1713 6071 5981 12.0
5955 5870 6165 12.0
5905 6165 5870 12.0
5955 6165 6078 12.0
5905 6078 6165 12.0
6072 6149 6091 12.0
6058 6091 6149 12.0
5909 5851 5895 12.0
5909 5926 5851 12.0
5909 5910 6156 12.0
6072 6156 5910 12.0
6166 6137 5956 12.0
6167 6137 6166 12.0
5955 6137 6044 12.0
6167 6044 6137 12.0
6113 6107 6168 12.0
6097 6168 6107 12.0
6113 6168 6098 12.0
6097 6098 6168 12.0
6063 5876 6136 12.0
6016 6136 5876 12.0
5894 5873 5969 12.0
6095 5873 6145 12.0
5944 6132 5921 12.0
5973 5921 6132 12.0
6056 5985 6030 12.0
6029 6030 5986 12.0
6056 6030 6140 12.0
6140 6030 6031 12.0
5913 6139 6068 12.0
6090 6068 6139 12.0
6066 6094 6065 12.0
6018 6065 6094 12.0
6064 6019 6142 12.0
6018 6019 6064 12.0
6143 6019 6138 12.0
6138 6019 6020 12.0
6020 5941 6169 12.0
6050 6169 5941 12.0
6020 6169 6140 12.0
6050 6140 6169 12.0
5959 6057 6051 12.0
6114 6051 6057 12.0
6121 5958 6146 12.0
5960 6146 5958 12.0
6147 5898 6170 12.0
5901 6170 5898 12.0
6147 6170 5900 12.0
5901 5900 6170 12.0
5897 6172 6171 12.0
5666 5667 6173 12.0
6174 5890 5899 12.0
5896 5889 6175 12.0
6176 5681 5817 12.0
6177 6178 5863 12.0
6179 6180 5871 12.0
6181 5858 6178 12.0
6179 6182 6180 12.0
2130 6184 6183 12.0
6185 5856 6186 12.0
6187 2145 6188 12.0
6188 2177 6189 12.0
6189 6187 6188 12.0
6189 2177 2196 12.0
6190 2147 2145 12.0
6184 2130 6191 12.0
2194 6191 2130 12.0
6185 5874 5856 12.0
2147 6191 2194 12.0
2147 6190 6192 12.0
6192 6191 2147 12.0
2145 6187 6190 12.0
5872 6179 5871 12.0
6193 6194 6171 12.0
6172 5874 6185 12.0
6180 6182 6195 12.0
6196 6198 6197 12.0
6199 6177 6200 12.0
6199 6178 6177 12.0
6198 6196 6177 12.0
5863 5893 6177 12.0
5897 5874 6172 12.0
6201 5858 6181 12.0
5890 6202 5889 12.0
5858 6201 5875 12.0
6203 6197 6175 12.0
6198 6177 5893 12.0
6198 5896 6175 12.0
6175 6197 6198 12.0
5896 6198 5893 12.0
5858 5863 6178 12.0
6204 6202 6174 12.0
6203 6175 6205 12.0
5889 6205 6175 12.0
6172 6206 6171 12.0
6194 5897 6171 12.0
5897 6194 5901 12.0
6207 5901 6194 12.0
6171 6206 6193 12.0
6205 5889 6202 12.0
2075 2073 6208 12.0
6209 6211 6210 12.0
6212 6214 6213 12.0
6215 6217 6216 12.0
6217 6218 6216 12.0
6219 6221 6220 12.0
6219 6182 6221 12.0
6222 6224 6223 12.0
6225 6227 6226 12.0
2122 6229 6228 12.0
6230 6225 6231 12.0
6230 6231 2073 12.0
6182 6219 6232 12.0
2073 6231 6208 12.0
6226 6234 6233 12.0
6220 6235 6233 12.0
6236 6238 6237 12.0
6239 6241 6240 12.0
6239 6238 6241 12.0
6242 6244 6243 12.0
6245 6247 6246 12.0
6248 6208 6249 12.0
6250 6252 6251 12.0
6239 6254 6253 12.0
6211 6254 6240 12.0
6239 6240 6254 12.0
6197 6203 6255 12.0
6256 6251 6257 12.0
6258 6257 6251 12.0
6256 6257 6259 12.0
6258 6260 6257 12.0
6186 6176 6261 12.0
6222 6261 6262 12.0
6250 6263 6252 12.0
6264 6266 6265 12.0
6267 6269 6268 12.0
6214 6271 6270 12.0
6212 6271 6214 12.0
6272 6271 6273 12.0
6212 6274 6271 12.0
6275 6277 6276 12.0
6278 6279 6255 12.0
6255 6279 6280 12.0
5666 6173 6281 12.0
6282 6284 6283 12.0
6285 6287 6286 12.0
6176 6262 6261 12.0
6288 6284 6289 12.0
6290 6291 6223 12.0
6290 6274 6291 12.0
6292 6294 6293 12.0
6295 6296 6294 12.0
6297 6299 6298 12.0
6300 6302 6301 12.0
6211 6209 6302 12.0
6303 6304 6203 12.0
6222 6305 6261 12.0
6306 6261 6305 12.0
6307 6309 6308 12.0
6310 6312 6311 12.0
6239 6253 6312 12.0
6250 6314 6313 12.0
6278 6315 6313 12.0
6316 6318 6317 12.0
6275 6319 6246 12.0
6275 6276 6319 12.0
6320 6322 6321 12.0
6323 6322 6324 12.0
6282 6260 6325 12.0
6326 6327 6321 12.0
6320 6321 6327 12.0
6326 6321 6323 12.0
6323 6321 6322 12.0
6328 6329 6269 12.0
6320 6327 6330 12.0
6331 6332 6330 12.0
6333 6334 6308 12.0
6335 6337 6336 12.0
6336 6337 6338 12.0
6237 6238 6339 12.0
6239 6312 6238 12.0
6340 6342 6341 12.0
6333 2093 6343 12.0
2130 6345 6344 12.0
2130 6344 2109 12.0
6346 6347 6311 12.0
6348 6294 6349 12.0
6292 6349 6294 12.0
5875 6201 6350 12.0
6212 6351 6274 12.0
6352 6354 6353 12.0
6352 6204 6354 12.0
6355 6357 6356 12.0
6358 6332 6359 12.0
6335 6336 6359 12.0
6360 6361 6200 12.0
6360 6200 6196 12.0
6196 6200 6177 12.0
6331 6359 6332 12.0
6341 6335 6362 12.0
6213 6214 6363 12.0
6364 6363 6270 12.0
6365 6367 6366 12.0
6368 6367 6369 12.0
6365 6370 6367 12.0
6315 6203 6304 12.0
6205 6303 6203 12.0
6205 6202 6303 12.0
6229 2111 6371 12.0
6267 6372 6269 12.0
6363 6374 6373 12.0
6364 6374 6363 12.0
6348 6374 6294 12.0
6364 6294 6374 12.0
6375 6376 6336 12.0
6358 6376 6377 12.0
6375 6377 6376 12.0
6378 6380 6379 12.0
6378 6381 6380 12.0
6217 6244 6382 12.0
6343 6384 6383 12.0
6385 6377 6354 12.0
6353 6354 6377 12.0
6223 6386 6290 12.0
6387 6386 6224 12.0
6223 6224 6386 12.0
6388 6379 6389 12.0
6380 6245 6389 12.0
6316 6361 6318 12.0
6390 6318 6361 12.0
6391 6371 6392 12.0
2111 6392 6371 12.0
6393 6395 6394 12.0
6334 6276 6394 12.0
6396 6218 6397 12.0
6355 6397 6218 12.0
6396 6397 6398 12.0
6355 6356 6397 12.0
6368 6392 6344 12.0
6387 6281 6399 12.0
6173 6399 6281 12.0
6173 6400 6399 12.0
6401 6279 6275 12.0
6278 6277 6279 12.0
6209 6301 6302 12.0
6300 6301 6402 12.0
6403 6404 6301 12.0
6405 6299 6406 12.0
6215 6216 6407 12.0
6405 6406 6408 12.0
6226 6409 6225 12.0
6410 6412 6411 12.0
6249 6412 6248 12.0
6236 6213 6373 12.0
6238 6236 6413 12.0
6172 6185 6414 12.0
6306 6414 6185 12.0
6172 6414 6206 12.0
6415 6360 6247 12.0
6196 6280 6360 12.0
6196 6197 6280 12.0
6300 6327 6416 12.0
6326 6416 6327 12.0
6300 6416 6302 12.0
6326 6302 6416 12.0
6305 6418 6417 12.0
6222 6418 6305 12.0
6222 6223 6418 12.0
6337 6335 6289 12.0
6341 6342 6289 12.0
6314 6420 6419 12.0
6256 6420 6314 12.0
6393 6420 6395 12.0
6395 6420 6259 12.0
6251 6421 6258 12.0
6375 6252 6422 12.0
6251 6252 6421 12.0
6306 6305 6417 12.0
6423 6417 6418 12.0
6306 6417 6414 12.0
6310 6193 6339 12.0
6193 6310 6194 12.0
6232 6424 6370 12.0
6219 6424 6232 12.0
6258 6421 6338 12.0
6375 6338 6421 12.0
6258 6338 6337 12.0
6375 6336 6338 12.0
6353 6263 6425 12.0
6352 6303 6202 12.0
6356 6398 6397 12.0
6426 6398 6427 12.0
6396 6398 6317 12.0
6317 6398 6428 12.0
6182 6179 6221 12.0
6410 6357 6412 12.0
6248 6412 6357 12.0
6290 6265 6273 12.0
6272 6273 6429 12.0
6290 6273 6274 12.0
6274 6273 6271 12.0
6399 6400 6430 12.0
6265 6386 6430 12.0
5683 5681 6186 12.0
6316 6199 6361 12.0
6361 6199 6200 12.0
6402 6432 6431 12.0
6280 6247 6360 12.0
6245 6415 6247 12.0
6245 6380 6415 12.0
5681 6176 6186 12.0
6227 6225 6228 12.0
6227 6228 6371 12.0
6371 6228 6229 12.0
6287 6281 6433 12.0
6387 6433 6281 12.0
6287 6433 6224 12.0
6387 6224 6433 12.0
6202 6204 6352 12.0
5890 6174 6202 12.0
6318 6408 6434 12.0
6396 6434 6408 12.0
6318 6434 6317 12.0
6396 6317 6434 12.0
5899 5901 6207 12.0
6247 6279 6401 12.0
6277 6275 6279 12.0
6247 6401 6246 12.0
6275 6246 6401 12.0
6316 6317 6428 12.0
6426 6428 6398 12.0
6287 6224 6435 12.0
6222 6435 6224 12.0
6287 6435 6262 12.0
6222 6262 6435 12.0
6290 6386 6265 12.0
6316 6428 6199 12.0
6348 6349 6436 12.0
6240 6436 6437 12.0
6348 6436 6413 12.0
6240 6241 6436 12.0
6235 6220 6438 12.0
6439 6438 6440 12.0
6412 6438 6411 12.0
6207 6194 6310 12.0
6214 6270 6363 12.0
6272 6270 6271 12.0
6364 6270 6441 12.0
6270 6272 6441 12.0
5816 5832 6285 12.0
6278 6255 6203 12.0
6278 6203 6315 12.0
6235 6231 6409 12.0
6225 6409 6231 12.0
6300 6402 6442 12.0
6432 6402 6404 12.0
6404 6402 6301 12.0
6247 6280 6279 12.0
6197 6255 6280 12.0
6391 6370 6424 12.0
6405 6408 6443 12.0
6318 6443 6408 12.0
6405 6443 6444 12.0
6423 6291 6445 12.0
6274 6445 6291 12.0
6423 6445 6351 12.0
6274 6351 6445 12.0
6235 6249 6231 12.0
6208 6231 6249 12.0
6237 6339 6193 12.0
6310 6339 6312 12.0
6312 6339 6238 12.0
6410 6411 6427 12.0
6439 6411 6438 12.0
6391 6424 6446 12.0
6227 6446 6234 12.0
6391 6446 6371 12.0
6227 6371 6446 12.0
6212 6213 6447 12.0
6236 6447 6213 12.0
6423 6351 6448 12.0
6449 6448 6450 12.0
6423 6448 6417 12.0
6414 6417 6451 12.0
6331 6442 6402 12.0
6300 6442 6327 12.0
6227 6234 6226 12.0
6219 6234 6424 12.0
6424 6234 6446 12.0
6390 6361 6360 12.0
6421 6252 6375 12.0
6336 6376 6359 12.0
6358 6359 6376 12.0
5872 5875 6350 12.0
6292 6211 6437 12.0
6240 6437 6211 12.0
6292 6437 6349 12.0
6349 6437 6436 12.0
6296 6452 6293 12.0
6213 6363 6373 12.0
6348 6373 6374 12.0
6242 6243 6453 12.0
2075 6243 6244 12.0
6248 6243 6208 12.0
2075 6208 6243 12.0
6225 6230 6454 12.0
2122 6454 6230 12.0
6225 6454 6228 12.0
2122 6228 6454 12.0
2093 6333 6309 12.0
6223 6291 6418 12.0
6423 6418 6291 12.0
6204 6347 6354 12.0
6373 6413 6236 12.0
6348 6413 6373 12.0
6238 6413 6241 12.0
6241 6413 6436 12.0
6216 6218 6455 12.0
6396 6455 6218 12.0
6396 6408 6455 12.0
6384 6343 2093 12.0
6248 6357 6453 12.0
6355 6453 6357 12.0
6248 6453 6243 12.0
6355 6242 6453 12.0
6221 6350 6440 12.0
6179 6350 6221 12.0
6456 6350 6201 12.0
6179 5872 6350 12.0
6277 6278 6457 12.0
6313 6457 6278 12.0
6277 6457 6458 12.0
6176 5817 6262 12.0
6319 6388 6389 12.0
6380 6389 6379 12.0
6319 6389 6246 12.0
6246 6389 6245 12.0
6394 6276 6458 12.0
6277 6458 6276 12.0
6394 6458 6393 12.0
6393 6458 6457 12.0
6441 6295 6364 12.0
6441 6272 6459 12.0
6295 6441 6460 12.0
6460 6441 6459 12.0
6333 6461 6334 12.0
6319 6461 6388 12.0
6378 6379 6462 12.0
6463 6383 6384 12.0
6299 6464 6298 12.0
6463 6298 6464 12.0
6333 6343 6461 12.0
6388 6461 6343 12.0
6201 6181 6465 12.0
6456 6201 6466 12.0
6334 6461 6276 12.0
6319 6276 6461 12.0
6456 6466 6439 12.0
6426 6466 6465 12.0
6465 6466 6201 12.0
6330 6467 6320 12.0
6426 6465 6428 12.0
6311 6347 6468 12.0
6311 6468 6310 12.0
6207 6310 6468 12.0
6469 6307 6308 12.0
6333 6308 6309 12.0
6469 6308 6395 12.0
6318 6390 6443 12.0
6307 6469 6283 12.0
6307 6283 6470 12.0
6470 6283 6284 12.0
6345 6372 6471 12.0
6367 6471 6472 12.0
6345 6471 6344 12.0
6370 6365 6473 12.0
6195 6473 6365 12.0
6370 6473 6232 12.0
6383 6462 6379 12.0
6463 6462 6383 12.0
6378 6462 6464 12.0
6463 6464 6462 12.0
6285 5832 6474 12.0
5666 6474 5832 12.0
5666 6281 6474 12.0
6193 6206 6475 12.0
6449 6475 6451 12.0
6193 6475 6237 12.0
6394 6308 6334 12.0
6395 6308 6394 12.0
6357 6410 6427 12.0
6426 6427 6466 12.0
6357 6427 6356 12.0
6356 6427 6398 12.0
6178 6199 6465 12.0
6428 6465 6199 12.0
6178 6465 6181 12.0
6392 2111 6476 12.0
2109 6476 2111 12.0
6392 6476 6344 12.0
2109 6344 6476 12.0
6364 6295 6294 12.0
6293 6294 6296 12.0
6360 6415 6390 12.0
6379 6388 6383 12.0
6343 6383 6388 12.0
6341 6289 6335 12.0
6288 6289 6342 12.0
6282 6289 6284 12.0
6442 6331 6477 12.0
6330 6477 6331 12.0
6442 6477 6327 12.0
6330 6327 6477 12.0
6304 6263 6478 12.0
6250 6478 6263 12.0
6304 6478 6315 12.0
6311 6312 6324 12.0
6253 6324 6312 12.0
6253 6323 6324 12.0
6303 6352 6425 12.0
6353 6425 6352 12.0
6303 6425 6304 12.0
6304 6425 6263 12.0
6411 6466 6427 12.0
6439 6466 6411 12.0
6344 6471 6368 12.0
6367 6368 6471 12.0
6340 6341 6431 12.0
6340 6431 6432 12.0
6331 6402 6431 12.0
6385 6346 6322 12.0
6354 6347 6385 12.0
6346 6385 6347 12.0
6347 6204 6479 12.0
6174 6479 6204 12.0
6347 6479 6468 12.0
6211 6302 6480 12.0
6326 6480 6302 12.0
6211 6480 6254 12.0
6326 6254 6480 12.0
6313 6314 6419 12.0
6393 6419 6420 12.0
6313 6419 6457 12.0
6393 6457 6419 12.0
6281 6287 6474 12.0
6285 6474 6287 12.0
6195 6182 6473 12.0
6232 6473 6182 12.0
5619 5683 6481 12.0
6186 6481 5683 12.0
5619 6481 5856 12.0
6186 5856 6481 12.0
6370 6391 6369 12.0
6392 6369 6391 12.0
6370 6369 6367 12.0
6392 6368 6369 12.0
6299 6297 6407 12.0
6215 6407 6297 12.0
6299 6407 6406 12.0
6406 6407 6216 12.0
6299 6482 6464 12.0
6378 6464 6482 12.0
6331 6431 6362 12.0
6341 6362 6431 12.0
6331 6362 6359 12.0
6359 6362 6335 12.0
6260 6483 6259 12.0
6282 6483 6260 12.0
6469 6483 6283 12.0
6282 6283 6483 12.0
6267 6366 6472 12.0
6367 6472 6366 12.0
6267 6472 6372 12.0
6372 6472 6471 12.0
6311 6324 6346 12.0
6346 6324 6322 12.0
6448 6451 6417 12.0
6449 6451 6448 12.0
6414 6451 6206 12.0
6206 6451 6475 12.0
6269 6372 6484 12.0
6345 6484 6372 12.0
6269 6484 6328 12.0
6452 6403 6485 12.0
6301 6485 6403 12.0
6452 6485 6210 12.0
6301 6209 6485 12.0
6381 6487 6486 12.0
6444 6487 6381 12.0
6390 6487 6443 12.0
6444 6443 6487 12.0
6385 6322 6467 12.0
6320 6467 6322 12.0
6235 6438 6488 12.0
6412 6488 6438 12.0
6235 6488 6249 12.0
6412 6249 6488 12.0
6390 6415 6486 12.0
6380 6486 6415 12.0
6390 6486 6487 12.0
6380 6381 6486 12.0
6456 6439 6440 12.0
6220 6440 6438 12.0
6456 6440 6350 12.0
6220 6221 6440 12.0
6409 6233 6235 12.0
6226 6233 6409 12.0
6220 6233 6219 12.0
6219 6233 6234 12.0
6236 6237 6489 12.0
6250 6251 6490 12.0
6256 6490 6251 12.0
6250 6490 6314 12.0
6256 6314 6490 12.0
6387 6399 6430 12.0
6264 6430 6400 12.0
6387 6430 6386 12.0
6264 6265 6430 12.0
6250 6313 6478 12.0
6315 6478 6313 12.0
6263 6422 6252 12.0
6353 6422 6263 12.0
6375 6422 6377 12.0
6353 6377 6422 12.0
6293 6452 6210 12.0
6209 6210 6485 12.0
6293 6210 6292 12.0
6292 6210 6211 12.0
6207 6468 6479 12.0
6207 6479 5899 12.0
6174 5899 6479 12.0
6253 6254 6491 12.0
6326 6491 6254 12.0
6253 6491 6323 12.0
6326 6323 6491 12.0
6447 6489 6450 12.0
6236 6489 6447 12.0
6449 6489 6475 12.0
6475 6489 6237 12.0
5816 6285 6286 12.0
6262 6286 6287 12.0
5816 6286 5817 12.0
6262 5817 6286 12.0
6306 6185 6492 12.0
6186 6492 6185 12.0
6306 6492 6261 12.0
6186 6261 6492 12.0
6242 6355 6382 12.0
6218 6382 6355 12.0
6242 6382 6244 12.0
6218 6217 6382 12.0
6459 6272 6429 12.0
6265 6429 6273 12.0
6459 6429 6266 12.0
6265 6266 6429 12.0
6358 6377 6493 12.0
6385 6493 6377 12.0
6358 6493 6494 12.0
6385 6467 6493 12.0
6337 6289 6325 12.0
6282 6325 6289 12.0
6337 6325 6258 12.0
6258 6325 6260 12.0
6467 6494 6493 12.0
6330 6494 6467 12.0
6358 6494 6332 12.0
6330 6332 6494 12.0
6495 6497 6496 12.0
6495 6496 6329 12.0
6269 6329 6496 12.0
6260 6259 6257 12.0
6469 6259 6483 12.0
6256 6259 6420 12.0
6469 6395 6259 12.0
6444 6482 6498 12.0
6299 6498 6482 12.0
6444 6498 6405 12.0
6299 6405 6498 12.0
6351 6450 6448 12.0
6212 6450 6351 12.0
6449 6450 6489 12.0
6212 6447 6450 12.0
6378 6482 6499 12.0
6444 6499 6482 12.0
6378 6499 6381 12.0
6444 6381 6499 12.0
6328 6484 6183 12.0
6345 6183 6484 12.0
6328 6183 6184 12.0
6345 2130 6183 12.0
6497 6268 6496 12.0
6269 6496 6268 12.0
6408 6406 6455 12.0
6216 6455 6406 12.0
6500 5162 6501 13.0
6502 6504 6503 13.0
6505 6507 6506 13.0
6508 6510 6509 13.0
6511 6513 6512 13.0
6514 6516 6515 13.0
6517 5046 6518 13.0
6518 6519 6517 13.0
6520 5202 4969 13.0
6521 6523 6522 13.0
6524 6526 6525 13.0
6527 6525 6528 13.0
6529 6510 6530 13.0
6531 6533 6532 13.0
6534 6536 6535 13.0
6537 6539 6538 13.0
6540 6542 6541 13.0
6543 6545 6544 13.0
6541 6547 6546 13.0
6548 6550 6549 13.0
6551 6553 6552 13.0
6518 6555 6554 13.0
6556 6558 6557 13.0
6558 6560 6559 13.0
6561 6563 6562 13.0
6564 6566 6565 13.0
6567 6568 6516 13.0
6546 6516 6568 13.0
6569 6554 6555 13.0
6556 6565 6560 13.0
6570 6572 6571 13.0
6573 6575 6574 13.0
6576 6564 6577 13.0
6578 6580 6579 13.0
4969 5160 6544 13.0
4964 6580 6581 13.0
6582 6518 6583 13.0
6584 6519 6579 13.0
5046 5195 6583 13.0
6583 6585 6582 13.0
5195 6586 6583 13.0
6587 5158 5156 13.0
6572 6588 6571 13.0
6589 6585 6586 13.0
6584 6517 6519 13.0
6588 6587 5156 13.0
6590 6538 6539 13.0
4964 6579 6580 13.0
6591 6593 6592 13.0
6594 6596 6595 13.0
2520 6598 6597 13.0
6500 6543 5160 13.0
2520 6597 6595 13.0
6592 6600 6599 13.0
6601 6603 6602 13.0
6603 6605 6604 13.0
6606 6608 6607 13.0
6609 6610 6606 13.0
6611 6613 6612 13.0
6614 6616 6615 13.0
6612 6618 6617 13.0
6595 6597 6594 13.0
6619 6621 6620 13.0
6608 6622 6607 13.0
6623 6625 6624 13.0
6626 6625 6623 13.0
6623 6627 6626 13.0
6524 6509 6562 13.0
6551 6526 6628 13.0
6551 6628 6553 13.0
6629 6551 6627 13.0
6630 6579 6554 13.0
6631 6553 6628 13.0
6632 6634 6633 13.0
6635 6637 6636 13.0
6518 6554 6519 13.0
6638 6640 6639 13.0
6641 6532 6642 13.0
6643 6599 6600 13.0
6584 6579 4964 13.0
6576 6566 6564 13.0
6644 6646 6645 13.0
6628 6526 6563 13.0
6544 6545 6647 13.0
6598 6648 6597 13.0
6649 6638 6639 13.0
6633 6562 6529 13.0
6545 6651 6650 13.0
6652 6653 5162 13.0
6572 6654 6587 13.0
6524 6562 6563 13.0
6655 5159 5158 13.0
6620 6550 6619 13.0
6632 6633 6506 13.0
6627 6552 6626 13.0
6550 6620 6656 13.0
6657 6658 6652 13.0
6549 6656 6659 13.0
6616 6550 6548 13.0
6550 6660 6619 13.0
6573 6662 6661 13.0
6643 6663 6599 13.0
6633 6530 6505 13.0
6664 6581 6665 13.0
6666 6668 6667 13.0
6529 6530 6633 13.0
6561 6670 6669 13.0
6591 6592 6599 13.0
6578 6579 6630 13.0
6667 6671 6666 13.0
6604 6673 6672 13.0
6563 6526 6524 13.0
6658 6674 6595 13.0
2520 6595 6674 13.0
6527 6671 6508 13.0
6658 6653 6652 13.0
6675 6676 6574 13.0
6610 6678 6677 13.0
6658 6679 6674 13.0
6680 6575 6681 13.0
6675 6574 6575 13.0
6607 6622 6682 13.0
6683 6611 6617 13.0
6554 6579 6519 13.0
5046 6583 6518 13.0
6576 6684 6566 13.0
6564 6556 6577 13.0
6526 6629 6525 13.0
6551 6552 6627 13.0
6527 6509 6524 13.0
6524 6525 6527 13.0
6683 6624 6625 13.0
6617 6618 6685 13.0
6686 6557 6558 13.0
6630 6569 6557 13.0
6513 6540 6684 13.0
6576 6555 6512 13.0
6569 6577 6556 13.0
6578 6630 6557 13.0
6687 6570 6571 13.0
6547 6688 6570 13.0
6658 6657 6679 13.0
6689 6593 6690 13.0
6511 6654 6688 13.0
6542 6540 6513 13.0
6544 6571 6520 13.0
6522 6644 6521 13.0
6617 6685 6645 13.0
6505 6506 6633 13.0
6582 6512 6555 13.0
6589 6655 6654 13.0
6648 6676 6675 13.0
6510 6529 6509 13.0
6562 6509 6529 13.0
6673 6604 6605 13.0
6691 6619 6660 13.0
6508 6509 6527 13.0
6666 6671 6527 13.0
6629 6627 6523 13.0
6692 6685 6614 13.0
6550 6616 6660 13.0
6555 6577 6569 13.0
6554 6569 6630 13.0
6576 6577 6555 13.0
6555 6518 6582 13.0
6557 6686 6578 13.0
6569 6556 6557 13.0
6567 6693 6568 13.0
6547 6515 6516 13.0
6514 6695 6694 13.0
6696 6515 6687 13.0
6570 6515 6547 13.0
6547 6542 6697 13.0
6500 6501 6543 13.0
6594 6699 6698 13.0
6542 6547 6541 13.0
6513 6697 6542 13.0
6513 6511 6697 13.0
6513 6684 6576 13.0
6687 6571 6647 13.0
6571 6588 6520 13.0
6522 6523 6627 13.0
6623 6624 6646 13.0
6646 6522 6623 13.0
6627 6623 6522 13.0
6645 6685 6692 13.0
6617 6624 6683 13.0
6645 6692 6644 13.0
6646 6624 6645 13.0
6624 6617 6645 13.0
6615 6521 6692 13.0
6692 6614 6615 13.0
6511 6582 6585 13.0
6589 6586 6655 13.0
6655 6587 6654 13.0
6511 6589 6654 13.0
6700 6698 6699 13.0
6594 6597 6701 13.0
6672 6673 6621 13.0
6660 6702 6691 13.0
6617 6611 6612 13.0
6606 6607 6612 13.0
6682 6685 6618 13.0
6612 6607 6618 13.0
6694 6693 6567 13.0
6516 6514 6567 13.0
6570 6687 6515 13.0
6688 6572 6570 13.0
6516 6546 6547 13.0
6501 6653 6596 13.0
6594 6698 6596 13.0
6537 6696 6650 13.0
6596 6698 6501 13.0
6544 5160 6543 13.0
6501 6651 6543 13.0
6511 6688 6697 13.0
6585 6589 6511 13.0
6522 6646 6644 13.0
6521 6644 6692 13.0
6616 6548 6615 13.0
6702 6660 6703 13.0
6685 6682 6614 13.0
6648 6701 6597 13.0
6704 6604 6672 13.0
6607 6682 6618 13.0
6696 6514 6515 13.0
6544 6647 6571 13.0
6572 6688 6654 13.0
6547 6697 6688 13.0
6650 6647 6545 13.0
6651 6545 6543 13.0
6705 6694 6695 13.0
6651 6706 6539 13.0
6696 6647 6650 13.0
6651 6537 6650 13.0
6687 6647 6696 13.0
6696 6695 6514 13.0
6501 6706 6651 13.0
6501 5162 6653 13.0
6521 6503 6523 13.0
6668 6504 6502 13.0
6615 6548 6707 13.0
6668 6502 6708 13.0
6707 6521 6615 13.0
6703 6660 6616 13.0
6682 6703 6614 13.0
6680 6709 6701 13.0
6701 6709 6594 13.0
6672 6621 6619 13.0
6710 6704 6702 13.0
6704 6672 6691 13.0
6672 6619 6691 13.0
6604 6602 6603 13.0
6711 6712 6622 13.0
6704 6691 6702 13.0
6702 6703 6713 13.0
6703 6712 6713 13.0
6616 6614 6703 13.0
6706 6698 6700 13.0
6501 6698 6706 13.0
6651 6539 6537 13.0
6538 6695 6537 13.0
6593 6591 6690 13.0
6709 6699 6594 13.0
6575 6680 6675 13.0
6701 6648 6675 13.0
6600 6592 6533 13.0
6574 6662 6573 13.0
6714 6605 6603 13.0
6715 6717 6716 13.0
6704 6602 6604 13.0
6610 6609 6678 13.0
6718 6719 6705 13.0
6720 6719 6721 13.0
6590 6539 6722 13.0
6712 6682 6622 13.0
6608 6711 6622 13.0
6703 6682 6712 13.0
6710 6713 6723 13.0
6711 6725 6724 13.0
6606 6613 6609 13.0
6537 6695 6696 13.0
6538 6590 6718 13.0
6567 6514 6694 13.0
6695 6538 6705 13.0
6693 6694 6726 13.0
6705 6726 6694 13.0
6718 6721 6719 13.0
6727 6649 6636 13.0
6728 6729 6531 13.0
6730 6533 6592 13.0
6593 6689 6730 13.0
6564 6565 6556 13.0
4969 6544 6520 13.0
5156 5202 6588 13.0
6572 6587 6588 13.0
5202 6520 6588 13.0
5158 6587 6655 13.0
5195 5159 6586 13.0
6585 6583 6586 13.0
5159 6655 6586 13.0
6526 6551 6629 13.0
6558 6556 6560 13.0
6686 6558 6731 13.0
6648 6598 6676 13.0
6513 6576 6512 13.0
6582 6511 6512 13.0
6521 6707 6503 13.0
6502 6503 6707 13.0
6666 6528 6504 13.0
6504 6668 6666 13.0
6666 6527 6528 13.0
6732 6667 6668 13.0
6659 6732 6708 13.0
6668 6708 6732 13.0
6550 6656 6549 13.0
6659 6708 6549 13.0
6502 6549 6708 13.0
6730 6592 6593 13.0
6689 6690 6720 13.0
6677 6734 6733 13.0
6723 6713 6712 13.0
6603 6717 6714 13.0
6735 6737 6736 13.0
6715 6738 6661 13.0
6601 6740 6739 13.0
6711 6724 6723 13.0
6601 6739 6741 13.0
6608 6610 6742 13.0
6610 6677 6742 13.0
6711 6608 6742 13.0
6742 6677 6743 13.0
6734 6677 6678 13.0
6606 6612 6613 13.0
6610 6608 6606 13.0
6744 6700 6745 13.0
6726 6705 6719 13.0
6718 6705 6538 13.0
6689 6720 6746 13.0
6729 6643 6600 13.0
6531 6729 6600 13.0
6747 6748 6733 13.0
6641 6749 6728 13.0
6533 6531 6600 13.0
6532 6533 6642 13.0
6641 6728 6531 13.0
6689 6750 6730 13.0
6701 6675 6680 13.0
6681 6575 6751 13.0
6752 6575 6573 13.0
6738 6716 6753 13.0
6752 6751 6575 13.0
6749 6751 6754 13.0
6603 6601 6741 13.0
6573 6661 6738 13.0
6738 6752 6573 13.0
6752 6738 6753 13.0
6717 6603 6741 13.0
6753 6755 6752 13.0
6715 6716 6738 13.0
6756 6755 6753 13.0
6753 6757 6756 13.0
6752 6755 6754 13.0
6756 6739 6737 13.0
6641 6681 6751 13.0
6751 6749 6641 13.0
6715 6714 6717 13.0
6717 6741 6716 13.0
6757 6753 6716 13.0
6741 6739 6757 13.0
6642 6681 6641 13.0
6531 6532 6641 13.0
6752 6754 6751 13.0
6740 6758 6724 13.0
6702 6713 6710 13.0
6724 6758 6723 13.0
6711 6723 6712 13.0
6740 6601 6602 13.0
6710 6758 6602 13.0
6743 6725 6742 13.0
6743 6677 6733 13.0
6759 6663 6760 13.0
6759 6748 6747 13.0
6733 6762 6761 13.0
6755 6756 6763 13.0
6764 6743 6761 13.0
6739 6756 6757 13.0
6716 6741 6757 13.0
6735 6761 6765 13.0
6765 6749 6735 13.0
6763 6735 6754 13.0
6724 6739 6740 13.0
6602 6758 6740 13.0
6764 6739 6766 13.0
6766 6725 6743 13.0
6711 6742 6725 13.0
6766 6724 6725 13.0
6739 6724 6766 13.0
6766 6743 6764 13.0
6602 6704 6710 13.0
6723 6758 6710 13.0
6747 6733 6734 13.0
6761 6743 6733 13.0
6762 6733 6748 13.0
6736 6764 6761 13.0
6737 6764 6736 13.0
6736 6761 6735 13.0
6739 6764 6737 13.0
6737 6763 6756 13.0
6754 6735 6749 13.0
6728 6765 6729 13.0
6749 6765 6728 13.0
6754 6755 6763 13.0
6737 6735 6763 13.0
6767 6769 6768 13.0
6770 6771 6768 13.0
6535 6773 6772 13.0
6525 6774 6528 13.0
6525 6629 6774 13.0
6769 6534 6535 13.0
6773 6535 6536 13.0
6727 6775 6507 13.0
6727 6636 6775 13.0
6637 6777 6776 13.0
6637 6776 6636 13.0
6778 6779 6771 13.0
6780 6771 6779 13.0
6778 6771 6781 13.0
6781 6771 6770 13.0
6503 6774 6523 13.0
6629 6523 6774 13.0
6634 6632 6782 13.0
6634 6782 6783 13.0
6777 6783 6782 13.0
6535 6770 6768 13.0
6780 6768 6771 13.0
6535 6768 6769 13.0
6780 6767 6768 13.0
6781 6784 6731 13.0
6686 6784 6578 13.0
6580 6578 6784 13.0
6580 6784 6665 13.0
6781 6770 6784 13.0
6729 6765 6762 13.0
6761 6762 6765 13.0
6549 6502 6785 13.0
6707 6785 6502 13.0
6549 6785 6548 13.0
6707 6548 6785 13.0
6777 6782 6776 13.0
6632 6776 6782 13.0
6561 6787 6786 13.0
6562 6787 6561 13.0
6634 6787 6633 13.0
6562 6633 6787 13.0
6528 6774 6504 13.0
6503 6504 6774 13.0
6507 6775 6506 13.0
6632 6506 6775 13.0
6563 6561 6788 13.0
6669 6788 6561 13.0
6669 6631 6788 13.0
6709 6680 6789 13.0
6681 6789 6680 13.0
6709 6789 6642 13.0
6681 6642 6789 13.0
6632 6775 6790 13.0
6636 6790 6775 13.0
6632 6790 6776 13.0
6636 6776 6790 13.0
6778 6781 6731 13.0
6686 6731 6784 13.0
6778 6731 6559 13.0
6559 6731 6558 13.0
6791 6664 6665 13.0
6580 6665 6581 13.0
6791 6772 6773 13.0
6665 6772 6791 13.0
6535 6772 6770 13.0
6642 6533 6792 13.0
6533 6730 6792 13.0
6744 6750 6793 13.0
6744 6793 6722 13.0
6718 6590 6793 13.0
6750 6792 6730 13.0
6744 6792 6750 13.0
6642 6792 6709 13.0
6699 6745 6700 13.0
6709 6745 6699 13.0
6744 6745 6792 13.0
6709 6792 6745 13.0
6770 6772 6794 13.0
6665 6794 6772 13.0
6770 6794 6784 13.0
6665 6784 6794 13.0
6595 6596 6658 13.0
6653 6658 6596 13.0
6750 6689 6793 13.0
6706 6722 6539 13.0
6700 6722 6706 13.0
6590 6722 6793 13.0
6700 6744 6722 13.0
6718 6793 6746 13.0
6689 6746 6793 13.0
6718 6746 6721 13.0
6721 6746 6720 13.0
6639 6635 6795 13.0
6636 6795 6635 13.0
6639 6795 6649 13.0
6636 6649 6795 13.0
6563 6788 6628 13.0
6631 6628 6788 13.0
6762 6748 6760 13.0
6762 6760 6729 13.0
6643 6729 6760 13.0
6634 6783 6786 13.0
6670 6786 6783 13.0
6634 6786 6787 13.0
6670 6561 6786 13.0
6748 6759 6760 13.0
6643 6760 6663 13.0
6796 6798 6797 13.0
6799 6801 6800 13.0
6802 6804 6803 13.0
6805 6807 6806 13.0
6808 6809 5411 13.0
6810 6811 5433 13.0
6812 6671 6667 13.0
6813 6815 6814 13.0
6816 6818 6817 13.0
6819 6821 6820 13.0
6822 5264 5411 13.0
6815 6822 6809 13.0
6823 6732 6824 13.0
6825 6827 6826 13.0
6828 6830 6829 13.0
5265 6831 5273 13.0
6832 6834 6833 13.0
6835 6837 6836 13.0
6838 6840 6839 13.0
5433 6811 5435 13.0
6841 6843 6842 13.0
6844 6842 6843 13.0
6845 6847 6846 13.0
6848 6849 5354 13.0
6842 6850 6841 13.0
6851 6853 6852 13.0
6854 6855 6845 13.0
6810 5433 5273 13.0
6854 5354 5421 13.0
6803 6857 6856 13.0
6804 2520 6858 13.0
6859 6836 6807 13.0
6860 6861 6676 13.0
6802 6862 6804 13.0
6803 6856 6863 13.0
6676 6861 6574 13.0
6812 6836 6859 13.0
6864 6866 6865 13.0
6803 6804 6858 13.0
6837 6796 6806 13.0
6867 6869 6868 13.0
6870 6872 6871 13.0
6873 6874 6861 13.0
6875 6877 6876 13.0
6863 6878 6803 13.0
6863 6879 6878 13.0
6880 6882 6881 13.0
6883 6885 6884 13.0
6799 6887 6886 13.0
6620 6621 6884 13.0
6841 6809 6843 13.0
6808 6888 6809 13.0
6884 6889 6620 13.0
6890 6889 6891 13.0
6887 6893 6892 13.0
6732 6823 6667 13.0
6656 6890 6824 13.0
6894 6889 6885 13.0
6732 6659 6824 13.0
6891 6896 6895 13.0
6605 6880 6673 13.0
6810 6898 6897 13.0
6899 6901 6900 13.0
6671 6812 6859 13.0
6902 6904 6903 13.0
6905 6805 6806 13.0
4945 6904 6867 13.0
6906 6908 6907 13.0
6843 6809 6888 13.0
6888 6909 6868 13.0
6869 6844 6868 13.0
6844 6910 6842 13.0
6815 6831 6822 13.0
6911 6907 6908 13.0
6912 6913 6814 13.0
6914 6854 6845 13.0
6898 5273 6831 13.0
6852 6853 6915 13.0
6852 6917 6916 13.0
6918 6877 6919 13.0
6920 6915 6853 13.0
6841 6912 6814 13.0
6807 6836 6837 13.0
6840 6922 6921 13.0
6923 6925 6924 13.0
6926 6927 6846 13.0
6837 6806 6807 13.0
6510 6805 6530 13.0
6812 6823 6928 13.0
6806 6929 6905 13.0
6797 6931 6930 13.0
6874 6662 6574 13.0
6929 6931 6830 13.0
6932 6934 6933 13.0
6934 6936 6935 13.0
6874 6574 6861 13.0
6887 6937 6893 13.0
6938 6940 6939 13.0
6941 6942 6881 13.0
6942 6885 6883 13.0
6943 6945 6944 13.0
6818 6816 6946 13.0
6929 6806 6930 13.0
6947 6948 6946 13.0
6949 6951 6950 13.0
6620 6889 6656 13.0
6887 6800 6952 13.0
6835 6954 6953 13.0
6929 6930 6931 13.0
6951 6943 6955 13.0
6671 6859 6508 13.0
6855 5421 5435 13.0
6956 6958 6957 13.0
6959 6961 6960 13.0
6892 6962 6886 13.0
6887 6952 6937 13.0
6812 6667 6823 13.0
6836 6928 6835 13.0
6953 6796 6837 13.0
6837 6835 6953 13.0
6835 6928 6963 13.0
6928 6823 6833 13.0
6817 6925 6923 13.0
6954 6923 6953 13.0
6916 6851 6852 13.0
6845 6811 6847 13.0
6803 6858 6857 13.0
6802 6803 6878 13.0
6826 6921 6825 13.0
6920 6964 6915 13.0
6914 6927 6919 13.0
6832 6890 6891 13.0
6841 6815 6809 13.0
6830 6828 6929 13.0
6862 6965 6860 13.0
6845 6846 6914 13.0
6855 5435 6811 13.0
6838 6839 6964 13.0
6926 6967 6966 13.0
6854 5421 6855 13.0
6811 6845 6855 13.0
6927 6914 6846 13.0
6847 6926 6846 13.0
6877 6968 6919 13.0
6927 6970 6969 13.0
6967 6926 6847 13.0
6811 6897 6847 13.0
6826 6971 6921 13.0
6927 6969 6919 13.0
6968 6854 6914 13.0
6919 6971 6918 13.0
6848 5354 6854 13.0
6968 6914 6919 13.0
6875 6972 6877 13.0
6875 6973 6972 13.0
6974 6876 6975 13.0
6848 6968 6972 13.0
6848 6972 6976 13.0
6797 6930 6796 13.0
6806 6796 6930 13.0
6889 6884 6885 13.0
6883 6884 6977 13.0
6912 6841 6850 13.0
6888 6868 6843 13.0
6850 6842 6900 13.0
4945 6868 6909 13.0
6808 6909 6888 13.0
6866 6979 6978 13.0
6980 6893 6981 13.0
6982 6947 6983 13.0
6916 6984 6851 13.0
6852 6915 6917 13.0
6984 6911 6908 13.0
6911 6912 6850 13.0
6850 6907 6911 13.0
6984 6916 6911 13.0
6967 6917 6915 13.0
6964 6970 6966 13.0
6838 6964 6920 13.0
6839 6921 6969 13.0
6966 6915 6964 13.0
6964 6839 6970 13.0
6971 6919 6969 13.0
6985 6974 6975 13.0
6826 6975 6918 13.0
6969 6921 6971 13.0
6832 6833 6823 13.0
6823 6824 6832 13.0
6954 6983 6816 13.0
6952 6947 6982 13.0
6860 6965 6861 13.0
6802 6986 6862 13.0
6848 6854 6968 13.0
6877 6972 6968 13.0
6987 6988 6894 13.0
6894 6885 6987 13.0
6979 6938 6939 13.0
6977 6884 6621 13.0
6941 6940 6938 13.0
6989 6981 6987 13.0
6883 6881 6942 13.0
6942 6987 6885 13.0
6883 6977 6881 13.0
6987 6942 6989 13.0
6989 6941 6938 13.0
6977 6880 6881 13.0
6621 6673 6977 13.0
6892 6886 6887 13.0
6990 6980 6981 13.0
6988 6987 6981 13.0
6937 6981 6893 13.0
6864 6962 6892 13.0
6893 6980 6892 13.0
6887 6799 6800 13.0
6948 6947 6800 13.0
6800 6947 6952 13.0
6814 6815 6841 13.0
6916 6912 6911 13.0
6967 6915 6966 13.0
6926 6970 6927 13.0
6969 6970 6839 13.0
6926 6966 6970 13.0
6860 6676 6598 13.0
6991 6993 6992 13.0
6978 6995 6994 13.0
6996 6605 6714 13.0
6881 6882 6941 13.0
6880 6605 6996 13.0
6896 6894 6997 13.0
6937 6988 6981 13.0
6815 6813 6898 13.0
6813 6814 6913 13.0
6998 6967 6897 13.0
6916 6917 6913 13.0
6989 6942 6941 13.0
6940 6882 6999 13.0
6891 6894 6896 13.0
6937 6952 6997 13.0
6982 6895 6896 13.0
6895 6834 7000 13.0
6946 6948 6818 13.0
6946 6983 6947 13.0
6923 6954 6816 13.0
6817 6923 6816 13.0
6983 6946 6816 13.0
7001 6993 6991 13.0
6990 6981 6989 13.0
6989 6938 6990 13.0
6940 7002 6939 13.0
7003 6996 6871 13.0
6889 6894 6891 13.0
6965 6862 6986 13.0
6993 7004 6986 13.0
7005 6957 6958 13.0
6974 6985 6991 13.0
6991 6985 7001 13.0
6866 6864 6980 13.0
6990 6866 6980 13.0
6940 6941 6882 13.0
6889 6890 6656 13.0
6824 6659 6656 13.0
6832 6824 6890 13.0
6985 7006 6958 13.0
6958 7001 6985 13.0
6975 7006 6985 13.0
7001 6958 7007 13.0
6975 6876 6918 13.0
6918 6971 6826 13.0
7006 6827 7005 13.0
7008 6865 7009 13.0
6865 6866 7009 13.0
7004 6965 6986 13.0
6965 7004 7010 13.0
7009 6978 6994 13.0
7011 7010 7004 13.0
6961 7007 6950 13.0
6958 7006 7005 13.0
7012 6957 7005 13.0
6825 6922 7012 13.0
6975 6826 6827 13.0
7006 6975 6827 13.0
6825 7005 6827 13.0
7012 7005 6825 13.0
6825 6921 6922 13.0
6979 6990 6938 13.0
7002 6995 6939 13.0
7013 6999 7003 13.0
7014 7015 6932 13.0
6810 5273 6898 13.0
6811 6810 6897 13.0
6870 6715 7016 13.0
7017 6869 6902 13.0
6902 6867 6904 13.0
6868 4945 6867 13.0
6902 6869 6867 13.0
6836 6812 6928 13.0
6963 6954 6835 13.0
5411 6809 6822 13.0
6831 5265 5264 13.0
6998 6917 6967 13.0
6847 6897 6967 13.0
6913 6917 6998 13.0
6998 6898 6813 13.0
6839 6840 6921 13.0
6977 6673 6880 13.0
6880 6996 7003 13.0
6882 6880 7003 13.0
6995 7002 7018 13.0
6715 6661 7016 13.0
7003 6999 6882 13.0
6870 7019 6872 13.0
7020 6715 6870 13.0
7021 7022 6874 13.0
7019 6870 7016 13.0
6715 7020 6714 13.0
7020 6996 6714 13.0
7019 7016 7023 13.0
6998 6897 6898 13.0
6913 6912 6916 13.0
6998 6813 6913 13.0
6818 6948 6801 13.0
6948 6800 6801 13.0
6834 6895 6982 13.0
6963 6928 6833 13.0
6954 6963 6983 13.0
6963 6834 6983 13.0
6918 6876 6877 13.0
6974 6875 6876 13.0
6892 6980 6864 13.0
6865 6962 6864 13.0
6994 7024 7008 13.0
6995 6979 6939 13.0
6866 6978 7009 13.0
7008 7009 6994 13.0
6995 7018 6994 13.0
7025 7011 7026 13.0
6961 6959 7027 13.0
6861 7010 6873 13.0
7028 7026 6959 13.0
7027 6959 7026 13.0
7026 7028 7025 13.0
6873 7010 7029 13.0
7030 7031 6872 13.0
7028 7030 7025 13.0
7019 7023 7030 13.0
7010 6861 6965 13.0
6949 7007 6956 13.0
7021 6874 6873 13.0
7022 6662 6874 13.0
7030 7023 7021 13.0
7030 7021 7025 13.0
6960 6961 6950 13.0
5264 6822 6831 13.0
6815 6898 6831 13.0
6940 6999 7002 13.0
7002 7033 7032 13.0
7033 6999 7013 13.0
7018 7002 7032 13.0
6963 6833 6834 13.0
6982 6983 6834 13.0
7034 7024 6994 13.0
7034 7018 7035 13.0
7032 7035 7018 13.0
7033 7036 7032 13.0
6994 7018 7034 13.0
7032 7036 7035 13.0
6999 7033 7002 13.0
7031 7030 7037 13.0
7038 7035 7036 13.0
6662 7022 6661 13.0
7023 7022 7021 13.0
7016 6661 7022 13.0
7019 7030 6872 13.0
7033 7013 6872 13.0
7024 7034 7039 13.0
7038 7034 7035 13.0
6945 7039 7040 13.0
6844 7017 6910 13.0
6869 7017 6844 13.0
6844 6843 6868 13.0
6866 6990 6979 13.0
6995 6978 6979 13.0
7022 7023 7016 13.0
6910 7017 6899 13.0
7041 6901 6899 13.0
7042 6820 6821 13.0
7043 6820 7042 13.0
6899 7017 7044 13.0
6902 7045 7017 13.0
6505 7046 6507 13.0
7047 7046 6905 13.0
6505 6905 7046 13.0
6933 6507 7046 13.0
6932 6933 7048 13.0
7014 6932 7049 13.0
7014 7049 6829 13.0
7050 7052 7051 13.0
7053 7051 7052 13.0
7045 7044 7017 13.0
7053 7044 7054 13.0
6899 7044 7041 13.0
7053 7041 7044 13.0
7045 7054 7044 13.0
7055 7054 7045 13.0
7053 7054 7051 13.0
7055 6820 7056 13.0
7043 7056 6820 13.0
7043 7057 7056 13.0
7058 6903 7059 13.0
7060 6903 7061 13.0
7061 6903 6904 13.0
6832 7000 6834 13.0
6895 7000 6891 13.0
6832 6891 7000 13.0
7050 7056 7057 13.0
6902 6903 7058 13.0
7050 7051 7056 13.0
6829 7049 6828 13.0
7047 6828 7049 13.0
6902 7058 7045 13.0
7055 7045 7058 13.0
6982 6896 6997 13.0
6988 6997 6894 13.0
6982 6997 6952 13.0
6988 6937 6997 13.0
7007 6958 6956 13.0
6950 7007 6949 13.0
7036 7062 7038 13.0
6959 7062 7028 13.0
7055 7058 7059 13.0
7060 7059 6903 13.0
7055 7059 6820 13.0
7027 7001 6961 13.0
7007 6961 7001 13.0
6973 7063 6878 13.0
6973 6875 7063 13.0
6944 7040 7064 13.0
6945 7040 6944 13.0
7038 7040 7034 13.0
7034 7040 7039 13.0
6993 7065 7004 13.0
7027 7065 7001 13.0
6993 7001 7065 13.0
7027 7026 7065 13.0
6850 6900 6907 13.0
6899 6900 6910 13.0
6910 6900 6842 13.0
6973 6878 6976 13.0
6879 6976 6878 13.0
6879 6849 6976 13.0
6878 7063 6802 13.0
6986 6802 7063 13.0
7062 6959 7064 13.0
7004 7065 7011 13.0
7026 7011 7065 13.0
6907 6900 6906 13.0
6906 6900 6901 13.0
7021 6873 7029 13.0
7011 7029 7010 13.0
7021 7029 7025 13.0
7011 7025 7029 13.0
7036 7033 7031 13.0
6872 7031 7033 13.0
7028 7062 7037 13.0
7036 7037 7062 13.0
7028 7037 7030 13.0
7036 7031 7037 13.0
7020 6871 6996 13.0
6870 6871 7020 13.0
7003 6871 7013 13.0
7013 6871 6872 13.0
6905 6505 7066 13.0
6530 7066 6505 13.0
6905 7066 6805 13.0
6530 6805 7066 13.0
7055 7056 7054 13.0
7051 7054 7056 13.0
6860 6598 7067 13.0
6860 7067 6862 13.0
6804 6862 7067 13.0
6875 6974 6992 13.0
6875 6992 7063 13.0
6986 7063 6992 13.0
6807 6805 7068 13.0
6510 7068 6805 13.0
6510 6508 7068 13.0
6960 6944 7064 13.0
7038 7064 7040 13.0
6960 7064 6959 13.0
7038 7062 7064 13.0
6960 6950 6955 13.0
6951 6955 6950 13.0
6960 6955 6944 13.0
6944 6955 6943 13.0
7015 6936 7069 13.0
6934 7069 6936 13.0
7015 7069 6932 13.0
6934 6932 7069 13.0
6986 6992 6993 13.0
6974 6991 6992 13.0
7047 7049 7048 13.0
6932 7048 7049 13.0
7047 7048 7046 13.0
7046 7048 6933 13.0
6798 6796 6924 13.0
6953 6924 6796 13.0
6798 6924 6925 13.0
6953 6923 6924 13.0
6807 7068 6859 13.0
6508 6859 7068 13.0
6820 7059 7070 13.0
7060 7070 7059 13.0
6820 7070 6819 13.0
7060 6819 7070 13.0
6849 6848 6976 13.0
6973 6976 6972 13.0
6905 6929 7071 13.0
6828 7071 6929 13.0
6905 7071 7047 13.0
6828 7047 7071 13.0
6598 2520 7067 13.0
6804 7067 2520 13.0
4301 7073 7072 14.0
7074 7075 7072 14.0
7072 7073 7074 14.0
7075 7074 7076 14.0
7076 7077 7075 14.0
7076 7078 7077 14.0
7079 7081 7080 14.0
7081 7079 7078 14.0
7080 7081 7082 14.0
7079 7077 7078 14.0
7080 7082 7083 14.0
7084 7083 7082 14.0
7084 7085 7083 14.0
7086 4199 7085 14.0
7085 7084 7086 14.0
4109 7088 7087 14.0
7088 7090 7089 14.0
7089 7087 7088 14.0
7090 7091 7089 14.0
7091 7093 7092 14.0
7094 7092 7093 14.0
7094 7095 7092 14.0
7091 7090 7093 14.0
7096 7098 7097 14.0
7097 7095 7096 14.0
7098 7099 7097 14.0
7100 4152 7101 14.0
7101 7099 7100 14.0
7099 7098 7100 14.0
7095 7094 7096 14.0
7102 7104 7103 14.0
3967 7106 7105 14.0
7107 7096 7094 14.0
7108 7110 7109 14.0
7111 7113 7112 14.0
7114 7115 3990 14.0
7116 7118 7117 14.0
7119 7120 7107 14.0
7121 7122 7102 14.0
7121 7120 7122 14.0
7121 7102 7123 14.0
7121 7123 7124 14.0
7125 7127 7126 14.0
4109 7129 7128 14.0
7130 7132 7131 14.0
7133 7135 7134 14.0
7133 7136 7135 14.0
7137 7136 7138 14.0
7139 7141 7140 14.0
7139 7142 7110 14.0
7143 7130 7144 14.0
4103 7146 7145 14.0
7147 7149 7148 14.0
7150 7151 7115 14.0
7116 7151 7152 14.0
7153 7141 7154 14.0
7155 7156 7154 14.0
7154 7156 7153 14.0
7124 7123 7157 14.0
7096 7107 7158 14.0
7137 7158 7107 14.0
7137 7159 7158 14.0
7160 7127 7125 14.0
7161 7112 7125 14.0
7139 7162 7142 14.0
7139 7163 7162 14.0
7096 7158 7098 14.0
4092 4103 7143 14.0
7155 7154 7110 14.0
7164 7166 7165 14.0
7159 7137 7138 14.0
7133 7138 7136 14.0
7159 7138 7167 14.0
7133 7156 7138 14.0
7168 7132 7169 14.0
7168 7169 7170 14.0
7171 7173 7172 14.0
7135 7173 7134 14.0
7171 7134 7173 14.0
7100 7174 4152 14.0
7175 7177 7176 14.0
7178 7103 7104 14.0
7179 7103 7178 14.0
7102 7103 7123 14.0
7123 7103 7180 14.0
7181 7183 7182 14.0
7131 7132 7184 14.0
7184 7132 7185 14.0
7168 7185 7132 14.0
7119 7186 7120 14.0
7187 7189 7188 14.0
7190 7104 7191 14.0
7102 7191 7104 14.0
7192 7194 7193 14.0
7107 7120 7195 14.0
7121 7195 7120 14.0
7107 7195 7137 14.0
7181 7157 7196 14.0
7181 7182 7157 14.0
4092 7143 7197 14.0
7150 7197 7198 14.0
4092 7197 7199 14.0
7199 7197 7200 14.0
7166 7202 7201 14.0
7203 7205 7204 14.0
7090 7207 7206 14.0
7090 7206 7093 14.0
7093 7206 7208 14.0
7113 7210 7209 14.0
7150 7198 7151 14.0
7130 7162 7211 14.0
7163 7211 7162 14.0
7130 7211 7132 14.0
4109 7128 7212 14.0
7213 7215 7214 14.0
4109 7212 7088 14.0
7088 7212 7216 14.0
7217 7219 7218 14.0
7203 7186 7220 14.0
7163 7139 7221 14.0
7140 7221 7139 14.0
7163 7221 7222 14.0
7198 7131 7223 14.0
7155 7110 7174 14.0
7108 7174 7110 14.0
7108 4152 7174 14.0
7224 7219 7213 14.0
7204 7192 7225 14.0
7226 7204 7205 14.0
7186 7203 7225 14.0
7124 7137 7121 14.0
7149 7147 7227 14.0
7155 7174 7167 14.0
7158 7159 7098 14.0
7155 7167 7156 14.0
7156 7167 7138 14.0
7110 7142 7109 14.0
7146 7109 7142 14.0
7215 7207 7216 14.0
7090 7216 7207 14.0
7215 7216 7212 14.0
7090 7088 7216 14.0
7120 7228 7122 14.0
7120 7186 7228 14.0
7207 7229 7220 14.0
7215 7229 7207 14.0
7205 7229 7230 14.0
7215 7213 7229 14.0
7119 7107 7208 14.0
7094 7208 7107 14.0
7119 7208 7206 14.0
7094 7093 7208 14.0
7132 7211 7169 14.0
7163 7169 7211 14.0
7121 7137 7195 14.0
7167 7100 7159 14.0
7114 7199 7200 14.0
7150 7200 7197 14.0
7114 7200 7115 14.0
7150 7115 7200 14.0
7136 7137 7124 14.0
7189 7187 7231 14.0
7115 7151 7117 14.0
7116 7117 7151 14.0
7232 7233 7218 14.0
7187 7235 7234 14.0
7133 7134 7236 14.0
7133 7236 7156 14.0
7236 7153 7156 14.0
7165 7238 7237 14.0
7176 7221 7237 14.0
7226 7230 7239 14.0
7205 7230 7226 14.0
7134 7202 7236 14.0
7153 7236 7202 14.0
7177 7170 7222 14.0
7235 7147 7240 14.0
7102 7122 7241 14.0
7102 7241 7191 14.0
7202 7164 7153 14.0
7140 7164 7165 14.0
7122 7228 7241 14.0
7115 7117 7126 14.0
7117 7118 7126 14.0
7157 7182 7242 14.0
7135 7242 7182 14.0
7135 7136 7242 14.0
7243 7148 7244 14.0
7160 7209 7210 14.0
7125 7209 7160 14.0
7113 7209 7112 14.0
7125 7112 7209 14.0
7235 7187 7188 14.0
7235 7188 7147 14.0
7115 7126 3990 14.0
3990 7126 7127 14.0
7106 7188 7105 14.0
7105 7188 7189 14.0
7202 7166 7164 14.0
7238 7165 7166 14.0
7106 7227 7188 14.0
7147 7188 7227 14.0
7136 7124 7242 14.0
7157 7242 7124 14.0
7245 7234 7235 14.0
7246 7234 7247 14.0
7187 7234 7231 14.0
7246 7231 7234 14.0
7157 7123 7180 14.0
7179 7180 7103 14.0
7157 7180 7196 14.0
7179 7196 7180 14.0
7219 7224 7248 14.0
7249 7248 7224 14.0
7219 7248 7250 14.0
7249 7148 7248 14.0
7202 7134 7251 14.0
7171 7251 7134 14.0
7202 7251 7201 14.0
7171 7201 7251 14.0
7249 7224 7252 14.0
7128 7252 7214 14.0
7249 7252 7240 14.0
7245 7252 7247 14.0
7119 7220 7186 14.0
7206 7220 7119 14.0
7206 7207 7220 14.0
7143 4103 7145 14.0
7142 7145 7146 14.0
7143 7145 7130 14.0
7153 7164 7141 14.0
7140 7141 7164 14.0
7128 7129 7247 14.0
7246 7247 7129 14.0
7128 7247 7252 14.0
7245 7247 7234 14.0
7130 7145 7162 14.0
7142 7162 7145 14.0
7131 7198 7144 14.0
7197 7144 7198 14.0
7131 7144 7130 14.0
7197 7143 7144 14.0
7219 7250 7218 14.0
7243 7250 7148 14.0
7148 7250 7248 14.0
7253 7254 7226 14.0
7192 7254 7194 14.0
7253 7194 7254 14.0
7212 7214 7215 14.0
7128 7214 7212 14.0
7213 7214 7224 14.0
7224 7214 7252 14.0
7125 7126 7255 14.0
7118 7255 7126 14.0
7125 7255 7161 14.0
7118 7161 7255 14.0
7244 7148 7149 14.0
7217 7239 7230 14.0
7218 7239 7217 14.0
7218 7233 7239 14.0
7217 7230 7256 14.0
7217 7256 7219 14.0
7213 7219 7256 14.0
7185 7257 7184 14.0
7226 7239 7253 14.0
7233 7253 7239 14.0
7151 7198 7258 14.0
7259 7258 7198 14.0
7151 7258 7152 14.0
7259 7152 7258 14.0
7176 7222 7221 14.0
7177 7222 7176 14.0
7163 7222 7169 14.0
7169 7222 7170 14.0
7140 7237 7221 14.0
7165 7237 7140 14.0
7176 7237 7175 14.0
7175 7237 7238 14.0
7203 7220 7205 14.0
7205 7220 7229 14.0
7192 7204 7254 14.0
7226 7254 7204 14.0
7213 7256 7229 14.0
7230 7229 7256 14.0
7174 7100 7167 14.0
7098 7159 7100 14.0
7135 7182 7173 14.0
7218 7250 7260 14.0
7243 7260 7250 14.0
7218 7260 7232 14.0
7243 7232 7260 14.0
7245 7240 7252 14.0
7235 7240 7245 14.0
7249 7240 7148 14.0
7148 7240 7147 14.0
7190 7193 7194 14.0
7191 7193 7190 14.0
7192 7193 7241 14.0
7191 7241 7193 14.0
7182 7183 7173 14.0
7172 7173 7183 14.0
7154 7141 7261 14.0
7139 7261 7141 14.0
7154 7261 7110 14.0
7139 7110 7261 14.0
7184 7257 7223 14.0
7259 7223 7257 14.0
7184 7223 7131 14.0
7259 7198 7223 14.0
7228 7186 7225 14.0
7204 7225 7203 14.0
7228 7225 7241 14.0
7241 7225 7192 14.0
7106 3967 7262 14.0
7178 7104 7263 14.0
7075 7077 7264 14.0
7168 7170 7265 14.0
7079 7080 7266 14.0
7111 7112 7267 14.0
7268 7270 7269 14.0
7271 7273 7272 14.0
7274 7276 7275 14.0
7277 7279 7278 14.0
7280 7281 7270 14.0
7269 7270 7281 14.0
7282 7284 7283 14.0
7285 4204 7286 14.0
7282 7287 7284 14.0
7282 7288 7287 14.0
7289 7265 7290 14.0
7276 7274 7291 14.0
7264 7293 7292 14.0
7264 7292 7291 14.0
7294 7296 7295 14.0
7297 7288 7281 14.0
7269 7281 7298 14.0
7277 7300 7299 14.0
7268 7300 7270 14.0
7294 7270 7300 14.0
7294 7301 7296 14.0
7301 7278 7302 14.0
7116 7152 7303 14.0
7266 7269 7298 14.0
7289 7304 7265 14.0
7304 7289 7272 14.0
7288 7305 7287 14.0
7185 7306 7257 14.0
7275 7276 7307 14.0
7238 7166 7308 14.0
7279 7309 7278 14.0
7310 7278 7309 14.0
7185 7168 7311 14.0
7265 7311 7168 14.0
7185 7311 7306 14.0
7284 7287 7263 14.0
7179 7263 7312 14.0
7284 7263 7104 14.0
7179 7178 7263 14.0
7313 7292 7314 14.0
7293 7315 7292 14.0
7314 7315 7283 14.0
7294 7300 7301 14.0
7277 7301 7300 14.0
7277 7278 7301 14.0
7171 7316 7201 14.0
7296 7316 7295 14.0
7171 7295 7316 14.0
7274 7275 7317 14.0
7265 7170 7318 14.0
7177 7318 7170 14.0
7265 7318 7290 14.0
7177 7290 7318 14.0
4171 4304 7319 14.0
7284 7104 7320 14.0
7190 7320 7104 14.0
7190 7321 7320 14.0
7190 7194 7321 14.0
7181 7196 7305 14.0
7238 7322 7175 14.0
7291 7292 7313 14.0
7315 7314 7292 14.0
7291 7313 7276 14.0
7323 7313 7321 14.0
7324 7085 7268 14.0
7085 4199 7299 14.0
7172 7183 7325 14.0
7326 7328 7327 14.0
7072 7328 7326 14.0
7264 7328 7075 14.0
7072 7075 7328 14.0
7080 7083 7324 14.0
7080 7324 7266 14.0
7269 7266 7324 14.0
7329 7331 7330 14.0
7332 7267 7333 14.0
7334 7335 7317 14.0
7275 7334 7317 14.0
7336 7317 7335 14.0
7269 7324 7268 14.0
7152 7259 7337 14.0
7265 7304 7311 14.0
7274 7317 7338 14.0
7339 7338 7317 14.0
7274 7338 7327 14.0
7339 7326 7338 14.0
7340 7279 7341 14.0
7273 7271 7340 14.0
7279 7271 7342 14.0
7289 7342 7271 14.0
7279 7342 7309 14.0
7309 7342 7343 14.0
7341 7344 4199 14.0
7277 7344 7279 14.0
7297 7280 7345 14.0
7305 7288 7345 14.0
7280 7297 7281 14.0
7346 7348 7347 14.0
7347 7348 7349 14.0
7322 7310 7350 14.0
7289 7290 7343 14.0
7280 7270 7351 14.0
7294 7351 7270 14.0
7294 7295 7351 14.0
7337 7303 7152 14.0
7233 7352 7253 14.0
7077 7079 7353 14.0
7077 7353 7264 14.0
7293 7264 7353 14.0
7326 7327 7338 14.0
7264 7327 7328 14.0
7274 7327 7291 14.0
7264 7291 7327 14.0
7083 7085 7324 14.0
7325 7280 7354 14.0
7336 7339 7317 14.0
7344 7341 7279 14.0
7271 7279 7340 14.0
7293 7353 7355 14.0
7079 7266 7353 14.0
7310 7309 7343 14.0
7289 7343 7342 14.0
7308 7166 7356 14.0
7319 7304 7272 14.0
7271 7272 7289 14.0
7319 7272 4171 14.0
4171 7272 7273 14.0
7319 7306 7357 14.0
7311 7357 7306 14.0
7319 7357 7304 14.0
7311 7304 7357 14.0
7358 7335 7359 14.0
7267 7112 7360 14.0
7267 7360 7333 14.0
7297 7345 7288 14.0
7325 7345 7280 14.0
7305 7345 7181 14.0
7303 7362 7361 14.0
7363 7348 7364 14.0
7112 7161 7365 14.0
7112 7365 7360 14.0
7360 7365 7286 14.0
7310 7302 7278 14.0
7302 7310 7366 14.0
7301 7302 7296 14.0
7352 7276 7323 14.0
7352 7323 7253 14.0
7331 7368 7367 14.0
7335 7358 7336 14.0
7296 7366 7308 14.0
7322 7366 7310 14.0
7296 7302 7366 14.0
7284 7320 7369 14.0
7321 7369 7320 14.0
7284 7369 7283 14.0
7314 7321 7313 14.0
7276 7313 7323 14.0
7337 7259 7370 14.0
7337 7370 7363 14.0
7253 7323 7194 14.0
7321 7194 7323 14.0
7181 7345 7371 14.0
7325 7371 7345 14.0
7181 7371 7183 14.0
7325 7183 7371 14.0
7372 7286 4204 14.0
7333 7286 7372 14.0
7285 7286 7365 14.0
7333 7360 7286 14.0
7275 7232 7373 14.0
7243 7373 7232 14.0
7275 7373 7334 14.0
7243 7334 7373 14.0
7259 7257 7374 14.0
7306 7374 7257 14.0
7259 7374 7370 14.0
7306 7370 7374 14.0
7285 7118 7361 14.0
7116 7361 7118 14.0
7285 7361 7362 14.0
7116 7303 7361 14.0
7262 7375 7106 14.0
7262 7376 7375 14.0
7177 7175 7377 14.0
7322 7377 7175 14.0
7177 7377 7290 14.0
7335 7334 7359 14.0
7243 7359 7334 14.0
7243 7244 7359 14.0
7339 7336 7368 14.0
7266 7298 7355 14.0
7298 7282 7378 14.0
7363 7370 7379 14.0
7306 7379 7370 14.0
7363 7379 7349 14.0
7306 7319 7379 14.0
7283 7369 7314 14.0
7321 7314 7369 14.0
7171 7172 7380 14.0
7325 7380 7172 14.0
7171 7380 7295 14.0
7282 7283 7378 14.0
7315 7378 7283 14.0
7362 7364 7348 14.0
7303 7364 7362 14.0
7363 7364 7337 14.0
7303 7337 7364 14.0
7368 7382 7381 14.0
7331 7382 7368 14.0
7383 7382 7329 14.0
7331 7329 7382 14.0
7376 7330 7384 14.0
7331 7384 7330 14.0
7385 7384 7367 14.0
7106 7375 7386 14.0
7385 7386 7375 14.0
7106 7386 7227 14.0
7385 7227 7386 14.0
7348 7346 7362 14.0
7378 7355 7298 14.0
7315 7355 7378 14.0
7266 7355 7353 14.0
7315 7293 7355 14.0
7161 7118 7365 14.0
7285 7365 7118 14.0
7308 7366 7238 14.0
7322 7238 7366 14.0
7358 7359 7149 14.0
7244 7149 7359 14.0
7339 7368 7381 14.0
7383 7381 7382 14.0
7383 4301 7381 14.0
7352 7307 7276 14.0
7233 7307 7352 14.0
7275 7307 7232 14.0
7233 7232 7307 14.0
7268 7085 7299 14.0
7344 7299 4199 14.0
7268 7299 7300 14.0
7344 7277 7299 14.0
7326 7339 7387 14.0
7326 7387 7072 14.0
4301 7072 7387 14.0
7290 7377 7350 14.0
7322 7350 7377 14.0
7290 7350 7343 14.0
7343 7350 7310 14.0
7319 4304 7349 14.0
7347 7349 4304 14.0
7319 7349 7379 14.0
7363 7349 7348 14.0
7296 7308 7356 14.0
7201 7356 7166 14.0
7296 7356 7316 14.0
7201 7316 7356 14.0
7295 7380 7354 14.0
7325 7354 7380 14.0
7295 7354 7351 14.0
7351 7354 7280 14.0
7358 7149 7388 14.0
7227 7388 7149 14.0
7358 7388 7385 14.0
7227 7385 7388 14.0
7285 7362 4204 14.0
7346 4204 7362 14.0
7288 7282 7389 14.0
7298 7389 7282 14.0
7288 7389 7281 14.0
7298 7281 7389 14.0
7358 7385 7367 14.0
7331 7367 7384 14.0
7358 7367 7336 14.0
7336 7367 7368 14.0
7385 7375 7384 14.0
7376 7384 7375 14.0
7339 7381 7387 14.0
4301 7387 7381 14.0
7305 7196 7312 14.0
7179 7312 7196 14.0
7305 7312 7287 14.0
7287 7312 7263 14.0
7113 7390 7210 14.0
7391 4741 7390 14.0
7111 7391 7113 14.0
7391 7390 7113 14.0
4741 7391 7392 14.0
4741 7392 4720 14.0
7393 4634 7394 14.0
7394 4720 7393 14.0
4720 7392 7393 14.0
7111 7267 7391 14.0
7391 4915 7392 14.0
7395 4915 7391 14.0
7395 7391 7267 14.0
7392 4915 4886 14.0
4886 7393 7392 14.0
7393 7396 4634 14.0
7393 4886 7396 14.0
7395 7267 7332 14.0
