# Part 1 - node list
7396 3 0 0
1 0.1325063001188072 1.673498850247673 -0.1916053704772338
2 0.1608208894279042 1.551685240822625 -0.1958966374395852
3 0.004438399637808415 1.579169584080935 -0.1755933645920547
4 -0.02438115491973569 1.643968090232239 -0.1626893876081375
5 0.03784700104132745 1.687750703645228 -0.1744346637552477
6 0.4615780460173058 1.865560648236459 -0.2211522383453772
7 0.4155580756758893 1.752744617104844 -0.2162756240209221
8 0.2951258177496689 1.866703515344895 -0.2077114220905715
9 0.6305177135752157 1.65461433126 -0.2202589332649456
10 0.8851504101483335 1.41603454610706 -0.2095531829062999
11 0.5424892609815168 1.472949992750803 -0.2115862624487046
12 0.4110509920799105 1.626771765002285 -0.2129951169706509
13 0.2623849885036366 1.742433934975425 -0.205154570657138
14 0.3217746509440724 1.502716531602269 -0.2057418519844073
15 0.1335808721691211 1.781543233323262 -0.1873305610418433
16 0.680478819198583 1.864717022312879 -0.2293975616636898
17 0.8387110902657416 1.688017921505612 -0.2231103090434765
18 0.9479573280496693 1.864268222778541 -0.2311478169430841
19 1.078891647446383 1.638024367815488 -0.2178860719174057
20 3.372480871774446 1.368903941778018 -0.07519049225197799
21 3.508695178798566 1.492768955236571 -0.06900916261908642
22 3.533849821565403 1.236456892259673 -0.05716012143079138
23 2.407455446295742 1.644819067270145 -0.1570943628218229
24 2.648807505782389 1.867741704791448 -0.1517786930350797
25 2.6583150303427 1.662104253517481 -0.1411361660019175
26 2.804130429654646 1.751357691244711 -0.1349762890559655
27 2.945663877395783 1.669065510028422 -0.120728550431968
28 2.817777331325695 1.592468626355771 -0.1265902642664996
29 2.957466075718945 1.868970030405042 -0.128822487226286
30 3.184737864396018 1.869955500077054 -0.1107604237732506
31 3.099662854560383 1.769648928010179 -0.1133318787117761
32 0.05811251134495606 1.493506515020758 -0.1859490805543726
33 0.2104218274279724 1.432763903783265 -0.198283084921347
34 0.1382456227187672 1.345358963641712 -0.1923333073315466
35 3.253121186235506 1.769648928010179 -0.1010080227507256
36 3.380520525082852 1.774453985806051 -0.09061743556843253
37 3.334934178941038 1.650810335374206 -0.08949943566304673
38 3.471545773157841 1.871301096853513 -0.08650831144969351
39 3.290398205405666 1.870437531762632 -0.1020216913457588
40 0.242276507391973 1.159605095652323 -0.1928272702801638
41 0.5500276071064323 1.259332948866918 -0.2028947571101034
42 0.4542892646169235 0.9866905998967195 -0.1904983827542755
43 0.3424343759823928 1.338563782636768 -0.2018316436729474
44 0.1726202958295814 1.868155891403672 -0.1890766547887887
45 0.2569296198672815 1.622920999806856 -0.204102678032045
46 3.375062453087029 1.529818452530447 -0.08140563714478385
47 3.491225230241469 1.670778183842008 -0.07723834487896529
48 3.214845360864613 1.496761094958204 -0.09275010513620172
49 2.638694697001613 1.495304988873088 -0.1344475277963336
50 2.244183779846622 1.866333806722049 -0.1789783738113511
51 0.7140551522801406 0.9207947314046159 -0.1870854649754589
52 0.7799610916353602 1.144049806508895 -0.1972814623297601
53 2.374871496714653 1.373763878837925 -0.1454829681004892
54 0.9714095320122437 0.9215139888414851 -0.1830170932895801
55 2.009159627120173 1.584411379588349 -0.1778127001618978
56 1.11619893219843 1.173958124089555 -0.1926564744199832
57 1.315303030258661 1.433147406434333 -0.200625830032475
58 1.498642390980178 1.031020956083643 -0.1723357376927054
59 1.294738427102631 1.864290355375597 -0.2247781712458578
60 1.69000566899609 1.338220642837522 -0.180637767618895
61 2.07610420120696 1.244436945278147 -0.1562299302187312
62 1.747623211323281 1.864990575105582 -0.2068579039139752
63 1.776514686540009 1.125316685015905 -0.16525430046352
64 1.232407550303965 0.9619166495901887 -0.1781530329398423
65 1.596844824062944 1.619152000950888 -0.2001012490504193
66 0.08411955449981079 1.871301096853513 -0.145636056035916
67 0.02987615737025379 1.794029793433467 -0.1396223322723954
68 -0.02436723975930409 1.716758490013419 -0.1336086085088747
69 0.8974955412575135 1.878290112734713 -0.03147571697620362
70 0.7740384601120756 1.702044060943895 -0.01599469716689823
71 0.9863150667281273 1.486136895202911 0.01049661994084809
73 3.279551718622859 1.381453870377171 -0.05032317180333403
75 0.6525166361456404 1.877815759638953 -0.04253643830852659
76 0.4474352769353107 1.876981298256408 -0.05805131826942182
77 0.5604323053818969 1.674783266405885 -0.02203341967669645
78 0.3728466835298744 1.713315906525353 -0.04032594927139339
79 3.198320348585228 1.158048245574544 -0.03365639371985904
80 0.393654943850384 1.511398000356083 -0.01083125514229225
81 0.5633552164941802 1.46824170656574 0.002890950421197099
82 1.977672112769383 1.193974598288746 0.01854041003764503
83 1.603705899268319 1.181968854237 0.03016572279266934
84 1.769290815751743 0.8645963293858931 0.0485824351151584
85 0.6976503644298322 1.33898775021536 0.02097964143552539
86 0.7222046562694595 1.534783331145058 0.000798631834410492
88 3.319179295430843 1.623681597104028 -0.06549847946318139
89 2.984171865240109 1.33066312306531 -0.03215635335695191
90 3.068505307935284 1.616056404860102 -0.0525158908540644
91 3.229234506258623 1.872443000836892 -0.07440539506766011
93 2.327491256782644 1.197039920040522 0.005505215027325316
94 2.29738207473 0.9611545668398387 0.02198748080251658
95 2.581995455420502 1.020552331510663 0.005596429029623973
96 1.521719350158637 0.8307753766925365 0.05861566585383066
97 0.7700179748047529 1.120757001282088 0.04372564642970408
98 1.04225572481447 0.8075452444736342 0.0705639447933458
99 1.224814644628484 1.092402789382342 0.04447958191191579
100 0.4837040584150147 1.290979741384632 0.02020040358727077
101 0.5535254252177217 0.9319144379604649 0.0599225752259362
102 2.722839297670386 1.580089997271145 -0.0348364336013612
103 1.355983477637743 1.509926631875437 0.008162726121306359
104 1.586095944872412 1.877924617677671 -0.024683771242449
105 1.202106417844931 1.878368777593593 -0.02503358309161765
106 0.8000970310652233 0.8373309915336404 0.07003301296868003
107 1.791826458349206 1.531078106133569 -0.0005414339059781356
108 2.026950293196783 0.9087947783968908 0.03632412162283109
109 2.040735593476125 1.876869336776331 -0.03184152545029499
110 0.2710675669041372 1.342235848929388 0.003644627392955709
111 0.3585827755247351 1.130895778695836 0.03389633252536087
112 1.28089564970929 0.8097001830361525 0.06618219443386825
113 0.1964911160843646 1.499150132254939 -0.02433702800452896
114 0.2439799142019652 1.62401080214943 -0.03902814724094911
115 0.2887841678522663 1.875861980879798 -0.07683000623023073
116 0.1967314217000292 1.707918931726939 -0.05893973008386667
117 0.02708600685448804 1.741624790426456 -0.1046347106161881
120 0.114887495179776 1.737832474928303 -0.07874062849438448
121 0.1700426521710325 1.874429785539898 -0.09938711455006748
123 2.256471363177247 1.524599795769533 -0.01344191698615778
124 2.633022397188197 1.294860925161653 -0.01354519998259768
125 2.914781943422139 1.873804455553818 -0.06042150965565261
126 2.503426359771134 1.875386942123242 -0.04496768851489735
127 2.8817465378086 1.086053802728383 -0.01286978767335466
130 0.1410077156663704 1.952349706095879 -0.1511584838880491
131 3.922136789656971 5.142327549772574 -0.3729294172484242
132 3.780926016578387 5.263307280436788 -0.3939360059068059
133 3.972725408662205 5.303872857942586 -0.3847110069434603
134 3.148265327375225 5.289481773055831 -0.4264372760492155
135 3.09761811066145 5.446945668291668 -0.437917163828115
136 3.190461793975407 5.442974404571767 -0.436363108796634
137 3.297143736411914 5.239102076258886 -0.4177279498614437
138 3.283327045175559 5.440035355660395 -0.4338485307358734
139 1.105530876031386 3.326506633066264 -0.2447897325626545
140 1.179003997607273 3.213446147832965 -0.2861698817707681
141 1.048794219539327 3.245673872656242 -0.2392820120523837
142 4.267155448375175 5.201535742234197 -0.3522228501158666
143 4.301305248558036 5.34414889084522 -0.3635545376922374
144 4.462317694242313 5.266660506221411 -0.3421637765621782
145 3.654436343709009 5.434256459246541 -0.4170683127998546
146 3.749999999999999 5.433723169486609 -0.4114779068619357
147 1.813332520853256 4.090426350710028 -0.344033662185347
148 1.672897440951987 4.134834237166497 -0.2998669376653641
149 1.729634097444045 4.215666997576517 -0.3053746581756348
150 1.586687409274063 3.771961656934983 -0.3235468924884383
151 1.445950814983746 3.811503195526403 -0.2778360556242802
152 1.502687471475807 3.892335955936426 -0.2833437761345512
153 2.562166915044362 3.593449281015043 -0.3141190300739146
154 2.891044617251018 3.58077752509956 -0.2954215092242514
155 2.647937118552981 3.166902644423235 -0.2725103202868931
156 2.580683944824946 5.428158403726863 -0.3879904658296989
157 2.637572105991505 5.509207012969228 -0.393512893681832
158 2.666861893827774 5.422803560351891 -0.4191349439506242
159 2.64016165978082 5.508031874519319 -0.4
160 3.300091271015415 3.443361231339407 -0.2554046771001139
161 3.460698955395471 3.034451300493456 -0.2034412301846458
162 3.044116931164002 3.160324967936331 -0.2466315084979882
163 4.137408123768493 5.463733916082418 -0.3880419486899741
164 4.148340906477711 5.328999321867068 -0.3741596145609293
165 4.040238523310056 5.453155422822884 -0.3941185582003895
166 2.881063873483064 5.254806193205279 -0.4268311448475071
167 2.774838296987652 5.369414972971222 -0.4285728602867208
168 2.912130752554796 5.459847498366836 -0.436982892836493
169 3.007105853101135 5.334834480060589 -0.4315854236684005
170 3.004837886127255 5.45235852200519 -0.4382572505965561
171 3.279720780675828 1.918652624837942 -0.1077276374473626
173 3.172035579412257 2.05311925792363 -0.1299113441057503
176 3.373482742581501 1.967001889427827 -0.1046347106161879
177 3.376014827683876 5.437857171451124 -0.4305518100425076
178 3.598891879782083 4.34980605082464 -0.3204821835422324
179 3.942130633102233 4.306726915103274 -0.2901663922456619
180 3.770810549307036 4.002688702195993 -0.2739466858916876
181 4.407182035266601 5.077711491305872 -0.3279367559535498
182 3.4688381201711 5.436244362097282 -0.4265902199889683
183 3.447627516210733 5.293250820031867 -0.4155858748029441
184 3.614389603537977 5.190019673984212 -0.3975653560875816
185 3.559174124015177 5.339352263125764 -0.413911574741091
186 3.846879937709352 5.437021090394524 -0.4057410753084513
187 3.943572528314426 5.44409665809644 -0.4
188 4.234418879387035 5.475612861021614 -0.3818065013562404
189 4.524208905912726 5.520436097103715 -0.3623397519755338
190 4.504310211838219 5.410568187402202 -0.3529993850294373
191 4.427836815612975 5.503590773271785 -0.3689225280375653
192 4.53638722022075 5.520495578276167 -0.3612764287394336
193 4.331240438712081 5.48883131039788 -0.3754261754325965
194 2.403151490249104 4.904170733207842 -0.39685041904535
195 2.290802694833843 4.88734227341345 -0.3846762385258501
196 2.297000662364646 5.023994601676748 -0.3604518632783442
197 2.728626356991107 5.485553138057476 -0.425488945967322
198 3.589332969287002 3.705403088688791 -0.2590580575815138
199 3.984654457992833 3.629716292124616 -0.2189091563698445
200 3.848861294630876 3.16435530930207 -0.1838695437207525
201 3.719667285443372 2.721609521503996 -0.1505327546922289
202 3.39520181879283 4.02417746609686 -0.3038998735355192
203 4.120443451022227 4.095062983284667 -0.2539476929203025
206 2.387957644471478 2.17244178843927 -0.1980169256455818
207 1.989411201664672 2.225142527049121 -0.2256327115407884
208 2.867638663272141 2.782735375172021 -0.2231847375061515
209 3.200104546957933 2.777515384567678 -0.1986279278389689
210 3.642442178596059 3.384920470664565 -0.2233767268526251
211 3.205132932768175 3.755047851343489 -0.2915459912390533
212 2.2319088541883 2.551983162753898 -0.2413158366228553
213 3.076227827679312 4.688605843250231 -0.3820782447171655
214 3.211874100560933 4.872191929031684 -0.3912271985669967
215 3.389798088378464 4.670010796612751 -0.3640145932364439
216 1.298154881584498 2.78773182269727 -0.2835772475396008
217 1.369389590596269 2.973774667508178 -0.2934727258302139
218 1.601454144009869 2.781773865592568 -0.2829895870472995
219 2.089941929672578 3.334108953810991 -0.311351027960363
220 1.989080660759978 3.578219409309792 -0.3299770377059968
221 2.308739122052752 3.45543978629516 -0.3135055956201479
222 0.7539468102123252 2.154158592056764 -0.2430194117561189
223 0.8443381768910041 2.020772391202847 -0.2395698304429656
224 0.6300193168567018 2.0198207742396 -0.2336529844526558
225 1.165554268303958 2.963331185521634 -0.2849223968267963
226 1.539116071948213 3.056714233954289 -0.2999703265547587
227 2.517566380761352 5.00606308842342 -0.4060995395483675
228 2.690913793901458 4.946409084050901 -0.4090180960778407
229 2.546258029374542 4.885009355076368 -0.4035654013661582
230 2.111490974983938 3.725031928965361 -0.3381160832683187
231 2.34044801416467 3.828479218733816 -0.3409113331485086
232 3.574333778504304 4.931248957028003 -0.3765021391970731
233 3.452684739328189 5.138595577590137 -0.4020566023584567
234 2.057967473509532 3.905177598635806 -0.3489459810988607
235 1.8962669093904 3.78503333681719 -0.3408359544175495
236 0.588198383652312 2.187062934081272 -0.2343458991263235
237 0.4731652251826845 2.048450418041905 -0.2241659761214341
238 2.170410426477828 4.053521264098181 -0.3576321342227066
239 2.245553656817556 4.183162829229754 -0.3650970774041677
240 2.418385792212717 4.086276258899137 -0.3574924363465883
241 1.17853868872818 2.184649373161268 -0.2493429679806674
242 1.053761923744919 2.03407046617362 -0.2409237306289296
243 0.9396886673507155 2.23142956167862 -0.251201684328491
244 3.537698674215016 2.098006022862728 -0.1035781842714833
245 3.422343778810723 2.320020069878041 -0.1357900431732466
246 3.618160054468563 2.373745876527111 -0.1243401690982207
247 3.269229658314959 2.474889192868489 -0.1636686407589107
248 3.471675274382373 2.63689970994411 -0.1632313841981631
249 3.77581550653635 5.04204146627827 -0.3736439587173519
250 3.837936915836609 4.821073881583684 -0.3482949077198349
251 2.928457784800557 4.518565964549235 -0.3744281548445866
252 2.810888591658698 4.732634077969877 -0.3945442763507976
253 2.655951488052822 4.540063682210954 -0.3842690991956613
254 2.64184244027231 4.762445379526863 -0.398607821900993
255 2.569958306783499 4.274470129032363 -0.3674458683686161
256 2.324992341446631 4.310542968166113 -0.3724573378241649
259 2.288356443301313 4.499226774950241 -0.3807681741780476
260 2.452906237992344 4.45332528202637 -0.3807709030236968
261 2.749225500507917 5.239805921288159 -0.4234743495569581
262 2.675108774539662 5.143746381488459 -0.4174254352733582
263 2.644515976241525 5.309635229248144 -0.4185672452917914
264 2.586742161617582 5.098549552590143 -0.4120405540869651
265 3.006613836356009 2.455247902984877 -0.1820016639291365
266 1.783382366766868 3.020615995006675 -0.2960967068246614
267 1.676331536891085 3.220657155400291 -0.3096075751583166
268 3.191832695021134 2.248887473632968 -0.1476100067596457
269 3.33673935655189 2.116424312881246 -0.1226658768756551
270 0.7466077200513676 2.314381584129291 -0.2470670976872172
271 0.5945394009051708 2.343663114398842 -0.2339289970452531
272 0.680804778861904 2.44125941238699 -0.2422213852967123
273 0.7083742805869663 2.760677310196103 -0.206235688990758
274 0.7912249178070854 2.646079599612475 -0.2512713023501514
275 0.651637624094906 2.67984454978608 -0.2007279684804871
276 4.335137574576634 4.830816285365071 -0.3093466448346243
277 4.230011426609591 5.029766160773758 -0.3382386683656839
278 4.038411029732226 4.949633622950622 -0.3456712576782042
279 4.089435859823731 5.160141791902415 -0.3622484416992354
280 1.091739511041638 2.794423616484161 -0.2770727130507549
281 0.9326071476360477 2.818352988458464 -0.2647183309644205
282 1.020479404097636 2.915049975859666 -0.2730024929553173
283 2.147942794812585 4.554496374549123 -0.3741252797896223
284 2.25218771030234 4.642214486550902 -0.3829486274653789
285 1.396594046571146 2.561397701646813 -0.2711538639552215
286 1.141668337891261 2.605462372332865 -0.2722185058781379
287 2.801840884232655 5.084829507807425 -0.4171674187791103
288 3.215404620767426 4.357166994416422 -0.34615502520685
289 1.88371429198236 3.232161131920112 -0.3087445524301507
290 1.812367819910103 3.428997264585595 -0.3216506717294619
291 1.611835575318092 3.417976554022818 -0.3182613840343702
292 3.652895596224502 4.672770013265522 -0.347305275326567
293 3.350802553112797 4.992639441809774 -0.3946966937857533
294 3.046679079227119 4.926203062047833 -0.4022578102543986
295 1.345964782841537 3.182356708367794 -0.2999315735599821
296 1.234400620712321 3.094568512297108 -0.2915519395007846
297 1.104944276356115 3.127918040845744 -0.2788345326443529
298 0.678589698737367 2.565337720167538 -0.2376242588483381
299 0.5949009676028457 2.599011789376056 -0.1952202479702161
300 1.456767292803497 3.693083988247829 -0.3082642722285331
301 1.389214158491686 3.730670435116379 -0.2723283351140092
302 1.970382261337166 4.043217995090004 -0.3533158755645762
303 1.97394315799981 4.168310712995012 -0.3570421797039754
304 3.158279688926354 5.086428762786499 -0.4108449480883511
305 3.028801023143078 5.200196980590112 -0.4226856063376389
306 0.9105372849640428 2.917368375350158 -0.2576509492835303
307 0.8218475935710856 2.922342831016149 -0.2172511300112999
308 0.8785842500631459 3.003175591426172 -0.2227588505215708
309 1.275740845507566 3.569004914296332 -0.2613128940934673
310 1.291754938208151 3.458185193973157 -0.293031405807077
311 1.219004189015505 3.488172153886309 -0.2558051735831964
312 1.383078780526937 3.490527135991744 -0.3049935271056142
313 1.347998484378378 3.348859676768446 -0.3024854515088141
314 2.183527349380525 4.862329080856701 -0.3494364222578023
315 2.202864678243475 4.745477856957335 -0.377298076617947
316 2.126790692888464 4.781496320446675 -0.3439287017475312
317 2.327549862145726 4.767407472370283 -0.3898526939985021
318 1.162267532523446 3.407339393476287 -0.2502974530729255
319 1.222776826698025 3.302185979219788 -0.2893809325267708
320 1.786370753936106 4.29649975798654 -0.3108823786859057
321 1.837183327927575 4.207792232044513 -0.344468613497635
322 0.4814276546187263 2.437346268556011 -0.1842048069496743
323 0.5920465307612827 2.475096714475508 -0.2272415930533851
324 0.5381643111107877 2.518179028966036 -0.1897125274599454
325 2.164399687820593 4.411471041478825 -0.3729988867244564
326 2.053630806349295 4.503905454879088 -0.3646036886503399
327 2.013317379904346 4.619830799626632 -0.3329132607269895
328 1.956580723412287 4.53899803921661 -0.3274055402167186
329 1.477114712125897 3.419592023003829 -0.3125641024828302
330 1.487778530262014 3.260676207506377 -0.3083746300744938
331 1.977977470170043 2.835275259893397 -0.276773234845656
332 1.656059479780772 3.600042009652483 -0.3262769416135112
333 1.502089148967912 3.563843149038162 -0.3162246634906817
334 2.467210631840826 5.266492882906816 -0.376975024809157
335 2.487461535942616 5.142337390095328 -0.4035509174309047
336 2.410473975348765 5.185660122496793 -0.371467304298886
337 0.8281825394506315 2.7679482765056 -0.2520031198197569
338 0.9562097070116715 2.690202297048257 -0.2668335213314387
339 0.7651109370790266 2.841510070606127 -0.211743409501029
340 1.332477501999626 3.649837674706356 -0.2668206146037383
341 1.389044015900038 3.595412118794872 -0.3020893041180995
342 2.240264005872585 4.943161841266725 -0.3549441427680732
343 2.668864953661873 3.952063430413351 -0.3391129513893931
344 2.131698452491455 4.663126073069787 -0.3699468112285334
345 2.070054036396405 4.700663560036654 -0.3384209812372604
346 2.410562188171714 5.049002572789539 -0.3960132540370638
347 2.353737318856705 5.10482736208677 -0.3659595837886151
348 2.523947288332886 5.34732564331684 -0.3824827453194279
349 0.9920575630472666 3.164841112246219 -0.2337742915421127
350 2.494104988223719 4.747257545624718 -0.3964404409345996
351 2.643061122239806 2.433973596457707 -0.2056698775906948
352 2.714423985569445 2.099773277837718 -0.1692087070252494
355 1.422077297478635 2.239835318300892 -0.2489187315072693
356 2.984978475386694 2.135265308266308 -0.1526475305187393
357 2.846159344208208 2.258784793567111 -0.1749175457895717
358 0.2543243582209587 1.950836280786807 -0.199085791660066
359 0.2792128623301948 2.034969707940518 -0.1976536480721052
360 0.3643756850915627 1.96688341501015 -0.2139498046525516
362 0.8833966190349661 2.409543820447893 -0.2565110465761699
363 0.9306054105103063 2.555993587236013 -0.2627627186750091
364 2.101981499437842 4.262181451644969 -0.3657432854207722
365 2.0238620867682 4.391121065042519 -0.3629671277956296
366 1.032997127535248 3.042410013143506 -0.2716207392245473
367 0.9353209065552062 3.084008351836196 -0.2282665710318418
368 1.867205101096239 2.583337130273698 -0.2609569983838108
369 1.65098724754027 2.430961937356087 -0.2566629706936469
370 0.4246909981266661 2.356513508145988 -0.1786970864394033
371 0.4830425475946916 2.270181407459626 -0.220554591805602
372 0.3679543416346047 2.275680747735962 -0.1731893659291323
373 0.1977443721584284 2.033182466505899 -0.1566662043983198
374 0.1885075719037333 1.952667165289953 -0.1834198215440783
375 2.881147331086199 4.905301074968282 -0.4051722619537858
376 2.956288807917784 5.076197438690378 -0.4155129054148243
377 0.3112176851425456 2.194847987325941 -0.1676816454188614
378 0.3518693259616626 2.089433709107097 -0.2081100615401733
379 0.2544810286504876 2.11401522691592 -0.1621739249085907
381 1.642311823105423 2.114016791106938 -0.2321673285187111
382 2.840149091353602 4.282073493939427 -0.3588509932675977
383 3.010322736561053 4.009564096616348 -0.3269161489699089
384 2.043967094049429 3.092389813551045 -0.2945118189856613
385 1.234006205511562 2.40021673280524 -0.2622436265419828
386 1.048103912229299 2.410145262120889 -0.2614853705613034
388 2.819897767622257 5.47038623038913 -0.4333454699915064
389 3.44025509749097 2.019822699708551 -0.1042008718347073
390 4.401285622652361 5.393667321616377 -0.3601845096197445
391 1.803283421524841 3.630112049859683 -0.3319468816592053
392 1.724474241278934 3.740439512314174 -0.3334609725597831
393 1.731050151092137 3.860219175620466 -0.3362964878521206
394 3.561645778504512 5.435072550230267 -0.4220694432871142
395 3.066302484785782 1.97292820860555 -0.1304655446143859
396 1.853295029151379 3.948381734085498 -0.3453418770950398
397 1.546855667146041 3.666949509430845 -0.3202980756363286
398 2.416463699341123 4.620082106812159 -0.3891206041320804
399 2.304726908911471 3.010526245659591 -0.2771346077412716
400 2.539354740706475 2.746309419695027 -0.2410448481175216
401 0.4278954829578056 2.176924549377042 -0.2162450977660129
402 1.616160784459927 4.054001476756473 -0.2943592171550931
403 1.697944424063135 3.977995315702729 -0.3327366578527975
404 1.559424127967867 3.97316871634645 -0.2888514966448221
405 1.843107410428166 4.377332518396564 -0.3163900991961767
406 1.92768200730977 4.294206264279357 -0.3538386987256585
407 0.4927700506654535 2.353368927544799 -0.2161494362512746
408 2.564066853830093 5.231377233668939 -0.4109498966513877
409 0.7823157899985279 2.498638395029666 -0.2518230604077944
410 4.0893438663453 4.725630044680125 -0.3196235968695723
411 3.895886440683944 4.558778579828526 -0.318575696634827
412 0.9518536961026836 2.992397629079618 -0.2602598289385373
413 4.24104275648495 4.50835485990334 -0.2850667334120509
414 1.24051652596792 3.393959076570119 -0.2877290744205021
415 1.611017938016702 3.888705797557196 -0.3236429299021771
416 1.694847327056365 4.064257083912317 -0.3281269496049264
417 1.976981801397339 4.475470555755432 -0.3535662031551254
418 1.899844066920226 4.458165278806587 -0.3218978197064477
419 1.918932400493323 4.383697094513421 -0.3488767562016149
420 0.8265856010177635 2.847260133693558 -0.245289292547877
421 2.251144451692299 4.816348164466496 -0.3816367012738909
422 3.185080283014238 5.459063498037596 -0.322184954258349
423 3.174753469500362 5.277694671949353 -0.3061393887753803
424 3.278906061821207 5.45698643184951 -0.3209747804784608
425 3.026874722992376 2.349087858342747 -0.09530421209049056
427 3.272542882699165 2.158690648973904 -0.0940821939391549
430 2.712430267415216 2.209674132482756 -0.0743266229834274
435 1.176991080579673 3.212028284514249 -0.1817028941922899
436 1.63085332957861 3.862186655854249 -0.2293556415226412
439 3.363224568021383 2.526770715476341 -0.121062457266043
440 3.45828935911736 2.887025265909273 -0.1477764043867923
441 3.114502666703747 2.756055232091403 -0.1249060176185853
442 2.739537874280359 2.602326700508097 -0.1013586235954232
443 3.486643380481791 5.269586110187185 -0.3073264941648826
444 3.671002100018968 5.307002165727867 -0.3138147235436278
445 3.560228699134722 5.452928625358067 -0.3221897808573862
446 3.094575471339176 4.244928459284259 -0.2248913024639372
447 3.127362701113857 3.756832340157998 -0.1915334675338046
448 3.452597419418213 4.099997055944566 -0.2250800425909619
449 3.091300204281837 5.461912786016997 -0.3245257647293927
450 3.038818337335571 5.34976064074587 -0.3149049144528791
451 3.466406842577948 5.45408561426026 -0.3211207091487526
452 3.372588781107346 5.455393291061442 -0.320674671862945
453 3.326969599292913 5.238118211797049 -0.3030031976032284
454 3.846885521472251 5.453313081650508 -0.328705686620592
455 3.846572430792316 5.313262154997885 -0.319173456512434
456 3.943125927331877 5.459593766843304 -0.3321122049097399
457 4.23131830195617 5.486687460958398 -0.3447246670089907
458 4.242289474480556 5.404856736438129 -0.3400402029811594
459 4.327155082008298 5.497341156691317 -0.3496021334929173
460 4.002244101702973 5.313412329529596 -0.3245134041165075
461 4.13156009971071 5.343456975540001 -0.3314762373206135
462 4.039220708237742 5.467600628084309 -0.3359546072607907
465 4.519049701622615 5.520579934164919 -0.3603725270801806
466 4.422909767043146 5.508618166575658 -0.3548040975967548
467 3.370030801276657 4.490103259379667 -0.2488870634344351
468 3.589970343640038 4.71730829076458 -0.2708706528098804
469 3.247569568246127 4.807436830471103 -0.2690145862469063
470 3.75 5.450697585788975 -0.3258949799957331
471 3.654045927192245 5.451830202164155 -0.3237878353648607
472 3.602942538295645 5.140538586797089 -0.3004005562186403
473 2.866180325514248 2.981503027091748 -0.1309226282558337
474 2.437581767884827 2.877940811488775 -0.1123921772912472
475 1.395012062691822 2.102345535290282 -0.04299634275116258
478 0.7161731254966616 2.647284188286197 -0.153559826527743
479 0.7880481653492682 2.550463636486822 -0.1225689363664938
480 0.8471771035193153 2.680050080687665 -0.1363773817633893
482 1.068780497189595 3.066084401016197 -0.172063932842387
486 1.525447182846987 3.709537259647944 -0.2179799770519565
488 3.956768714114684 4.716517774869445 -0.2843752886497462
494 2.812373643093807 5.480306393475026 -0.3426946501546058
495 2.772893697501217 5.369539102126516 -0.330877029354976
496 2.904252353504793 5.471799598757241 -0.3341025714293392
497 2.894607731516486 5.290989548217499 -0.3138457371740289
498 2.103816036280558 4.49547748755823 -0.2717630300503844
499 2.011543074580154 4.434617334416489 -0.2742592416924837
500 2.146461168428978 4.33851642366331 -0.2453995952581604
502 2.762202440502268 3.350318948096562 -0.1534609447071396
503 3.261599407497907 3.237233937278057 -0.1616770884918542
504 3.804577226667872 4.377552135388146 -0.2564998192139471
506 2.365742619146169 2.330153658263994 -0.07179376971472803
509 2.456582488279266 3.654026451935414 -0.1714740597863837
510 2.329991895429111 3.278319123638433 -0.1408267536913373
511 3.781015449261915 3.960372001536565 -0.2292066955673784
513 3.554166293878732 3.604976288331104 -0.1970077537320778
514 1.086881617403394 2.13343889220232 -0.05129831690560427
516 1.358951681450561 2.325489226328175 -0.06341746262903193
517 1.446312593293415 2.596072401557852 -0.08716289682977023
518 1.176063967360994 2.432242854808726 -0.07891449872307711
519 2.730256533835127 5.211271877517071 -0.3136752674926293
520 2.603996814287984 5.073813922954365 -0.3054398727843519
521 2.763674597716702 5.001189906316556 -0.2883229899083815
522 1.558030101340911 3.437707856049494 -0.1739565974455055
523 1.562274916721615 3.242043829333153 -0.1500581006402971
524 1.772876983577913 3.42505912933205 -0.1604866208800089
525 2.140315851247945 3.743882364927295 -0.1814003364950014
526 1.946160615678483 3.8660057956267 -0.2010229806115206
527 1.891203035092699 3.669363306757699 -0.1817573626735798
528 1.690926805662483 2.998301925918389 -0.1201516859222112
529 1.440080903211801 3.050518732526141 -0.1346459795350225
530 4.076380526356371 4.959458265446036 -0.3048265144865622
531 4.128167512491634 5.180413905487954 -0.3209815601726315
532 3.951942392841383 5.157026919258841 -0.3124480819260091
533 3.881768165826344 4.988865124434606 -0.2988774280586461
534 2.796209056505156 4.440952751386424 -0.2365092519803346
535 3.029752355549086 4.615152290674835 -0.2516158474885353
536 2.787473734920082 4.749438801159179 -0.2633325760601552
537 2.290533291746829 3.935947462636792 -0.1965245373396469
538 2.545083576159928 3.976376093544523 -0.1979787470756935
539 2.395091711412764 4.137689578377969 -0.213418123119548
540 2.575816145276197 4.292526031445055 -0.2248961616952564
542 4.242840374553753 5.039127314726835 -0.317350405311968
543 2.211885648175548 4.164032900902307 -0.2214275880045744
544 2.342150342020292 4.309802787054158 -0.2317487364971732
545 0.6512319669609762 2.151466580557137 -0.077527948287828
546 0.5934458644921213 2.300410847029331 -0.1068357185129227
547 0.4994981350273605 2.205948934748832 -0.1040644386874922
550 1.320690878500087 3.455565837055774 -0.2039515998769504
552 2.144377797800774 4.672978077724867 -0.2974377071413797
554 2.259426813622255 4.784904519188279 -0.2994335842084553
555 2.223055485746624 4.704470350303863 -0.2906819223706315
556 2.370036463172553 4.669659121051775 -0.2711418489937959
557 2.580237246946834 5.229092763075299 -0.330595619509492
562 0.9606732956890959 2.884048927026061 -0.1556730524107499
564 1.419244201528579 3.539181376306263 -0.2035598763416474
567 1.858544293028698 4.181066655580115 -0.2520254424369753
568 2.482302363945131 4.790492348067115 -0.278498995209521
569 2.481612665546653 4.954239648878614 -0.2997490188701618
570 2.36279666626903 4.852091910616783 -0.2970164710340494
571 3.436279442215421 5.006048287726196 -0.2870312450655237
572 2.000329327421248 3.267549890280345 -0.13996002246931
573 2.036564951160967 3.485573190738589 -0.1591878718893278
574 2.620946730580402 4.861069364254037 -0.2791644365118498
575 2.870876622374806 5.131455033302422 -0.2980447886134354
576 3.03060047668601 5.173559263511226 -0.2984211205615709
577 2.982920831152851 4.936933982476466 -0.2779056709549486
578 1.682912852624775 2.330024598737721 -0.06146227697894124
579 1.679110271178888 3.72097034174092 -0.2017011430170379
580 1.774987843360198 3.83333518604144 -0.2086333780486144
581 1.761344051653412 2.703653635685543 -0.09265162733688849
582 2.029514806150593 2.969428003293199 -0.1144944321255908
585 0.5426889335726732 2.401614531870532 -0.1362855716311234
586 0.681307031302719 2.428689642653736 -0.1165173435749145
587 1.377390864281585 3.325584320035799 -0.1745575186742518
588 1.26272748117588 3.36324419562506 -0.196072561012717
589 1.33218410587999 3.205402521956391 -0.1617641131305294
590 1.232382604474133 3.064725414492631 -0.1513555370787695
591 0.9844682186345181 2.554659555643838 -0.1036820687840989
595 0.853977904708912 2.805904128894926 -0.1591663338575018
596 0.988615430318599 2.726166024762026 -0.1267230313819797
597 1.675706203216933 3.962716041057188 -0.2407922995883279
600 2.642896181342867 5.328943295430286 -0.3389171809535774
601 1.201773133554153 3.301897938234141 -0.1949151180955914
603 0.4803405586539639 2.310228693522169 -0.1293331001081496
607 2.09843319562986 4.602087900061703 -0.2916157739796463
608 2.233124533649019 4.58401107214446 -0.2710213177908408
609 0.6563449600946035 2.547592522956836 -0.1440990266686633
612 1.99202007228431 4.333464925105333 -0.2596099222035557
614 2.446769029001727 5.073429793504321 -0.3227559476697641
617 1.555277910264242 3.803537058924527 -0.2308179169148247
618 1.117949437823134 2.94464894825886 -0.1454370760828691
619 0.9884238382801438 2.997974649992508 -0.173048833260093
620 1.447278985525342 3.643834739955492 -0.2185466683231903
621 1.58643290738203 3.574109277643933 -0.1897656607911826
623 2.360374253120822 4.983071485487558 -0.3201068439128137
625 1.101358199821115 3.156445625548662 -0.1841199713811637
626 1.900590918088921 4.28338182508654 -0.2640568007530047
628 2.02917344414326 4.190480847221942 -0.2352337033845092
629 1.515961405311425 2.841597445339414 -0.1093510948195814
630 3.199175806601732 5.061665808991384 -0.2881604096121145
631 2.72055484625191 5.493074434481032 -0.356582653312948
632 2.667436078954176 5.427466210590051 -0.3530681965994232
633 2.571252120717602 4.594605665099916 -0.2532639047460624
634 2.392094423606613 4.477300735109509 -0.2475250303310448
635 3.6966726272913 4.936532813588025 -0.2890275238038623
636 3.771244735885835 5.151591639313731 -0.305890828608552
638 0.2350721677321425 1.956213945154109 -0.1033076568233046
639 0.3605757655990005 1.974860686032104 -0.08370302058492655
640 1.913846397476108 4.045764031747399 -0.2254635864694074
641 2.08570304074247 3.995322846068328 -0.2086262912371551
642 1.104789447837942 2.811700572141289 -0.1278961253642612
643 1.296528772386089 2.860193982755312 -0.1205445890092634
646 1.757038689483636 4.082016698293547 -0.2498392081595932
648 2.500600773995192 5.162720568016739 -0.3306557874593078
649 4.277593957665193 5.295752463121587 -0.3348184030338842
650 4.135047293580002 5.476699767334805 -0.3401572132481211
651 1.18882791866145 2.655946173225574 -0.1028703273527864
654 0.3508508648064256 2.088668432657932 -0.1076153439294473
655 0.8488344462462076 2.213700382988472 -0.07064015654651154
656 0.7214075043062951 2.300505732564162 -0.09189238171568033
657 2.818973095688915 4.084057338945954 -0.2083154281589152
658 2.753684880794028 3.742388376336327 -0.1816459265012614
659 4.378147424233829 5.388187372238388 -0.3452628054079862
660 1.793836584985031 3.188131217898728 -0.1360010680929765
661 2.233765515076607 4.452779685931774 -0.2535512557118088
662 4.310388814726533 5.181254225215222 -0.3293132685336518
663 1.439358673075469 3.406325759042565 -0.1800233274004544
664 0.8391089098124805 2.411636870641873 -0.09656070887525997
667 0.4859252706534034 2.056736688610258 -0.08073876989992509
669 1.799848601023031 3.96035153326724 -0.2241140227848811
671 0.8090839658710923 2.039828451044489 -0.05258413903821296
672 0.4034007971288951 2.168207871693895 -0.1140143726651425
673 2.061973066358601 2.574707510531662 -0.0835785611292103
674 2.997604370087954 5.465951305624967 -0.3283280931590811
675 0.27612787531413 2.035343484176177 -0.1126253012052739
676 2.258818054772411 4.866340740979521 -0.3156061840219402
677 0.9897457250978499 2.347313144805206 -0.07815472262003985
678 1.959016480574421 2.188342501317109 -0.0529494161348715
679 1.726335847511431 3.59653281821305 -0.1821303486614173
680 2.23817194894509 3.543843916431414 -0.1622576908165012
681 1.926929533925288 4.403801624346187 -0.2841844024829024
682 0.6095184519274639 1.997763141983394 -0.06038879549494051
683 0.598425612022653 2.477688987629191 -0.1411491150692766
684 2.030815995542994 4.565938797665225 -0.2982108931911954
685 0.7736547599233414 2.75294173022227 -0.1652624466363264
687 4.522100822989612 5.520495578276167 -0.3615257987306933
688 4.519026541337417 5.520579763454669 -0.3603753729866634
689 3.290398205405666 -1.870437531762632 -0.1020216913457588
690 3.253121186235506 -1.769648928010179 -0.1010080227507256
691 3.379507333426887 -1.761903698872428 -0.09021029438368364
692 0.2951295585692733 -1.866703481827718 -0.2077118361852853
693 0.2307760687693125 -1.757143910281774 -0.2018937578197907
694 0.3595278240016753 -1.747203656084109 -0.212819455222234
695 3.331872761489498 -1.636488511024313 -0.0891747821694604
696 3.471545773157841 -1.871301096853513 -0.08650831144969351
697 3.491225230241469 -1.670778183842008 -0.07723834487896529
698 3.214845360864613 -1.496761094958204 -0.09275010513620172
699 3.381833138822897 -1.527188905655581 -0.08075291830642864
700 3.372484521702364 -1.368900962772133 -0.0751900850498759
701 3.533849821565403 -1.236456892259673 -0.05716012143079138
702 3.508695178798565 -1.492768955236571 -0.06900916261908638
703 2.957464464971428 -1.86897002366306 -0.12882261177151
704 3.099662854560383 -1.769648928010179 -0.1133318787117761
705 3.184737864396018 -1.869955500077054 -0.1107604237732506
706 2.716800288816969 -1.700452551205375 -0.138867400880701
707 2.817778707774536 -1.592469421849667 -0.1265902025699519
708 2.945663871572292 -1.669065506435616 -0.1207285507059184
709 0.4615872082699068 -1.865560600228543 -0.2211527650674292
710 0.3536030166824674 -1.464779008018767 -0.2060915079758493
711 0.4593746940480652 -1.599365215226672 -0.2140410317913433
712 0.28730103195315 -1.628646277462789 -0.2063060642146438
713 0.9713969636127506 -0.9215127598918026 -0.1830173035099738
714 0.8965548282048823 -1.208776869680539 -0.1990268784874847
715 0.7140599457773951 -0.9207943039917202 -0.1870853979828796
716 -0.02436723975930409 -1.716758490013419 -0.1336086085088747
717 0.1181787492258852 -1.679425762909247 -0.1894711382903373
718 0.02987615737025379 -1.794029793433467 -0.1396223322723954
719 0.1742035396354726 -1.55573602472563 -0.1970705000684654
720 0.004438399634464338 -1.579169584087034 -0.175593364591092
721 0.05811251134495606 -1.493506515020758 -0.1859490805543726
722 -0.02438115490861815 -1.643968090198304 -0.1626893876168208
723 0.1726214289326642 -1.868155873046942 -0.189076897563857
724 0.1221066326320745 -1.794647204271403 -0.1841058704453238
725 0.1382037950424388 -1.345440672541192 -0.1923318468763521
726 0.1978704311791564 -1.438381588664422 -0.197605053370624
727 0.3074802632106384 -1.317682624224748 -0.1999859702410573
728 2.648519349905165 -1.86774061802857 -0.1517992666152451
729 0.2422828754688929 -1.159588994632492 -0.192826985204871
730 0.5708255775736379 -1.285013963045591 -0.2041620185465231
731 0.4543009718354612 -0.9866849846796364 -0.1904982336062792
732 0.6122480436595632 -1.628757730738588 -0.2189271920867088
733 0.830637913536483 -1.537094115049031 -0.2159443341894294
734 1.232400864189243 -0.9619152697247766 -0.1781531701579234
735 1.180456385211984 -1.429708702116665 -0.2044785052991941
736 0.9479889493485071 -1.864268197609853 -0.2311476249750851
737 0.6804961306382602 -1.86471697560965 -0.2293979274804067
738 1.49863190491494 -1.031017944626353 -0.1723359934324586
739 1.294796138597139 -1.864290402315851 -0.2247764925088087
740 1.572439676090761 -1.475374137619733 -0.1932491602819334
741 1.776491423907989 -1.125267767494829 -0.1652528117567232
742 2.638694697001613 -1.495304988873088 -0.1344475277963336
743 2.076081654028282 -1.244427615232159 -0.1562306774216702
744 1.898190498808856 -1.400192356088155 -0.1738687373014188
745 2.374868086379806 -1.373762347822894 -0.1454831010632895
746 2.181955361093659 -1.529752114827732 -0.1650734971152302
747 2.444043824727939 -1.660209440457015 -0.1554963808541656
748 1.747718257513253 -1.864990782328636 -0.2068532809974145
749 2.243925840903325 -1.866332989876283 -0.1789945593704471
750 1.936379924624636 -1.647950102697239 -0.1851937542068649
751 0.08411955449981079 -1.871301096853513 -0.145636056035916
752 0.4805387083012447 -1.318310138970725 0.01696799540096451
753 0.6382431432090843 -1.174516757977733 0.03676971213015439
754 0.3618517773782658 -1.125088676426945 0.03468419440830668
755 0.2725417862876035 -1.338290689065183 0.004255824142150211
756 0.02708600685448804 -1.741624790426456 -0.1046347106161881
759 0.4128308440397321 -1.499253294746588 -0.008111964810823533
760 0.1964911160843646 -1.499150132254939 -0.02433702800452896
761 0.2440208212276543 -1.625265062337181 -0.03922299435100196
762 0.8645617944981691 -1.034332938390541 0.05213343060040347
763 0.8052473473286541 -0.8361293627889894 0.07012501416791397
764 0.5592450852369137 -0.9284038053957804 0.06034638880319022
765 0.114691667322772 -1.73786860053239 -0.07878925881825047
767 0.1700426521710325 -1.874429785539898 -0.09938711455006748
768 0.2887841678522663 -1.875861980879798 -0.07683000623023073
769 0.3777840066750034 -1.708519616606272 -0.03918860127840425
770 0.1962573349430101 -1.708226453579841 -0.05906202770332167
771 0.6525166361456404 -1.877815759638953 -0.04253643830852659
772 0.7421762662275332 -1.698717426401628 -0.01673540150355548
773 0.5439879288162354 -1.755913736698204 -0.03338995831204579
774 1.046972673537739 -0.8072992510490971 0.0705201167931197
775 1.285158078544706 -0.8098823996109252 0.06607622753268852
776 1.537347476282034 -1.047160555899993 0.04197914936169891
777 1.525612080604299 -0.8312022494863178 0.058475385269889
778 1.772977534129659 -0.8652089929264766 0.04841627197017266
779 0.4474352769353107 -1.876981298256408 -0.05805131826942182
780 1.930084459380461 -1.196095412436004 0.01994228553277366
781 2.030197037619283 -0.9093924315490111 0.03616020473366206
782 2.293355391590139 -1.429286146592542 -0.008391859542619376
783 2.299914722375902 -0.96166604191198 0.02184713763723701
784 3.229234506258623 -1.872443000836892 -0.07440539506766011
786 3.357530497717474 -1.73275880204441 -0.07331095932577252
787 3.273038929318441 -1.512855755545617 -0.05710072898594953
788 3.386163013442065 -1.341889746526133 -0.05409815013135379
789 3.198858633899415 -1.158170732578681 -0.0336927487170454
792 3.003688149876326 -1.480129076356967 -0.04167376215818329
793 0.5541307221671317 -1.611096075777915 -0.01448167042551299
794 0.695993369686206 -1.45265574936692 0.008941476965470574
795 0.8974955412575135 -1.878290112734713 -0.03147571697620362
796 0.9784740361531772 -1.612765749617786 -0.0019006527755136
797 2.914781943422139 -1.873804455553818 -0.06042150965565261
798 2.583958447038895 -1.02097585529118 0.005479182652079142
799 0.9345924979269575 -1.311099422531373 0.02672689551616812
800 1.202221802725881 -1.138109374000357 0.04097765056362362
801 1.202106417844931 -1.878368777593593 -0.02503358309161765
802 2.688776488903405 -1.307923745725376 -0.01682856371480851
803 2.674232406554907 -1.59610972351409 -0.03378940595586825
804 1.586095944872412 -1.877924617677671 -0.024683771242449
805 1.308884090259765 -1.518024460075831 0.007825039099437891
806 1.55506512335571 -1.303963244864708 0.0219020071634246
807 2.883066861168879 -1.086339270829864 -0.01295323395923632
808 1.802233235569023 -1.549933525538957 -0.002192365564471999
809 2.503426359771134 -1.875386942123242 -0.04496768851489735
810 2.040735593476125 -1.876869336776331 -0.03184152545029499
812 3.373482742581501 -1.967001889427828 -0.104634710616188
815 3.297402758602846 -5.268678371118303 -0.4200877981160432
816 3.19046176678733 -5.442974405581305 -0.4363631094020184
817 3.130146531126745 -5.232881567295278 -0.4227909966656376
819 3.279720159244291 -1.918652302956945 -0.1077276573805633
820 3.16920763223465 -2.053375820993093 -0.1301646425216634
822 1.163060846162092 -2.124460349270186 -0.2456620158550578
824 3.468370034041103 -4.177001527529964 -0.3132652479788144
825 3.146209652856322 -4.278024613118324 -0.3430794436700877
826 3.063993503727867 -3.838418424038416 -0.3083138992750082
827 4.11916950449681 -4.090697189069008 -0.2536189680295854
828 4.239849936531341 -4.504267085142082 -0.2847589421499592
829 3.888015464579114 -4.362748963314104 -0.3000136123457446
832 0.1410077156663704 -1.952349706095879 -0.1511584838880491
833 3.283326961568649 -5.440035357904128 -0.4338485333769235
834 1.172068232864853 -3.212127041823981 -0.2853090677390909
835 1.105530876031386 -3.326506633066264 -0.2447897325626545
836 1.048794219539327 -3.245673872656242 -0.2392820120523837
837 4.008528268057811 -5.08409612009943 -0.3610090342978811
838 4.124708355980102 -5.24742552093881 -0.3680352964172077
839 3.929067286480408 -5.267460334515771 -0.3843340583104746
840 3.830062483270678 -5.039507114802577 -0.3696673650340997
841 4.040236383427428 -5.453155204521454 -0.3941186901169674
842 3.943572528314426 -5.44409665809644 -0.4
843 3.846879937709352 -5.437021090394524 -0.4057410753084513
844 3.473121964819515 -5.313246967717983 -0.4160491918269117
845 3.376014780208561 -5.437857172403564 -0.430551811908514
846 4.234417190261462 -5.475612643400263 -0.381806611421313
847 4.296103262277397 -5.331407980497492 -0.3627177191371612
848 4.331235704108717 -5.488830628554756 -0.3754264910338923
849 4.524208905912726 -5.520436097103715 -0.3623397519755338
850 4.427833431381664 -5.503590220761916 -0.3689227576638283
851 4.504291368452126 -5.410503611421682 -0.3529945227452593
852 4.53638722022075 -5.520495578276167 -0.3612764287394336
853 4.172842841504093 -5.378483302478193 -0.3770947621330427
854 2.637572105991505 -5.509207012969228 -0.393512893681832
855 2.580683944824946 -5.428158403726863 -0.387990465829699
856 2.6630552002975 -5.428446442022164 -0.4183487787533225
857 2.64016165978082 -5.508031874519319 -0.4
858 2.126790692888464 -4.781496320446675 -0.3439287017475312
859 2.267502356114784 -4.751310236423668 -0.3847957316605261
860 2.183527349380525 -4.862329080856701 -0.3494364222578023
861 3.749999999999999 -5.433723169486609 -0.4114779068619357
862 3.755441564686042 -5.241975188912026 -0.393605731340352
863 2.912130752774225 -5.459847498345774 -0.4369828928419009
864 2.884184921491479 -5.349170153397649 -0.4315492280063548
865 3.004837873565344 -5.452358522858347 -0.4382572505452446
866 3.561645754224327 -5.435072550484692 -0.4220694445358976
867 3.639986036938276 -5.335667450861471 -0.4091293642606288
868 4.334430864255202 -4.828394400480662 -0.3091642876724152
869 3.992000783132836 -4.763629047239437 -0.3311125309395547
870 2.728626356994421 -5.485553138056811 -0.4254889459677406
871 3.097618108070137 -5.446945668420823 -0.4379171638560234
872 3.042655116710006 -5.342832599079635 -0.4318480739019814
874 1.471841775745558 -2.095515752967709 -0.2368186619614963
875 3.655677582163991 -4.574611203041766 -0.3378288792757504
876 3.848146706380784 -3.161906426883078 -0.1836851537642413
877 3.983660186381778 -3.62630893933411 -0.2186525978564642
878 3.628576497220984 -3.457235213080796 -0.2316344378508901
879 2.18183967942546 -3.151310954911365 -0.2941436780061323
880 2.3900148037736 -2.836898484193385 -0.2577437102730519
881 2.534951995713516 -3.289047646665099 -0.2894852261501949
882 3.413964743436098 -3.74473232239632 -0.2759985791384878
883 3.76028929798032 -3.928538804378052 -0.2674968786258025
884 2.738966964016526 -3.654586437126095 -0.3105478278444941
885 2.453120383784855 -3.679497325460053 -0.3258332093678697
886 3.49642142040605 -3.022521327943747 -0.1994015792158111
887 3.315529063772809 -4.541704590811976 -0.3568568192771722
888 3.208375934971303 -3.305812682887393 -0.2488731614982743
889 3.719288209355424 -2.720310433858607 -0.1504349391692867
890 3.120027189983835 -2.808349144805881 -0.2076177341239037
891 2.596361255931807 -4.28827048192993 -0.3677859644575596
892 2.375158373116963 -4.389252393977291 -0.3770098389794939
893 2.37263894483246 -4.154502556314429 -0.3628435979106314
894 2.519554994579935 -4.51294450319627 -0.3841207053918294
895 1.962048063284458 -4.129833836090943 -0.3555070077965706
896 1.867505883969112 -4.041622665089108 -0.3481603321091215
897 2.038359946300963 -3.936157754928821 -0.3503569861028321
898 0.925593120496272 -2.150223766078096 -0.2470648086888661
899 2.223914048249366 -4.505491109191892 -0.378436450946577
900 2.193944003943797 -4.316701934682897 -0.3707881219533324
901 0.7088984981866369 -2.443836900862451 -0.2451586211214556
902 0.7557684970685046 -2.287969308194159 -0.2470122439188987
903 0.8639425940830103 -2.46363678020911 -0.2569853251108121
904 0.8291593125651011 -2.607400214382606 -0.2560071749986931
905 0.9896745871835051 -2.589567621430941 -0.2665881442111215
906 3.618001045710956 -2.373200956076881 -0.1242991390114591
907 3.45111834989361 -2.650767920124319 -0.1663074219453958
908 3.417291781650929 -2.329926607364909 -0.1372022377591526
909 3.537654876580008 -2.097855929073262 -0.1035668828765704
910 0.7169513327304384 -2.093838788275317 -0.239566382647857
911 2.302669434521624 -3.928452095687523 -0.3488152572831761
912 2.647683600282577 -3.981632277223401 -0.342403265397707
913 2.148567385863422 -3.730210041592144 -0.337972119987773
914 1.914789466305848 -3.7614798444445 -0.3400520059363485
915 1.952780350112814 -3.575658161639925 -0.3300412256518861
916 2.22237550823745 -3.469800570278758 -0.317593336141808
917 4.40687782165441 -5.076668956158652 -0.3278582576928875
918 4.185375930571074 -5.01669779483352 -0.3405992236311877
919 3.244993473168843 -2.491529734105669 -0.167228516598118
920 2.985753939005051 -2.419487815072845 -0.1801043192809762
921 3.19018824615059 -2.250654784420723 -0.1479148854772683
922 3.318619694259322 -2.078200689264086 -0.1203718301351874
923 0.5030318368492089 -2.146558336959028 -0.2266562294529313
924 0.403052126439968 -2.167864967431141 -0.2124961448405404
925 0.4410335592273414 -2.033092084144531 -0.2212378044525838
926 0.3389075475853565 -2.081298591536264 -0.2062618279730897
927 0.3112176851425456 -2.194847987325941 -0.1676816454188614
928 2.523947288332886 -5.34732564331684 -0.3824827453194279
929 2.467210631840826 -5.266492882906816 -0.376975024809157
930 2.581772731421773 -5.227704957570174 -0.4128904280806447
931 2.633939893882214 -5.10262790008945 -0.4144420157125456
932 2.745184155028932 -5.2371033456452 -0.4232370203686543
933 1.672897440951987 -4.134834237166497 -0.2998669376653641
934 1.616160784459927 -4.054001476756473 -0.2943592171550931
935 1.739036704815732 -4.001270909356246 -0.3371500285434769
936 1.400927333343681 -3.31846827941256 -0.306010962303007
937 1.470833666293794 -3.458245415780436 -0.3128449166646988
938 1.308165849647352 -3.421382134116961 -0.2972573254600722
939 2.082729270981067 -4.444805071854034 -0.3682655619892147
940 2.022869128258284 -4.289319206616943 -0.3622953714759278
941 2.353737318856705 -5.10482736208677 -0.3659595837886151
942 2.430181496471679 -5.076098950687802 -0.3978387263417625
943 2.410473975348765 -5.185660122496793 -0.371467304298886
944 2.504762079381844 -5.137298797367504 -0.4057357944319201
945 2.522869472979226 -4.995130393393977 -0.4061612788907446
946 0.8164090175552396 -1.989715622736128 -0.2376557294355161
948 1.247756334140067 -3.073963298354176 -0.2920283543465535
949 1.445343200158265 -3.152056414016386 -0.3028815325679173
950 1.296666718601039 -3.2094488611794 -0.2974199875424294
951 1.230984094809707 -3.315365881057353 -0.2900798106644178
952 2.803742042004187 -5.092502472239117 -0.417598626286284
953 2.878525471328387 -4.937451377250958 -0.4074289061586279
954 3.015673919171285 -5.067407491326276 -0.4136772838556546
955 2.932128847885037 -5.221980775205552 -0.4250987759760624
956 1.549270362655614 -3.698363554965474 -0.3203814441856845
957 1.451593146512312 -3.61721334400699 -0.3105744587641037
958 1.590764598524018 -3.54902428052144 -0.3217703136652048
959 1.732406811617937 -3.673937720907802 -0.3317480535125137
960 1.637611880284451 -3.310199159080334 -0.3140086773502414
961 3.428163507179611 -5.153128304862824 -0.4045815782376937
962 3.626643863438688 -5.07265535051431 -0.3861773191471929
963 3.58655295830192 -5.221360388458894 -0.4019947165940868
964 2.195073411980493 -4.664606188018078 -0.3781592780497268
965 2.357988648074009 -4.611084216467238 -0.387221501512705
966 2.415911851679878 -4.770326386636631 -0.3948701407588532
967 0.8785842500631459 -3.003175591426172 -0.2227588505215708
968 0.8797684066345465 -2.878684708300471 -0.2544309750985799
969 0.9875011092958884 -2.924190176221988 -0.2691568297031557
970 0.9590210494526001 -2.776207619933403 -0.2676703109852369
971 0.8218475935710856 -2.922342831016149 -0.2172511300112999
972 1.559424127967867 -3.97316871634645 -0.2888514966448221
973 1.637303723579843 -3.925654386704269 -0.3260722681399492
974 1.628093017558278 -3.801311883240653 -0.3275303628890956
975 1.756592390283873 -3.842442513990263 -0.3376205686204803
976 3.092699129742207 -4.809749621409298 -0.3913060693241844
977 3.237126132668646 -5.039106389585796 -0.403956113798885
978 1.162267532523446 -3.407339393476287 -0.2502974530729255
979 0.3679543416346047 -2.275680747735962 -0.1731893659291323
980 0.4934208619900008 -2.270232866232912 -0.2222682901904248
981 0.4246909981266661 -2.356513508145988 -0.1786970864394033
982 1.106267402135587 -2.697196563007235 -0.2748237238581852
983 1.106605303193796 -2.837750585187751 -0.2788925443019956
984 0.4814276546187263 -2.437346268556011 -0.1842048069496743
985 0.5943139486964337 -2.471757660731832 -0.2279880252417242
986 0.5381643111107877 -2.518179028966036 -0.1897125274599454
987 2.297000662364646 -5.023994601676748 -0.3604518632783442
988 2.362888317288729 -4.97880180459078 -0.3917371181194755
989 2.415571827969848 -4.900844385581449 -0.3977499080110591
990 1.956580723412287 -4.53899803921661 -0.3274055402167186
991 1.899844066920226 -4.458165278806587 -0.3218978197064477
992 1.962561974250781 -4.411113308042163 -0.3549398202254813
993 0.5949009676028457 -2.599011789376056 -0.1952202479702161
994 0.6615552111556113 -2.561187074872671 -0.2347060773385113
995 0.651637624094906 -2.67984454978608 -0.2007279684804871
996 1.332477501999626 -3.649837674706356 -0.2668206146037383
997 1.389214158491686 -3.730670435116379 -0.2723283351140092
998 1.445950814983746 -3.811503195526403 -0.2778360556242802
999 1.531773643838241 -3.805118991135859 -0.3148759170845712
1000 1.502687471475807 -3.892335955936426 -0.2833437761345512
1001 0.7083742805869663 -2.760677310196103 -0.206235688990758
1002 0.8245579191631481 -2.786708917827613 -0.2502551619434156
1003 0.7651109370790266 -2.841510070606127 -0.211743409501029
1004 2.070054036396405 -4.700663560036654 -0.3384209812372604
1005 2.30181246466084 -4.855918696869709 -0.3872048806705814
1006 2.240264005872585 -4.943161841266725 -0.3549441427680732
1007 1.104366356902559 -3.000808339980338 -0.280685008727883
1008 1.014376148278262 -3.059966759344781 -0.2676104611255429
1009 2.639237928378961 -5.328479554935258 -0.4178928258607085
1010 1.099364579216018 -3.135849685585716 -0.2777447248222694
1011 0.9920575630472666 -3.164841112246219 -0.2337742915421127
1012 1.224829441272232 -2.914886795962594 -0.2866940121686592
1013 1.900242073930283 -4.325064822367809 -0.3490827991358802
1014 1.889793106354858 -4.241438627328767 -0.3503821833696981
1015 1.786370753936106 -4.29649975798654 -0.3108823786859057
1016 1.843107410428166 -4.377332518396564 -0.3163900991961767
1017 1.614516036615406 -2.793696508619829 -0.2835859654619921
1018 1.648011112469891 -3.03820030825187 -0.2989288244014007
1019 1.404630338621347 -2.949018278305052 -0.2930003914321234
1020 3.688603636408729 -4.855888021443194 -0.3620874859862249
1021 3.405391951490315 -4.798716787071752 -0.3746701138099783
1022 2.991861622045568 -2.138778599666111 -0.1524627501495349
1023 1.749272241221574 -3.497471934493782 -0.3247667916949256
1024 1.936538903463825 -3.360414381138114 -0.3165155271860681
1025 4.299484341233343 -5.187037170312275 -0.3481146296862669
1026 2.568594211088333 -4.681478304840807 -0.3939253326937744
1027 2.751879538143803 -5.372170304042244 -0.4273369006152476
1028 2.81989776774223 -5.470386230372753 -0.4333454699983568
1030 0.2352608044886489 -1.948218391957918 -0.1956277940701283
1031 0.3533995450015534 -1.960047965025344 -0.2128279343375215
1032 1.864349926822397 -3.91600941417764 -0.3449309519796877
1033 2.114321741698895 -4.585218823184477 -0.3702546415360821
1034 2.013317379904346 -4.619830799626632 -0.3329132607269895
1035 1.369468132933562 -3.541139740835684 -0.3016419062225786
1036 1.275740845507566 -3.569004914296332 -0.2613128940934673
1037 1.729634097444045 -4.215666997576517 -0.3053746581756348
1038 1.827784473406563 -4.172198267949081 -0.3443106867898092
1039 0.1977443721584284 -2.033182466505899 -0.1566662043983198
1040 1.37088108057105 -2.343186459998599 -0.2572020758047868
1041 0.5713024123663242 -2.017362174738544 -0.2306765769203245
1043 2.869055011198646 -4.224938043237439 -0.352842552223919
1044 1.219004189015505 -3.488172153886309 -0.2558051735831964
1045 0.620044396322202 -2.347937930710689 -0.2368258686746781
1046 0.6141012707935716 -2.200658007939672 -0.2364683624396842
1047 2.987995130980396 -4.539632037012224 -0.3736459295451258
1048 2.733450160124582 -4.504561489442002 -0.3799886325663117
1049 0.2544810286504876 -2.11401522691592 -0.1621739249085907
1050 1.864118542043076 -3.141793589254013 -0.3029183066803336
1051 2.134619079086371 -4.12629085303614 -0.361037045216239
1052 2.576908051388008 -4.8460322815338 -0.4025627390481989
1053 2.683312639797827 -2.534138346331972 -0.2123388346828065
1054 2.753090927946629 -2.146781886999983 -0.170926612551022
1055 1.223474619324797 -2.541623988476625 -0.2702332552724224
1056 1.067972155621355 -2.374475615982597 -0.2600691480881703
1057 1.759907663911994 -4.116439206958538 -0.3366091641631513
1058 3.468838029533715 -5.436244363445626 -0.4265902241438913
1059 2.698693391143165 -4.94675552467825 -0.4090950911077036
1060 4.403308528899797 -5.392293897863672 -0.3598764043360701
1061 3.462882227492988 -4.985004991586029 -0.3879929208925725
1062 3.654436337052259 -5.434256459295344 -0.4170683131744911
1063 4.462212539594701 -5.266300142938388 -0.3421366428094225
1064 1.320489590158784 -2.739625292754788 -0.2814655006290703
1065 1.751971047166082 -2.280644112642058 -0.2412023002636935
1067 3.065543758253618 -1.974895238628882 -0.1307186201511666
1068 0.7204024313871856 -2.643715822203982 -0.2402499110534011
1069 0.7529976569224581 -2.543075137224776 -0.2487643152932948
1070 1.848677069551569 -2.571380388899438 -0.2607125520052985
1071 1.979870975060912 -2.848646078415467 -0.2777596809307973
1072 0.8730850061350097 -2.698175757178088 -0.2597833399903906
1073 2.796439313242713 -4.743223884074431 -0.3955991294120455
1074 2.038866151528629 -4.548455765634045 -0.3603888034358375
1075 0.8921455278000976 -2.327427497471019 -0.2540720376780841
1076 0.2734514659282154 -2.026900242149059 -0.197104071526409
1077 4.137405690513394 -5.463733635352367 -0.3880421030714981
1078 0.9353209065552062 -3.084008351836196 -0.2282665710318418
1079 1.289224359084499 -3.504334011095026 -0.288753220851424
1080 0.777076520425552 -2.706837460459436 -0.246638723214916
1081 1.521594037989336 -2.555054118814447 -0.2689760582121984
1082 0.5211837188957897 -2.377079560247396 -0.2204042541003593
1083 2.797945012833006 -2.972885144848369 -0.2455986768395116
1084 2.884095072562897 -3.376438027210424 -0.2772688392082095
1085 2.185905393377048 -2.448887181376779 -0.2347654671118176
1086 2.428159329499783 -2.230263828576998 -0.2007850691570541
1087 2.039214703879888 -2.112162007770722 -0.213174576938655
1090 0.9472252943827532 -3.020428009515856 -0.2564209811373817
1091 2.508212400072648 -2.011057875440344 -0.175149835379746
1092 3.447920408006615 -2.031416426657474 -0.1047035051348092
1093 3.371981870479198 -2.195007055116684 -0.127548175747662
1094 1.460819480257681 -3.716100181809781 -0.3075362548204232
1096 1.376273915230365 -2.155034981478912 -0.04776555913312058
1098 1.349325686165739 -3.445141191546514 -0.197292664253022
1101 2.703755768423518 -5.310815881994992 -0.329047135219502
1102 2.871289353156782 -5.320861937037852 -0.3182596213189134
1103 2.736550234023116 -5.174890844372554 -0.3088516111563064
1104 3.801667961190656 -5.28175813834387 -0.3156528921269943
1105 3.976926965002528 -5.319691898905715 -0.3240020076184157
1106 3.893808425346764 -5.158938604530146 -0.3104632610398125
1108 2.028202369305224 -4.424971371234212 -0.27005784679909
1110 3.071572099178061 -2.944194430842138 -0.135476200780888
1111 3.003347347881268 -2.41331408541903 -0.0984759285486132
1112 2.652914159567282 -2.604356094616646 -0.09878293061960722
1116 1.280213042361937 -3.212347299324358 -0.1680492213478528
1117 1.281048029832543 -3.340734492424819 -0.1889343088856666
1118 1.421430172666215 -3.299890221403682 -0.1667862807998067
1119 3.264493066827989 -2.175360605600035 -0.0947368453997586
1123 2.669625984168224 -2.208850955766186 -0.07278030897646853
1124 3.062649950889361 -5.294197105969062 -0.3090367962897055
1125 3.185089420799359 -5.459063267629654 -0.3221847857319116
1126 3.237400143859154 -5.255633613368172 -0.3040763935416867
1128 3.663151483934506 -5.301419861666971 -0.3132291536210967
1129 3.75 -5.450697585788975 -0.3258949799957331
1131 2.928645183384164 -5.181414123369718 -0.3013226382007798
1132 3.65404593601774 -5.451830202060359 -0.3237878355375898
1133 3.560228755487886 -5.452928624681508 -0.3221897816671114
1134 2.997608273297609 -5.465951107756141 -0.3283278984449536
1135 2.780463200641339 -5.404478061938202 -0.3350029352504432
1136 2.904253002994563 -5.471799549703816 -0.3341025224817725
1137 3.0913044540506 -5.461912631283837 -0.3245256282830102
1138 3.530288706436592 -5.271644292594878 -0.3082368924294838
1139 3.376690432648706 -5.318600517390035 -0.3097310409499761
1140 3.466406942146978 -5.454085612975662 -0.3211207099705138
1141 3.278911599444605 -5.456986327435332 -0.3209747380416096
1142 3.846885536510753 -5.453313082437245 -0.3287056871125669
1143 4.135047358015775 -5.476699773740744 -0.3401572161902731
1144 4.149922723513396 -5.341444507061335 -0.3321027298388575
1145 4.03922074860958 -5.467600631730805 -0.3359546089576838
1146 3.943125952264756 -5.459593768741974 -0.3321122058540579
1147 3.691255823778434 -5.063091042722964 -0.2974437166557104
1148 3.443194026409702 -5.110537300749776 -0.2948021721279985
1149 4.327155097665026 -5.497341158491934 -0.3496021343167872
1150 4.300351615232607 -5.349193486683857 -0.3391796876968124
1151 4.23131854733937 -5.486687487256058 -0.3447246790722333
1153 4.259047292229255 -5.196670869469852 -0.3278257364010632
1157 4.519049701622615 -5.520579934164919 -0.3603725270801806
1158 4.422909784474319 -5.50861816870173 -0.3548040985754475
1160 2.978888972439783 -3.453414089443497 -0.166417736502381
1161 3.414037596168845 -3.308814919681669 -0.1723571431846136
1162 3.871395158883388 -4.407380153953585 -0.261211528497787
1165 3.340940689162202 -2.575727338503548 -0.1230827967107921
1166 2.255622025612566 -2.259443167263034 -0.06406500448141415
1168 2.273014079535959 -2.748486789930016 -0.09979503816462573
1169 2.029840121929051 -3.027620105494759 -0.1192917083950591
1170 2.33575929450436 -3.165340959641098 -0.1321198474224148
1171 1.764739425045833 -2.240519388719376 -0.05464549383438437
1173 3.691542254902743 -3.674889746032389 -0.2073813141075729
1174 3.626817913025519 -4.074629107850265 -0.2299277764467107
1175 2.68391116771492 -3.03522154207756 -0.1293447613018113
1176 2.592994995891621 -3.384420835615809 -0.1523817071874868
1179 1.479564472801067 -2.487195004064685 -0.07633901240537629
1180 1.795783270118024 -2.710116622204884 -0.0930579059520607
1181 3.465590269634678 -2.929369475533228 -0.1507409819311506
1182 2.004118706241014 -2.48731614818856 -0.07618303931629597
1183 2.903743694420916 -3.918745825387205 -0.1973559985556926
1184 2.659118545571299 -3.671483093753764 -0.1748538405171112
1185 3.287468410623576 -3.759604508445608 -0.1968331269737458
1187 1.040625930203295 -2.143043750173046 -0.05375840381467301
1188 2.49915248613463 -3.902810289676986 -0.19187780914454
1189 1.211994869898267 -2.37715728711532 -0.07196938329476661
1190 0.6507367821221889 -2.174084527808346 -0.08073029802619608
1191 0.8345720120419046 -2.261833842143318 -0.07745592280050548
1192 0.7928297925416992 -2.05970912279247 -0.05575932041204022
1194 2.063285209583108 -3.65507277613687 -0.1746255077008044
1195 2.102849811113027 -3.369542927912681 -0.1480259248304355
1196 1.915135507933004 -3.49431319727875 -0.162755010194433
1197 1.865026807055964 -3.274158703782865 -0.1426447072092412
1198 1.768324406145816 -3.046898312012032 -0.123183480291911
1199 1.619386911441371 -3.252757808135809 -0.1484512273763058
1200 0.8427877180435628 -2.556643185005011 -0.1169836793482834
1201 0.9722442157721372 -2.639593423255763 -0.1160259027242026
1202 0.9977642900168679 -2.428902144675193 -0.08723420024568286
1203 2.405993368145328 -4.645252897211716 -0.2658169828416002
1204 2.582212862626288 -4.482905869995602 -0.2421954066065996
1205 2.37495683602002 -4.443142494741912 -0.2445699962643717
1206 2.860822327433748 -4.617024641853955 -0.2511442617676305
1207 2.594348391753252 -4.720665027014306 -0.2653073531063163
1208 2.669523569461616 -4.171919219457715 -0.2142100012292349
1209 2.944494638303126 -4.286015164861025 -0.2253182455508406
1210 3.291859005495051 -4.903730539223844 -0.2769104593824712
1211 2.999688785594888 -4.874243209156405 -0.2724803191222239
1212 3.120941212083343 -5.079706341840046 -0.2895023386120794
1214 4.188625519175494 -4.983722887768226 -0.311382111609796
1215 4.051809595581068 -4.714263987160073 -0.2883899184521356
1216 3.947883519405591 -4.963265627251969 -0.2997491606228505
1217 4.074493290936074 -5.163920459610678 -0.3176908631949853
1218 0.8006371316983636 -2.426047979219704 -0.1021187267394196
1219 0.7015109723822435 -2.547494724345519 -0.135103985342396
1220 0.6066275343921878 -2.49728426131663 -0.1438922956083112
1222 0.496765132384375 -2.224651197384731 -0.1079835617681444
1223 0.5829224908121516 -2.306556662591317 -0.1094327033537967
1224 0.8305325033543554 -2.694395222892439 -0.1414205075076718
1225 0.8857879843501042 -2.799675198521219 -0.1520910729606861
1226 1.761749670157973 -3.771508298222186 -0.2015240939601944
1227 1.59052638000415 -3.722114682535336 -0.2112049598340841
1228 1.666283550501535 -3.843544433537571 -0.221311601441996
1229 1.928223390666487 -4.007891724194013 -0.2193455645347082
1230 1.792062232944701 -3.936122238177096 -0.2213806396741799
1231 1.834260755300403 -4.099197189414728 -0.2415483685210643
1232 2.247114360609018 -4.692884532224806 -0.2857234497060324
1233 2.319230775990595 -4.798358904142638 -0.2937294299540776
1235 2.443141062636546 -4.991455909514616 -0.3093534798372163
1238 0.5937106688991567 -2.011202090749885 -0.06344440122641777
1239 0.4446836351784335 -2.032819349520588 -0.08199026975538509
1240 1.573583046260222 -2.971219709177397 -0.1206111300599011
1241 1.466032292341001 -2.752368174174704 -0.1019153050858156
1242 1.321904116261798 -2.903514914610436 -0.1241572496300008
1243 2.56455525717033 -4.896858351333856 -0.2861681003596604
1244 2.752710434096005 -4.850554236748877 -0.2735413615199628
1245 1.434575334787811 -3.120166121456108 -0.143077718475471
1246 1.960958604530416 -3.837025362860213 -0.1969837705598327
1247 2.086105124685357 -3.989531901693733 -0.2079773671816518
1248 2.224492265347148 -3.838483964126339 -0.1886418507472223
1249 0.5455739413082989 -2.407864284635548 -0.1370980970672337
1250 0.6632545479430315 -2.420951291235452 -0.1177668171217046
1253 1.507040845899033 -3.434237621693088 -0.1776211682753882
1254 2.093470359838391 -4.275176313320504 -0.2412503076369977
1255 2.178577750669441 -4.422725843376723 -0.2538288424732876
1257 1.640875948133531 -3.94128981036673 -0.2428141495381773
1259 1.114329939961032 -3.142476409453347 -0.1789654600833559
1260 1.143609021891878 -3.237957508283753 -0.1929741629842863
1263 1.709655637061484 -4.034717552015145 -0.2489452083502972
1265 1.398462667476965 -3.555011326819194 -0.2097545387683322
1266 1.01966211661552 -2.773579447779674 -0.1304762955102109
1267 1.202542680574518 -2.645829395199746 -0.1010038506904278
1269 0.4775188971206277 -2.319916815452675 -0.1324270103999963
1271 1.948527192617049 -4.358007714681048 -0.270204659361072
1273 2.339461223302818 -4.922573293678646 -0.3120244715841637
1275 2.441709337147806 -4.831540624553916 -0.2865513075852557
1276 2.080546451607856 -4.529078269974423 -0.2807054911903945
1278 2.572768350380618 -5.156621330366288 -0.3199642119470702
1280 2.596702209934746 -5.254577494879579 -0.3326541392823282
1284 0.9496133972729088 -2.897824667618617 -0.1600572740892499
1285 1.013509711627247 -2.983097679616416 -0.1655531226477583
1286 1.557840598413674 -3.847273375270515 -0.2395086493665823
1290 2.219573801126144 -4.789496512628675 -0.3070872951396624
1294 1.048789346968791 -3.07325501595206 -0.1770195235175227
1295 1.934954463062331 -4.26073416963776 -0.255041743721055
1296 2.007757217046091 -4.138846825351737 -0.2301845012846294
1297 1.849720863590032 -4.207619151183256 -0.2581827688132859
1300 2.475864866999141 -5.099211718283611 -0.3229618805576918
1301 2.627266089172106 -5.025794573020159 -0.2977475091979112
1304 1.251130581700155 -3.423629607927564 -0.2113336528460182
1305 2.271844535459147 -4.290794434486131 -0.2325459733433813
1306 2.449742302222093 -4.210721422989647 -0.2192304773064985
1307 2.245341407386775 -4.090961680449877 -0.2126039780499363
1308 1.161745857137117 -2.991982722614773 -0.1478596982101793
1309 1.118462048950724 -2.856222556264217 -0.132774345986954
1311 0.2325864658887211 -1.955610761414161 -0.1037693901077839
1312 2.817129444743457 -5.022872504361701 -0.2887724999652279
1313 3.280927801061861 -5.0911399034358 -0.2910827218856034
1314 3.538060872127446 -4.845190555575128 -0.2780856498629798
1315 2.330335678998498 -3.567231753994598 -0.1640479495316836
1317 1.456440859583474 -3.659863791462762 -0.2200826883005278
1318 1.549841537347195 -3.569615933006705 -0.1925926071313079
1320 2.132757935064385 -4.627668732680031 -0.2905885693672707
1321 2.239422127580954 -4.557032743555809 -0.2667104467327391
1323 3.16835086740537 -4.477065420558965 -0.2432284530865226
1325 0.3406176546365065 -2.088972427824177 -0.1099074772653329
1327 0.6984785073619857 -2.314437849816486 -0.0962469755625758
1328 2.645748474752748 -5.390260591373321 -0.3495959377375699
1329 2.720561767766316 -5.493073252650822 -0.3565812574254233
1332 3.372588923888626 -5.455393288848292 -0.3206746720032537
1333 2.812376409834822 -5.48030608402008 -0.3426943313533098
1334 0.348598105651547 -1.969958024867164 -0.08462269286495848
1335 4.399390900766144 -5.397602715578071 -0.3468742858400747
1336 0.5198033379837874 -2.11865003983896 -0.08645171407287604
1337 0.4073748138879973 -2.16451600877709 -0.1123699444378596
1338 1.269651277446969 -3.076244760139013 -0.1495539245985681
1340 3.772674329912791 -4.750228733386485 -0.2792711703053266
1341 3.532734027436187 -4.470494309721428 -0.2524359832902346
1343 0.7426615722166434 -2.652699802312152 -0.1489320006016038
1346 3.35178848075291 -4.674734066596845 -0.2613902665873759
1347 3.127706813859616 -4.718504249733074 -0.2606360911536533
1348 1.191232951824085 -3.307215191038783 -0.1981492341430366
1349 0.272685613264233 -2.034639078670862 -0.1133705975564569
1350 1.487259871715479 -3.756190518179801 -0.2344573341925637
1351 2.14299978632876 -4.7067978619619 -0.3050321155125849
1352 3.250224584384966 -4.154003188650239 -0.2223313829769564
1353 2.756358839639601 -4.406120514128331 -0.2336340230986799
1354 1.712262588988161 -3.45156673374105 -0.1660850813491052
1355 1.839570699298898 -3.643400311197015 -0.1812877338936162
1356 1.678022244841956 -3.627915334822193 -0.1893624756437963
1357 1.75693093408577 -4.147238825147559 -0.2635072243910473
1358 1.867779161657712 -4.324779483449128 -0.2794560134492565
1359 2.475785395527325 -5.184360416371901 -0.339741601594142
1360 2.263362570787974 -4.884778229652361 -0.3187963066898124
1361 2.966811395890461 -5.045325062259425 -0.2876711573450824
1362 0.792915605653586 -2.777925515037537 -0.1665846863171266
1363 0.6715753444656574 -2.618993151293875 -0.1579804390651077
1365 4.519026541337417 -5.520579763454669 -0.3603753729866634
1366 4.522100822989612 -5.520495578276167 -0.3615257987306933
1367 -0.08850717079093968 1.493480846187634 -0.1866841397611898
1368 -0.1401030787979225 1.595628791706099 -0.1715720158550372
1371 -0.07085310336515846 1.729335332631184 -0.104634710616188
1374 -0.02438501277433712 1.643968223589322 -0.1626895602347565
1375 -1.684830025817277 1.515551954200128 -0.1325414152140594
1376 -1.737195476175874 1.494891015033116 -0.1463021875302843
1377 -1.731976083906046 1.520896633154239 -0.104634710616188
1378 -1.634262967403641 1.533157733123471 -0.104634710616188
1379 -1.5417907799488 1.49438312803227 -0.1608461683256184
1380 -1.639561376481033 1.494605207912123 -0.1544866326370991
1381 -1.536549850901237 1.545418833092703 -0.104634710616188
1382 -1.443948916086763 1.494203194035115 -0.1659988038423448
1383 -1.438836734398832 1.557679933061936 -0.104634710616188
1384 -1.927628310628097 1.496346075389736 -0.104634710616188
1385 -1.829689200408451 1.508635533185007 -0.104634710616188
1386 -1.834482906701369 1.495295612614654 -0.1347160287077291
1387 -1.243410501394023 1.582202133000399 -0.104634710616188
1388 -1.150142606775925 1.49382655132514 -0.1767844398823623
1389 -1.24815063790987 1.493930476309184 -0.1738084177168548
1390 -1.145697384891617 1.594463232969632 -0.104634710616188
1391 -1.047984268389212 1.606724332938864 -0.104634710616188
1392 -1.049607316090697 1.493737903313212 -0.1793229868049769
1393 -1.341123617896427 1.569941033031167 -0.104634710616188
1394 -1.346063861844021 1.494054539558878 -0.1702557110755267
1395 2.817805816401625 1.59246876718985 -0.1265932029676277
1396 2.880739196110949 1.49555970672046 -0.1271533630033444
1398 3.297644559768314 1.496026753789328 -0.1137788848441971
1399 3.295235396040309 1.646957125266744 -0.1099947150057163
1400 3.458107872051782 1.637620405679457 -0.104634710616188
1401 3.564941547176137 1.496346075389736 -0.104634710616188
1402 2.945752290995661 1.669065738219771 -0.1207285543092008
1404 3.147033104232649 1.62973362117508 -0.1153411238557581
1405 3.087578210471747 1.495786841927923 -0.120649061672958
1406 -0.2479761836725736 1.493468603089647 -0.1870347362161183
1407 -0.2584527767899025 1.623229273632224 -0.1628515136973072
1408 -0.1685662198675651 1.717074232661952 -0.104634710616188
1409 -0.2662793363699717 1.70481313269272 -0.104634710616188
1410 -0.4617055693747801 1.680290932754256 -0.104634710616188
1411 -0.5003730824374817 1.585293506439955 -0.1674437693273846
1412 -0.5594186858771868 1.668029832785024 -0.104634710616188
1413 -0.5630571734709658 1.493499280259959 -0.1861562569970552
1414 -0.4133677869232584 1.493474825469972 -0.1868565505571
1415 -0.3639924528723755 1.692552032723488 -0.104634710616188
1416 -0.3611278629755256 1.593349295513223 -0.1684916791441763
1417 3.228503423360094 1.769648928010179 -0.109092347698245
1418 -0.9416259216340369 1.49365991331427 -0.181556328168206
1419 -0.8928956183600836 1.565753699483998 -0.1608801210293943
1420 -0.8252265257720126 1.493593361183756 -0.1834621318340985
1421 -0.8525580353844018 1.631246532877328 -0.104634710616188
1422 -0.9502711518868076 1.618985432908095 -0.104634710616188
1423 -0.9971203390358473 1.559775151351845 -0.1586167338252423
1424 -0.7833376087774224 1.570857117029171 -0.1633193835252398
1425 -0.699652863763551 1.493539369884966 -0.1850082403413247
1426 -0.7548449188819971 1.64350763284656 -0.104634710616188
1427 -0.102024206997102 1.676987866350983 -0.1499543276834302
1428 -0.6206298084971783 1.580277762281249 -0.1656048324075779
1429 -0.6571318023795906 1.655768732815792 -0.104634710616188
1430 3.358266009535764 1.769648928010179 -0.104634710616188
1431 -0.6868075088943663 1.595136642780058 -0.1578716320017068
1433 -1.138811670241791 1.498876449125658 -0.03217428741390141
1435 -1.63571332276088 1.498096697102983 -0.05450346383307612
1436 -1.536532895856543 1.498319640067412 -0.04811921263604706
1439 -1.337986486869932 1.498648712528044 -0.03869581030496435
1441 -1.437281245366055 1.498499982400347 -0.04295488391249109
1444 -1.23866363755068 1.498772562000883 -0.03514922543179164
1446 -1.833453057968154 1.497401928387338 -0.07439903674733105
1449 -1.734757089137152 1.497809369403201 -0.06273145261923825
1450 -1.032665414875502 1.498967603055067 -0.02956398040361348
1451 0.09041823142206615 1.618068510156801 -0.03897454931361347
1453 0.2439530866967531 1.62401027167913 -0.03903057391748434
1454 0.1967283109429942 1.707919608413377 -0.05893720965142421
1455 0.1148871887783085 1.737833389322618 -0.0787392504601476
1457 0.02203721053496765 1.499193147405489 -0.02310523525839603
1458 3.389338739953668 1.496557662101321 -0.09857565995194209
1461 3.328646073324564 1.630940814603866 -0.09998776636718895
1464 -0.06668575405876478 1.591621696784553 -0.03553118013395803
1465 -0.1737271978927607 1.499219990307176 -0.02233655512683727
1466 -0.2215730143381996 1.604342238507471 -0.04000703279948341
1469 -0.5903169214620875 1.585124302965704 -0.0432172427049545
1470 -0.6607249713204904 1.499166078818841 -0.02388037816166471
1471 -0.5142526423649636 1.499202957444822 -0.02282431248734212
1474 -0.3730367130968674 1.605326903196589 -0.04338447669871412
1475 -0.353036693992872 1.499221973770879 -0.02227975615786275
1479 -0.4977407867700228 1.605064295609631 -0.04685895019352703
1481 -0.00703022001322494 1.672196865980365 -0.05354160996895099
1483 -0.7176887857384638 1.578245137783135 -0.04502191794108687
1484 -0.7945290013271996 1.499113618632419 -0.0253826413472939
1485 -0.9182347618583342 1.499046987962513 -0.02729069408714171
1486 -0.8791129587045745 1.568447804133313 -0.0475488197225807
1489 -0.9876791093242203 1.563198774151727 -0.05028011579495839
1490 -0.7835985977863053 1.590942622300782 -0.05286866939952534
1491 -0.1299760045798439 1.664334757604753 -0.05494317016990387
1492 -0.6572193565928101 1.584256658418971 -0.04504570319167869
1496 3.279730068893034 1.918652861446636 -0.1077268686081353
1503 -3.419818667984369 -0.441984675242089 -0.1311422935273637
1504 -3.476030646713459 -0.5701289705595111 -0.1296445545850272
1505 -3.597334182958147 -0.4427399506648039 -0.1165610711127797
1506 3.087578210471747 -1.495786841927923 -0.120649061672958
1507 2.880739196110949 -1.49555970672046 -0.1271533630033444
1508 2.871184839249973 -1.29740145817674 -0.1335798172016059
1509 2.577762497318198 -0.947321369447053 -0.1491537334619779
1510 2.53159200082435 -0.6865004692634172 -0.154288134304002
1511 2.683270164228579 -0.6895185250922288 -0.150772109996248
1512 4.620055336376803 -0.7474885303315987 -0.09755088592764417
1513 4.600827880866341 -0.5977280916988763 -0.1023579965255887
1514 4.693334812673429 -0.597268402010032 -0.09967978077082237
1515 -0.9316625246946055 -0.6388563435375748 -0.1987852041682034
1516 -1.077133786352607 -0.7409386557749142 -0.1995595123648112
1517 -1.088468413178781 -0.586314186164808 -0.1977402477118083
1518 2.979649417581445 -0.6924867738918712 -0.1436763562146859
1519 3.1272422745517 -0.6921206701458869 -0.1400488324706645
1520 3.056219338251599 -0.868431215684998 -0.1385404231043347
1521 2.953450429352161 -1.049503679041766 -0.1374078143371624
1522 2.912423427898488 -0.8429589891321517 -0.1427097599359197
1523 2.769693232928455 -0.8907403338639235 -0.1454092491567867
1524 2.75329128863138 -1.091796930053626 -0.1418363271795093
1525 2.014380585989768 -1.055774304669446 -0.1608349799135673
1526 1.776570010720415 -1.125268142605508 -0.1652583077590062
1527 1.929267345472276 -0.8900581617621228 -0.1649871176318908
1529 -0.08812891116221867 -1.49348089533443 -0.1866827323810983
1530 -0.02176780052938315 -1.351573112567934 -0.1940132637067776
1531 -3.178554827156319 -0.6417537279920249 -0.1506572876417751
1532 -3.233723370261971 -0.4410416433343278 -0.1432376987495322
1533 -3.047097957006018 -0.4400030689292026 -0.1531432877852305
1534 3.421186933726978 -0.6867443008751812 -0.1326870275867991
1535 3.568217264159752 -0.6813355195952744 -0.1289577250238616
1536 3.499007006441845 -0.9470609472813607 -0.1248031690111525
1537 3.382010796298839 -1.204904760061047 -0.1211565349460694
1538 3.656732296453026 -1.186245613424575 -0.1133351229069038
1539 3.867755594701123 -0.6639466060330395 -0.1213175054726836
1540 4.022482957740642 -0.6513288219681441 -0.1173704834547104
1541 3.945351720681917 -0.8471631357660658 -0.1146657927274453
1542 3.792586656031051 -0.8121087330013188 -0.1199139388676263
1543 3.654157434894363 -0.8978594382303177 -0.1216664334476111
1544 3.716749128841439 -0.6738412103935497 -0.1251724941912633
1545 4.344943302081297 -0.6176037085590355 -0.1091725609160119
1546 4.321333904116287 -0.8557834850995524 -0.1033154399974927
1547 4.18222230988526 -0.6357537085253042 -0.1133050498286727
1548 4.508312986011317 -0.59779289060404 -0.105021078051405
1549 4.464864742604781 -0.7613093868710779 -0.1018053224374506
1550 2.058799318229262 -0.6740727009439552 -0.1646384253496673
1551 2.137155167822723 -0.8812354594690814 -0.1605483100807159
1552 3.130676861889773 -1.243382154637791 -0.1275225386737666
1553 3.297644559768314 -1.496026753789328 -0.1137788848441971
1554 3.181974386953271 -1.025992041080789 -0.1317130801834312
1555 -0.4137297939526196 -1.493474862020677 -0.1868555038818716
1556 -0.5633531341923297 -1.493499347916036 -0.1861543195804982
1557 -0.5587701249425633 -1.355746992512743 -0.1978389807445328
1558 0.138203456676038 -1.345440652451277 -0.1923331981544227
1559 -2.220304461731192 -1.103444003472846 -0.1858297037144193
1560 -2.241449250122249 -0.8864940567862082 -0.1864388733471818
1561 -2.057628102292504 -0.9546658652884742 -0.1902473208934714
1562 -0.6998949014685338 -1.493539457456377 -0.1850057326242542
1563 1.895150220908855 -0.6708521242589767 -0.1679678818979213
1564 1.237519155672309 -0.628705351753543 -0.1800483716545029
1565 1.402023192087857 -0.6421187333817967 -0.1772622847527808
1566 1.338571665561447 -0.8316860726066251 -0.1772781097147391
1567 1.62530759374497 -0.824018935593168 -0.1719395017657976
1568 1.71397968871659 -0.9569342318682565 -0.1687458888804914
1569 1.498646265162786 -1.03101760789393 -0.1723542538021334
1570 -0.1806879855443239 -1.278999643871364 -0.1969650020621505
1571 0.009479544059626255 -1.172582588671408 -0.1955854226683726
1572 1.232405578904573 -0.9619150864752369 -0.1781695819511405
1573 -1.138721298319759 -1.378844954707168 -0.1957820495599664
1574 -1.150256950155081 -1.49382666198512 -0.1767812709951626
1575 -1.260459974602766 -1.416925358673244 -0.1906017394640809
1576 -1.860955182649225 -1.182584479462193 -0.1938563711843007
1577 -1.670041471565682 -1.08441332974729 -0.1964855184987604
1578 -1.748180241594512 -1.26121371540151 -0.1947998898402385
1579 -1.017986204417848 -1.318519707483161 -0.1995341929348121
1580 -1.120039612136482 -1.21519116524727 -0.2009546749318203
1581 0.7140551797298484 -0.9207946975481009 -0.1870946484129526
1582 0.6549551583713191 -0.7466081251428889 -0.1885135696165467
1583 0.8259638753654347 -0.7697625152758226 -0.1860469363059285
1584 1.14110958183337 -0.7964822534500746 -0.1809558181127454
1585 0.7533397006202383 -0.5962042825924112 -0.1871652133533082
1586 0.5962790101211872 -0.593575669512334 -0.1891310079383489
1587 -0.9120736584975281 -1.366381896711405 -0.1976713854938393
1588 -1.049743201882498 -1.493738012179674 -0.1793198692773907
1589 2.219510823831286 -0.6784016147021502 -0.1612334051694559
1590 -0.2484141809066432 -1.493468593311402 -0.1870350162283942
1591 6.068221231073979 -0.7300558916787728 -0.05105048104567336
1592 5.878031967652951 -0.7882755810503688 -0.05512159831577071
1593 5.961937533419272 -0.6068822919646031 -0.05977641013804701
1594 -0.389555688350205 -1.240654825251216 -0.1990387208602339
1595 5.668772755760709 -0.8523328579721503 -0.05960091947269361
1596 5.729272728149906 -0.7183634728262489 -0.06316472219432864
1597 5.574736841002919 -0.7408767780177918 -0.0674488166841949
1598 5.523260104496454 -0.5815959277139565 -0.07491374784282867
1599 5.668851155937068 -0.5900587908050273 -0.0699802807655083
1600 0.9714031284950387 -0.9215130190850116 -0.1830303910205443
1601 5.815553910185416 -0.5985188238950844 -0.06491884429577305
1602 5.298538089516201 -0.7974914453332516 -0.0744248979207543
1603 5.240524287524284 -0.581629991138134 -0.08372748057274598
1604 5.37759933056202 -0.5730563927876121 -0.07976245557450277
1605 6.24910251617866 -0.623042217546865 -0.04941434233041822
1606 6.240491847091045 -0.6773213599183558 -0.04736292336033354
1607 6.106445784491116 -0.6150569740678913 -0.05460791640533889
1608 6.391980532964382 -0.6309484781046636 -0.04412021557446884
1609 -0.06207170740875106 -0.4745326325108791 -0.1943772359494957
1610 -0.1767751717631109 -0.6514602770768836 -0.196705214942202
1611 -0.2257665677704375 -0.4691179322819581 -0.1952216461986939
1612 5.143059535047412 -0.7773526973988909 -0.08023710311513926
1613 4.978078056624804 -0.7280179409051099 -0.08716090988746025
1614 5.110215002482696 -0.5877889379393564 -0.08752196862739912
1615 8.270417082105576 0.0004437297781989345 -0.006345631466191295
1616 8.349026328558935 -0.03186840252085876 -0.002228455790016184
1617 8.263373314495274 -0.05808803123611363 -0.004061910836416478
1618 8.354121027019875 0.000241282495641291 -0.003450500443756224
1619 8.453132483491535 -2.330580173293129e-16 -1.811883976188256e-17
1620 4.796815323357602 -0.8173863742402501 -0.08987632990492093
1621 4.595243783048051 -0.951835251691985 -0.0916475042916518
1622 -1.857567135379492 -1.37337110561943 -0.1842644730425288
1623 -1.991299921154602 -1.301355990849049 -0.1880164034838851
1624 0.9823441257126699 -0.751214761870429 -0.1837362459970185
1625 1.073883302172144 -0.6157811394688942 -0.1826380857693719
1626 4.84113077443398 -0.5954184205419371 -0.09537976069280284
1627 4.976557719177834 -0.5923519356873239 -0.09142555834612005
1628 5.441059153271073 -0.7263646407895867 -0.07241821148099697
1629 -1.243619783350112 -1.309168344639829 -0.1988813090538959
1630 -1.374515917414201 -1.366802995864592 -0.1944530527230862
1631 -1.323676186174245 -1.185631917579712 -0.2000757664155104
1632 5.184662296480447 -1.000526084308182 -0.06996359934199546
1633 3.340251825011412 -0.9137130939247713 -0.1300047314260259
1634 3.274514027099243 -0.6902407544044742 -0.13638025607529
1635 5.438779284100737 -0.9227371922478205 -0.06452407011559649
1636 2.83246009980099 -0.6915679637699614 -0.1472347266324344
1637 -3.497750213988165 -1.025251023839455 -0.07169253553891364
1638 -3.575740958897634 -0.9648459829700076 -0.06746860360559583
1639 -3.457288404726633 -0.8827726026290798 -0.1210129568149377
1640 -3.83666856194765 -0.5508563176978893 -0.08739942893846339
1641 -3.810795614273411 -0.6586653723265216 -0.08713873632843669
1642 -3.925068540080888 -0.6222418115393928 -0.04351138613890436
1643 -0.7618772317570806 -0.5957298478780579 -0.1982976978792725
1644 -0.8491997510197901 -0.4507804069066709 -0.1960568401274473
1645 -0.7057600746256193 -0.4546120444992337 -0.1962165592687027
1646 -0.9584601381107429 -0.8890237315665838 -0.2004120196320157
1647 -2.434010206088334 -1.057763398044943 -0.1795548388698626
1648 -2.291243226124967 -0.6491761643763361 -0.1841366879864589
1649 -2.108872540103373 -0.4355578141335107 -0.1833052784829912
1650 -1.984835589917994 -0.7177166268205563 -0.1911468271610066
1651 -2.980244303868108 -0.6062748902360725 -0.1603737393748499
1652 -3.037094386996775 -0.7894917135682669 -0.1579774045230486
1653 -1.205969376156291 -0.8829388455428268 -0.1998400067568243
1654 -0.6059850436016055 -0.7314362077064887 -0.1993210651967955
1655 -0.5532279245726419 -0.4589662353121506 -0.1961511824866298
1656 -1.422758340240625 -1.016489998209091 -0.1988356121320865
1657 -1.511521304847905 -1.174987105611542 -0.1985804302837127
1658 -1.326508793083009 -0.4403466150214704 -0.1938182674815415
1659 -1.147329207233049 -0.4437837462181628 -0.19498288679699
1660 -1.25813862253428 -0.6576130061671339 -0.198039796538412
1661 -0.3196508909610359 -0.5994721019471947 -0.197106170852181
1662 -0.3532430373852901 -0.7985381205739497 -0.1985128312015551
1663 -0.4632447809713632 -0.6122710451219596 -0.1978520880330817
1664 2.59921570166018 -1.238444642361853 -0.1427184629481968
1665 -3.75697157179004 -0.4431818181818182 -0.09916996844232219
1666 -3.723089189463196 -0.5977551130813702 -0.1043204933148906
1667 -3.968880152041131 -0.534229742984011 -0.03735698277227283
1668 -3.859892213046209 -0.4431643715071152 -0.0837845766619245
1669 -3.931312941390904 -0.4428668990106736 -0.06864891703343901
1670 -4.001434644726938 -0.4411759765016873 -0.03085002954282809
1671 -2.912854404783351 -1.123912555057512 -0.1551378152529235
1672 -3.030398990942433 -1.153615603702948 -0.1447645128045363
1673 -3.026510728027066 -0.9596150846542271 -0.1537483970938155
1674 3.200451200580369 -0.8382276345326001 -0.135396168375937
1675 4.903913642855771 -1.086467315224767 -0.07597319563449312
1676 4.594368574602207 -1.181223545918686 -0.08259919675870354
1677 -3.549049032483761 -0.7956257337519494 -0.1175159230274491
1678 -3.389096580222295 -0.728954380157782 -0.1361023203014727
1679 -0.9030524473587997 -1.141249055578922 -0.2010488690216745
1680 -0.7532027800938726 -1.324927876092944 -0.1994179312093805
1681 -0.6450704896728764 -1.169757814802005 -0.2005744052605847
1682 -0.990382589069381 -0.4472894522430289 -0.1956776403148076
1683 0.912026649196189 -0.6044268003319949 -0.185014435151149
1684 1.037978772192933 -0.5143917330394809 -0.1831466346588805
1685 0.8987661967157317 -0.5639971533667683 -0.1851624053368182
1686 0.8864086457665762 -0.5086176298408693 -0.185215984087175
1687 1.043426306665122 -0.5438008473139919 -0.183099677045013
1688 1.183987418639378 -0.5199289774400294 -0.181011983680641
1689 0.7488751547755249 -0.5805777960912468 -0.187192374099306
1690 0.7330514709764111 -0.502909159776693 -0.187151366312008
1691 0.5770265515935951 -0.4971441356772419 -0.1889498076461082
1692 0.4189500812929046 -0.4914039165528444 -0.1905895902352434
1693 -0.09323417095370569 -0.837850518145727 -0.1967426328160627
1694 -0.01822886530036134 -0.6379140948116805 -0.1954747896847855
1695 -0.3914933720262105 -0.4638523860589052 -0.1958233393209408
1696 0.4724595284672517 -0.6971002093807522 -0.1908368238944343
1697 0.5301610380419555 -0.850107615628342 -0.1899590093082568
1698 0.3168518962363343 -0.8274936493045127 -0.1926546555445702
1699 -0.8254268987422899 -1.493593461575846 -0.183459256980806
1700 -0.8009950291605011 -0.7604508803887492 -0.1998801407279377
1701 4.113689891833175 -0.8509472810134668 -0.1096524765146024
1702 -3.333668922571128 -0.5756538950141348 -0.1402331099442164
1703 -1.863352252481363 -0.9761548557493068 -0.1937065921586296
1704 -2.024153695075826 -1.136510161627903 -0.190616422682756
1705 -1.722156261514999 -0.617836295579816 -0.1935351863745411
1706 -1.720703641416578 -0.4355422434471132 -0.1897174864029837
1707 -1.52547922281745 -0.4373777701231831 -0.1920274098365303
1708 3.804623623898759 -0.9864064160843905 -0.1149301073900128
1709 4.19686987866168 -1.039734841435989 -0.101282606621402
1710 -0.7397010847494947 -0.9560801074981834 -0.2003732618946827
1711 0.09962125148984169 -0.4800651633337457 -0.1933134223855296
1712 0.2598363906525459 -0.4856942435119 -0.1920474901190588
1713 0.1257180054595921 -0.723091194021636 -0.1946075545295076
1714 4.258240810666642 -1.28411712494358 -0.0897942167093712
1715 3.979082992108009 -1.11104174265066 -0.1057403865983486
1716 2.076081747712679 -1.244427543699244 -0.1562322084306187
1717 0.3138184764541906 -0.6461279987455824 -0.1924835181136338
1718 -1.916429080541646 -0.435082897534858 -0.1868101684423182
1719 -2.85988839172699 -0.4389596993185704 -0.1614065533342664
1720 -3.255104501827865 -0.8242979347919777 -0.1434701689030792
1721 -3.531679364826276 -0.6760355377239662 -0.1246482287705353
1722 3.564941547176137 -1.496346075389736 -0.104634710616188
1723 4.989748340286232 -0.9017644769020968 -0.08064448416862277
1724 1.565606081084039 -0.6550936019567831 -0.1743186426557267
1725 1.730248898209409 -0.6667648107716085 -0.1711953655414062
1726 0.454300878857814 -0.986684911774411 -0.1905146843501103
1727 -1.479032729524445 -0.6431795062440991 -0.196391205540869
1728 0.2422787427365023 -1.15958909687519 -0.192824848378006
1729 -0.4953681805933172 -0.9881675455219322 -0.1995359654324415
1730 3.909351143722253 -1.390917307399179 -0.09726241298347568
1731 -1.626313264285557 -1.276585545583975 -0.1961875179008644
1732 -1.412770740248273 -0.8324087954420609 -0.198561948131501
1733 -1.136008748824737 -1.050372110835692 -0.2004170585989153
1734 -1.474435074963143 -1.300908626486385 -0.1972116634470446
1735 4.394703474274415 -1.074758496090364 -0.09368217105648824
1736 -2.804578020616832 -0.6704569195833219 -0.1687001091700942
1737 -2.463858140173273 -0.8465963196988862 -0.1806292484207462
1738 -2.638191019770618 -0.9854568442293064 -0.1729167225932794
1739 -2.664738804926447 -0.805299435893495 -0.1742356864830843
1740 -2.555191040956134 -0.6343431792763528 -0.1768278148269917
1741 -2.672231380938241 -0.4379494582238881 -0.168364721134394
1742 -2.295920259805761 -0.4362105330603018 -0.1791876310495168
1743 -2.483948838371262 -0.4370186164670615 -0.1742480686241187
1744 -2.351001375834539 -1.238409768850399 -0.1802394632708363
1745 1.485489428695113 -0.8007270943103115 -0.1748139392732692
1746 -3.362908206489288 -0.9093782772338017 -0.1292931353757833
1747 -3.171009384730107 -0.9459727519073934 -0.1441565823529792
1749 2.374867975354321 -1.373762461672124 -0.145480881022724
1750 -2.783271793061967 -1.078953380760115 -0.1642136063771686
1751 -2.851503425325999 -0.9074653954171084 -0.165038521906404
1752 -2.62464106030661 -1.14748864863696 -0.1709808905570471
1753 -1.639600219288724 -1.494605306866993 -0.1544837989403815
1754 -1.737219305266299 -1.494891095837455 -0.1462998735967631
1755 -1.731008377500913 -1.399340427248298 -0.1836685329794395
1756 -2.608193396646663 -1.282473508503029 -0.1653701758167107
1757 -2.727600302724202 -1.282873806042498 -0.1576703456461539
1758 -2.810945120201023 -1.372570617444616 -0.09597948744523643
1759 -2.713489344096421 -1.391533088182614 -0.0973054725705165
1760 -2.5010100883516 -1.207026448575903 -0.1753707813861157
1761 -3.730026166971474 -0.841940478245007 -0.05887421348986824
1762 -3.803056963023257 -0.7758125851601929 -0.05425010074590574
1763 -3.73035472116607 -0.7259906141331464 -0.09684105907507318
1764 -2.166950031504852 -1.395583190951557 -0.1676240428268272
1765 -2.272903819853494 -1.364171083988783 -0.1700354500925245
1766 -2.156153779610865 -1.268888605106537 -0.1853275089604383
1767 -2.225055759740065 -1.463310876919275 -0.102324664505225
1768 -2.131382811383375 -1.474313807353416 -0.1030940643525232
1769 -1.834491744001655 -1.495295659020689 -0.1347146998127464
1770 -1.927628310628097 -1.496346075389736 -0.104634710616188
1771 -1.944420051522946 -1.427902012320083 -0.1688694799008986
1772 -2.424345462494026 -1.43748113872465 -0.1005184732599397
1773 -2.385486229990745 -1.367070292651466 -0.163087237627019
1774 -2.324566556933299 -1.450870235444945 -0.1014547301083931
1775 -2.064632118335126 -1.399643634124293 -0.1715656699764482
1776 -2.032326266553365 -1.485316737787553 -0.1038634641998186
1777 -1.595186147049396 -1.394405080436647 -0.1877745884274014
1778 -3.002381815267969 -1.326389944237236 -0.09275022019443997
1779 -2.953630313344344 -1.239181875214211 -0.145019299045323
1780 -2.905100873807254 -1.351687086306861 -0.09451916869065052
1781 -3.095185784106655 -1.296958646309445 -0.09069218335899036
1782 -3.185649115649448 -1.260057978277253 -0.08811183728491387
1783 -3.116844631657432 -1.19661306621022 -0.1322412513334319
1784 -3.302993719707198 -0.9883628986140625 -0.1289046008510133
1785 -3.253119887658153 -1.086729426533743 -0.1251788190559187
1786 -3.270829227904821 -1.211999473810732 -0.08475125928079776
1787 -3.346938784888936 -1.151690257040854 -0.0805340280212708
1788 -3.412688052877797 -0.9929502334924329 -0.1135754495778655
1789 -3.421042497560275 -1.086980806892062 -0.07600910246974679
1790 -2.49903101746823 -1.321325528160299 -0.1661819954100034
1791 -3.195205514627907 -1.167735212912648 -0.1247823670509784
1792 -3.11278793513763 -1.073183672597371 -0.1416404698327209
1793 -3.636290922254498 -0.6948550541484252 -0.1127977787543476
1794 -3.658937786278284 -0.8019911765776611 -0.1006744995773316
1795 -3.618163376433968 -0.5604713343247796 -0.1166290688985828
1796 -1.248249549324489 -1.493930590799124 -0.1738051391539266
1797 -3.869269874514221 -0.7030693533507696 -0.04916339845500478
1798 -2.668848554308595 -1.346623864584128 -0.1478371202893889
1799 -2.618164730458639 -1.408118526253227 -0.09846523937948078
1800 -1.665969993721644 -0.8467503723611534 -0.1963301635263613
1801 -1.44401779372649 -1.494203308692881 -0.1659955204735347
1802 -1.497754336931244 -1.417368268121396 -0.1863129883510455
1803 -1.34614775663381 -1.494054655734619 -0.1702523842375818
1804 0.1152592973697519 -0.9734109801606382 -0.1946638993904017
1805 -2.84558402332445 -1.262335453620356 -0.151539476294237
1806 -1.541844639989404 -1.494383237415195 -0.1608430360084748
1807 -3.653549793340362 -0.9043293906736727 -0.06323687123662784
1808 -0.2143338597957681 -1.032520388137723 -0.1977141458126717
1809 -0.9417907646765131 -1.493660019871142 -0.1815532767786173
1810 -2.755192122094266 -1.188393696299496 -0.1632468011629921
1811 -2.46442681156685 -1.394173361788621 -0.1471563740564662
1812 -2.516854993035624 -1.424092042004351 -0.09958221641148603
1813 1.787183765100937 -0.8031439223111565 -0.1689225684226899
1814 -3.0414294801737 -1.251152307342174 -0.1333125115994922
1815 2.377091232958064 -0.6827026013359314 -0.1577779557816683
1816 2.335116611988507 -0.9119792208530552 -0.1555738203338002
1817 2.223308690574242 -1.107122103596453 -0.155055477625104
1818 2.417950270345828 -1.122798807507907 -0.149922382128399
1819 -3.56251527515227 -0.8886029303095591 -0.1047207106042039
1820 2.453487831395297 -0.8143596319979975 -0.1542977032314123
1821 -3.340238938572935 -1.086334948075918 -0.110875136818374
1822 -2.564680833978171 -1.371413264230815 -0.1481354148052055
1823 -0.02438501276374578 -1.643968223555398 -0.1626895602434355
1824 -0.1401481890736108 -1.595577760025957 -0.1715815901214376
1828 -0.07085310336515846 -1.729335332631184 -0.104634710616188
1831 -1.684848354851258 -1.515548421112477 -0.1325429820807596
1832 -1.731976083906046 -1.520896633154239 -0.104634710616188
1834 -1.634262967403641 -1.533157733123471 -0.104634710616188
1838 -1.536549850901237 -1.545418833092703 -0.104634710616188
1839 -1.438836734398832 -1.557679933061936 -0.104634710616188
1842 -1.829689200408451 -1.508635533185007 -0.104634710616188
1843 -1.243410501394023 -1.582202133000399 -0.104634710616188
1846 -1.145697384891617 -1.594463232969632 -0.104634710616188
1848 -1.047984268389212 -1.606724332938864 -0.104634710616188
1850 -1.341123617896427 -1.569941033031167 -0.104634710616188
1851 2.817807176770574 -1.592469562654772 -0.1265931414493167
1854 3.358266009535764 -1.769648928010179 -0.104634710616188
1855 3.295235394517591 -1.646957124656801 -0.1099947150727722
1856 3.458107872051782 -1.637620405679457 -0.104634710616188
1859 2.945752265926882 -1.669065673488419 -0.1207285567315184
1861 3.147033098070296 -1.629733616257888 -0.1153411241806613
1863 -0.1685662198675651 -1.717074232661952 -0.104634710616188
1864 -0.2585637514526093 -1.623214267240494 -0.162852937598392
1865 -0.2662793363699717 -1.70481313269272 -0.104634710616188
1867 -0.5005461936391757 -1.585297025491816 -0.1674384081240196
1868 -0.5594186858771868 -1.668029832785024 -0.104634710616188
1869 -0.4617055693747801 -1.680290932754256 -0.104634710616188
1871 -0.3639924528723755 -1.692552032723488 -0.104634710616188
1872 -0.3613226633948069 -1.593354354494525 -0.1684863433670317
1873 3.228503423360094 -1.769648928010179 -0.109092347698245
1875 -0.8525580353844018 -1.631246532877328 -0.104634710616188
1876 -0.8929884066397978 -1.565755390155086 -0.1608754201248648
1879 -0.9502711518868076 -1.618985432908095 -0.104634710616188
1880 -0.9971977459042379 -1.559776440230602 -0.158612336182146
1881 -0.7548449188819971 -1.64350763284656 -0.104634710616188
1882 -0.7834513407243203 -1.570859125369184 -0.1633144273890079
1884 -0.102028025072927 -1.676976771128385 -0.1499586480155539
1885 -0.6207718141456068 -1.580280553833676 -0.1655996350417538
1886 -0.6571318023795906 -1.655768732815792 -0.104634710616188
1887 -0.6869105843323157 -1.59513778348748 -0.1578666852042767
1889 -1.537612210115402 -1.498317470358753 -0.04818134496275888
1893 -1.240588499882442 -1.498770367920774 -0.03521205566552838
1895 -1.339629516374116 -1.498646467821987 -0.0387600902761373
1896 -1.438642430994553 -1.498497743354143 -0.0430190018067011
1898 -1.141082642467614 -1.498874292968886 -0.03223603166534184
1900 0.1146914754651205 -1.737869783931114 -0.07878774457337362
1901 0.08928590250666926 -1.617414995616704 -0.03886755281871651
1904 -1.833686799333203 -1.497400708049143 -0.07443398266097152
1905 -1.735272645948814 -1.497807634271869 -0.06278114027953068
1907 -1.683666428612149 -1.5177977457272 -0.0770508169893466
1908 -1.636510749496116 -1.498094683669948 -0.05456112101142965
1909 0.1962572255061544 -1.708226974269567 -0.05906056433445613
1911 0.01409753255895486 -1.499194698680526 -0.0230608125535251
1912 0.2440165791306033 -1.625264519425523 -0.03922625489578712
1913 3.389338739953668 -1.496557662101321 -0.09857565995194209
1917 3.328646073324563 -1.630940814603866 -0.09998776636718891
1919 -0.1830604255157916 -1.49922064611903 -0.02231777513249172
1920 -0.0678399678689517 -1.591891386961707 -0.03558849820468936
1921 -0.2003489554583065 -1.619600817949085 -0.04333200968430989
1923 -0.6230201296005754 -1.586079834305255 -0.04453848815151361
1925 -0.665739668208554 -1.499164452516798 -0.0239269493588531
1926 -0.5203943062206238 -1.499201803752488 -0.02285734991322384
1928 -0.3337200364950966 -1.604209707946829 -0.04215544213033476
1930 -0.3605935789796626 -1.499221546276543 -0.02229199799394314
1934 -0.4837810925532512 -1.590860156762948 -0.0420216190704286
1935 -0.007798447711206357 -1.671885986175318 -0.05346472062508194
1937 -0.7478813032501452 -1.581237555919542 -0.04724264082292644
1938 -0.7986545661832654 -1.499111688908971 -0.02543790139672879
1940 -0.8810422597226484 -1.568475401496497 -0.04764258894293434
1942 -0.9216340024584098 -1.499044889680523 -0.02735078102166554
1943 -0.9892498401652048 -1.563219771660899 -0.05036814128359006
1945 -1.035465277992299 -1.498965425517548 -0.02962633691953184
1947 -0.1260361620447246 -1.6687026634857 -0.05641749159396697
1948 -1.093213425036781 -1.558117420619427 -0.05348033756927584
1952 3.279729451138964 -1.918652539542223 -0.1077268886002256
1959 6.646328855822108 0.7851396258387314 -0.4605040544075698
1960 6.503180158187115 0.8005533261439373 -0.4681533593617458
1961 6.520133251159073 1.007214147797397 -0.4810545837907542
1962 6.769885291282751 1.013442797745898 -0.4739186120531471
1963 6.996084756126097 1.199268992422915 -0.4842112028334432
1964 6.969649742324984 0.9731312847889739 -0.4592221663593743
1965 6.247469001563901 1.004003880277874 -0.4798030271445209
1966 6.336935554351325 1.199268992422915 -0.4855200507143475
1967 5.539335540191644 0.8648953047113184 -0.3562897660920573
1968 5.606573911599869 0.932092716320404 -0.3586363514133008
1969 5.604553742651993 0.8741930338252482 -0.4073842500948848
1970 5.673274165089924 0.9987523378182124 -0.3609641566900327
1971 5.731826838480921 0.9548431230087646 -0.4260295889409914
1972 5.788301024253873 0.8647770853049772 -0.4512808188048177
1973 5.866202942944433 0.9670466936885342 -0.451479469451969
1974 5.921341830797093 0.8540390837071012 -0.4655168975425606
1975 5.685117212925475 0.8718968421261613 -0.4322296475758824
1976 8.055976494690716 1.199268992422915 -0.4028004611732134
1977 7.920592849390209 1.04937599222741 -0.3881794234661031
1978 7.781548583309964 1.199268992422915 -0.4293210341132989
1979 6.825531071170428 0.874373604523053 -0.4581266582576123
1980 7.111585245735027 0.8726752424297766 -0.4382431965392326
1981 6.919664865966729 0.7533622763128165 -0.4404316890736729
1982 6.742440794666257 1.199268992422915 -0.4919918062155142
1983 7.516740465201233 1.199268992422915 -0.4517309874165375
1984 7.609039356963105 1.007826562367728 -0.4127512248645238
1985 7.273744197917019 0.9811810869473427 -0.4383786774929016
1986 7.255067624736681 1.199268992422915 -0.4703012802540092
1987 7.425181402238803 1.050269464275861 -0.4353969542485083
1988 6.356701871542723 0.8153918586904951 -0.4733751370452303
1989 7.766956498505385 0.9354078536295777 -0.3862436141375693
1990 7.829107942737276 0.7379549004521619 -0.3518569094957341
1991 7.611709731753678 0.8110177306598809 -0.3853112263099392
1992 8.108222857755633 1.017022943156069 -0.3616021802875106
1993 8.373913043478261 1.199268992422915 -0.3679663525647395
1994 7.939911520459332 0.8618575980724366 -0.3561836870387374
1995 6.521959787494056 1.199268992422915 -0.4921707884392179
1996 6.062643155423015 1.086693887806857 -0.4663514429660639
1997 6.184720331546196 1.199268992422915 -0.4730835187564735
1998 6.051292401678865 1.199268992422915 -0.4535900751050645
1999 5.947570066145904 1.199268992422915 -0.4267498989850079
2000 6.061401306863372 0.8424339797432633 -0.4730178773707292
2001 6.207382330664801 0.8295433336587859 -0.475328641724726
2002 7.44524468104993 0.8752428251237976 -0.4099506563836625
2003 7.416936213280685 0.6885112920253129 -0.3904235065775136
2004 7.532399432803452 0.6723650207652101 -0.3767578488254384
2005 5.873913043478261 1.199268992422915 -0.3679663525647395
2006 5.913790696541215 1.085260766511146 -0.4436399495880368
2007 5.806674672070031 1.132071580813827 -0.3656197672434965
2008 5.801483235867508 1.040669087207563 -0.4244160034987804
2009 5.739974418579976 1.06541195931602 -0.3632919619667646
2010 7.298034540561241 0.7047644641043057 -0.4037217189947118
2011 7.290556264165071 0.8226298957415162 -0.4176486633402509
2012 6.0164770445342 0.9663068975521434 -0.4682530348923656
2013 7.645015735540762 0.6563822777842663 -0.3627176834715567
2014 7.049703214592355 0.7372336706913551 -0.4288471944147003
2015 7.175711198344788 0.721021173742022 -0.4165600376261031
2016 7.125500771090493 1.058281017538742 -0.459093255617415
2017 7.753901420822168 0.6409154058063266 -0.3484682156716112
2018 6.785340339698262 0.7693466208835089 -0.4510935039273517
2019 6.954243648996624 0.8557394309440092 -0.2639360614591511
2020 6.785582458754473 0.9063531077305064 -0.2521294784200999
2021 6.885296636971729 0.7379471223106371 -0.2622373131942093
2022 7.450761354677047 1.045768793666666 -0.2926294575821621
2023 7.301769652839946 0.9664232096504766 -0.2854558068303639
2024 7.487461645211531 0.8598709537821265 -0.308238623782629
2025 6.259598894916866 0.8993741712764611 -0.2373897551948141
2026 6.057130295775284 0.8915253243395217 -0.241842119453363
2027 6.184486535980612 0.7766037155204349 -0.2326430847239211
2028 7.779983757341639 1.199268992422915 -0.3064698033226748
2029 7.930618388337609 1.059347202960963 -0.337309760634287
2030 8.054842853429141 1.199268992422915 -0.3330160526591164
2032 5.597431358029214 0.8342444303496849 -0.2927008273663603
2034 5.825258769477674 0.7991472562619367 -0.2475790269259615
2035 5.791675452829984 0.9084506350151649 -0.2687662733306251
2036 5.705921969924681 0.8134749338196237 -0.2639147286592298
2037 7.509782308968903 1.199268992422915 -0.2836588853350537
2038 7.241762969602495 1.199268992422915 -0.2647980202733657
2039 6.990238975009794 1.199268992422915 -0.2514697771230704
2040 6.97088508259424 0.9968057229959839 -0.2600781541489183
2041 7.131671156015871 1.053076353466928 -0.2676983261538346
2042 7.621336485191004 0.7914138563608859 -0.3256517728255963
2043 7.545543554621696 0.6664509454995082 -0.3240300835702706
2044 6.826061942998196 1.069788848476553 -0.2499594012115565
2045 6.615440024298576 1.027881847994771 -0.243486223869012
2046 6.420329004435762 0.7665954947738118 -0.2367314684491569
2047 6.448180769914377 0.8888209763251109 -0.2388814152347209
2048 6.302913723701958 0.77161415859614 -0.2337383569609287
2049 6.611284380984317 0.8770819527995752 -0.2441607805798312
2050 6.653211822491349 0.7546877671651995 -0.2471460227788713
2051 6.524511097871082 1.199268992422915 -0.2437193838438968
2052 6.746615514334168 1.199268992422915 -0.2440106734474344
2053 6.401476957651784 1.031506629978922 -0.2411396423889803
2054 6.338369382601451 1.199268992422915 -0.2503300691825884
2058 7.632855396366056 1.087332671336219 -0.3051794575098993
2059 7.619931848783191 0.9427698812119856 -0.315764183651678
2060 7.782126927810065 1.006228468909856 -0.3269744885487825
2061 7.117013261791631 0.8836963211010688 -0.2748414372898806
2062 7.118997828158511 0.7139124085588318 -0.2813057753972664
2063 7.250619952553842 0.8133198208053256 -0.2888845378709231
2064 7.227847698000002 0.7011167362229743 -0.2913294610082358
2067 5.77919517209057 1.013575887766767 -0.2980877365693123
2068 5.903389698353054 0.9668653944904286 -0.2630364931655187
2069 5.88668309339579 1.066337769876312 -0.2855612429246176
2070 7.00174396855565 0.7270128642125556 -0.2712878671395359
2072 5.68551050979652 0.9164068818360832 -0.2938055982859402
2073 7.33124634797114 0.6896197470901556 -0.3014119567058344
2074 7.386342779467001 0.7976599111942713 -0.3019298909823598
2075 6.05160966680964 1.199268992422915 -0.2822816639872938
2076 6.113835331102442 1.094436617003306 -0.257494099983287
2077 6.185517578139535 1.199268992422915 -0.2627617936696264
2078 6.16467017984045 0.9853181674039704 -0.2442283569716652
2079 6.254694268738959 1.079827968499455 -0.246764184969978
2080 5.986913449545154 1.113927155169108 -0.2766241165110158
2081 6.017903393753635 1.012255898089161 -0.2566910014981403
2082 6.537085702980475 0.7610700154018089 -0.2412829521336631
2083 7.759587987348058 0.8600953079491768 -0.3360194344325687
2085 7.723455493305352 0.7365699360103272 -0.3398574843434793
2086 5.945649063205897 0.7893304327678946 -0.2384787221534292
2087 5.90118978499234 0.8749742520028173 -0.2503695904982705
2088 5.889333377746171 1.148182283856172 -0.3104410635847874
2089 5.94764236609738 1.199268992422915 -0.3091568834123688
2091 6.06517961637139 0.7822352622985254 -0.2339654380623132
2092 7.437875504532752 0.6781293820850876 -0.3123735416623797
2093 7.649304793673782 0.654508687070237 -0.3358652542654335
2094 6.769232275422976 0.7470697191881868 -0.2541667328979744
2097 5.949829192280131 1.262970204882963 -0.3679663525647395
2100 6.921235177720144 1.881903911651889 -0.4493664524903247
2101 6.955750219193762 1.979638717053191 -0.4358609607400355
2102 7.057109081773458 1.823056397865924 -0.4656559314428542
2103 7.374791116445708 2.272277466040006 -0.4393217452847822
2104 7.421635849638053 2.370574512237631 -0.4287299854055404
2105 7.533419288989696 2.260278244109228 -0.4499390710206588
2106 8.713826630047468 2.599268992422915 -0.3925534986198567
2107 8.942368073110156 2.599268992422915 -0.3679663525647395
2108 8.838459759196112 2.34336196038581 -0.3679663525647395
2109 7.518204466523993 2.406432697856845 -0.4345478366270266
2110 7.634604993302553 2.387531610339972 -0.4441662524272316
2113 6.953940235957212 1.406442152351865 -0.4835386042919433
2114 7.870849968342704 1.619518935278827 -0.4350299501674222
2115 8.127642254611068 1.43350400318335 -0.4049885965805614
2117 6.471867091395606 1.48107308051119 -0.461339535266117
2118 6.614450301850623 1.473275888335062 -0.4748548612388189
2119 6.489846748289228 1.335017064862855 -0.481117354207358
2120 7.355940255225315 1.582532253243705 -0.468478590119453
2121 7.213661457638993 1.762171133724792 -0.4706401214198418
2122 7.343155964110582 1.833591094244539 -0.4669467865673351
2123 7.127046591814279 1.593943823003046 -0.4762117053350883
2124 8.398294398482591 2.14304618365698 -0.4057735423030051
2125 8.611064333944174 2.358105074428241 -0.3932837100927713
2126 8.699997781654808 2.002355621356056 -0.3679663525647395
2127 7.727715066724793 2.275793747330413 -0.4500909944615409
2128 7.772981645812228 2.448400129161397 -0.4436526380544625
2129 7.310287665172988 2.026461946612448 -0.4592871381425199
2130 7.485503132067572 1.960398200032988 -0.4614503020409442
2131 7.731856350679352 1.882716594742554 -0.4508370216728462
2132 7.512118898039255 1.759326589835482 -0.4616407512990701
2133 6.101491465482946 1.390229962390954 -0.3679663525647395
2134 6.051089705930929 1.295248041278396 -0.4217494229868887
2135 6.025660328881537 1.326600083636958 -0.3679663525647395
2136 6.145049787206336 1.303249583159981 -0.4458137101484567
2137 7.625680665469487 2.101949188696172 -0.4556742690815933
2138 7.866949648575255 2.122102203100793 -0.4457605853341893
2139 8.069410100241896 1.932969143950738 -0.4278432375782608
2140 7.935979150719544 2.325629960758146 -0.4432841374611275
2141 6.616053871387866 1.61759808301718 -0.456189180702998
2142 6.65647067082163 1.722825270259158 -0.4414475939045177
2143 6.72468602961365 1.600804035681668 -0.4686492061947908
2144 6.902615542376648 1.776073883184322 -0.461781075966998
2145 6.80427819619899 1.861416657235624 -0.435921553024341
2146 6.853220189177129 1.942859482286791 -0.4240895330171056
2147 6.783971694895618 1.962898871176911 -0.3679663525647395
2148 7.087296241301248 2.217418386192892 -0.3679663525647395
2149 7.08694171456556 2.099893094226284 -0.4316703169315852
2150 7.011465104699839 2.153788507438896 -0.3679663525647395
2151 7.187510217770633 2.144857679224567 -0.4380234425810014
2152 7.183152642516557 1.960620451828351 -0.459843724049293
2153 6.859802831497024 2.026528749930906 -0.3679663525647395
2154 6.935633968098431 2.0901586286849 -0.3679663525647395
2155 7.059690972373864 1.987909645597916 -0.4483204229535268
2156 6.249487071668524 1.289970458084283 -0.4660224744595094
2157 6.339715636267004 1.347798155967381 -0.4673394597590284
2160 6.402560280704919 1.418161242511479 -0.4633630225987724
2161 7.542368073110155 2.599268992422915 -0.3679663525647395
2162 7.623528762720928 2.599268992422915 -0.4121328376757586
2163 7.563812146958757 2.502398681487369 -0.4240066493676159
2164 7.466451924308285 2.535567779962867 -0.3679663525647395
2165 7.163127377902655 2.281048264946887 -0.3679663525647395
2166 7.251779052629489 2.256172062250339 -0.4251174357562855
2167 7.429758524944374 2.132058694546185 -0.4555004382077856
2168 7.300847112556785 2.165627804427673 -0.4466369769263557
2169 7.238958514504063 2.344678143700882 -0.3679663525647395
2170 7.314789651105471 2.408308022454877 -0.3679663525647395
2171 7.390620787706879 2.471937901208872 -0.3679663525647395
2172 6.240139307816698 1.406293500802819 -0.4379225333925422
2174 6.645816687776376 1.326883168294102 -0.4871510555035698
2175 6.973810762788064 1.639178557483468 -0.4752588282096344
2176 6.835726779750322 1.675064988606125 -0.46799907888041
2177 6.855636862299813 1.548087536340468 -0.4783571226530676
2178 6.770262068521633 1.42488534449664 -0.4837312098675451
2179 7.837627054932597 2.599268992422915 -0.4355768536800398
2180 7.721821755453798 2.599268992422915 -0.4274137795556153
2181 7.661702565515304 2.503681553456719 -0.4346313467441253
2182 6.750208818527077 1.76685231648142 -0.4473354532291007
2183 6.177322602084354 1.453859841144949 -0.3679663525647395
2184 6.253153738685761 1.517489719898943 -0.3679663525647395
2185 7.618067081975146 1.534788888647293 -0.4522294413959216
2186 8.499482145128507 2.599268992422915 -0.4119087002519938
2187 8.394136690437435 2.409807806014169 -0.4150446241898401
2188 8.126626779119899 2.599268992422915 -0.434817119267543
2189 8.030747988488478 2.467950396447623 -0.4390875347092702
2190 7.9719436157157 2.599268992422915 -0.4379729873499689
2191 7.897812535528281 2.485349442934103 -0.4422186539618435
2192 8.302221663158514 2.599268992422915 -0.4261203981156434
2193 8.190746214296276 2.363848084547012 -0.4293394774942996
2194 8.110324815303651 2.170308576378965 -0.4308916453340368
2195 6.404816011888578 1.644749477406935 -0.3679663525647395
2196 6.413723905242177 1.569836637967504 -0.430236921635049
2197 6.328984875287169 1.581119598652939 -0.3679663525647395
2198 6.690283225136172 1.839382785186976 -0.412955218342412
2199 6.708140558294209 1.899268992422916 -0.3679663525647395
2200 6.632309421692801 1.83563911366892 -0.3679663525647395
2201 6.480647148489986 1.70837935616093 -0.3679663525647395
2202 6.556478285091394 1.772009234914926 -0.3679663525647395
2203 6.5562381995848 1.691176930646519 -0.4281322702040916
2204 6.526674528126455 1.576257127441313 -0.4514983433032096
2205 7.000463094426193 2.067960143295749 -0.4219541301109571
2206 6.335649313212654 1.477651280111053 -0.4394174113903244
2209 8.526199584182734 1.574322683344288 -0.3679663525647395
2211 7.175545989598355 1.380655961126301 -0.4763687651756268
2212 7.403859403071657 1.371791043081395 -0.4636009936111725
2214 6.472905138587794 1.644221930322225 -0.4204042662501007
2215 6.327533623589225 1.545549489537311 -0.4101828141964545
2216 8.387683793391625 1.858116618141346 -0.3957560277846068
2217 8.168354311167612 1.68702679701114 -0.4107850377184299
2218 6.597484771142536 1.766476954530687 -0.4112823847889097
2219 7.295293599250868 2.32563734159025 -0.4154112468087153
2220 6.160476504682917 1.39537577493605 -0.4167988772255627
2221 7.446887018339844 2.451248294872895 -0.4141770757781206
2226 8.713813758912353 2.599268992422915 -0.3433779364322315
2229 6.636786002188073 1.353715505535209 -0.250565885733519
2231 7.150880813527175 1.457405924179809 -0.2586639923131154
2233 7.433129742797423 1.459178770327842 -0.2728135736410578
2235 6.575205047106401 1.510435165496174 -0.2682014935333303
2236 6.456860162106245 1.412839906386033 -0.266010112598922
2237 8.499973235919919 2.158826698314376 -0.3394348903814848
2239 7.815270147542339 1.941714556848912 -0.2893634537696007
2240 8.05647868008106 1.81042481518226 -0.3107132440980478
2241 8.008579741498931 2.116869555222654 -0.2989722848887864
2242 7.245091836625942 2.088795314838032 -0.2846737735640991
2243 7.188665251882536 1.999197081548131 -0.2791490510776035
2244 7.389901406071222 1.980355571454056 -0.2736636435228748
2245 7.119838422967346 1.889935967344422 -0.2730383122097795
2246 6.979486480646889 1.837726394684992 -0.2755819402409664
2247 7.10437889896556 1.709081277609171 -0.2629688330641531
2248 7.303847858821221 1.657988843712721 -0.2654588599237202
2249 7.252214945169096 1.830458391558092 -0.2677944385012206
2250 7.428999737559461 1.817290568583968 -0.2710125640741533
2253 6.067655250553496 1.299719908759509 -0.3100820064331962
2255 6.161557119773309 1.305678549488399 -0.2873006403903033
2258 6.815441126617584 1.608534186302001 -0.2630019456336956
2259 6.905385379108694 1.728773364243745 -0.2691729895502133
2260 6.763952650624701 1.74453625196348 -0.2828466204188625
2261 6.658022401322246 1.638108287595915 -0.2781076323252938
2262 6.310547576378869 1.322322635821427 -0.2678986650398565
2264 6.460680699618296 1.300788261821777 -0.2531924933903418
2267 6.751862531496945 1.856762721464138 -0.3103895148316807
2268 7.45419980548217 2.168971294976279 -0.2821401527959438
2269 7.461080594213426 2.324963604462015 -0.2957466505456891
2270 7.345286692187561 2.270615566231464 -0.2995574728494474
2272 6.667927856567895 1.7852069755141 -0.3091070047201584
2276 7.44871012878713 2.431967747592829 -0.3160856640597305
2277 7.589541540113993 2.268132391151773 -0.2853095019896574
2278 7.574894678559363 2.441177646412122 -0.3007589976449275
2279 7.805335079424947 1.541337480562345 -0.2978011802513105
2280 7.622978354961584 1.857429288779861 -0.279301502777682
2281 7.325232576092239 2.154648500990277 -0.286384588795545
2282 7.601848393236846 2.077109803004387 -0.2792621239293441
2284 7.357810697110589 2.369669866843079 -0.3186906913831415
2286 7.837824130591538 2.599268992422915 -0.300347659245202
2287 7.72189802626017 2.599268992422915 -0.3085108694309495
2288 7.737080128904009 2.479121142613838 -0.2949488494847479
2289 7.705759127996853 2.354033160485374 -0.288367772238219
2290 7.889130175094412 2.335623991630545 -0.2908810984794657
2293 6.330170699163079 1.461636420298354 -0.2932781438115226
2294 7.533408245744964 1.667297343501572 -0.2761046337257554
2295 7.777560330023878 2.187681957729795 -0.2859096483196063
2297 6.894156602930003 1.943842407209798 -0.302956683320815
2300 7.191051258725367 2.188021799713584 -0.3059400303865245
2303 6.508858660741834 1.6173207778221 -0.2970897356186913
2306 7.547334078538846 2.546026193314899 -0.3261605784888288
2308 7.623528816553607 2.599268992422915 -0.3237998553007645
2309 8.607401026535488 2.412368212566761 -0.3401539491932371
2310 8.499471974570305 2.599268992422915 -0.324023175630217
2311 8.394146497742184 2.40416076667443 -0.3210569442459489
2312 7.972165319244644 2.599268992422915 -0.2979603121975253
2313 7.884169088528583 2.488440951352987 -0.2936895003889787
2314 8.024309971846723 2.466086427756835 -0.2965897799903416
2315 8.126632138954809 2.599268992422915 -0.3011157785319326
2316 8.30210498383402 2.599268992422915 -0.3098051366939521
2317 8.196791154967965 2.441480159905859 -0.3056173345440059
2318 8.242126865182385 2.24564503957183 -0.3132182904993512
2319 8.23841478351267 2.028062092597771 -0.3195479572204128
2320 8.066324964112548 2.317838777512208 -0.2993883299502891
2321 6.738706850448296 1.485785077647514 -0.256526281565546
2322 7.051510882518849 2.018952061393056 -0.2935034577973286
2323 7.111606195011669 2.115547039522392 -0.3034898597302741
2324 7.243386754749106 2.257091820852493 -0.3127180570729126
2325 6.84481505163795 1.855048546332452 -0.2918226918994244
2326 6.001388365697778 1.255626599979853 -0.3147921730829941
2328 7.018852821748588 2.096266689571881 -0.3184317746301593
2330 6.825585923882425 1.33189297193619 -0.2485741733676116
2331 6.933087669657166 1.449722525801202 -0.2531629364800693
2332 6.432598517175877 1.525504961898113 -0.2891194486391875
2333 6.987218859811076 1.598803264267156 -0.2586607688227698
2334 6.412475660839466 1.599620129703044 -0.3176519682135751
2335 6.237077289742815 1.392617451561046 -0.2946610935883563
2336 6.546030508220237 1.69463918291777 -0.3119200050224104
2337 8.185715646745457 1.507839503836366 -0.3338217560330468
2339 8.386271738671441 1.825046295636465 -0.3413900986189404
2341 6.603816106671177 1.727956199289615 -0.3072841156701789
2342 6.163385002720929 1.392020754563225 -0.3162861718612465
2344 6.2430528298708 1.462945058094368 -0.318889088140946
2345 7.001705926441153 1.940267559657476 -0.2866510053404381
2346 6.93940081484085 2.016630678985019 -0.3132647040159218
2348 7.620745715023172 2.658026508897271 -0.3679663525647396
2351 8.625913319818599 3.099268992422915 -0.3901054718650608
2352 8.646091307074242 2.953006876076441 -0.3987762672068678
2353 8.522057187319552 2.960928575969644 -0.4066006527250973
2354 7.69981433831461 2.715430146961371 -0.3679663525647395
2356 8.055546496774191 2.727913184897671 -0.430631784887344
2358 8.732154326953522 2.852214881592999 -0.393928964283083
2359 8.567013201268495 2.780860122817508 -0.4083269101205721
2362 8.407560600903395 2.878079447521121 -0.4162124489847224
2363 8.455750168594369 3.043294907860364 -0.401901130611425
2364 8.544284643905081 3.099268992422915 -0.3928811388297631
2365 8.707412959502767 3.099268992422915 -0.3846888861605129
2366 8.788779616286206 3.099268992422915 -0.3775355982479506
2367 8.7631237031399 2.981311912465047 -0.3877678143117116
2368 8.402166593581192 2.733017490742312 -0.4200413071094398
2369 8.26428332484705 2.837296244286457 -0.422718720443708
2371 7.9257283756289 2.707300272319139 -0.4282727994177646
2372 7.841415776302651 2.720479425620012 -0.4184691950133891
2373 7.8609692098849 2.825956082141241 -0.3679663525647394
2374 7.779837506198801 2.771509413761512 -0.3679663525647395
2375 8.285138622457907 2.954891885892825 -0.4118259114989217
2376 8.287318373548761 3.063183108354163 -0.3679663525647394
2377 8.19859520906399 3.022316567282487 -0.3679663525647393
2378 8.182174233985144 2.723260215714433 -0.4299895214527803
2379 8.125618464466461 2.854769741627235 -0.4196408764612945
2380 8.02704312140977 2.928869418475019 -0.3679663525647395
2381 8.112067121951378 2.977011112541709 -0.3679663525647396
2383 7.943342770848234 2.878475385439711 -0.3679663525647395
2384 7.958521750384939 2.796264579480731 -0.4167000250630519
2385 8.283295116623297 2.7252154776414 -0.4264438881225243
2386 8.839783626317889 2.725710099183452 -0.3829028105517457
2388 8.981153946103646 2.776699853060169 -0.3679663525647395
2389 8.713167894054198 2.738914996711718 -0.3956301969873732
2390 7.774157631640833 2.679473650406431 -0.4182350381579423
2391 8.381308495100694 2.996471402964945 -0.4079082834726076
2392 8.378459027464201 3.099268992422915 -0.3679663525647395
2393 8.936749649022222 3.01721369295562 -0.3679663525647395
2394 8.974734871732643 2.909562760151897 -0.3679663525647395
2395 8.863753140606756 2.885344300943834 -0.3806645150468779
2396 8.84956441737463 3.017575213539724 -0.3775498039842044
2397 8.191951732991896 2.931390422270685 -0.411264126393413
2398 8.026828465656324 2.841900722010626 -0.4146249150727718
2399 8.462648082392763 3.099268992422915 -0.3909412927893148
2400 8.878459027464201 3.099268992422915 -0.3679663525647395
2408 7.973989177164017 2.752409115359395 -0.3106182914028488
2410 8.78877961628622 3.099268992422915 -0.3583971068815297
2411 8.77777834583965 2.986103093993048 -0.3497320931113992
2412 8.393358388451995 3.015100168826055 -0.3303432097296766
2413 8.502384969671803 2.986095568307307 -0.3299017274561584
2414 8.462648082392761 3.099268992422915 -0.3449914123401642
2415 8.625913319818602 3.099268992422915 -0.3458272332644186
2416 8.633543852164157 2.984490752663393 -0.337619871272794
2417 8.707412959502772 3.099268992422915 -0.3512438189689666
2418 8.854464373905154 2.875443357633043 -0.3541631327635343
2420 8.544284643905087 3.099268992422915 -0.343051566299716
2422 8.420497573079093 2.745812056222884 -0.3171266377351775
2424 8.230639233575692 2.714926353889059 -0.3071437930921098
2425 8.261281573019767 2.839066431271866 -0.3132744998561247
2426 8.400194379165935 2.894479607301961 -0.3202084475715444
2427 8.200818374385475 2.93644383100732 -0.3250057951717928
2428 8.298556916209689 2.964354744590786 -0.3250579853384484
2431 8.113660193556647 2.883264750576166 -0.3215067790442871
2433 8.116016901870168 2.792144501568552 -0.3097009560917809
2435 8.543571778400583 2.864739354719886 -0.3270053379681602
2436 8.701470203769571 2.856400996869934 -0.3392999209744123
2437 8.619912582872734 2.729637083070038 -0.3320441288820117
2440 8.020014136122093 2.843258917833651 -0.322344060025311
2442 7.863355819354315 2.748812456635502 -0.3209110698286797
2444 8.814207379255377 2.725745777136904 -0.3503801148760122
2446 7.791155849456259 2.683087550563316 -0.3160957794245295
2448 7.897029027892108 2.673939532095643 -0.3052739964349548
2452 8.081811663869445 2.698637497450793 -0.3033308152217724
2453 8.548200233829235 3.111154496195577 -0.3679663525647395
2455 8.467976691061011 3.10772563980474 -0.3679663525647396
2459 8.628463436053059 3.113500940814809 -0.3679663525647395
2462 8.788826891622866 3.107696273973563 -0.3679663525647395
2464 8.708751018940506 3.113442796914702 -0.3679663525647395
2477 7.939911520459332 -0.8618575980724361 -0.3561836870387374
2478 7.751039311095505 -0.9558378210047223 -0.3909359239687495
2479 7.829107942737276 -0.7379549004521619 -0.3518569094957341
2480 7.049712786311177 -0.7372326093008144 -0.428846314406752
2481 7.118247124714777 -0.872324900302304 -0.4376874360785148
2482 6.919527756948153 -0.7533790412396487 -0.440443287760275
2483 7.781785540123106 -1.199268992422915 -0.4292995421693834
2484 7.919338353058249 -1.051566149469306 -0.3886909859459052
2485 6.64621424274461 -0.7851523110134911 -0.4605110614385077
2486 6.519181277094253 -1.007376747151198 -0.4810802788942461
2487 6.503197723820073 -0.8005514113823565 -0.4681525589660163
2488 8.108222857755633 -1.017022943156069 -0.3616021802875106
2489 8.373913043478261 -1.199268992422915 -0.3679663525647395
2490 8.055962105546225 -1.199268992422915 -0.4028019363136365
2491 6.742483024101752 -1.199268992422915 -0.4919911113634845
2492 6.521984765680327 -1.199268992422915 -0.4921712103212554
2493 6.245313806901405 -1.007939314588239 -0.4797978976542498
2494 6.336949531282005 -1.199268992422915 -0.4855208584348538
2495 5.604911966657674 -0.8741954117567027 -0.4075318592773243
2496 5.686175790630607 -0.8718413665065585 -0.4324792326565824
2497 5.606573911599921 -0.9320927163204566 -0.3586363514133026
2498 5.539335540191704 -0.8648953047113788 -0.3562897660920593
2499 5.732444943679946 -0.9551841901540594 -0.4261200362899066
2500 5.788301024253873 -0.8647770853049772 -0.4512808188048177
2501 5.921328355233687 -0.8540401624221723 -0.4655158622515315
2502 5.869190367335515 -0.9706181526222444 -0.4515268698388291
2503 6.785198756160194 -0.7693639212042065 -0.4511040421955408
2504 6.825520763510694 -0.8743866163217741 -0.4581284857276504
2505 6.769790583759507 -1.013434632672255 -0.4739219393232244
2506 6.996170432571038 -1.199268992422915 -0.4842074910024292
2507 6.970458620678619 -0.9727726260995114 -0.4591329597743611
2508 6.356694708905918 -0.8153923233288938 -0.4733753063997141
2509 5.91931959571263 -1.096409935644397 -0.4429082835993964
2510 6.02962751331509 -0.9999526081191025 -0.4678835543101668
2511 6.051295461450809 -1.199268992422915 -0.4535906635000329
2512 5.947570730099238 -1.199268992422915 -0.4267501371118751
2513 6.061386231632346 -0.842435215320676 -0.4730173801111566
2514 6.207378613383922 -0.8295431703586087 -0.475328626457474
2515 6.184728074969702 -1.199268992422915 -0.473084368908505
2516 7.644772522912853 -0.656417016230025 -0.3627487827516729
2517 7.515738574904058 -0.7880162484338106 -0.3922041420043797
2518 7.532469992662399 -0.6723550810185843 -0.3767492754386241
2519 7.66514115106529 -0.8162885722617412 -0.3804008254224429
2520 7.50947075003914 -0.9334401042794571 -0.411564945489684
2521 5.873913043478261 -1.199268992422915 -0.3679663525647395
2522 5.806674672070042 -1.132071580813837 -0.3656197672434969
2523 5.803251030253218 -1.042255674603389 -0.4245349450830851
2524 5.673274165089961 -0.9987523378182507 -0.360964156690034
2525 5.739974418580002 -1.065411959316044 -0.3632919619667654
2526 7.284312304802693 -0.9836267566098107 -0.437845053687728
2527 7.326712478344239 -0.83034316159688 -0.4153207692709193
2528 7.416892358664464 -0.6885163173747393 -0.3904284408467891
2529 7.297959740940879 -0.704774457765983 -0.4037298223746336
2530 7.516944258094497 -1.199268992422915 -0.4517150511317306
2531 7.612040891694647 -1.071773688150195 -0.4223262221727414
2532 7.418388863429374 -1.076850966912752 -0.4398600682311055
2533 7.175612275831073 -0.7210342049167842 -0.4165700764465006
2534 7.127480803379329 -1.057738881913085 -0.4588930301990544
2535 7.255221755729365 -1.199268992422915 -0.4702915567614868
2536 7.725200653469503 -0.7149371524321443 -0.3608386811074858
2537 7.753901420822168 -0.6409154058063266 -0.3484682156716112
2538 7.450403242725523 -1.047795944473683 -0.292444322609373
2539 7.294701416140283 -0.9845024156446576 -0.283812900221631
2540 7.241669686308338 -1.199268992422915 -0.264792218587623
2541 7.466676526544154 -0.8767086689938923 -0.3052802519464319
2542 6.0048347649094 -0.8985090633697811 -0.2452458738745199
2543 6.145460607195446 -0.9425933866591836 -0.2420106032700538
2544 6.065410327589573 -0.7822231525704098 -0.2339601276912568
2545 7.779948616767177 -1.199268992422915 -0.3064666186971066
2546 8.05485395619943 -1.199268992422915 -0.3330171903611964
2547 7.93055540963873 -1.059286041941945 -0.3373095254206557
2550 5.597436958310539 -0.8342438567879443 -0.292698891981349
2551 5.825228024303531 -0.7991526212702285 -0.2475824213098627
2552 5.705909640561597 -0.8134768547140475 -0.2639170048740894
2553 5.788619457695341 -0.9086254158864289 -0.2692958838448395
2554 7.438600207731429 -0.6780517176536213 -0.3124500017707306
2555 7.438378749307376 -0.7612383444077895 -0.3086902350198886
2556 7.546613327994569 -0.6663325871457316 -0.3241489783767191
2557 6.968709584481839 -0.9998800138545172 -0.2598251201481596
2558 6.990176407777319 -1.199268992422915 -0.2514670993286313
2559 7.126171826865473 -1.064546262143831 -0.2666820620019535
2560 6.524491027608227 -1.199268992422915 -0.2437197140224336
2561 6.409939676074985 -1.034890704707895 -0.2411923330213177
2562 6.338358038090462 -1.199268992422915 -0.250330720422437
2563 6.746580138222507 -1.199268992422915 -0.2440100730150547
2564 6.825509171728866 -1.070297551227977 -0.2499205952332046
2565 6.617126293218963 -1.028190207775712 -0.2435276241092431
2566 6.303083893178747 -0.7716072715783441 -0.2337414124228754
2567 6.282493128068632 -0.9069988979768622 -0.2375799831495938
2568 6.452356885059327 -0.8893075102877198 -0.2389829628859694
2569 6.611927657669587 -0.877089517370887 -0.2441874855172566
2570 6.785064779511517 -0.9065854440631484 -0.2520965757700881
2571 6.653292799996367 -0.7546826873846961 -0.2471505364891894
2572 7.50967295966016 -1.199268992422915 -0.2836503745285002
2573 7.121517700938429 -0.9021311872049865 -0.2744011746816476
2574 6.954055077205814 -0.858643918899703 -0.2638317829412015
2575 7.001769684661832 -0.7270105888263121 -0.2712899562166234
2576 6.885341553829244 -0.7379436674235565 -0.2622406169587367
2580 7.63287426484191 -1.086674061821084 -0.3052425057816164
2581 7.617620205447051 -0.9412896361690852 -0.3156430081629873
2582 7.781892976358338 -1.005591999532829 -0.3270066299684785
2584 5.777245185493789 -1.014237938001014 -0.2989153599714306
2586 5.884963338356217 -1.067188449151183 -0.2861548701456812
2587 5.891789832425342 -0.9703063973551944 -0.2651363805436819
2588 7.60798191449286 -0.7897923385264767 -0.3243477092706465
2590 5.684940520356159 -0.9164193084508198 -0.2939794288848542
2591 7.297362686057211 -0.829810988018708 -0.2922464558702899
2592 7.227863625218806 -0.7011148795524602 -0.291330973969285
2593 7.33161877118278 -0.6895786399950824 -0.3014492670473858
2594 6.010235596108946 -1.011152330973803 -0.2573025394672107
2595 5.986498557552015 -1.113499687755323 -0.2766113836495529
2596 6.113508162464029 -1.086647399999508 -0.2566376725701182
2597 6.051607130704909 -1.199268992422915 -0.2822821509749509
2598 6.185511247875885 -1.199268992422915 -0.2627624864914256
2599 6.253405539358972 -1.066368711855306 -0.2459548833534056
2600 6.420471652674419 -0.7665886628994764 -0.2367361181511593
2601 6.537187332593523 -0.7610633305638476 -0.2412875259973707
2602 7.758415444286944 -0.8592289554704265 -0.3359528730577279
2604 7.722457599436478 -0.7366235798640103 -0.3397428742996343
2605 5.888427569224747 -0.8751895360166917 -0.2515510868691354
2606 5.945211163159415 -0.7893611917987597 -0.238502537013361
2607 5.889215693986007 -1.14828914167234 -0.3105293555373271
2608 5.94764176159654 -1.199268992422916 -0.3091571000887121
2610 6.184689944384745 -0.7765949026812601 -0.2326430816542444
2611 7.650277859891018 -0.65439108294544 -0.3359792508674052
2612 7.159008943197195 -0.7909154193643122 -0.2819667458185537
2613 7.118997828158511 -0.7139124085588318 -0.2813057753972664
2614 6.769293233724656 -0.747066067094889 -0.2541706938197493
2618 5.949829192280131 -1.262970204882963 -0.3679663525647395
2620 8.838459759196112 -2.34336196038581 -0.3679663525647395
2621 8.942368073110158 -2.599268992422915 -0.3679663525647395
2622 8.713826630047464 -2.599268992422915 -0.3925534986198567
2623 7.75722471886783 -1.750589140532483 -0.4469686005197088
2624 7.870319394016832 -1.95133403744051 -0.4431599492652373
2625 7.686570849757707 -2.060826327253637 -0.4540747903059856
2626 7.529407353049967 -1.888916870688799 -0.4608611122659009
2627 8.699997781654808 -2.002355621356056 -0.3679663525647395
2628 8.376187461616679 -1.806146766728202 -0.3948034166949774
2629 8.526199584182734 -1.574322683344288 -0.3679663525647395
2630 8.074292375620541 -1.78893636133305 -0.422985404915544
2631 8.215937919818202 -1.488982145532348 -0.3982531103563919
2632 6.894070249127402 -1.373460922360131 -0.4853356238499992
2633 6.708667602782269 -1.435404066923206 -0.481947510173953
2635 6.573576199247209 -1.339851676804727 -0.4844426014564657
2637 6.853277045589186 -1.686865793053217 -0.4678578795226425
2638 7.038855104300418 -1.669209095347385 -0.4744293345764796
2639 6.946942634058759 -1.820686656405935 -0.4599599486896394
2640 8.552597880434217 -2.243789730561918 -0.3946000128748376
2641 7.706057065936096 -2.306595386992355 -0.4494222618035607
2642 7.536214089593456 -2.364495501840912 -0.4412391308052412
2643 7.528900284298206 -2.205355665944159 -0.4530933280008047
2644 6.553962396471634 -1.51130314438556 -0.4656521190219509
2645 6.427305197446819 -1.37141334059377 -0.4727182016571018
2646 8.312306604447414 -2.084612802870109 -0.4116630064538698
2647 7.926872429739289 -1.486048360166412 -0.4259995478203566
2648 7.342394518070172 -2.147430529809233 -0.4512333396893107
2649 7.412240576441827 -2.28428368534505 -0.4411743965981946
2651 7.138602019296899 -1.450762495908494 -0.4777582368763771
2653 7.396464715267575 -1.725064525205865 -0.4666795100675371
2654 7.224921985261134 -1.671981874863746 -0.4726072310881903
2655 7.422687189881523 -1.50489279967622 -0.4643526382239435
2656 7.439859351499008 -2.03385026692963 -0.4601706200696235
2657 7.301862207908739 -1.859475645139008 -0.46685110145315
2658 7.267168126692661 -2.245376180006654 -0.4302625664857294
2659 7.338483729153156 -2.344062520985239 -0.4200958127235224
2660 7.238958514504063 -2.344678143700882 -0.3679663525647395
2663 6.722828228421594 -1.733968442408174 -0.4496440624029338
2664 6.697107135282954 -1.604226036351825 -0.4662225653051817
2665 6.893943353008869 -1.542470356556908 -0.4792215058923712
2666 6.101491465482946 -1.390229962390954 -0.3679663525647395
2667 6.025660328881537 -1.326600083636958 -0.3679663525647395
2668 6.07203558606203 -1.285397099869808 -0.4329291395419637
2669 6.167938723056404 -1.317351570267253 -0.4469000413932049
2671 6.818252533516588 -1.796932484265781 -0.4509893703626681
2672 7.103581589221315 -1.858574017126726 -0.4646652795321601
2673 7.238144963881602 -1.995591799296491 -0.459251572142752
2674 7.089621063254842 -2.013828197146677 -0.4476248779638322
2675 7.721821755453798 -2.599268992422916 -0.4274137795556153
2676 7.839695821196274 -2.474333191916126 -0.4428946719241539
2677 7.837627054932595 -2.599268992422918 -0.4355768536800398
2678 7.914903110538984 -2.355317114119114 -0.4440051089624181
2679 7.194365702868437 -2.113544349095208 -0.4438803152499874
2681 6.289391967254029 -1.319292668226467 -0.4660268054851254
2682 7.07767141366409 -2.123190405889896 -0.4238942262413514
2683 7.087296241301248 -2.217418386192892 -0.3679663525647395
2684 7.011465104699839 -2.153788507438896 -0.3679663525647395
2685 7.542368073110155 -2.599268992422916 -0.3679663525647395
2686 7.609351857458281 -2.467420731663099 -0.4348041629128467
2687 7.623528762720929 -2.599268992422916 -0.4121328376757586
2688 6.859802831497024 -2.026528749930906 -0.3679663525647395
2689 6.963080015394422 -1.971958851368188 -0.4387135504191072
2690 6.935633968098431 -2.0901586286849 -0.3679663525647395
2691 7.314789651105471 -2.408308022454877 -0.3679663525647395
2692 7.431764571017404 -2.417480099029382 -0.4201409526713246
2693 7.390620787706879 -2.471937901208872 -0.3679663525647395
2694 6.328984875287169 -1.581119598652939 -0.3679663525647395
2695 6.253153738685761 -1.517489719898943 -0.3679663525647395
2696 6.321488658926816 -1.456474394818434 -0.4421899248406498
2697 7.708803068981253 -2.47907508917923 -0.4399027916033535
2698 8.047096360824126 -2.073130687681461 -0.4332785838219
2699 7.892790055546495 -2.194602545880017 -0.4449448178513272
2700 6.854634769245207 -1.910935190072319 -0.4334402834697825
2701 6.783971694895618 -1.962898871176911 -0.3679663525647395
2702 7.163127377902655 -2.281048264946887 -0.3679663525647395
2703 6.480647148489986 -1.70837935616093 -0.3679663525647395
2704 6.404816011888578 -1.644749477406935 -0.3679663525647395
2705 6.470999603307474 -1.6052044361862 -0.4336874530915485
2706 7.971943615715699 -2.599268992422916 -0.4379729873499689
2707 8.013328166204447 -2.471075659622931 -0.4397181374844635
2708 8.126626779119901 -2.599268992422913 -0.4348171192675431
2709 8.302221663158514 -2.599268992422914 -0.4261203981156435
2710 8.147791275454857 -2.334150152757463 -0.431674128473579
2711 8.378855687802861 -2.389138757643288 -0.4156997025559601
2712 8.499482145128505 -2.599268992422914 -0.4119087002519938
2713 8.614531944242431 -2.439546521481079 -0.396127649123643
2714 6.623420579567834 -1.73209977851336 -0.4322105708577109
2715 6.556478285091394 -1.772009234914926 -0.3679663525647395
2716 6.632309421692801 -1.83563911366892 -0.3679663525647395
2717 7.002893908365392 -2.070016096126558 -0.4219216303117758
2718 6.559207177260149 -1.647783658377209 -0.4412113044599318
2719 6.708140558294209 -1.899268992422916 -0.3679663525647395
2720 6.674520902113788 -1.816258359726727 -0.4174170800984371
2721 6.41612136683112 -1.510438907120458 -0.4473349684418955
2722 7.155510170751239 -2.196084594982352 -0.4207670962952092
2723 6.233141363310405 -1.394474328964701 -0.4398059639783359
2724 7.559708626757312 -1.680362788220346 -0.4584623793775755
2725 7.671419177435816 -1.450711405698864 -0.4462900565235775
2728 7.337903027207489 -1.347050559117399 -0.4673564831640249
2729 7.466451924308285 -2.535567779962867 -0.3679663525647395
2730 7.519071778033166 -2.489411206313605 -0.4192858179199623
2731 6.163309825985895 -1.394558320479613 -0.4183852062124406
2732 6.177322602084354 -1.453859841144949 -0.3679663525647395
2733 6.750594072426887 -1.843132216699829 -0.429435419457267
2734 6.770788090402601 -1.909966551711041 -0.4108851259859365
2735 6.396198559442849 -1.590209695210048 -0.4164485078764527
2736 6.24050495977265 -1.462413948732129 -0.4162584252116075
2737 6.546014550004571 -1.724414894762836 -0.4110888405530875
2743 8.713813758912353 -2.599268992422915 -0.3433779364322315
2746 6.636767117009494 -1.353716389632412 -0.2505664027170711
2749 7.433082892887852 -1.459180370293825 -0.2728106591890115
2750 7.150844966850512 -1.457411488646339 -0.2586626933773253
2751 7.119836893263868 -1.889937727344395 -0.2730385079845933
2752 7.104370607328143 -1.70908540352813 -0.2629690098483959
2753 6.979484591510627 -1.837728103162406 -0.2755822487139268
2754 6.575199112989203 -1.510435977195486 -0.2682021200914358
2755 6.456854013627405 -1.412839911689576 -0.2660106855783715
2757 8.499971868605293 -2.158825711521627 -0.3394347927588157
2758 8.008577397999895 -2.116868259818725 -0.2989721501706056
2759 8.238410952245827 -2.028059850365951 -0.3195476919590581
2760 8.056468923952838 -1.81042046989843 -0.3107125431122996
2761 7.815264265678441 -1.941711675980747 -0.2893631285151191
2762 7.245091628718248 -2.088795620004387 -0.2846738199313152
2763 7.325232417393062 -2.154648746902166 -0.2863846237643449
2764 7.389900127511934 -1.980356408796825 -0.2736636683867462
2765 7.303831445552027 -1.657992891281275 -0.2654583184950897
2767 6.067653889827166 -1.299719908507972 -0.3100824833648309
2769 6.161554333110108 -1.305678710037679 -0.2873012457660199
2772 6.905381409078766 -1.728775569877933 -0.26917340494676
2773 6.815432880491112 -1.608536134463979 -0.263002461489194
2774 6.763950979039092 -1.744537131694724 -0.2828469636160305
2775 6.65801920211001 -1.638109314093281 -0.2781081559172487
2777 6.310542288404402 -1.322322585040177 -0.2678992590768599
2778 6.460668808769031 -1.300788037169895 -0.2531931027211121
2781 6.751862247330179 -1.856762998327245 -0.3103896786742968
2783 7.454199611245269 -2.168971496717965 -0.2821401700867729
2784 7.345286661972929 -2.270615625198541 -0.2995574859414903
2785 7.461080574683787 -2.32496364616919 -0.2957466573453073
2788 6.667927403856069 -1.785207294446132 -0.3091072283404797
2790 7.448710126907541 -2.431967754901119 -0.3160856662581624
2792 7.574894672326503 -2.441177651709689 -0.3007589988947867
2793 7.589541390927743 -2.268132380431481 -0.2853095034908375
2794 7.252211063259152 -1.830461239538367 -0.2677945196537265
2795 7.428993458294302 -1.817291855792492 -0.2710123670663967
2796 7.188664650377972 -1.999197953842658 -0.2791491628872536
2797 7.805309501220548 -1.541327032060737 -0.2977993964243365
2798 7.601847122207488 -2.077109479054544 -0.2792620867607257
2799 7.622971120851962 -1.85742693485031 -0.2793011469950732
2802 7.357810694432451 -2.369669878015223 -0.3186906952308708
2803 7.837824130591538 -2.599268992422915 -0.300347659245202
2804 7.737080113819765 -2.479121132513144 -0.2949488492574325
2805 7.72189802626017 -2.599268992422915 -0.3085108694309495
2806 7.70575905192425 -2.354033111720351 -0.28836777047873
2807 7.889129934641359 -2.335623829367689 -0.2908810889380358
2809 6.330169326947646 -1.461636353785146 -0.2932784177905907
2811 7.533388734144898 -1.667295525395524 -0.2761035429564845
2812 7.777559456547847 -2.187681461130834 -0.2859096132972435
2814 6.894156261841021 -1.943842856978263 -0.3029568622334978
2816 7.191051220454051 -2.188021873491221 -0.3059400534173699
2819 6.508857450153913 -1.617321112923572 -0.2970900815007693
2823 7.623528816553607 -2.599268992422915 -0.3237998553007645
2824 7.547334077993845 -2.54602619422863 -0.3261605789279129
2826 8.394146193466046 -2.404160461053451 -0.3210569280256367
2827 8.607400777604576 -2.412367930867883 -0.3401539356390031
2828 8.499471974570305 -2.599268992422915 -0.324023175630217
2829 8.126632138954809 -2.599268992422915 -0.3011157785319326
2830 8.024309925913478 -2.466086368069873 -0.2965897779645441
2831 7.972165319244644 -2.599268992422915 -0.2979603121975253
2832 7.88416906614165 -2.488440926603893 -0.2936894994239785
2833 8.30210498383402 -2.599268992422915 -0.3098051366939521
2834 8.242125928663635 -2.245644211249964 -0.3132182386719535
2835 8.196791027329231 -2.441479978319482 -0.3056173293316568
2836 8.066324533324053 -2.317838412214775 -0.2993883090579356
2837 6.73869286846316 -1.48578675967813 -0.2565268338229821
2838 7.051510595522299 -2.018952518298351 -0.2935035746137185
2839 7.111606109691682 -2.115547224315822 -0.3034899148544238
2840 7.24338672886997 -2.257091868916181 -0.3127180749342699
2841 6.84481423523902 -1.855049369813908 -0.2918229722011597
2842 6.001387365154159 -1.255626624054542 -0.314792586702996
2845 7.018852777472778 -2.096266790944028 -0.3184318226274192
2846 6.825552363403787 -1.331894991783579 -0.248573855410023
2847 6.933061851539781 -1.449725521884074 -0.2531627426803187
2848 6.432596772534675 -1.525504955815996 -0.2891197648473406
2849 6.987204666799551 -1.598807284435769 -0.2586609853337645
2850 6.412475316548067 -1.599620077634162 -0.3176520720236792
2851 6.237075552813011 -1.392617380979042 -0.2946614728677345
2852 6.546029890119367 -1.694639429654027 -0.3119202818782105
2853 8.386268163260752 -1.825044744878103 -0.3413897935143532
2854 8.185707782556932 -1.507839026012162 -0.3338209788165302
2857 6.603815464151139 -1.727956511598665 -0.3072843832612732
2859 6.163383956317497 -1.39202074023413 -0.3162865762854948
2860 6.243052468486626 -1.46294488265224 -0.3188891486761725
2861 6.939400696259839 -2.016630876997592 -0.3132647969318748
2862 7.001705407048184 -1.94026827311664 -0.2866511670634609
2865 8.055546283782506 -2.727913075539593 -0.430631790486369
2866 8.462648082392763 -3.099268992422915 -0.3909412927893148
2867 8.455686353438775 -3.043300151965757 -0.4019007638399545
2868 8.544284643905081 -3.099268992422915 -0.3928811388297631
2869 7.620745715023172 -2.658026508897271 -0.3679663525647396
2873 8.625913319818599 -3.099268992422915 -0.3901054718650608
2874 8.521810728771353 -2.960905838108212 -0.4066151641713879
2875 8.645790125476795 -2.953085220307208 -0.3987962522290333
2876 7.69981433831461 -2.715430146961371 -0.3679663525647395
2877 8.407498499433174 -2.878058261740533 -0.4162160737967865
2878 8.566982569906033 -2.780859595311803 -0.408329283417321
2879 8.763039397452227 -2.981316691391452 -0.3877753324687148
2880 8.707412959502767 -3.099268992422915 -0.3846888861605129
2883 8.732084190434334 -2.852255683524764 -0.3939349399976609
2884 8.264270095317704 -2.837291751107277 -0.4227192212701175
2885 8.402157668424209 -2.733011155983708 -0.4200419014231291
2886 7.925728353054932 -2.707300266482851 -0.4282727988347924
2888 7.8609692098849 -2.825956082141241 -0.3679663525647394
2889 7.841415773970997 -2.720479425592639 -0.4184691947122562
2890 7.779837506198801 -2.771509413761512 -0.3679663525647395
2891 8.285121475048234 -2.954889606496968 -0.4118257664611734
2892 8.287318373548761 -3.063183108354163 -0.3679663525647394
2893 8.19859520906399 -3.022316567282487 -0.3679663525647393
2894 8.02704312140977 -2.928869418475019 -0.3679663525647395
2895 8.125616528079478 -2.854769553167652 -0.4196408138518072
2896 8.112067121951378 -2.977011112541709 -0.3679663525647396
2897 8.182173000081869 -2.723258987444978 -0.4299895977630075
2899 7.958521714249327 -2.796264570227046 -0.416700022922092
2900 7.943342770848234 -2.878475385439711 -0.3679663525647395
2901 8.283292482508807 -2.725214074502325 -0.4264440323732095
2902 8.981153946103646 -2.776699853060169 -0.3679663525647395
2903 8.863734288933264 -2.885351359421168 -0.3806663677834032
2904 8.839774373166502 -2.725719737225901 -0.3829039397909781
2906 7.77415763145275 -2.67947365034551 -0.4182350381440708
2907 8.38123992787607 -2.996477909911876 -0.4079072847650381
2908 8.378459027464201 -3.099268992422915 -0.3679663525647395
2909 8.936749649022222 -3.01721369295562 -0.3679663525647395
2910 8.974734871732643 -2.909562760151897 -0.3679663525647395
2911 8.849547320806977 -3.017571960040625 -0.377551761982465
2912 8.788779616286206 -3.099268992422915 -0.3775355982479506
2913 8.191948064236142 -2.931389791343865 -0.4112639943329167
2914 8.026828185301735 -2.841900697615394 -0.4146248907379697
2915 8.713154314826426 -2.738923564675129 -0.3956315560709871
2916 8.878459027464201 -3.099268992422915 -0.3679663525647395
2923 7.973989177164018 -2.752409115359395 -0.3106182914028488
2926 8.77777834583965 -2.986103093993048 -0.3497320931113991
2927 8.78877961628622 -3.099268992422915 -0.3583971068815297
2928 8.393358388451997 -3.015100168826056 -0.3303432097296766
2929 8.462648082392761 -3.099268992422915 -0.3449914123401642
2930 8.502384969671802 -2.986095568307306 -0.3299017274561584
2931 8.633543852164157 -2.984490752663393 -0.3376198712727939
2932 8.707412959502772 -3.099268992422915 -0.3512438189689666
2933 8.854464373905154 -2.875443357633045 -0.3541631327635344
2935 8.625913319818602 -3.099268992422915 -0.3458272332644186
2936 8.544284643905087 -3.099268992422915 -0.343051566299716
2939 8.420497573079093 -2.745812056222884 -0.3171266377351775
2940 8.400194379165933 -2.894479607301961 -0.3202084475715444
2941 8.261281573019767 -2.839066431271865 -0.3132744998561247
2942 8.230639233575694 -2.714926353889059 -0.3071437930921098
2944 8.298556916209687 -2.964354744590786 -0.3250579853384484
2946 8.200818374385475 -2.93644383100732 -0.3250057951717928
2947 8.113660193556649 -2.883264750576166 -0.3215067790442873
2949 8.116016901870168 -2.792144501568552 -0.3097009560917809
2951 8.543571778400581 -2.864739354719886 -0.3270053379681602
2952 8.701470203769571 -2.856400996869933 -0.3392999209744121
2953 8.619912582872736 -2.729637083070037 -0.3320441288820116
2956 8.020014136122093 -2.843258917833651 -0.3223440600253112
2958 7.863355819354315 -2.748812456635502 -0.3209110698286798
2961 8.814207379255382 -2.725745777136904 -0.3503801148760124
2963 7.791155849456261 -2.683087550563315 -0.3160957794245295
2964 7.897029027892108 -2.673939532095644 -0.3052739964349548
2967 8.081811663869443 -2.698637497450793 -0.3033308152217723
2969 8.548200233829236 -3.111154496195578 -0.3679663525647395
2970 8.467976691061011 -3.107725639804739 -0.3679663525647396
2976 8.628463436053059 -3.113500940814809 -0.3679663525647395
2979 8.788826891622868 -3.107696273973563 -0.3679663525647395
2980 8.708751018940506 -3.113442796914702 -0.3679663525647395
2993 5.01722775976519 0.0615758849646103 0.8651970273417777
2994 4.947768716785978 5.346231204377968e-17 0.8731058143621855
2995 5.025738409024228 5.721158543313667e-17 0.9343360954843405
2996 7.603482679104799 0.02870223698359597 1.41745964986116
2997 7.692221722775082 7.11441553416137e-17 1.161872229464806
2998 7.462842426328152 0.02625372259545028 1.172169324240822
2999 5.274085470790352 0.09543266954627148 0.945431390477024
3000 5.387395079773501 0.1062869528593115 0.9646752933020954
3001 5.319742450397287 0.1166550190689007 0.8407707596900931
3002 5.510236799977839 0.1186069358279475 0.9412510703721719
3003 5.650297761984477 0.1251544359221306 0.9190166914921756
3004 5.529010465321137 0.1273014747745343 0.8311359574922914
3005 5.795844809958499 0.1237768558971218 0.9927193579876485
3006 5.616121163267792 0.1162482345142104 1.030010436091554
3007 5.722135772318826 0.1121019585517466 1.137903776582045
3008 7.555823870837989 5.872741261928865e-17 0.9590914320794695
3009 5.947404308832368 0.1236898413649037 0.823775911705976
3010 5.919719937262481 0.1245387518912351 0.9064001041486967
3011 6.051524440992701 0.1195801967966064 0.8235394985804618
3012 5.842936098182313 0.1267432891168014 0.8245175895201799
3013 5.738700613796804 0.128535435366082 0.825890563635871
3014 7.063957446261633 0.08653996417738198 1.642594018027614
3015 7.102749174163942 0.09003448448107934 1.854291359649922
3016 7.353712893568412 0.07183810653037252 1.770553248589151
3017 8.255638277705396 0.03665939128478057 2.522588818301892
3018 8.148913120488267 0.03044880617497361 2.261997915017355
3019 8.078445776010538 0.05056635838550337 2.497648345485008
3020 8.057127903042389 0.06009446771179284 2.682655463093961
3021 7.920544160460628 0.06580635207124187 2.606816757271556
3022 7.99229483160924 0.06635139412453028 2.829365079444047
3023 5.56197488521495 0.09655479010209997 1.147582878522058
3024 6.337508473602877 0.1067199347551759 0.9078814544867047
3025 6.400331406604435 0.1058940521045482 1.001293029021451
3026 6.463744995548614 0.0952765904277868 0.8254673954463947
3027 5.986880273457514 0.1224685957872255 0.9946556605955346
3028 6.113726083754909 0.1188848481112315 1.117231431206244
3029 6.125266230860549 0.1181130863491877 0.9372917139746468
3030 6.666685663295734 0.0796726622589594 0.8271094946164819
3031 6.64533668359201 0.08643031571230227 0.9287330691631885
3032 6.761257595374152 0.07685424326056255 0.9223922721841998
3033 7.214017241397557 0.0698297939058127 1.502875611653524
3034 7.445659560701113 0.05357699126862606 1.566895063414319
3035 6.970490070961834 0.05849491418171156 0.9221085947348708
3036 7.098797939832828 0.04543134658610687 0.9087587359639682
3037 6.961144775209392 0.05070218949507443 0.7826303510079854
3038 8.450903290964938 1.402094207149142e-16 2.289793609268131
3039 8.284675782564618 1.250771867693839e-16 2.04266547475513
3040 7.119370074166987 0.0269373057139248 0.6689605028196425
3041 7.152223205584891 0.03136337388076025 0.7807070059908241
3042 7.204344494139701 0.01806335405812222 0.6733803473050155
3043 7.369038555395266 4.172373423855986e-17 0.6814002905590337
3044 7.273700327961415 0.01059918355543318 0.6768525365539249
3045 7.267505177865934 0.0244591314563991 0.8553698054408829
3046 6.155239340548666 0.1145716425475206 0.8236845985481061
3047 6.258449890749112 0.1087930719512288 0.8241135291842214
3048 7.45078978018644 4.916581570136125e-17 0.8029387042140215
3049 7.520378870162429 0.04378701648424906 2.829365079444047
3050 7.623063614529565 0.05920454164508283 2.829365079444047
3051 7.510874823990027 0.06014630626663868 2.74526471680293
3052 8.813838985308236 1.732486444080225e-16 2.829365079444047
3053 8.707329762216027 1.635527613577484e-16 2.671019292609431
3054 8.63389921560684 0.01967801198622208 2.829365079444047
3055 8.010808832894686 0.02517940599455012 1.976179368662266
3056 8.081831381054142 1.066115972424962e-16 1.741099512393669
3057 7.868122070593412 8.715693950653578e-17 1.423380840373205
3058 7.850950709438543 0.04915957072001102 2.114923269818677
3059 7.308069461139383 0.08249244632389777 1.978976570636474
3060 7.576153934798619 0.06674436556393402 2.023981211544057
3061 6.884761338604198 0.09744974894195715 1.750174990783598
3062 7.906109388271566 0.05845437720314255 2.383614932392067
3063 7.717605330190011 0.03980318148494633 1.755837344174544
3064 6.836920908058234 0.09701200709243843 1.567468272465921
3065 7.718378740784999 0.07388467363812715 2.538365209776656
3066 5.655640998366732 0.09000243732072484 1.250259117621305
3067 5.827472009976042 0.1042732393655669 1.277449139047474
3068 5.90887901918656 0.1189651571515917 1.135775682372552
3069 6.043207859360754 0.1145525579937222 1.272693773133369
3070 6.97168081239569 1.50784740087744e-16 2.4625016811823
3071 7.049518508530549 1.545276662739283e-16 2.523628304610218
3072 7.084376235666723 0.05822810537946182 2.447342886007656
3073 7.360398422863727 0.08367185753870313 2.163674826685895
3074 7.412896836473374 0.08226882976821211 2.359740661564822
3075 7.528353241821275 0.07758548044492321 2.249134258187865
3076 7.48785910873842 0.07791269186332438 2.521983866973907
3077 7.577203804245688 0.0779209843688661 2.410089328372264
3078 8.374648134128579 0.01893049508642099 2.430539515197204
3079 8.431964418377234 0.02543236286193588 2.611882568333661
3080 8.588414602068568 1.527275252681356e-16 2.494229770975116
3081 8.563085879278505 0.01680453995453055 2.681884464195227
3082 6.072220118156237 0.1038023066858526 1.436981255807459
3083 6.196772544268315 0.1113272492292464 1.392295291522681
3084 5.330116925908781 0.07533468737225599 1.067488043138193
3085 5.232102099409627 0.06425144206359137 1.024301162839928
3086 5.259251497428806 6.844036399168964e-17 1.117715965768097
3087 6.339766138846386 0.1007430239321339 1.628229061484102
3088 6.484088957105167 0.098351931199747 1.737826169891422
3089 6.504549378958031 0.1064410597752738 1.573504304008691
3090 6.496759743953834 0.1046479321022584 1.149360553840878
3091 6.535954086143533 0.09634898714512818 0.9736391035923408
3092 6.685728046239671 0.08960893251578608 1.065130798755517
3093 7.332632306033345 0.04932518377246805 1.323792002287892
3094 7.229621336304129 0.04359923338163283 1.077872565310486
3095 5.505976280945665 0.06614883830680451 1.229099058960204
3096 6.840509058219704 0.08033809676082383 1.11711235533113
3097 6.864775668261473 0.07159754486315338 0.9865870851122269
3098 8.184474304305093 0.05086620938786332 2.6743034583808
3099 6.205926295011873 0.0796307092702969 1.702472517637985
3100 6.328290371363847 0.08602638309062109 1.752445467866891
3101 6.615270411761832 0.09579773383354771 1.841661482205062
3102 6.49079543486929 0.08257621382915548 1.888178045399461
3103 6.581608815948838 0.07923184142088376 1.973201905714955
3104 5.181413801293948 6.469743780550536e-17 1.056589342340179
3105 5.154564325799332 0.07039197966729568 0.9487020452731998
3106 5.103576105159089 6.095451161932107e-17 0.9954627189122608
3107 6.115466154912248 1.096125520397168e-16 1.790108823475198
3108 6.08214065830316 0.06616573772051534 1.666886725950854
3109 6.037628458777389 1.058696258535325e-16 1.728982200047279
3110 6.196117175851496 0.09970065435172795 1.554607837370128
3111 6.193303851047106 1.133554782259011e-16 1.851235446903116
3112 6.240862356202792 0.05764723581719679 1.814324277376719
3113 7.38338388659297 0.0208301741078006 0.9778995818720188
3114 7.431720455194762 0.06530984434346587 2.654811011744413
3115 7.566981099971441 0.07361697523967393 2.640454183352207
3116 7.34644133537102 0.06786347430528411 2.577925100755589
3117 7.312292432330392 0.07702726202912505 2.464997786607357
3118 7.264244866391961 0.08411490766586788 2.316093073507681
3119 6.679891937551393 0.1023945030782507 1.697168761485242
3120 6.771070724207025 0.09700974312365804 1.882654742205773
3121 7.360869293069982 1.694993710186654e-16 2.768134798321891
3122 7.301188274020571 0.04780165261987675 2.650121251124375
3123 7.283031596935124 1.657564448324811e-16 2.707008174893972
3124 7.127356204665408 1.582705924601126e-16 2.584754928038136
3125 7.205193900800267 1.620135186462969e-16 2.645881551466055
3126 7.230940014635504 0.05581783318714636 2.5662089788014
3127 7.027043486374811 0.06319643381864615 1.088431282397856
3128 8.23814260137592 0.05368980100606177 2.829365079444048
3129 8.115139744359212 0.06110345591107425 2.829365079444047
3130 8.487276989335783 0.03381411961361721 2.829365079444047
3131 8.328726894635736 0.04076427388410195 2.706034192760715
3132 8.361346175905972 0.04457193672936218 2.829365079444047
3133 5.215816728169207 0.1057755572204137 0.8476022373018404
3134 5.113619583071566 0.08886349345700839 0.8558538817594004
3135 5.726277674237956 9.089792110879535e-17 1.484475706335607
3136 5.716819520052972 0.07322816371869942 1.366823666152289
3137 5.648439978103098 8.715499492261107e-17 1.423349082907688
3138 5.337089193563664 7.218329017787393e-17 1.178842589196015
3139 6.867207351062826 0.06181860469144604 0.8195799269738728
3140 7.043592463456388 0.03909379627326388 0.7303990100410638
3141 6.069892597215888 0.0875183854748119 1.561550881470239
3142 7.165512600662678 0.05883352983214268 2.504347545571723
3143 7.191988146902058 0.07548976438088119 2.411461635850273
3144 6.351106038065963 0.1098363934371959 1.462468937759573
3145 6.302093374720883 0.1138088026782938 1.267788072358071
3146 6.525039228366197 0.1072730147860456 1.362019628808377
3147 7.438838985308236 1.732486444080225e-16 2.829365079444047
3148 7.665321681927334 0.07147329264906349 2.719298663507809
3149 5.424195578373708 0.1234632843723823 0.8353334322972056
3150 7.013166334849322 0.07730953461445839 2.280642135192642
3151 7.156434698023975 0.08707179332635379 2.217718147446953
3152 6.989157660118574 0.08779904330935448 2.145323985557498
3153 6.999837500061602 0.09323772673934581 2.007774358323898
3154 6.862662185939119 0.09095703458819931 2.03586435391445
3155 5.929951170769376 0.09785719948049205 1.396234553818965
3156 6.767694835771042 0.0711832709005874 0.8280977962368234
3157 6.919081429625875 0.09600407297360422 1.902440197961575
3158 6.900391806492284 0.08213801029606019 1.252406083748121
3159 6.674522583245603 0.09671477383064322 1.229014691217506
3160 7.86951026711423 0.06872311875052962 2.829365079444047
3161 7.82130794603779 0.07111360753343042 2.714582475606094
3162 7.744388881317473 0.06700053476318349 2.829365079444047
3163 5.633833773809516 0.1288366028346241 0.8280449711881787
3164 5.468744679837938 0.1003165076280233 1.059353310053279
3165 7.152140778628752 0.08997694928322146 2.065644334888806
3166 6.565508912821583 0.08770694804504732 0.8262668046610612
3167 5.066814842284678 0.06001066149589384 0.9069044991961643
3168 7.704622890309047 0.06867785903073312 2.290555228411533
3169 5.42211913479758 0.07271463962970429 1.145649132796093
3170 6.361337591469239 0.1023330931086562 0.8247277058175865
3171 6.65277157576365 0.103928345257992 1.517721658962708
3172 6.23464391942467 0.1143098643997822 0.9956161187321544
3173 6.830555044480596 0.07593669875394898 2.168107658733789
3174 6.747657602095112 0.08347707564132908 2.054899472402381
3175 5.492764585833381 7.96691425502425e-17 1.301095836051852
3176 5.414926889698522 7.592621636405822e-17 1.239969212623934
3177 5.804115370372815 9.464084729497963e-17 1.545602329763525
3178 5.881953066507672 9.838377348116385e-17 1.606728953191442
3179 5.881171326786433 0.06629252908992572 1.514351969273056
3180 6.271141547181966 1.170984044120854e-16 1.912362070331035
3181 6.426816939451681 1.245842567844539e-16 2.034615317186871
3182 6.410033976013267 0.0562468884928322 1.947352551420636
3183 6.348979243316823 1.208413305982696e-16 1.973488693758952
3184 5.95979076264253 1.021266996673482e-16 1.667855576619361
3185 6.721733710900249 0.05892035118345723 2.174237055217076
3186 6.64755612101775 0.06631500669995258 2.08910768730749
3187 6.660330027856258 1.358130353430069e-16 2.217995187470628
3188 5.980589541288738 0.06606750082287263 1.590427736154562
3189 6.893843116260832 1.470418139015597e-16 2.401375057754381
3190 6.847967538878688 0.05262988392920355 2.291271869997462
3191 6.816005420125975 1.432988877153755e-16 2.340248434326464
3192 7.11199603911789 0.07760614603168654 2.340965710905956
3193 7.001865076783912 0.0555277410622529 2.396988243934607
3194 5.808910067671979 0.07813577419648687 1.41714823077726
3195 6.366577873577461 0.07361325283534723 1.84911178531876
3196 6.50465463558654 1.283271829706383e-16 2.09574194061479
3197 6.483868657662295 0.05530310848270305 2.006393596940155
3198 6.677653731668143 0.08874191703557137 1.961476085978839
3199 6.582492331721397 1.320701091568225e-16 2.156868564042707
3200 5.917389653861655 0.04254112738097536 1.599801863219495
3201 6.559678128783608 0.05419439684772673 2.06743413912915
3202 5.98383740498456 0.08756790404011963 1.499919867271216
3203 6.738167723991115 1.395559615291911e-16 2.279121810898545
3204 5.412841385932227 0.04346549825831025 1.206144072836288
3205 6.764771539376429 0.09633163198125003 1.387629071218796
3206 6.992555284790034 0.08312736050508479 1.427941432998806
3207 6.307849115807961 0.1130203761779702 1.118448943098661
3208 5.57060228196824 8.341206873642679e-17 1.36222245947977
3209 5.555070067018125 0.05337823357484484 1.298191519736982
3210 6.917268566004223 0.07469329383592632 2.236422827013114
3211 6.936348218400713 0.05782309468953509 2.339076290784933
3212 5.626416936032028 0.0565252979895398 1.346218925226204
3213 5.796865309996952 0.046874409956495 1.498382081963584
3214 7.121282480148452 0.06505330854826734 1.267111139033462
3215 6.339733543395994 0.04328675184435747 1.925701992630972
3216 7.428325121778109 0.04424155658784124 2.758233218773979
3217 6.779061702059693 0.05458820558032571 2.232660241077995
3218 7.469925023790031 -0.02780809183348784 1.204856729458028
3219 7.373027102967519 -0.05030381871840763 1.401161928443672
3220 7.21760857643325 -0.05475086384292676 1.237397323178148
3221 7.362508063367788 -0.02624870531749803 1.022248666197223
3223 5.017336781545685 -0.06161888981529862 0.8651853952709634
3226 7.147266713694272 -0.08448046473408971 1.734582588058479
3227 7.420770921596567 -0.07314448765130632 1.912738768897345
3228 7.185373445500249 -0.08830274586732617 1.971122379167056
3229 5.113875552180323 -0.08891706705698356 0.8558310642617437
3230 5.94823246780794 -0.1191320355312388 1.143421571100883
3231 5.798868641794956 -0.1234226094802403 1.002428523583468
3232 5.993530450157725 -0.122330636310659 0.9954002583980397
3233 5.216288431949582 -0.1058368014446179 0.847567998079756
3234 5.320304500104607 -0.1167013930688884 0.8407375314271981
3235 5.291757287662884 -0.09579185577734316 0.9565635327150768
3236 7.869062227691893 -0.06872531419375652 2.829365079444047
3237 7.744091391744739 -0.06699003625997807 2.829365079444047
3238 7.817038855897407 -0.07123961703710162 2.65199407684581
3239 6.133710465048695 -0.1177667450276597 0.9372023752453899
3240 6.127470347186264 -0.1187221495416746 1.100412228319697
3242 8.144394215616957 -0.03248101318558999 2.286552667446627
3244 8.103114759610435 -0.05016333487817292 2.528946771269909
3245 7.976586615910775 -0.06480753487824968 2.68450249272814
3246 7.933069308515398 -0.06046906361699938 2.475184555825099
3247 6.90549315106408 -0.09322649426466786 1.557675865646917
3248 6.64318645748586 -0.1042668352997328 1.522195234862534
3249 6.756253923584227 -0.09546361328574599 1.342844933530697
3250 5.425531197318258 -0.1235291622841746 0.8352729292518206
3251 5.530474048805912 -0.1273374361951654 0.8310853834784666
3252 5.497028240332046 -0.1146447197846667 0.9727359322889955
3253 5.922039007549369 -0.1244784833190651 0.9077702389721443
3254 6.054182958143411 -0.1194627187332936 0.8235385313626229
3255 6.405653149695262 -0.1057394413187046 1.006430061429779
3256 6.536175646409747 -0.09532231523150514 0.9486285394252554
3257 6.510242374242329 -0.1031799025358754 1.123571953456477
3258 6.344448823144621 -0.1063064484837849 0.9079401654873771
3259 6.466829074737495 -0.09505506589947663 0.825491094798964
3260 7.683999949216669 -0.07276681639339082 2.694594319111279
3261 7.622937870728087 -0.05919199968394191 2.829365079444047
3262 7.564942866876819 -0.07195228913934186 2.666907276654187
3263 6.12345021603879 -0.1160926212173917 1.25425092655703
3264 6.806870663861828 -0.05322934519379491 2.258186735225173
3265 6.742649045288063 -0.06587066048558715 2.161182024977327
3266 6.858733802449026 -0.07597135830652087 2.187292275597312
3267 5.631439169240792 -0.1120890183830831 1.081706134552373
3268 5.473698767472455 -0.09419192236473364 1.096860774109315
3269 7.303198217339929 -0.05379091391147084 2.628460715140749
3270 7.266958865522231 -0.07285904008073846 2.483595521580531
3271 7.407600287886724 -0.06949367452961228 2.604065720385633
3272 8.159804552176814 -0.05323377133860605 2.685858514114475
3273 8.114394942817485 -0.0611423753999898 2.829365079444048
3274 8.36030420810671 -0.04465518987929218 2.829365079444047
3275 8.488380399011824 -0.02311334152962356 2.661849395003568
3276 8.486795439862648 -0.0338577551211372 2.829365079444047
3278 7.268540987096793 -0.02423905564726173 0.8538493929469559
3279 6.669972223122331 -0.07940356828891837 0.827138143263677
3280 6.67394630299684 -0.08329657903688034 0.9100504110686025
3281 6.568838906499919 -0.08745037241283538 0.8262930141982394
3282 7.087019133054489 -0.04625993420105212 0.9037370961720783
3283 6.962043651534879 -0.05058484730482015 0.7821529436505716
3284 7.043643884791076 -0.03908601254680413 0.7303612072310581
3285 7.868767770220608 -0.05539971981408943 2.259543024072829
3286 7.983872664078244 -0.03032000782166844 2.011658564095255
3287 8.634004476829125 -0.0196672615618258 2.829365079444047
3291 8.317042385465555 -0.02934122370333448 2.498528588344611
3292 7.61329764566221 -0.02954349114314866 1.44434017823362
3293 7.151622047803327 -0.03142417535379828 0.7806783955861981
3294 7.273694989126412 -0.01059976616692479 0.6768522767149761
3295 6.252089840436525 -0.113689986654369 1.005361732133656
3296 6.261385121629361 -0.1086181413880525 0.8241290850867899
3298 7.204360052849176 -0.01806170253559747 0.6733811445213629
3300 7.710892011031199 -0.07361268586907881 2.490292481374422
3303 7.735871634048832 -0.03661712341067272 1.733948786057754
3304 7.159182746228872 -0.0733891673666361 1.487058673094476
3305 6.982112252829287 -0.07912077997269329 1.320707680463804
3306 7.412882867633763 -0.06041824078722349 1.636992377699094
3307 7.045717908293123 -0.06269928456889896 1.108584978133323
3308 6.863016478673551 -0.07976315717565011 1.141511952047731
3309 6.52289864835235 -0.1069626013609858 1.327175153200071
3310 6.676517152274972 -0.09423196871921372 1.16312852237756
3311 7.693933600187608 -0.05765011700894795 2.026164457308276
3312 7.530735330305545 -0.07934922975519693 2.389426937347578
3313 7.491863265067626 -0.07765957274234882 2.173922869904344
3314 7.666228727229116 -0.07081053978799651 2.282412447981966
3315 5.785783172725833 -0.1119746350667181 1.177632818208008
3316 7.292023350127167 -0.08602243568732861 2.148692461632542
3317 7.121981881428209 -0.0886456776442943 2.167719138456449
3318 5.725832861052604 -0.09354358222191292 1.281710565989104
3319 6.328569690313367 -0.1128727032221717 1.179804349483515
3320 6.630512692027979 -0.09668085187091892 1.83603930280914
3321 6.711550100051326 -0.1020858862150027 1.684980599281977
3322 6.871212089499487 -0.09786928251521457 1.798705126937734
3323 6.50520368340089 -0.1025699413900837 1.679023603745761
3324 6.300141581364457 -0.09986230875672676 1.615879358672487
3325 6.347037210176175 -0.08820638708553499 1.750263672619453
3326 6.207493178750273 -0.07914608867745535 1.70606217423399
3327 6.587971934947013 -0.07694298442473681 1.991660508587352
3328 6.471253213159364 -0.07343602089544905 1.926499771517967
3330 5.20396923838463 -0.07046717578297916 0.9862439024287332
3332 6.869333125777676 -0.06159210628323778 0.819044076819345
3333 6.793490381829775 -0.0774470354269898 0.9846153924024568
3334 6.770455528793769 -0.07094533349383592 0.8281330976109889
3335 5.612852200333411 -0.06766264813268344 1.306207075812484
3336 5.669581785016051 -0.06190331693755922 1.365885230010303
3338 6.304616429564064 -0.1127648410759109 1.352695133422324
3339 6.109127957858533 -0.1080650684054155 1.407786985071644
3340 6.265654551880043 -0.06113866461724572 1.822429136366759
3343 5.446419976227123 -0.05904376465896775 1.201729413267183
3346 7.002952210635074 -0.05172832594616134 2.411520756566619
3347 6.862568837705297 -0.09147425723980511 2.02730090251829
3348 7.014076864053573 -0.09390338731622261 1.909274669613111
3349 7.023075508787092 -0.09199941773745399 2.05503991263345
3351 6.62248078427913 -0.05476357143009036 2.113428267041922
3353 6.707557165780364 -0.07968328300285446 2.057519694932118
3355 7.453062732599754 -0.05522818891442065 2.731881866388286
3356 7.520356788514079 -0.04378211682805742 2.829365079444047
3359 6.918814647074976 -0.06147956715855392 2.310746930230306
3361 6.970612688072926 -0.08452931840031327 2.181415682618632
3364 7.16393976943135 -0.04952912385659887 2.540597633422672
3367 5.362354800131681 -0.06362989348322549 1.125868196249797
3369 7.397447098968462 -0.0792802085970632 2.466174809648077
3372 7.11851826301406 -0.06500565602910681 2.438509647011746
3373 6.946803035347751 -0.06271532449402052 0.9567145544785125
3374 6.637953054365264 -0.09109017150841958 1.019604531297609
3375 5.634448321382524 -0.123683926286679 0.9394160417989372
3376 5.131366407609207 -0.06976443771608071 0.9326867472873805
3377 5.740548600297696 -0.1285157954142774 0.8258606253531525
3378 5.63553740873807 -0.1288453757274188 0.8280030414123971
3379 8.237244817519693 -0.05375050552912088 2.829365079444047
3380 8.312361126793798 -0.04115701096864424 2.687677706617805
3383 6.039470156711126 -0.06277035749794212 1.645607302550065
3384 6.731700631780772 -0.09294221974847074 1.941885129130602
3385 7.521389679078201 -0.07753075573530263 2.53732133531055
3386 7.191545108690895 -0.08240712993213768 2.325951088260232
3387 7.355098517406793 -0.08354738035883594 2.327462371595462
3388 7.991705361468508 -0.06637034863922352 2.829365079444047
3389 6.15799046880695 -0.1144273312566883 0.8236922970982625
3390 7.193696907119322 -0.04383942993964615 1.02740215842634
3391 7.047310655972762 -0.07669046284316744 2.308178036688275
3392 6.364354912148787 -0.1021337575805119 0.8247468830433849
3393 5.949973813427049 -0.1236006041423164 0.8237648474769237
3394 5.845404355687393 -0.1266849072264431 0.8244927869232453
3395 7.119370068295002 -0.02693730632280259 0.6689605025883699
3396 5.381880220301318 -0.1107350855272639 0.9294944278100425
3397 5.381374954033974 -0.09376548493563938 1.031870651616639
3398 6.254918348590611 -0.1071270382890565 1.493778170388422
3399 6.107669495867604 -0.09188813668710372 1.560230502600791
3400 6.1045893019235 -0.06129202052920437 1.699659791722746
3401 5.279254874426912 -0.06500929901439317 1.058577410041582
3402 5.954768753055824 -0.08844462251243713 1.474192077319862
3405 5.740463534771599 -0.06315406864445472 1.416651457103831
3408 6.360619026920428 -0.06455270829609222 1.882338284928986
3411 5.538458953217973 -0.06100449397715459 1.267699707053515
3412 5.54643167434809 -0.08886374279487144 1.176111408576068
3413 5.849271255328625 -0.08760611467964807 1.402916741208594
3414 5.940013279306616 -0.1087366144605731 1.304683861010944
3415 6.46814575055083 -0.09037193749516698 1.813777656322766
3416 6.439144370415919 -0.1084769649359637 1.503848856648726
3417 5.862434007668659 -0.06157244674870685 1.51427465615975
3418 5.797300283305095 -0.05612720075738558 1.47865830831441
3419 5.969347416627536 -0.06387231649224819 1.588907430977543
3421 6.188218989139037 -0.04757676272718094 1.799567714888742
3422 6.491234513898418 -0.05360703710678608 2.017004816810489
3425 7.365443996847503 -0.04819754399448889 2.697077601670088
3426 7.23655564739675 -0.05236430537667893 2.584731998957431
3427 7.842560393304023 0.0415245652110168 2.929365079444048
3429 7.745276429242797 0.04037982501653248 2.929365079444048
3431 8.028128335276765 0.03401261337659058 2.929365079444048
3434 8.212905813107847 0.01945981031689605 2.929365079444048
3436 7.935583546318262 0.03894688686707733 2.929365079444048
3437 7.651403492119142 0.03278180108289314 2.929365079444048
3438 7.502508211391564 1.763102614058907e-16 2.879365079444045
3441 7.566177437474902 1.793718784037592e-16 2.929365079444048
3443 8.399510770808236 1.793718784037592e-16 2.929365079444048
3444 8.504372613094903 1.778221562871514e-16 2.904056196626783
3448 8.64539596620048 1.757380139099036e-16 2.870019568617812
3450 8.305140569092483 0.01041267401069035 2.929365079444048
3451 8.120568219794674 0.0273877307523035 2.929365079444048
3457 7.651406046843258 -0.03278215079864145 2.929365079444048
3459 7.745286217037751 -0.04038020957058816 2.929365079444048
3461 7.842526864357059 -0.04152494522928123 2.929365079444048
3462 7.935552934607252 -0.03894817479519154 2.929365079444048
3464 8.028104736630432 -0.03401410923938481 2.929365079444048
3466 8.120551618709445 -0.02738904609753551 2.929365079444048
3467 8.212896193582935 -0.01946069644064383 2.929365079444048
3469 8.305137915991335 -0.01041294994225365 2.929365079444048
3479 7.930064894382535 1.664151778251761e-16 2.966055798633897
3481 8.023246932663234 1.732331763614785e-16 2.954471920765217
3483 8.116752441079758 1.638033672010468e-16 2.946010340493306
3485 7.654295607501325 2.043632544756438e-16 2.965281904958747
3488 7.8376033283474 2.05494557126943e-16 2.982380112691487
3489 7.744744682345896 1.868514900333398e-16 2.990124376880521
3490 8.210412145788137 1.725433979277948e-16 2.939406138991835
3492 8.304145207220504 8.05250904580498e-17 2.934014169772341
3513 2.5 5.6 -0.4
3514 2.575665446115663 5.6 -0.337189905260184
3515 2.575665446115663 5.662810094739815 -0.4
3516 2.666724334839443 5.6 -0.2991140927051191
3517 3.650902500411443 5.766602966850799 -0.4
3518 3.551955661116865 5.76634287005604 -0.4
3519 3.617312939894722 5.716499108953156 -0.2810316573729404
3520 2.666724334839443 5.700885907294881 -0.4
3521 3.474437213996646 5.705967441237167 -0.2723622297157873
3522 3.551955661116865 5.6 -0.2336571299439601
3523 3.650902500411443 5.6 -0.2333970331492012
3524 3.75 5.684133628894353 -0.256126041767072
3525 3.75 5.743873958232928 -0.3158663711056463
3526 3.75 5.766666666666667 -0.4
3527 3.75 5.6 -0.2333333333333334
3528 3.3541735611042 5.6 -0.2353192214958754
3529 3.330066206238675 5.715374074166591 -0.283043507661381
3530 3.255385980669858 5.6 -0.2371201949470358
3531 3.255385980669857 5.762879805052965 -0.4
3532 3.354173561104199 5.764680778504125 -0.4
3533 3.156371598584531 5.760025416616837 -0.4
3534 3.223819712387228 5.71444293145878 -0.2852403447994862
3535 3.156371598584531 5.6 -0.2399745833831628
3536 3.057706716740493 5.755672015423662 -0.4
3537 3.099469789884172 5.711280985338326 -0.2882520560557157
3538 3.057706716740493 5.6 -0.2443279845763382
3539 2.95894271630433 5.749105506673388 -0.4
3540 3.021629438448818 5.708356275964215 -0.2912088227869312
3541 2.958942716304331 5.6 -0.2508944933266126
3542 3.453045463259937 5.6 -0.2342412973469573
3543 2.906688927407586 5.701576717419592 -0.2974336451009928
3544 2.860602664800167 5.6 -0.2607404023388771
3545 2.860602664800167 5.739259597661122 -0.4
3546 3.158226551124362 5.71305240543006 -0.2866939446335093
3547 2.96046390393834 5.705239725656246 -0.2942410996312669
3548 2.806628640143082 5.692438911967866 -0.3060735434437177
3549 2.762731619922664 5.6 -0.2757314520384199
3550 2.762731619922664 5.72426854796158 -0.4
3551 3.453045463259937 5.765758702653042 -0.4
3552 3.52532277486919 5.750441110703356 -0.3292610038709127
3553 2.855954179103838 5.697686537480131 -0.3015963003132478
3554 2.707985026560178 5.681126050042417 -0.3222956463492778
3555 2.756408754421718 5.68725548130697 -0.3132719953846116
3556 3.402547318642016 5.750325061563778 -0.3312432748116541
3557 3.404372495720693 5.660715193810081 -0.2462218350331121
3560 2.575665446115663 5.6 -0.462810094739816
3562 2.666724334839443 5.6 -0.500885907294881
3563 3.617312939894724 5.718968342627059 -0.5164991089531561
3564 3.474437213996647 5.727637770284213 -0.505967441237168
3567 3.650902500411443 5.6 -0.5666029668507988
3568 3.551955661116865 5.6 -0.5663428700560399
3569 3.75 5.743873958232927 -0.4841336288943543
3570 3.75 5.684133628894354 -0.5438739582329275
3571 3.75 5.6 -0.5666666666666667
3574 3.330066206238679 5.716956492338619 -0.5153740741665928
3576 3.255385980669857 5.6 -0.5628798050529642
3577 3.3541735611042 5.6 -0.5646807785041246
3578 3.156371598584531 5.6 -0.5600254166168371
3579 3.223819712387285 5.714759655200515 -0.5144429314587819
3581 3.057706716740494 5.6 -0.5556720154236618
3582 3.099469789900867 5.711747943944806 -0.5112809853388727
3584 2.958942716304331 5.6 -0.5491055066733874
3585 3.021629438728462 5.708791177225998 -0.5083562759760005
3588 2.906688953233722 5.702566362921492 -0.5015767130123752
3590 2.860602664800167 5.6 -0.539259597661123
3591 3.158226551125801 5.713306055366523 -0.5130524054300967
3592 2.960463907312313 5.705758900906953 -0.5052397255001108
3593 2.806629620991115 5.693937660063842 -0.4924277451161505
3595 2.762731619922665 5.6 -0.5242685479615802
3596 3.453045463259937 5.6 -0.5657587026530427
3597 3.525322774869192 5.670738996129089 -0.550441110703356
3598 2.855954407810577 5.698404866267436 -0.4976854029194435
3599 2.707984140358386 5.681132260424898 -0.4776975528647266
3600 2.756409691958154 5.687694770964235 -0.4862840923606422
3601 3.402547318642017 5.668756725188347 -0.5503250615637794
3602 3.404372495720694 5.753778164966889 -0.4607151938100816
3605 2.563529737533411 5.544393153728134 -0.4
3607 2.728626184186708 5.485552716142575 -0.4254875330259851
3610 2.819897533547759 5.470386010725036 -0.4333441015226179
3614 3.004837136856761 5.452357199400431 -0.438257241742669
3616 3.654434830516296 5.434256774227372 -0.4170626896026698
3617 3.561642989305916 5.435072462205398 -0.422063027319347
3618 3.631818889597535 5.489442247946151 -0.5245509076058221
3621 3.75 5.518569512412389 -0.5454254143684973
3623 3.75 5.460540403250707 -0.4912456828099324
3625 3.522634870934116 5.504639843486714 -0.5361148870487851
3627 3.376012392246881 5.437856316971398 -0.4305498616471171
3628 3.407919498549395 5.494288575803039 -0.527096281667367
3629 3.468837705404866 5.436243525912706 -0.4265891953549923
3631 3.283326949478829 5.440035175377345 -0.433846066309924
3632 3.341104490455979 5.483695075576341 -0.5162733636572571
3633 3.286851588722606 5.511890301973454 -0.537778125712038
3634 3.463233208713071 5.494434706684013 -0.5278647970383679
3635 3.190461741277854 5.442974409477427 -0.4363616828667609
3636 3.224137571930412 5.499719186070461 -0.5273425470999562
3639 3.097617306207085 5.446944710631612 -0.4379151216634794
3640 3.12208314191396 5.502097918299398 -0.5248907137156024
3641 3.1727872666966 5.500096247141066 -0.5256993362108848
3642 3.06553799435076 5.488825550979664 -0.5095163765896931
3643 3.546662211055665 5.45636159071729 -0.4838521176689289
3650 2.720554861730661 5.493073854910087 -0.3565842567965207
3652 2.812373641684434 5.480305650989873 -0.3426967187121303
3653 2.904252109041296 5.471799136794022 -0.3341036019212651
3658 3.684288622979105 5.514702230208201 -0.2568450029214283
3660 3.75 5.512187557497232 -0.2583476882212082
3663 3.610097024674338 5.514354864501821 -0.2571873189944042
3664 3.560227924392281 5.452927369714589 -0.3221951518142516
3665 3.654044885885325 5.451829034660871 -0.3237932379877304
3667 3.508192523697179 5.515264745106829 -0.2571007281215042
3668 3.466404322252266 5.454084805409392 -0.3211222137261657
3669 3.372588539950318 5.455392587685785 -0.3206755648762546
3670 3.411066591309791 5.516165215423057 -0.2574509694862983
3672 3.31507259184455 5.51712331670978 -0.2583992941099568
3673 3.278905801600946 5.456985276403725 -0.320975207477015
3675 3.218525812882101 5.51823723095957 -0.2601907928670247
3676 3.185079980933446 5.459062411759493 -0.3221876088792886
3678 3.091299582981464 5.461911382370511 -0.3245283027763369
3679 3.121909574567558 5.519599692650173 -0.2631662305971575
3681 3.557321260620708 5.514328763096382 -0.2573921418875459
3682 3.459718472778243 5.515231834932353 -0.257494934407576
3683 3.02529297249041 5.521512027266375 -0.2677301388932104
3685 3.847403218765031 5.6 -0.2369536689845995
3687 3.86797020449534 5.713937274512734 -0.2852787707843769
3688 3.944165112076298 5.6 -0.2441469711250489
3690 3.847403218765031 5.763046331015401 -0.4
3692 3.944165112076298 5.755853028874951 -0.4
3693 4.330291562269794 5.713966811387276 -0.4
3694 4.330291562269792 5.6 -0.286033188612724
3695 4.426558245300809 5.6 -0.2985419634661272
3696 4.522768563903568 5.6 -0.3117789233162836
3697 4.522768563903568 5.688221076683716 -0.4
3698 4.618784701897965 5.674209892082148 -0.4
3699 4.618784701897965 5.6 -0.3257901079178511
3700 4.714753267974357 5.6 -0.3407531008026493
3701 4.810490161419139 5.6 -0.356978425476173
3702 4.810490161419139 5.643021574523827 -0.4
3703 4.905897768095119 5.6 -0.3753141192258396
3704 4.905897768095119 5.62468588077416 -0.4
3705 4.426558245300809 5.701458036533873 -0.4
3706 4.714753267974357 5.659246899197351 -0.4
3707 5 5.6 -0.4
3708 4.13746131496244 5.6 -0.2632226637183004
3709 4.091412934685541 5.700594393072636 -0.3002013395373028
3710 4.040896300809019 5.6 -0.2531041749272984
3711 4.040896300809019 5.746895825072702 -0.4
3712 4.13746131496244 5.736777336281699 -0.4
3713 4.233915193615592 5.6 -0.2742409848284834
3714 4.190452331295229 5.693044581150282 -0.3080676679815445
3715 4.233915193615592 5.725759015171517 -0.4
3716 3.974499626492602 5.688802723786702 -0.2751859149090373
3717 3.95761562355306 5.738629049503088 -0.3313222513959351
3718 4.037278743308574 5.699759953826703 -0.2917246151274229
3719 4.285289114629044 5.685132249196812 -0.3160781207669717
3720 4.141461243644289 5.696754611271976 -0.3039837565960961
3724 3.867970204495341 5.71472122921563 -0.5139372745127266
3727 3.847403218765031 5.6 -0.5630463310154005
3729 3.944165112076299 5.6 -0.555853028874951
3730 4.330291562269794 5.6 -0.5139668113872758
3734 4.426558245300809 5.6 -0.5014580365338728
3736 4.714753267974357 5.6 -0.4592468991973507
3739 4.522768563903568 5.6 -0.4882210766837164
3740 4.810490161419139 5.6 -0.443021574523827
3742 4.618784701897965 5.6 -0.4742098920821488
3743 4.905897768095119 5.6 -0.4246858807741607
3746 4.091412934685541 5.699798660462698 -0.5005943930726358
3748 4.04089630080902 5.6 -0.5468958250727015
3749 4.137461314962441 5.6 -0.5367773362816994
3751 4.19045233129523 5.691932332018455 -0.4930445811502814
3752 4.233915193615593 5.6 -0.5257590151715166
3753 3.974499626492603 5.724814085090967 -0.4888027237866956
3754 3.95761562355306 5.668677748604075 -0.5386290495030824
3755 4.037278743308574 5.708275384872579 -0.4997599538267008
3756 4.285289114629045 5.683921879233028 -0.4851322491968121
3757 4.14146124364429 5.696016243403903 -0.4967546112719754
3761 3.867353004222637 5.487255371150251 -0.5159518741061169
3762 3.846878673624142 5.43702091422271 -0.4057397725306702
3768 4.42644478205512 5.4985267936566 -0.4
3771 4.522690002134461 5.511767800954662 -0.4
3773 4.618733441869854 5.525782391597945 -0.4
3774 4.7147388689814 5.540750770328142 -0.4
3778 4.810511382318861 5.556982211933626 -0.4
3780 4.905955750282299 5.575326328891225 -0.4
3781 4.33012500110701 5.486012172032769 -0.4
3784 4.091187773294551 5.500175414588387 -0.5006020057107213
3785 4.137221933910271 5.46319637836815 -0.4
3786 4.040623329265044 5.453077067028165 -0.4
3787 3.973315688708571 5.475795841214963 -0.4898335766767425
3788 3.956529366942521 5.532429972040305 -0.5392792358059855
3789 4.23371478065416 5.474217249609527 -0.4
3790 4.190341297388191 5.508047992141886 -0.4930430389969329
3792 4.036694000953133 5.491845335922264 -0.4999758589511152
3793 4.28519857649446 5.516061060014726 -0.4851310161238022
3794 4.141322315985816 5.503963909849547 -0.4967564785460628
3797 4.040238366582473 5.45315470347705 -0.3941167878245015
3799 4.137407977652387 5.463733569930744 -0.388039191341143
3801 4.234418567015805 5.47561067994301 -0.3818026579643877
3803 4.231316870729188 5.486684003953362 -0.3447248863670999
3804 4.327155103246259 5.497330670487023 -0.3495996218801615
3805 4.135047361583776 5.476698802972043 -0.3401576604811588
3808 3.846885340373699 5.453312571296848 -0.3287083399714469
3812 4.486439728002625 5.54729663845276 -0.3230099665089632
3813 4.565640797807615 5.552906508333503 -0.3327946408901221
3817 4.531556144809672 5.53243395860868 -0.3452562275909837
3819 3.943125353820979 5.459593395173111 -0.3321134311774744
3822 4.559915438660326 5.522628031708684 -0.3701904323714586
3823 4.42291034475927 5.508610549442803 -0.3548037520796734
3829 4.331235762267415 5.488820198410467 -0.3754075004076341
3830 4.427840726354757 5.503584306799294 -0.3689039806202945
3837 4.519027701819365 5.520580040699534 -0.3603713873401211
3841 3.896816983758835 5.515507549767126 -0.2645409849257039
3842 2.5 -5.6 -0.4
3843 2.575665446115663 -5.662810094739815 -0.4
3844 2.575665446115663 -5.6 -0.337189905260184
3845 2.666724334839443 -5.6 -0.2991140927051191
3846 3.650902500411443 -5.766602966850799 -0.4
3847 3.617312939894722 -5.716499108953156 -0.2810316573729406
3848 3.551955661116865 -5.76634287005604 -0.4
3849 2.666724334839443 -5.700885907294881 -0.4
3850 3.453045463259937 -5.6 -0.2342412973469573
3851 3.474437213996645 -5.705967441237167 -0.2723622297157868
3852 3.551955661116865 -5.6 -0.2336571299439601
3853 3.650902500411443 -5.6 -0.2333970331492012
3854 3.75 -5.684133628894353 -0.256126041767072
3855 3.75 -5.743873958232928 -0.3158663711056463
3856 3.75 -5.766666666666667 -0.4
3857 3.75 -5.6 -0.2333333333333334
3858 3.3541735611042 -5.6 -0.2353192214958754
3859 3.255385980669858 -5.6 -0.2371201949470358
3860 3.330066206238675 -5.715374074166593 -0.2830435076613816
3861 3.255385980669857 -5.762879805052965 -0.4
3862 3.354173561104199 -5.764680778504125 -0.4
3863 3.156371598584531 -5.760025416616837 -0.4
3864 3.223819712387228 -5.71444293145878 -0.2852403447994858
3865 3.156371598584531 -5.6 -0.2399745833831628
3866 3.057706716740493 -5.755672015423662 -0.4
3867 3.099469789884172 -5.711280985338326 -0.2882520560557154
3868 3.057706716740493 -5.6 -0.2443279845763382
3869 2.95894271630433 -5.749105506673388 -0.4
3870 3.021629438448818 -5.708356275964217 -0.2912088227869311
3871 2.958942716304331 -5.6 -0.2508944933266126
3872 2.860602664800167 -5.6 -0.2607404023388771
3873 2.906688927407586 -5.701576717419593 -0.2974336451009926
3874 2.860602664800167 -5.739259597661122 -0.4
3875 3.158226551124362 -5.71305240543006 -0.2866939446335089
3876 2.960463903938339 -5.705239725656247 -0.2942410996312668
3877 2.762731619922664 -5.6 -0.2757314520384199
3878 2.806628640143082 -5.692438911967868 -0.3060735434437181
3879 2.762731619922664 -5.72426854796158 -0.4
3880 3.52532277486919 -5.750441110703356 -0.3292610038709124
3881 3.453045463259937 -5.765758702653042 -0.4
3882 2.855954179103837 -5.697686537480131 -0.3015963003132477
3883 2.707985026560178 -5.681126050042415 -0.322295646349278
3884 2.756408754421718 -5.687255481306972 -0.313271995384612
3885 3.402547318642017 -5.750325061563778 -0.3312432748116541
3886 3.404372495720693 -5.660715193810082 -0.2462218350331126
3888 2.575665446115663 -5.6 -0.462810094739816
3890 2.666724334839443 -5.6 -0.500885907294881
3893 3.474437213996647 -5.727637770284212 -0.5059674412371682
3895 3.617312939894724 -5.718968342627059 -0.5164991089531557
3897 3.650902500411443 -5.6 -0.5666029668507988
3898 3.551955661116865 -5.6 -0.5663428700560399
3899 3.75 -5.743873958232927 -0.4841336288943543
3900 3.75 -5.684133628894354 -0.5438739582329275
3901 3.75 -5.6 -0.5666666666666667
3905 3.330066206238678 -5.716956492338619 -0.5153740741665926
3906 3.255385980669857 -5.6 -0.5628798050529642
3907 3.3541735611042 -5.6 -0.5646807785041246
3908 3.156371598584531 -5.6 -0.5600254166168371
3909 3.223819712387284 -5.714759655200515 -0.5144429314587817
3911 3.057706716740494 -5.6 -0.5556720154236618
3912 3.099469789900867 -5.711747943944806 -0.511280985338873
3914 2.958942716304331 -5.6 -0.5491055066733874
3915 3.021629438728463 -5.708791177225999 -0.5083562759760003
3918 2.906688953233723 -5.702566362921491 -0.5015767130123754
3919 2.860602664800167 -5.6 -0.539259597661123
3920 3.158226551125801 -5.713306055366525 -0.5130524054300962
3921 2.960463907312313 -5.705758900906953 -0.5052397255001106
3923 2.806629620991114 -5.693937660063841 -0.4924277451161507
3924 2.762731619922665 -5.6 -0.5242685479615802
3925 3.525322774869192 -5.670738996129089 -0.550441110703356
3926 3.453045463259937 -5.6 -0.5657587026530427
3927 2.855954407810577 -5.698404866267436 -0.4976854029194436
3928 2.707984140358386 -5.681132260424898 -0.4776975528647265
3929 2.756409691958154 -5.687694770964235 -0.4862840923606421
3930 3.402547318642017 -5.668756725188347 -0.5503250615637795
3931 3.404372495720694 -5.753778164966887 -0.4607151938100817
3933 2.563529737533411 -5.544393153728134 -0.4
3936 2.728626176064696 -5.485552717918957 -0.4254875326306554
3938 2.819897522939908 -5.470386012228236 -0.4333441011386908
3943 3.004837118145643 -5.452357200653383 -0.4382572415804494
3945 3.654434823744089 -5.434256774276948 -0.417062689996907
3946 3.631818877369948 -5.489442245823602 -0.5245509056898281
3947 3.561642963801869 -5.435072462478988 -0.4220630286612055
3950 3.75 -5.518569512412389 -0.5454254143684973
3952 3.75 -5.460540403250707 -0.4912456828099324
3955 3.522634842916206 -5.504639840909759 -0.5361148850663627
3956 3.376012338069759 -5.437856318010427 -0.4305498634903477
3957 3.468837613722314 -5.436243527257613 -0.4265891994816343
3958 3.407919461731415 -5.494288581808777 -0.5270962861640787
3960 3.283326865307233 -5.440035177661832 -0.4338460689555078
3961 3.341104450033083 -5.483695074551052 -0.5162733617686391
3963 3.286851559925028 -5.511890304658213 -0.5377781267584938
3964 3.463233169512465 -5.494434708801393 -0.5278647984036919
3965 3.190461712748589 -5.442974410523616 -0.4363616835096094
3966 3.22413754535762 -5.499719194966424 -0.5273425532242983
3968 3.097617279858236 -5.446944711811722 -0.4379151214292272
3969 3.122083128233391 -5.502097919312214 -0.5248907137953778
3970 3.172787249730441 -5.500096249156802 -0.5256993370976175
3971 3.065537980469003 -5.488825552317465 -0.5095163769166955
3972 3.546662168810437 -5.456361588818521 -0.4838521140747003
3979 2.720561765670308 -5.493072681152523 -0.3565828679202231
3981 2.812376402546118 -5.480305342053628 -0.3426963975043745
3982 2.904252756631243 -5.47179908808266 -0.3341035527018257
3986 3.75 -5.512187557497232 -0.2583476882212082
3987 3.684288629189528 -5.51470223132055 -0.256845002250616
3989 3.65404489403078 -5.451829034558386 -0.3237932381617617
3992 3.610097042899411 -5.514354869677195 -0.257187315831841
3994 3.560227980456951 -5.452927369037795 -0.3221951526406212
3995 3.508192563948628 -5.515264749759805 -0.2571007250920406
3997 3.466404420658396 -5.454084804127341 -0.3211222145580468
3998 3.372588682822847 -5.455392585482695 -0.3206755650840048
3999 3.411066652250572 -5.516165219896446 -0.2574509661149912
4001 3.278911337178958 -5.456985172067664 -0.3209751616952924
4002 3.315074088933001 -5.517123950946166 -0.2583988919719078
4004 3.185089107356386 -5.4590621792296 -0.3221874375129911
4005 3.218529495606156 -5.518237583102709 -0.2601904707923098
4007 3.121912858810205 -5.519599017769451 -0.263166471325949
4009 3.091303817281586 -5.461911229278229 -0.3245281695574351
4010 3.557321290437789 -5.514328763941668 -0.2573921412443703
4011 3.459718524037771 -5.515231835370792 -0.2574949336837592
4012 3.025294992931038 -5.521511906821982 -0.2677300658110254
4015 3.847403218765031 -5.6 -0.2369536689845995
4016 3.867970204495341 -5.713937274512734 -0.2852787707843767
4017 3.944165112076298 -5.6 -0.2441469711250489
4020 3.847403218765031 -5.763046331015401 -0.4
4021 3.944165112076298 -5.755853028874951 -0.4
4022 4.330291562269794 -5.713966811387276 -0.4
4023 4.426558245300809 -5.6 -0.2985419634661272
4024 4.330291562269792 -5.6 -0.286033188612724
4025 4.426558245300809 -5.701458036533873 -0.4
4026 4.522768563903568 -5.688221076683716 -0.4
4027 4.618784701897965 -5.674209892082148 -0.4
4028 4.714753267974357 -5.6 -0.3407531008026493
4029 4.618784701897965 -5.6 -0.3257901079178511
4030 4.714753267974357 -5.659246899197351 -0.4
4031 4.810490161419139 -5.643021574523827 -0.4
4032 4.522768563903568 -5.6 -0.3117789233162836
4033 4.905897768095119 -5.62468588077416 -0.4
4034 4.810490161419139 -5.6 -0.356978425476173
4035 4.905897768095119 -5.6 -0.3753141192258396
4036 5 -5.6 -0.4
4037 4.13746131496244 -5.6 -0.2632226637183004
4038 4.040896300809019 -5.6 -0.2531041749272984
4039 4.091412934685541 -5.700594393072636 -0.3002013395373026
4040 4.040896300809019 -5.746895825072702 -0.4
4041 4.13746131496244 -5.736777336281699 -0.4
4042 4.233915193615592 -5.6 -0.2742409848284834
4043 4.190452331295229 -5.693044581150282 -0.3080676679815445
4044 4.233915193615592 -5.725759015171517 -0.4
4045 3.974499626492602 -5.688802723786702 -0.2751859149090373
4046 3.95761562355306 -5.738629049503087 -0.3313222513959351
4047 4.037278743308573 -5.699759953826702 -0.2917246151274229
4048 4.285289114629044 -5.685132249196812 -0.3160781207669716
4049 4.141461243644289 -5.696754611271976 -0.3039837565960961
4053 3.867970204495341 -5.714721229215629 -0.5139372745127265
4057 3.847403218765031 -5.6 -0.5630463310154005
4058 3.944165112076299 -5.6 -0.555853028874951
4059 4.330291562269794 -5.6 -0.5139668113872758
4063 4.426558245300809 -5.6 -0.5014580365338728
4064 4.618784701897965 -5.6 -0.4742098920821488
4065 4.714753267974357 -5.6 -0.4592468991973507
4069 4.522768563903568 -5.6 -0.4882210766837164
4070 4.810490161419139 -5.6 -0.443021574523827
4072 4.905897768095119 -5.6 -0.4246858807741607
4076 4.091412934685542 -5.699798660462697 -0.5005943930726358
4077 4.04089630080902 -5.6 -0.5468958250727015
4078 4.137461314962441 -5.6 -0.5367773362816994
4080 4.19045233129523 -5.691932332018455 -0.4930445811502814
4081 4.233915193615593 -5.6 -0.5257590151715166
4082 3.974499626492602 -5.724814085090968 -0.4888027237866958
4083 3.95761562355306 -5.668677748604074 -0.5386290495030827
4084 4.037278743308574 -5.708275384872579 -0.4997599538267007
4085 4.285289114629045 -5.683921879233027 -0.4851322491968119
4086 4.14146124364429 -5.696016243403903 -0.4967546112719756
4090 3.867353004222637 -5.487255371150251 -0.5159518741061165
4092 3.846878673624142 -5.43702091422271 -0.4057397725306702
4098 4.42644478205512 -5.4985267936566 -0.4
4100 4.522690002134461 -5.511767800954662 -0.4
4102 4.618733441869854 -5.525782391597945 -0.4
4103 4.7147388689814 -5.540750770328142 -0.4
4106 4.810511382318861 -5.556982211933626 -0.4
4108 4.905955750282299 -5.575326328891225 -0.4
4110 4.33012500110701 -5.486012172032769 -0.4
4112 4.091187773294551 -5.500175414588387 -0.5006020057107213
4114 4.137221933910271 -5.46319637836815 -0.4
4115 4.040623329265044 -5.453077067028165 -0.4
4116 3.973315688708571 -5.475795841214964 -0.4898335766767425
4117 3.95652936694252 -5.532429972040305 -0.5392792358059856
4118 4.23371478065416 -5.474217249609527 -0.4
4119 4.190341297388191 -5.508047992141886 -0.4930430389969334
4121 4.036694000953133 -5.491845335922266 -0.4999758589511153
4122 4.28519857649446 -5.516061060014726 -0.4851310161238023
4123 4.141322315985815 -5.503963909849547 -0.4967564785460628
4125 4.040236227155852 -5.453154485749973 -0.3941169206026438
4128 4.137405476570002 -5.463733280884227 -0.3880393451673766
4130 4.234416605960332 -5.475610429920459 -0.3818027626515317
4132 4.32715548096915 -5.497330713215827 -0.3495996428001233
4133 4.231317246233541 -5.486684044124804 -0.3447249052830635
4134 4.135047426051391 -5.476698809382651 -0.3401576634542355
4138 3.846885357298616 -5.453312572185862 -0.3287083405072762
4141 4.486439947182504 -5.54729671619398 -0.3230099499810576
4143 4.565640839599022 -5.552906512005364 -0.3327946457352496
4146 4.531556190307404 -5.532433966518137 -0.3452562281199527
4149 3.943125386047281 -5.459593397627009 -0.3321134323786075
4151 4.559915445294875 -5.522628032103228 -0.3701904340188087
4152 4.422911255858054 -5.508610658438826 -0.3548038059127742
4157 4.331230531469261 -5.488819454845405 -0.3754078048409016
4159 4.427837008759751 -5.503583712892017 -0.3689042010162902
4166 4.519027701819365 -5.520580040699534 -0.3603713873401211
4170 3.896816996548588 -5.515507548795742 -0.2645409866674527
4171 -7.966942773479778 -4.526019481011222e-18 -0.6069365990935703
4172 -8.043478260869565 0 -0.5434782608695645
4173 -7.968569307209783 0.0649630041548904 -0.5411320960056918
4174 -5.122044268404609 0.1610358835766375 -0.751610169592843
4175 -5.050810988393824 0.07921311984403716 -0.7834413699961029
4176 -5.189251589356977 -1.85004307220145e-17 -0.7934782608695645
4177 -3.597363445926541 0.4427706782814825 -0.1165586274996202
4178 -3.559012703122477 0.4305410054665454 -0.2572834327658626
4179 -3.781702508032924 0.4342553679460422 -0.2387444267159798
4180 -2.386998127555536 0.4085599995441448 -0.3377976986131905
4181 -2.582544339633555 0.3985974558884887 -0.3776240890699961
4182 -2.484194738871838 0.4370214363963556 -0.1742410164213111
4183 -4.221683765911406 0.08160760544262177 -0.7820215375273558
4184 -4.117190816353625 0.08593726784089087 -0.7806645498186424
4185 -4.205921229497894 -1.415879959990623e-17 -0.7934782608695645
4186 -2.860019086473942 0.4389618096081414 -0.1614010323372228
4187 -2.8178338146382 0.4168583052896913 -0.3101282523367916
4188 -3.070223823199616 0.4237669766945997 -0.2821098755601819
4189 -6.800637058638122 0.4172776379495002 -0.371561940726479
4190 -6.775874891070546 0.4098413217851217 -0.4625911469378395
4191 -6.916096795319353 0.4041434776786865 -0.3906181223162372
4192 -1.916429080541695 0.4350828975345492 -0.1868101684421347
4193 -1.916429080541695 0.3995368875013511 -0.3682129443611507
4194 -2.108786280599777 0.4355578718940641 -0.1833069898876424
4195 -1.916429080541695 0 -0.7934782608695645
4196 -2.018768793214885 -6.460409959706521e-20 -0.7934782608695645
4197 -1.916429080541695 0.09553372786135714 -0.7759774608150849
4198 -1.916429080541695 0.1846728913397054 -0.7253632373182709
4199 -2.053459172376927 0.150021515049211 -0.7493775385203014
4200 -3.299274722972674 0.2616155158726844 -0.6566024148602116
4201 -3.126915082258042 0.2472051322537356 -0.6713804997098265
4202 -3.203173188597286 0.1759224423609836 -0.73467031687357
4203 -4.282315801343618 0.4022954012009985 -0.41242174596435
4204 -4.395216257324751 0.3556750695926191 -0.5330459515445636
4205 -4.469842521718547 0.4032760449088277 -0.4161085289713088
4206 -6.446434090058729 0.3203470301261376 -0.6443732929772558
4207 -6.363289449418113 0.2667146547804936 -0.6949114148423294
4208 -6.470204729939297 0.2020703155881195 -0.7427287115030823
4209 -7.429655761178252 0.2126247777648189 -0.6868326507042117
4210 -7.455835488144546 0.1141552588973607 -0.7494536354231298
4211 -7.540110366232462 0.1824435956851909 -0.6868017001809595
4212 -7.59782399179686 -3.472379188566251e-18 -0.7493929708452067
4213 -7.571663521745346 0.09558850208169578 -0.7355237297392401
4214 -7.495546318507146 -8.721270759350128e-19 -0.7672607348802032
4215 -3.13058639706431 0.3296228662214133 -0.5558309087989962
4216 -6.909317508472251 0.2928466369848015 -0.6722522923924374
4217 -6.93820306087842 0.1834015016548214 -0.7568191256806187
4218 -7.025496141890836 0.245096067090941 -0.7118141129960673
4219 -7.036280404025323 0.3242344091914455 -0.6205063126943257
4220 -5.209084587297128 0.2366973035014298 -0.7007862930033539
4221 -5.122588851973114 0.2842981992542136 -0.6535033510855657
4222 -4.066654626557007 0.2586509435879494 -0.6677033667493724
4223 -3.951637322438577 0.2611739877337967 -0.6637132849481764
4224 -4.037267625175207 0.169771791180902 -0.741929592367421
4225 -4.262269761823635 0.2467554618515113 -0.6819688606972285
4226 -4.168293909282405 0.2736810061129964 -0.6521077306224857
4227 -4.163688609567542 0.1768431528134617 -0.7379452273219687
4228 -2.493906377208528 0.2578155343394375 -0.6550867693641542
4229 -2.573622269052323 0.1499027813538875 -0.7499997400545266
4230 -2.639864644042129 0.2374746645226139 -0.6787298524422888
4231 -2.999174335316575 0.1928679885943491 -0.7213196276786136
4232 -3.096778355447524 0.1613088445596795 -0.7440791483721463
4233 -3.70481813522825 0.4076744471519061 -0.3735337503372576
4234 -3.772481822523631 0.3652449904783718 -0.4970377783708323
4235 -3.904613955727169 0.4007422557335988 -0.4045147354573705
4236 -3.523176811649483 0.3958989408481666 -0.4085148296718
4237 -3.63079575135336 0.3511243571041034 -0.5240108954330563
4238 -5.491840598425672 0.2734702360740652 -0.6707227790918173
4239 -5.578292665792539 0.1845931626455787 -0.7409659833281954
4240 -5.626544114920828 0.261242267927137 -0.6844792708783916
4241 -5.462007590308076 0.3517040416410084 -0.5691654030521093
4242 -5.628277578891729 0.3439398698886598 -0.58637991425239
4243 -6.555023857392035 0.3514136113108184 -0.6062903044992893
4244 -6.434147745115795 0.4060523827716981 -0.5013763709049208
4245 -2.22674188604322 0.3964619827325223 -0.380271702224698
4246 -2.296172328340415 0.4362118288465624 -0.1791814675945244
4247 -4.579664485304713 0.2598821592878256 -0.6722036841684148
4248 -4.487171613735678 0.1785166352141869 -0.738393762911042
4249 -4.612402722062293 0.1502565407708183 -0.7552781287735435
4250 -3.832569113423602 0.24524632648302 -0.679380177317109
4251 -3.793816102012769 0.1392968810160207 -0.7585404545449745
4252 -3.918592177604858 0.167423821644706 -0.7429339283371498
4253 -3.406854890253755 0.1753164160521205 -0.7358240414789821
4254 -3.466298961857591 0.2388498222820072 -0.6827524171584753
4255 -3.458464298111601 0.3293031532183125 -0.5618101052894323
4256 -7.077942763733359 0.1400713911861234 -0.7729357327419089
4257 -7.133956805491052 0.260275697350338 -0.6886200838910888
4258 -4.283164869711856 0.142014753977898 -0.7584624173498502
4259 -2.065683049401296 0.380290434478643 -0.4289220282548987
4260 -2.345761789691599 0.1664642506455584 -0.7390309817220644
4261 -2.270543191428446 0.2564520596218481 -0.6557327385308518
4262 -2.215105143561459 0.1446434733576721 -0.7526827753062826
4263 -4.539760632892913 0.3459913318945618 -0.5548424278592531
4264 -4.449413630794917 0.2763170670250601 -0.6527264701385181
4265 -5.426192783421046 0.4041107558253026 -0.4526813893667627
4266 -5.340092959663843 0.4297979955933289 -0.3463727352820769
4267 -5.307626097855255 0.3732761827827301 -0.5241666002931199
4268 -5.928905957782521 0.4297704218193528 -0.38463462493678
4269 -6.116040858610233 0.4314264258704663 -0.3910488775493055
4270 -5.96107190261934 0.4431818181818182 -0.255769817120914
4271 -5.806072487966966 0.4160700012471608 -0.4332675239008423
4272 -5.922001821937395 0.3781227942825238 -0.5366598771700677
4273 -5.017921002088405 0.2598780068902846 -0.6775348010140978
4274 -4.976945616237755 0.1720959268197358 -0.7447453463433242
4275 -7.38687064202904 2.138419143287195e-18 -0.7808428068118421
4276 -5.216895957299121 0.4198128483734171 -0.3876807709577099
4277 -5.208469684399669 0.4431818181818182 -0.191156465396834
4278 -2.194861127351314 0.332588916339747 -0.5397651065910111
4279 -2.3795567221774 0.3463129488405073 -0.5135919861308311
4280 -6.235262157110435 -3.453632889986027e-18 -0.7934782608695645
4281 -6.228551292450105 0.1290806612243672 -0.7713383452855912
4282 -6.112874124777342 -8.541160737455206e-18 -0.7934782608695645
4283 -7.259065611605664 0.3319974499367513 -0.5445108390905263
4284 -7.3488456614061 0.2894146152100092 -0.6060559952274892
4285 -7.335527127179793 0.3293613238587305 -0.4596329664792392
4286 -6.561481257879337 0.2714586333131055 -0.6961795214266017
4287 -4.788610857554389 0.380849623963371 -0.4900735785419373
4288 -4.800485319179874 0.2965363600502056 -0.6338659960432543
4289 -4.910579315267049 0.3336076888940158 -0.5843567511558241
4290 -6.348330464440587 0.1639324730299111 -0.7590265100896469
4291 -6.24121909847543 0.2686920839369303 -0.6894817112325919
4292 -2.133715010549838 0.07860044154566788 -0.7817140384104055
4293 -2.223531563745651 -5.307392499816876e-19 -0.7934782608695645
4294 -2.121103958222712 -2.466003312885336e-19 -0.7934782608695645
4295 -4.343870565305597 0.4325032402468101 -0.2766943418228435
4296 -4.57034570903095 0.4337602418168099 -0.2786942090167518
4297 -4.367790860446154 0.4431818181818182 -0.1335858123983846
4298 -6.830595874729704 0.3695640055343482 -0.566118293369102
4299 -6.774136352796011 0.3097200063286619 -0.6584379204957731
4300 -7.187251966263059 0.08778592488185247 -0.7848520983390217
4301 -7.148794144635835 8.464638481464216e-18 -0.7969143765518516
4302 -7.021243813081035 1.115018220382546e-17 -0.8001501467844609
4303 -6.036035350851479 0.2168577300244266 -0.7251387879088067
4304 -6.11301208900865 0.2919080142002921 -0.6642140139713667
4305 -5.948926152629478 0.2965496127866993 -0.65539898855946
4306 -6.184368111460554 0.3789295291055756 -0.5468123916131945
4307 -3.982551460640108 0.4317012134453198 -0.2661054994327329
4308 -4.155104960556557 0.4320662228290806 -0.2710840797051768
4309 -4.028575370456895 0.4431818181818182 -0.1137064201741247
4310 -3.869948882436838 0.3311215235833535 -0.5662689910928894
4311 -3.718620544099043 0.2932313988950592 -0.6215723202802387
4312 -7.886692998787151 0.1204592605576997 -0.5349837565946662
4313 -7.800183556545189 0.1682122699468045 -0.5260735345441279
4314 -7.825727030609568 0.1246090719684008 -0.6153858728098964
4315 -7.729582490242428 0.1431680531926799 -0.6525399859752693
4316 -7.758013009744764 0.07537673801825151 -0.6900409510279248
4317 -5.527823964509632 -1.773012046899668e-17 -0.7934782608695645
4318 -5.509384336517726 0.09060267796541616 -0.7810052463754058
4319 -5.414208306978457 -1.820629144923596e-17 -0.7934782608695645
4320 -5.757825293478233 -1.582447217678427e-17 -0.7934782608695645
4321 -5.72176881508924 0.08065825005252775 -0.7839002647799512
4322 -5.642184252154141 -1.696412823828144e-17 -0.7934782608695645
4323 -6.575785665708786 0.3980855362751504 -0.5209245628926484
4324 -6.542873425050214 0.4290150766900604 -0.4199376128567772
4325 -6.42221630125472 0.4414518845856434 -0.3118993400374011
4326 -6.554626988382008 0.4361989757231419 -0.332056904779316
4327 -2.944154843651388 -4.479744469905595e-18 -0.7934782608695645
4328 -2.931122303191011 0.08848843059171543 -0.77888273998716
4329 -2.84077376942138 -3.764153113662626e-18 -0.7934782608695645
4330 -3.151722777439064 -6.00572560015808e-18 -0.7934782608695645
4331 -3.123961318758724 0.08424672123115631 -0.7803842772658922
4332 -3.047808794646076 -5.228833179911885e-18 -0.7934782608695645
4333 -2.326060975894043 -9.040798527990558e-19 -0.7934782608695645
4334 -2.306958977619177 0.08120875043956491 -0.7809480955399469
4335 -3.992421966023963 -1.259592237673734e-17 -0.7934782608695645
4336 -3.992432080962929 0.07866012994311911 -0.7826599970819432
4337 -3.886220590451243 -1.178251669669674e-17 -0.7934782608695645
4338 -3.780353356739174 -1.095556539012648e-17 -0.7934782608695645
4339 -3.872635477849312 0.08038965534157866 -0.7820818002991224
4340 -4.098992225573716 -1.339014689203557e-17 -0.7934782608695645
4341 -2.490120094300297 0.08091409881915729 -0.7810981087318214
4342 -2.531531386380403 -1.875579384263772e-18 -0.7934782608695645
4343 -2.42870346859203 -1.355488233546596e-18 -0.7934782608695645
4344 -2.737625274039177 -3.087708611747124e-18 -0.7934782608695645
4345 -2.666629082901655 0.08015986690243432 -0.7814003781132314
4346 -2.634552000085045 -2.455844970287858e-18 -0.7934782608695645
4347 -7.184558881676841 0.1794065863295295 -0.7476541816326165
4348 -2.959872005922407 0.3283740410128508 -0.5555510692701252
4349 -2.97105488135287 0.383952501778015 -0.4307847515757467
4350 -3.293427817002941 0.3408353402182963 -0.5376891584709657
4351 -3.179547099840927 0.3903683880086476 -0.4166195669106571
4352 -4.313200799635895 -1.489500351407177e-17 -0.7934782608695645
4353 -5.557708616006156 0.4023178645241251 -0.4638206957943118
4354 -5.693820854703625 0.3972427298479466 -0.4837040176978731
4355 -5.803952973155199 0.3443878435334182 -0.5907692110208486
4356 -4.788039370717105 0.4270713097768482 -0.3317452146929761
4357 -4.953980692038346 0.4313132551318701 -0.3155811379710348
4358 -4.794167394207826 0.4431818181818181 -0.1612520279852321
4359 -4.677513238282001 0.330828169144584 -0.5835094444239031
4360 -4.707629581399599 0.229596501606236 -0.701919911294921
4361 -4.11361961835105 0.3358753272035221 -0.5630176058369282
4362 -4.238798360319729 0.3467712551647664 -0.5462356794456449
4363 -4.099714891035402 0.3982555372235792 -0.4190741682457873
4364 -3.999182853195345 0.3449454628865681 -0.544170602752111
4365 -4.966977863960054 -1.815456911903723e-17 -0.7934782608695645
4366 -5.077795706422783 -1.839369239900929e-17 -0.7934782608695645
4367 -3.674860810300387 -1.012096967251625e-17 -0.7934782608695645
4368 -3.650338956172482 0.1161820902922992 -0.7691124498026586
4369 -3.569661637608804 -9.283428845922599e-18 -0.7934782608695645
4370 -6.680406420861232 0.4280255944558486 -0.3520039395653281
4371 -5.228597641759408 0.08571276617239156 -0.7819382398003696
4372 -5.301378218534511 -1.844886757019014e-17 -0.7934782608695645
4373 -6.323207059464155 0.3483390401445924 -0.6038742610612086
4374 -5.039402148658386 0.347965672944734 -0.563958419326791
4375 -3.361408267415927 0.3852833613045662 -0.4360158488155385
4376 -7.69498166644992 -5.46863797856569e-18 -0.7264002323483258
4377 -7.668399134689826 0.08469374711973658 -0.7156882681611131
4378 -4.581508452299003 0.4431818181818182 -0.1470767309963135
4379 -2.672436897454979 0.4379519790544796 -0.1683575975452598
4380 -3.333301999273243 0.4237467104111153 -0.2901078517782043
4381 -3.233792910487501 0.441049705164122 -0.1432337492606297
4382 -3.047201012981259 0.440011018124695 -0.153138583012498
4383 -2.764679302379722 0.3788580690399339 -0.441033773362975
4384 -4.93379413763449 0.3957703611376277 -0.4565743309940463
4385 -6.688844878540512 0.2327249621811657 -0.727946823172847
4386 -6.809145174244608 0.2193536269487116 -0.7372096161370645
4387 -3.010855491284481 0.2766046368611811 -0.6354252137259382
4388 -1.916429080541695 0.3426268368115273 -0.5189957686168811
4389 -2.046017548540089 0.3038718586926975 -0.5893689963114465
4390 -6.756680666356893 1.366729019305024e-17 -0.7998037786378305
4391 -6.706713430804522 0.1178834541415221 -0.7827289925328716
4392 -6.62282970421572 1.267515178112966e-17 -0.7976836487432298
4393 -4.711542504081814 0.1419253519455033 -0.7597875109090446
4394 -4.83732535725744 0.1858747294809939 -0.7355179127141286
4395 -4.747072838654222 -1.735909033130799e-17 -0.7934782608695645
4396 -4.856767117414684 -1.780403119462366e-17 -0.7934782608695645
4397 -4.795039611406036 0.09599770237622419 -0.7783339910319882
4398 -7.619157956423081 0.2455051400038975 -0.5027521502202568
4399 -7.526089379904956 0.2770192121731716 -0.4892253297675466
4400 -7.590487457441279 0.2331592857789878 -0.5973128779537484
4401 -7.638510740804075 0.1643539209932388 -0.6710192639811836
4402 -4.369587701831428 0.2055729575368658 -0.7187362381346855
4403 -4.340344727279934 0.2971355005313091 -0.6256075109758789
4404 -6.594750407876701 0.1842475866563441 -0.7549460345692034
4405 -5.824649941501082 0.2360387611644836 -0.7084940016691068
4406 -3.419870484220562 0.4420122863572128 -0.1311393669970072
4407 -3.897566672979511 0.4431818181818182 -0.1065382472610753
4408 -5.711175378832531 0.1788191225235287 -0.7452225851868177
4409 -5.726867374287893 0.2829453281288641 -0.6651234362884706
4410 -5.925016394681762 0.1835625744551741 -0.7442774198880153
4411 -6.033422125324538 0.1100675124941554 -0.7765711715420314
4412 -6.036087326173173 0.4006575533894142 -0.491558826995948
4413 -6.050156945854539 0.3512497449426277 -0.5883162076891419
4414 -5.262500503689646 0.175250105801643 -0.7444279324794894
4415 -5.376239874669627 0.1933908220058647 -0.7341270250136347
4416 -5.33945022206137 0.284671629661156 -0.6565942601465729
4417 -3.75697157179004 0.4431818181818181 -0.0991699684423224
4418 -5.22736189973747 0.3128088242165619 -0.620975046405389
4419 -5.474724494366081 0.1756449576203274 -0.7454448644166622
4420 -5.413909683061925 0.1024900831829935 -0.7772958399137849
4421 -4.641568409147976 0.3991583574001869 -0.4356012868166366
4422 -6.692826266308163 0.3721128604289206 -0.5708833057281739
4423 -7.348244521459007 0.1861311255595735 -0.7248712826956092
4424 -2.384942813464152 0.2503127880187972 -0.6633826519616717
4425 -2.460105900850381 0.1680507737709277 -0.7381313690221389
4426 -2.402226293637884 0.08335295979859611 -0.7802989342797045
4427 -2.69730283398146 0.1654548060034198 -0.7403741708864238
4428 -2.802385606645471 0.172014692692893 -0.7361572820017024
4429 -2.763450709163417 0.2567738801116192 -0.6579467685631318
4430 -2.896483875089615 0.1623903970092609 -0.7428628313357964
4431 -2.889631410635469 0.2530026635402209 -0.6631849791127333
4432 -2.840642166743915 0.09189720753119526 -0.7776586088075668
4433 -3.024729974347846 0.08922884070394389 -0.7786986466111256
4434 -3.308939435700858 0.1518601975085059 -0.7504081588925133
4435 -3.21951706530665 0.0832801446580527 -0.7807486914737001
4436 -5.992576542383896 -1.188541890218996e-17 -0.7934782608695645
4437 -7.051683267141485 0.3720668566280516 -0.512228354254367
4438 -6.94592688971211 0.3600025555223328 -0.5705337524466707
4439 -7.236643411518586 0.3513693669033315 -0.4436365878063776
4440 -6.308953047065994 0.3975956747374902 -0.5155275236213706
4441 -7.146157608470428 0.3290019094883833 -0.592027766768811
4442 -7.236677969946586 0.2931019994769367 -0.6319537583476775
4443 -5.785108245409832 0.4431818181818182 -0.2390229261484363
4444 -5.618714835694591 0.09224184381429253 -0.7807389883777777
4445 -1.916429080541695 0.2688533926357957 -0.6395843027632844
4446 -2.012664158433795 0.2272863631861736 -0.6873728525868166
4447 -3.721945259541256 0.2062829154759952 -0.7141112395503022
4448 -7.78975494488555 -6.626177112906849e-18 -0.6963333661309075
4449 -3.60976726709313 0.2132544792812914 -0.7076026876582866
4450 -5.407740782165987 0.4431818181818182 -0.2067466653575087
4451 -5.495440214007045 0.4334093434421499 -0.334112344096591
4452 -5.600220469728433 0.4431818181818182 -0.2226958583087418
4453 -5.65843444851513 0.4323059389449169 -0.3517854336168635
4454 -6.446211090096831 0.09358958953582326 -0.7841780994632765
4455 -6.360573234053536 4.085906588196768e-18 -0.7937484101083963
4456 -6.490369137498055 9.624518367899893e-18 -0.7953721639876538
4457 -3.572882214361649 0.2835340217166148 -0.6325540066212736
4458 -5.075704444090867 0.4089311829695769 -0.4218347458805225
4459 -5.164241559499156 0.3680540786989476 -0.5302158439330307
4460 -7.27100492825076 5.348175819602236e-18 -0.7906234524319559
4461 -4.182680937307891 0.4431818181818182 -0.1225037589955258
4462 -5.326353794901165 0.09104117775108547 -0.780594829273907
4463 -2.038350891779671 0.07115722446642102 -0.7838485970862681
4464 -6.657060717474639 0.4163632980889553 -0.4610397754183524
4465 -4.420871366878074 -1.559156553354432e-17 -0.7934782608695645
4466 -4.52913555817095 -1.624136094871562e-17 -0.7934782608695645
4467 -4.46108818872619 0.07959156555746812 -0.7827871739715335
4468 -4.376870341185384 0.1157430702375577 -0.7705601839294094
4469 -7.265698259823903 0.1315793870797821 -0.7650142686503796
4470 -7.259549640345721 0.2333713136566727 -0.6988784820134585
4471 -7.13399256843685 0.3711331470110332 -0.426766197817725
4472 -7.027153081288884 0.3887393064823143 -0.4090559664481153
4473 -3.255850367402189 -6.804689365387537e-18 -0.7934782608695645
4474 -6.66113583482523 0.3099231331338118 -0.6595366940723554
4475 -3.41612978508567 0.08747831200325265 -0.7795700901544199
4476 -3.464747848746517 -8.44805427762512e-18 -0.7934782608695645
4477 -3.360154422686366 -7.620206677040415e-18 -0.7934782608695645
4478 -2.757645884467659 0.08322798921495528 -0.7804912319318787
4479 -7.431870277149191 0.3047087474458623 -0.4748482819141323
4480 -6.141038541103757 0.1751912656060718 -0.7508266881206833
4481 -5.830354561296105 0.1101244421719552 -0.7758611146441825
4482 -2.826919033730933 0.3308318885634411 -0.5492476864722733
4483 -2.672552168553593 0.3295623682253942 -0.5496717457329499
4484 -7.674474522677075 0.2066480080009898 -0.5920410506179193
4485 -7.710705075669201 0.2095216641273498 -0.5151569651916248
4486 -6.281047486381785 0.4431818181818182 -0.2917899448815371
4487 -6.126430921457995 0.4431818181818182 -0.2730910232729429
4488 -3.312141104894081 0.06661450579900915 -0.7854041596191355
4489 -7.753030221170762 0.1775985389261929 -0.5851951788827696
4490 -7.167714209811693 0.3572510903551952 -0.5073291131118105
4491 -3.53042291224532 0.1390161874588687 -0.7580584462446264
4492 -2.133127293340154 0.2202921929922854 -0.694458372871769
4493 -5.874873008921302 -1.418916521871206e-17 -0.7934782608695645
4494 -6.292317626547785 0.4292407719005311 -0.4181547148367654
4495 -4.918811196965112 0.09139556833898754 -0.7799203647387221
4496 -6.845769720907625 0.1221961164699881 -0.7827406431466961
4497 -6.89008742829497 1.301849476667901e-17 -0.8008849647205244
4498 -6.96353671971147 0.08660367590892265 -0.7916930732823153
4499 -7.506446187405766 0.2473688185757337 -0.6168504339752365
4500 -7.3458599026486 0.08781124185598688 -0.7728482170847498
4501 -3.723940771270299 0.06737369544572774 -0.7854141478766863
4502 -7.907216885339866 0.07456296517532948 -0.610507579142348
4503 -7.881231150026255 -6.506376266775761e-18 -0.6572083974203002
4504 -7.834577481346821 0.05717998009939231 -0.6658513218623747
4505 -2.53042852277756 0.3364306971234636 -0.5350733041076212
4506 -4.907120302208989 0.2527213868620793 -0.6831095135862701
4507 -6.563508100430782 0.0974867347777689 -0.7854922366133168
4508 -5.00378056941674 0.4431818181818182 -0.1759865765594641
4509 -5.110877285515002 0.4361366631556517 -0.2900903484776615
4510 -7.452491020261117 0.2870769136293873 -0.5578912764299996
4511 -7.429940677300706 0.2629042209904183 -0.6226037075799946
4512 -2.15863336083791 0.2765907026257376 -0.6297325589397036
4513 -6.801211858527581 0.05999024759378414 -0.7962258319353991
4514 -4.696211094391018 0.06862960409082092 -0.78569620719978
4515 -4.637866207306459 -1.683409665439267e-17 -0.7934782608695645
4516 -5.936281095191485 0.07677247742850424 -0.7851292530281552
4517 -3.500364757399553 0.05670720450750978 -0.7876985814087405
4518 -2.583187145319221 0.2894163982416395 -0.6141742027012759
4519 -4.549496440247465 0.08711837303041672 -0.7807493117864918
4520 -2.59750508001617 0.05631358458479246 -0.7875404913957561
4521 -6.922734722063891 0.3943858241103758 -0.4788306153958791
4522 -6.298011312322581 0.07432220842266354 -0.7864824234857828
4523 -4.387177558844434 0.04754026690180942 -0.7896549072256622
4526 -7.968569311952855 -0.06496300055191906 -0.5411320962733978
4528 -3.659856552599817 -0.07522346940797692 -0.7833704898148646
4530 -6.800637207317308 -0.4172776228427579 -0.371561965127561
4531 -6.790814838494481 -0.4111289212463979 -0.4515448619595522
4532 -6.680406588366986 -0.4280255814993389 -0.3520039665278113
4533 -4.920426197825726 -0.1506936228798389 -0.7561580011706917
4534 -4.985441050978423 -0.07695248206164855 -0.7839460464315694
4537 -3.784964826008605 -0.4341841318900604 -0.2394466043140764
4538 -3.59733410448492 -0.4427705731592885 -0.1165613771781544
4539 -4.143614802415594 -0.1519876247472467 -0.7527850721038056
4540 -4.227273571872346 -0.07670686433475113 -0.7833682958816122
4542 -3.852211471323001 -0.0895986006341945 -0.7792756152773537
4543 -3.948194941890947 -0.07294538156222452 -0.7841552406502519
4546 -2.573591905151744 -0.1299981760218835 -0.7610593190448316
4548 -2.53708654260049 -0.4107544263413149 -0.3311630212605279
4549 -2.298877070759315 -0.4140054155906903 -0.3138590682374575
4550 -2.483948588219351 -0.4370202965122525 -0.1742480045257427
4551 -2.916055374032554 -0.4117775081030836 -0.3346764973403974
4552 -2.747443149401173 -0.4011895488521615 -0.3715845261677768
4553 -2.859888278656423 -0.4389610857280929 -0.1614063135301471
4554 -1.916429080541695 -0.3426266892386157 -0.5189960727013651
4555 -2.01330649078711 -0.3536896198952154 -0.4953649147456086
4556 -1.916429080541695 -0.2688532891968785 -0.639584436624014
4559 -1.916429080541695 -0.3995367285678737 -0.3682135028414769
4560 -2.004133929913774 -0.1196548099617101 -0.7657843616230529
4562 -1.916429080541695 -0.09553371830700069 -0.775977464373184
4563 -2.885195323259537 -0.2634799227849106 -0.650826166876089
4564 -2.79393168259992 -0.1744176925849684 -0.7344481864753123
4565 -2.721393424340063 -0.2510355745062126 -0.6643114878339127
4566 -3.904994316173285 -0.4003715947345358 -0.4057539276522468
4567 -3.79167504348117 -0.3474809396544848 -0.5347498023135582
4568 -3.718616775707978 -0.4057226664928861 -0.3811682638441533
4569 -4.206589513233013 -0.257836587499508 -0.6700931937724757
4570 -4.358468517425004 -0.2744843931728019 -0.6536210269801606
4571 -4.275093533911187 -0.1737668777497793 -0.740421371941886
4572 -4.056143941616799 -0.2568452905169575 -0.6695212308584251
4573 -2.508172237299599 -0.2492080548322836 -0.6652073492284751
4574 -2.615387123776274 -0.218345464714033 -0.697728515319523
4575 -2.606509366460003 -0.3016946198742922 -0.59606472051716
4576 -2.686327891759949 -0.1604810801372635 -0.7436178140473084
4577 -3.420144568135559 -0.3734864599772624 -0.468847708059575
4578 -3.50779786421847 -0.3213110228026811 -0.5762567269819941
4579 -3.336212379509674 -0.3144908984129826 -0.5846577134249954
4580 -5.49796926440308 -0.2794957753617736 -0.6646964813708495
4581 -5.62395385885659 -0.2652548308126646 -0.6807220448500373
4582 -5.566125903662734 -0.1865842056834257 -0.7396972251064905
4583 -5.463594860286831 -0.3679532897362748 -0.5399779592078684
4584 -5.630392415072489 -0.349156964711012 -0.5782253161578865
4585 -5.440473772463299 -0.1647152460065285 -0.7512107598414925
4586 -7.227831289895781 -0.2438371597697248 -0.6933390646539326
4587 -7.328091312541085 -0.2877571311439691 -0.616062448285518
4588 -7.352452959095362 -0.2341268723101377 -0.681811763698128
4589 -2.344101384906693 -0.1734142740859969 -0.7341689938456623
4590 -2.216540410677218 -0.1623688742483295 -0.7416289908576339
4591 -2.256498815269615 -0.2621660095802205 -0.6487248932452446
4592 -5.005177172575829 -0.2458909292244738 -0.690562655890233
4593 -4.877069012976244 -0.252173132609823 -0.6832856605226877
4594 -6.779259448099068 -0.3113440265683706 -0.656425437728806
4595 -6.70466176571674 -0.3904989481602236 -0.5323227142982767
4596 -6.847878781728863 -0.3790989175089042 -0.543525887742029
4597 -4.663969234006305 -0.3876015979951861 -0.4689887676490805
4598 -4.849590537096772 -0.3951210714275016 -0.4552243468262181
4599 -4.817228632640539 -0.3422931836721576 -0.5680212270064003
4601 -6.458031759705619 -0.1416500946271368 -0.770188720636954
4603 -4.472618199112398 -0.2469681069861295 -0.6838885978677796
4604 -4.519581030347684 -0.1485741293851813 -0.7558378322308943
4605 -4.394401583811327 -0.174689601376785 -0.7403801044502907
4607 -7.210647092453726 -0.1257418279081745 -0.7715991952958912
4609 -3.208903934508937 -0.2512207460258292 -0.6676228526775313
4610 -3.287737915797704 -0.1666020448857277 -0.7412376785064836
4611 -3.180182024995224 -0.1406917255909285 -0.7564000814954114
4612 -4.279016646333234 -0.4035871601560805 -0.4080005005775713
4613 -4.477138640075509 -0.399696779984426 -0.4278461704135146
4614 -4.378482697884574 -0.3573412314625043 -0.5293093695215212
4616 -7.495803139042997 -0.09155184372836456 -0.7517210125985813
4618 -2.123958550814444 -0.3933000532766248 -0.3899420180620515
4619 -7.09735879913557 -0.2037737045846518 -0.7385411131110882
4620 -7.225159643316942 -0.3214609051649155 -0.5849807414715198
4621 -3.738552066846288 -0.2592201265893251 -0.6636288091342124
4622 -3.655337827642146 -0.3473971839361636 -0.531990463200799
4623 -6.943707420191156 -0.0855671442782179 -0.7920768809667186
4624 -6.848383908353004 -0.09242697046610593 -0.7906781470437754
4625 -6.937873005688557 -0.1857206148234925 -0.7555899695334017
4626 -5.085997359627911 -0.1673131017826259 -0.7480145531715036
4627 -5.407741287932987 -0.4431818181818182 -0.2067467060506828
4628 -5.282160856205094 -0.4384102930536412 -0.2805726318288901
4629 -5.208470241416187 -0.4431818181818182 -0.1911565077958136
4630 -6.257608003333351 -0.3883831164345943 -0.5320980239890455
4631 -6.326416312916108 -0.4288433297978111 -0.4231096300077419
4632 -6.408562373756256 -0.3895584217293185 -0.5378968301074181
4633 -6.454379079981703 -0.4275188656409081 -0.432952164831115
4634 -6.422216521313544 -0.4414518787387123 -0.3118993726337231
4635 -6.025384140906352 -0.1054954669092909 -0.7779340970397832
4636 -6.128048840279781 -0.1265101566928424 -0.7715645953515335
4638 -3.053823649894173 -0.2671124005342802 -0.6477995761515689
4639 -2.992567083407989 -0.179517501901454 -0.731397169312922
4640 -3.001394460914185 -0.3459486150192356 -0.5225089659715892
4641 -3.16593883065893 -0.3350134947762548 -0.5465261586431795
4642 -3.233723334279944 -0.4410493259965896 -0.1432378245245959
4643 -3.419818598124721 -0.4420120348745405 -0.1311431588739474
4644 -3.380952404202959 -0.4218153253537906 -0.301713847851576
4645 -4.794168069034882 -0.4431818181818182 -0.1612520741819922
4646 -5.003781179045841 -0.4431818181818182 -0.1759866205578592
4647 -4.946575943608022 -0.4295433440294777 -0.3259436089892587
4648 -5.1328895172028 -0.3996047427475808 -0.4534491229733543
4649 -4.967674374314225 -0.3795488111504701 -0.4990805389635242
4650 -6.102884503511197 -0.3719511087533581 -0.5559634560834353
4651 -6.215485369732991 -0.3204889623567767 -0.6357216879594652
4652 -4.665229748915569 -0.3188663521727447 -0.6013712203092562
4653 -6.63996811523188 -0.3225898695479572 -0.6448554049712801
4654 -7.61631995596415 -0.1927818892700221 -0.6484199881193164
4655 -7.618429106332357 -0.103287615115337 -0.7208427163956251
4656 -7.51990771099168 -0.1832945222700918 -0.6917425633554287
4658 -7.737906323335825 -0.07981954870739569 -0.6953913317590965
4659 -7.700802109133106 -0.144008390796529 -0.6651326649978284
4661 -4.182681474469572 -0.4431818181818182 -0.1225037903414677
4662 -4.153513935689312 -0.4326072423571096 -0.2671807016091345
4663 -4.028575654633111 -0.4431818181818182 -0.1137064360345061
4664 -2.10702359355975 -0.08630403916320395 -0.7792560489530129
4665 -2.202926225397126 -0.07273496073674028 -0.7834321080514033
4667 -2.091308186566516 -0.1655665495686905 -0.7393673677067978
4668 -7.423151933833164 -0.1833045663746801 -0.7140952800364768
4669 -7.452170599966248 -0.2672803313465961 -0.6055796572702306
4672 -2.849796227303154 -0.07827554371354307 -0.7820491363813209
4673 -3.334476151795247 -0.08311812782148201 -0.7808770724971521
4674 -3.440538053958546 -0.08216755542785001 -0.7812401145666049
4677 -3.078218448144826 -0.105217287618514 -0.7728851530202736
4679 -4.450590861177876 -0.08260344162620378 -0.7819478458768517
4680 -3.549828486100437 -0.08497651036976139 -0.780465326957224
4683 -2.29933135114955 -0.08506967799430606 -0.7797096617096562
4685 -2.488672209323162 -0.07857028758999035 -0.7818124521168121
4688 -2.670224090208773 -0.07746628884264378 -0.7822083894079356
4689 -6.916096925355321 -0.4041434612725743 -0.3906181438701166
4690 -5.553160682234161 -0.4090565235057956 -0.4433603894244345
4691 -5.711735239674369 -0.4022894816388453 -0.4710149427396283
4692 -5.849783535564478 -0.4021171771311283 -0.4781536687880434
4693 -5.813981581945146 -0.3464441628853551 -0.5879433980423413
4694 -3.741428479482682 -0.136613861190406 -0.7597805015714711
4695 -4.037578483134116 -0.08787561539436181 -0.7799972515953238
4697 -7.526089430438788 -0.2770191962578507 -0.4892253373136303
4698 -7.431870337522152 -0.3047087309011354 -0.4748482913036421
4699 -4.089754469581007 -0.4011488571137569 -0.4094066878805642
4700 -4.006414092414112 -0.3432172274060629 -0.5475511570645031
4701 -4.148929458199699 -0.3440109890494348 -0.5492674456612453
4704 -6.102449404084764 -0.2898806796748943 -0.6660020394137148
4705 -5.961720641473442 -0.3065625770180417 -0.6446179846594302
4706 -5.920456327596126 -0.1882486044380079 -0.7415876820510128
4707 -6.04830083569602 -0.2117474565641373 -0.7286692169085314
4708 -3.895820709549707 -0.266847403566772 -0.6567243706317821
4709 -3.898232887788127 -0.3421670201330685 -0.5471515019903421
4712 -7.790066169467995 -0.1404376299817479 -0.6201062236291811
4713 -7.886693011998413 -0.1204592525265572 -0.5349837577944063
4714 -7.879406888730681 -0.1068301276180563 -0.5942379197571275
4715 -7.80018357896719 -0.1682122586777197 -0.5260735370907917
4716 -6.687302431418814 -0.2536166917635239 -0.7125455285173238
4717 -6.55804804143148 -0.2385370609610421 -0.7218280817854954
4718 -6.78143518912121 -0.1737305338954911 -0.762540290201293
4719 -7.236643494913629 -0.35136934962401 -0.4436366014204328
4720 -7.299532338319982 -0.3285398212091912 -0.5306368365316326
4721 -7.335527198635884 -0.3293613068066206 -0.4596329779169876
4722 -7.381343020276733 -0.3083675996420769 -0.5424427882250337
4723 -3.082131901870625 -0.4002487651235617 -0.3823137108327346
4724 -3.268982784498492 -0.3841981545441642 -0.4368012050276136
4725 -6.573644130620179 -0.1112798501738464 -0.7821950687587068
4727 -6.660854978452927 -0.1736485854045897 -0.7612176913780571
4729 -4.655115228096903 -0.1217194122375841 -0.768696819304553
4731 -5.169271030978364 -0.3353918924889242 -0.5876637670874316
4732 -5.055331301639348 -0.3347310250962912 -0.5859712910785985
4733 -5.125008173390568 -0.2627558220463617 -0.6760873813341917
4734 -6.284805182011153 -0.2582631515969595 -0.699485856772124
4735 -6.353805055398925 -0.3233589099349201 -0.6376838025028204
4736 -6.343508720339226 -0.1766533666423001 -0.7530386962955683
4737 -6.500774343080744 -0.3384306993573574 -0.6234074313577246
4738 -4.787975652988221 -0.1143504568191141 -0.7719052081732116
4739 -6.554627180356341 -0.4361989656120285 -0.3320569347044837
4740 -6.624998458939194 -0.4239943618152012 -0.4325328321915504
4741 -2.672231213022417 -0.4379509114394899 -0.1683645759570401
4742 -3.047097924269911 -0.4400104363394562 -0.1531435670730963
4743 -4.268745431281671 -0.3361650092265 -0.5658369206193898
4744 -6.910286445996586 -0.3195441669553163 -0.6400533569685448
4745 -2.397655128391257 -0.3841967829201309 -0.4204776067121322
4746 -2.477366476997833 -0.3427041695025358 -0.5220178638026546
4747 -3.107116703805081 -0.1956336005625301 -0.7195671810766667
4748 -2.279424423582013 -0.3497223180091573 -0.5054804076517179
4750 -3.983527915604505 -0.4319188516630472 -0.2646298472819042
4751 -3.897566693577877 -0.4431818181818182 -0.1065382483653832
4752 -5.959922388438407 -0.3838255326907672 -0.5266237238081848
4753 -5.827477378733813 -0.2555547597866101 -0.6925904321558234
4754 -5.726232191759029 -0.2889035814788251 -0.6589067028571788
4755 -5.69709103823985 -0.1923107415459171 -0.7372487790285414
4756 -3.551264556398442 -0.3945445507936075 -0.413589800378649
4757 -3.617277733707619 -0.2702930027943055 -0.6495765041689865
4758 -2.141837977775572 -0.2357619678033453 -0.6787499517674291
4759 -2.116333933524892 -0.3142619815769788 -0.5724690625657054
4760 -5.355180530664002 -0.2511729905781573 -0.6899088167270651
4762 -5.220644732221853 -0.1075928270602145 -0.7752223408933748
4764 -6.19997896756857 -0.2075961980070562 -0.7335145372129319
4765 -5.226555199642771 -0.2082136561261255 -0.722994639719157
4766 -5.322290389176973 -0.147293244409632 -0.7593675780880622
4767 -6.551261576198455 -0.4077147182770692 -0.4971048893700554
4768 -3.572961993807471 -0.4304991345286279 -0.2580753647516993
4769 -4.698771050320646 -0.216773642372417 -0.7123874918859023
4770 -4.806398353853892 -0.2006129891725472 -0.7253147736694456
4771 -2.744629759672041 -0.3288378457292692 -0.5518640870708633
4772 -3.947714689867157 -0.168864177223481 -0.7421436030192853
4773 -4.045946494817108 -0.1664128363994367 -0.7440504681080955
4774 -7.133992665969915 -0.3711331296078322 -0.4267662139342887
4775 -7.044625965578782 -0.3738142815965037 -0.5089643860885503
4776 -7.02715319395927 -0.3887392894015516 -0.4090559851615208
4777 -4.349873554870952 -0.08671906300255142 -0.7806586373454056
4778 -4.51501244880383 -0.3357578000406017 -0.5719371063322561
4779 -2.397894122900901 -0.08419690807721969 -0.7800257260576295
4780 -2.457675986993801 -0.1695886042574396 -0.737064109480945
4781 -2.383483776303458 -0.2699554025525662 -0.6394223277817305
4782 -3.832015721900662 -0.182567666109244 -0.7325763124910405
4783 -2.753420633727616 -0.08848991890434255 -0.7787723634555692
4784 -2.89430721294269 -0.1570850734605052 -0.7462285283897911
4785 -3.507558927138347 -0.1636691423550934 -0.7438250076161197
4786 -3.62913324236387 -0.1756963939785307 -0.7364228110001916
4787 -3.532751399154635 -0.2388188862191773 -0.6833087167778114
4788 -4.940364108191189 -0.3122738342214387 -0.6159988789667646
4789 -3.398976582262551 -0.1607125485312413 -0.7453273065609758
4790 -6.183899403798591 -0.4282522846085494 -0.4120357105144161
4791 -7.031500097021731 -0.3315573110180602 -0.6095257050808194
4792 -6.954346803102275 -0.3626348593392156 -0.5636294723259447
4794 -2.02195229063279 -0.228144152519734 -0.6865093875829772
4795 -7.003793440867043 -0.2680902979500507 -0.6922447177377857
4796 -7.125753491691897 -0.2946118007668425 -0.6499745828925352
4797 -5.251219853095844 -0.2904843227915436 -0.6486517607261507
4798 -3.330428987358809 -0.2351192189112343 -0.6854721254754111
4799 -3.433819661516514 -0.2442056564710953 -0.6769964299322097
4800 -6.12643121255329 -0.4431818181818182 -0.2730910556427008
4801 -6.281047735074505 -0.4431818181818182 -0.2917899782683037
4804 -4.768558129508438 -0.276213989817748 -0.6572150261909411
4805 -5.348298457427312 -0.4186988210936186 -0.3988978721580301
4806 -5.292998302454727 -0.3643603328514152 -0.5414614376821653
4807 -6.874727245792936 -0.2522047609945841 -0.7122097780828774
4808 -5.825555502508614 -0.4325002852384876 -0.3623298295760428
4809 -5.961492188878223 -0.4276942134746089 -0.3969989277610314
4810 -4.585951357602568 -0.2438513963909985 -0.6880097298351995
4811 -5.961072250355594 -0.4431818181818182 -0.25576985168011
4812 -5.785108646744274 -0.4431818181818182 -0.2390229628541727
4813 -1.916429080541695 -0.1846728363904105 -0.7253632800498636
4814 -7.720129487710253 -0.185931280084003 -0.5977928394929406
4815 -3.190460579741742 -0.423292534337262 -0.2881311538057933
4816 -7.124981659988663 -0.3497696746276481 -0.5519231953627801
4817 -5.391070808457064 -0.3195397986567576 -0.6155245597856273
4818 -5.503763530856496 -0.4349132349550254 -0.3244104686021463
4819 -5.600220922766103 -0.4431818181818182 -0.2226958970112677
4820 -5.139962508216637 -0.4329746102250095 -0.3152000689496471
4823 -5.614870001894269 -0.09535696683504551 -0.7798507467738484
4828 -6.241774887606409 -0.09179745477691331 -0.7824710199101919
4830 -7.659599428900723 -0.2208003983677696 -0.5695591227419474
4831 -4.576070491319636 -0.4290938568687609 -0.3098631699819601
4832 -7.386495043897047 -0.1068839242817397 -0.762123559138383
4833 -7.105274234345901 -0.09274582298703699 -0.7872127489200936
4834 -7.021107731997551 -0.1266759356171443 -0.7796299236197592
4835 -7.710705107015538 -0.2095216508164567 -0.5151569692496064
4836 -7.619157997339631 -0.2455051251106479 -0.5027521559858856
4837 -4.581509189858822 -0.4431818181818182 -0.1470767788495629
4838 -4.4304130788244 -0.4327855124367277 -0.2788350810890806
4839 -4.367791584323538 -0.4431818181818182 -0.1335858568281832
4840 -4.738219120613735 -0.4374638241888414 -0.2566958539925752
4841 -4.797860136161367 -0.4183180955060478 -0.3739272310762871
4842 -4.694380926823273 -0.4216099736212638 -0.3546057132275199
4844 -5.842147508834815 -0.09109548527856365 -0.7814873841082431
4846 -7.572182990403302 -0.2491168167945115 -0.5724259762860771
4847 -5.371532395912944 -0.07905627806756654 -0.7838285325524503
4849 -7.309872468432018 -0.07719689662034807 -0.7789590169282019
4850 -7.309640288815295 -0.1695488911590767 -0.7411226881670296
4853 -7.832237292414517 -0.08392061294561873 -0.6514862711390674
4854 -6.43812571392809 -0.2583724161453987 -0.7039742108042766
4855 -7.812638678514965 -0.04240983287742665 -0.68120507963261
4856 -6.064242204046749 -0.4376276111899501 -0.3479887680853517
4857 -6.06331367531676 -0.4146674786527575 -0.453398659154543
4858 -6.599775356886711 -0.3701059439989878 -0.5767236765098352
4859 -2.866599122014489 -0.3526728431670029 -0.506212629078408
4860 -7.535136093117591 -0.2318091387601238 -0.6294309967330461
4861 -7.183304225254362 -0.3557795378738434 -0.5025226737297652
4862 -2.623213562523236 -0.3667130574033811 -0.4701846367314043
4863 -5.14097268249858 -0.07077531542404172 -0.7855467861792864
4864 -7.931783666153524 -0.0512785267460563 -0.6116799921819005
4866 -5.734851466170162 -0.1013919623889646 -0.7783309856223937
4867 -5.803186424053287 -0.1705484690579637 -0.7503329471165647
4868 -4.293220350947061 -0.4356396050033251 -0.2500414649597661
4869 -6.684556425119623 -0.08237179953313675 -0.7909520893832778
4870 -5.668762275999615 -0.4344160101966535 -0.3391532564312693
4871 -5.936393888291413 -0.07581177288065927 -0.7853381264870813
4872 -6.954055071485584 -0.3910354841637574 -0.4797948647102981
4873 -5.072879820590933 -0.08298842682144793 -0.7824821282950298
4874 -5.507454085029396 -0.09278641685919366 -0.7803897500656287
4875 -3.239168122377452 -0.08249115683115098 -0.781004109473355
4877 -2.970431154344845 -0.08363932167677082 -0.7804791700564108
4878 -5.686671307238501 -0.04765412385640956 -0.7901253539864705
4879 -4.583329625220414 -0.06802332976273946 -0.7857589721604155
4882 -7.969172042751063 -4.598662858905313e-18 -0.477823902976362
4885 -6.756936205638038 -0.3907011115530686 -0.2163717149299701
4886 -6.975958794455327 -0.3544109354042566 -0.2394354581981573
4887 -7.049230539288118 -0.3729834743211412 -0.3297021045301605
4890 -4.290733385131011 -0.4285693877844857 0.06475094615739151
4892 -2.357980706773328 -0.4324025813997031 0.1177884067900623
4893 -2.137415758811243 -0.4320754578146796 0.1229736797327773
4894 -2.250136951761857 -0.3896925842162234 0.3111294655392438
4895 -5.102046210641465 -2.630410276423703e-17 0.4460125591123605
4896 -5.070141036003385 -0.0882010270958952 0.4380783621622421
4897 -4.997089853718993 -2.59984382050659e-17 0.4610714700845551
4898 -4.196726821541434 -0.3741241063843218 0.2594459269962004
4899 -4.145478318157966 -0.4170994755361613 0.1311732250720775
4900 -4.040042223267603 -0.3834186403821492 0.2486199183875805
4903 -3.931312804756519 -0.4428744485886703 -0.06864817885224156
4904 -4.125191673473408 -0.4381541875589779 0.001955055360145948
4906 -3.859892093202662 -0.4431718038539381 -0.08378381750873928
4908 -4.019063735519299 -0.4253672326356678 0.09962818857445895
4909 -3.884418291836378 -0.4175343311056056 0.1455178419317583
4910 -3.878361643696801 -0.3894965790180939 0.2433982350275798
4911 -3.714372486971249 -0.3927966408406063 0.2442184553951687
4912 -3.628523388387706 -0.4354320032503634 0.05291141995748925
4913 -3.547351807743519 -0.3933405449127524 0.2522889647923793
4914 -3.784288649604339 -0.4366359061626449 0.03474887346103546
4915 -3.441932260881309 -0.4344934550401681 0.06899997439429663
4916 -3.911742499332279 -0.4382253453512008 0.01253167758275152
4917 -4.415470476495555 -0.4015119336335711 0.1684109738844875
4918 -4.347175244309812 -0.3609426967766125 0.2753002206840707
4919 -3.230064030481461 -0.4337948196437522 0.08308338354442713
4920 -3.378260199377286 -0.3890485717091052 0.2741752745200306
4921 -3.210914774901849 -0.3802780798742825 0.3071500347436076
4922 -1.916429080541695 -0.43163770485843 0.1271784074866077
4923 -2.071926805917156 -0.3860507555819461 0.3242914013276754
4924 -1.916429080541695 -0.1757598600612005 0.6451367933979646
4925 -2.035014632760835 -0.1997258967816615 0.6255429772743891
4926 -1.916429080541695 -0.2621424144446314 0.5611442013213102
4927 -7.168957046275271 1.412161079282327e-17 -0.08914570412085318
4928 -7.247499985949499 -0.08921704981187784 -0.1278710698828764
4929 -7.136121802438451 -0.1579806041088374 -0.1094681836911069
4930 -7.034516582540494 1.778283909535154e-17 -0.04192734281024685
4931 -6.943191218402839 -0.1339184474281265 -0.03106390697089335
4932 -6.895947687930257 2.023492857424964e-17 0.005005072931567267
4933 -6.895957313608674 -0.2847899859231492 -0.1094980683459802
4934 -7.039558948654055 -0.2765001226889814 -0.1573542290131223
4935 -5.393775252353104 -0.2136586825744697 0.3277603303798119
4936 -5.444555307010579 -0.325495924186112 0.2086938798181465
4937 -5.329938702224794 -0.293623141140566 0.2646215385663463
4938 -5.543392173113381 -0.3826152203383569 0.09769882157681868
4939 -5.656893269157747 -0.3363307303214951 0.1615038273306902
4940 -5.709638929192445 -0.3961318724182893 0.04244631303862048
4941 -7.412012112481549 -0.212874231514688 -0.2648396591020139
4942 -7.517371808450076 -0.1946814509527259 -0.304207035133724
4943 -7.444584727920466 -0.2642975413327954 -0.3496282695294508
4944 -7.657831678957827 -0.08524726956332174 -0.3062828911553636
4945 -7.551531212902355 -0.09264065798161379 -0.2563039931831186
4946 -7.624452963595143 -1.80215984445622e-18 -0.2737615144101733
4948 -5.679073882382824 -0.4349138952128915 -0.09943242987507669
4950 -7.296635769665031 9.862249716305003e-18 -0.1362247941277569
4951 -7.415618767481141 5.535434067608487e-18 -0.1827895581102704
4952 -7.367899270316419 -0.1136506237230897 -0.1828421444824154
4953 -6.390087922168552 -0.322727004658135 0.01984031639737398
4954 -6.452038888065284 -0.2047660408474678 0.09917464567652895
4955 -6.527384895868187 -0.2976447708664246 0.004348557091664497
4956 -7.804442395645649 -5.994375064502767e-18 -0.3675196485454699
4957 -7.888771516364065 -6.275657336522945e-18 -0.4197578241309597
4958 -7.84521238514395 -0.09962833481013791 -0.4343457686480893
4959 -5.01849325866433 -0.3048244116653919 0.2928366756355761
4960 -5.106801770057217 -0.3559226751376481 0.206187504877916
4961 -4.942289893147201 -0.383980647982087 0.1675122168378076
4962 -5.146139657989973 -0.2537895206445203 0.3310240865607334
4963 -5.329606009623029 -0.3606229704782078 0.169827931541451
4964 -5.225499100865548 -0.324516212692461 0.2403134948550302
4965 -5.267341185443468 -0.2106912530061606 0.3489309206804332
4966 -5.23289281127149 -0.400828632553746 0.09205694500334162
4967 -7.011218961192443 -0.2064041095178273 -0.0889897251380472
4968 -7.065368676191443 -0.09824414300736331 -0.06347968581667107
4971 -7.242598172661163 -0.3346432643635963 -0.3567550529473106
4972 -5.053543810948558 -0.1896243848071459 0.3937260983546347
4973 -4.92451322780812 -0.1757026075366244 0.419877408736853
4974 -4.97714465250368 -0.09403732324029457 0.4494641597194244
4975 -6.255649830527131 -0.1012097861813151 0.2058478179870337
4976 -6.143390108241394 -0.1143041364408123 0.2337822342035422
4977 -6.233591142885944 -5.289245806685032e-18 0.2262192174822065
4980 -1.916429080541695 -0.3351160668711348 0.4471100437275736
4981 -1.916429080541695 -0.3927721692960521 0.3040257506534972
4982 -4.74845002722116 -0.2826206491392645 0.3518646174441452
4983 -4.7829297189669 -0.3524569642606002 0.2490464979744701
4984 -4.630186563109533 -0.3165252132226631 0.3223029399077481
4985 -5.575567348498743 -0.3004029799540687 0.2201938941487497
4986 -5.58520652403378 -0.1918125617989045 0.3114508147969794
4987 -5.700107199892003 -0.2276243579130162 0.2672292904657255
4988 -4.793107687412721 -0.407234439611448 0.1175842504930719
4990 -6.423065908563716 -0.4269140765941952 -0.1955784943466592
4992 -6.33021223725042 -0.4138980297767202 -0.1242655067161784
4993 -6.438315383842196 -0.37355643672637 -0.06738820494161453
4994 -5.168931121008614 -0.1274482768754035 0.4100310879470962
4995 -5.211688063124771 -2.643999218309095e-17 0.4297010560209668
4996 -5.543897102697437 -2.532900170487225e-17 0.3760406215716399
4997 -5.488736032121423 -0.1079707386429585 0.3673777302816081
4998 -5.432515248939298 -2.600453203202055e-17 0.3948218420195228
4999 -7.324211802495856 -0.2184575635202304 -0.2267168997944112
5000 -5.888134212773236 -0.3859140487762231 0.03757945763756988
5001 -5.840254355522806 -0.3372571750421672 0.1296199078062899
5002 -5.962355274033325 -0.3032122000259341 0.1493846354811955
5003 -2.86551910229685 -0.3999275225598922 0.2617929023023685
5004 -2.641573677675151 -0.3924548765023506 0.2936858912064927
5005 -2.720358592951417 -0.3275923991322134 0.4442764358490991
5006 -6.866194411512073 -0.3578947833995915 -0.1955218010245284
5007 -6.747310756356674 -0.3231497962248073 -0.09790535472391421
5008 -6.432414844620467 -0.09405233241517119 0.1481338422879985
5009 -6.544772056880094 -0.0994847904453621 0.1099035144251352
5010 -6.662130166711939 -0.249574061109592 0.002679872161284447
5011 -6.568690571371275 -0.1964472247593277 0.0664540171865191
5012 -6.777560443236361 -0.2513808673931249 -0.03738353441098222
5015 -6.871425847582026 -0.3953054967822766 -0.288175765374603
5017 -5.158134360935644 -0.4354007232128505 -0.04760574907016316
5019 -2.159350740386141 -0.2251771403402024 0.6002803528023651
5020 -2.113225176512045 -0.3110800413323407 0.489255158046871
5021 -6.663543275655556 -0.1158206375504612 0.06717291876375014
5022 -6.617455620685353 1.898946978211394e-17 0.09686560142955593
5023 -6.755849483191735 2.084286026518421e-17 0.05139321369968145
5024 -7.525189983218105 1.542028738978423e-18 -0.2287474808729086
5026 -6.643478639142916 -0.4159667672702416 -0.2406584358400908
5027 -4.935873892638637 -0.433407990268265 -0.01373302346600021
5028 -5.076599984379312 -0.4098066273190828 0.08143396592886996
5029 -2.577891867229187 -0.4326818491274058 0.1114575315614342
5030 -2.796728372120689 -0.4329672561387645 0.1037831365541014
5031 -5.346221032392656 -0.4356145569822242 -0.06733636119326959
5032 -6.630380286007526 -0.3606027641175918 -0.1090581346286073
5033 -6.519962825501113 -0.3835670081567679 -0.1116920597760569
5034 -6.332761350212744 -0.1620920056098829 0.158931055463218
5035 -6.247437021854709 -0.2678293928038092 0.1183952983854825
5036 -6.190018805070265 -0.2099072613427523 0.1769037800619311
5037 -6.16748856481266 -0.3521832777262615 0.0425423975027158
5038 -6.096112877384312 -0.2932035567378336 0.1320450822122957
5039 -2.289071931356167 -0.251341450946082 0.5693321864901975
5040 -6.758826132462748 -0.1492454483398722 0.02552727365433025
5041 -6.847157026592152 -0.1947979076040383 -0.02430191270954633
5042 -5.753524492667803 -0.3158766213118522 0.1727428827984709
5043 -5.838112786769114 -0.2444645718413253 0.2290710833705322
5044 -2.445576422183864 -0.3834692027375152 0.3259874000012264
5045 -4.624764828556975 -0.4244453982564869 0.06304911302864494
5046 -4.665427088129722 -0.3813065851642691 0.2016102125932535
5047 -2.878424078304099 -0.3490303179102464 0.3961471190309555
5048 -6.033208337369862 -0.3715841096557894 0.03920633496724384
5049 -2.569401736399937 -0.3034876050424306 0.4904265372668006
5050 -2.425785017203621 -0.2777602657019765 0.5324942568144038
5051 -6.054894076879204 -0.2104155780733954 0.2093710714517577
5052 -7.716605872791895 -4.376994069310535e-18 -0.3193815112928851
5053 -5.396201924707196 -0.4033364545824609 0.06551412690231442
5054 -4.846853908680938 -0.2375105085795317 0.3848324893737183
5055 -4.887042977890162 -0.3045423461855211 0.309248124575096
5056 -4.492667283135205 -0.3424078480397655 0.2962356563232487
5058 -5.526333099545816 -0.4293247843952867 -0.04800398331638486
5059 -7.656446352011369 -0.1595714021693181 -0.3543190275949322
5060 -7.735132825396733 -0.135976938824268 -0.3849131166915641
5061 -4.470447439991916 -0.4335205813302809 0.02066639869668171
5063 -4.744152707953134 -0.4367137637534497 -0.02407372718541381
5065 -5.997676433912938 -1.715132263516627e-17 0.2873594997977852
5066 -6.114611474967532 -1.24733801235947e-17 0.2593074339300537
5067 -6.034720947798301 -0.1044736712929221 0.2633134607120917
5068 -7.662491741331115 -0.2083555288668615 -0.4257579579468558
5071 -6.104068131428946 -0.4200890979331052 -0.09326477004663097
5072 -6.282457855057669 -0.3737520058433031 -0.02172152122891784
5073 -6.216315550923651 -0.4077445669821701 -0.07849618646929321
5074 -7.100870065192114 -0.3200306261233369 -0.2404376423420087
5075 -7.152509171075794 -0.3460367142347015 -0.3213811776249113
5076 -7.22506012435035 -0.2824947227705301 -0.2481483283647095
5077 -7.153417838763067 -0.2456646420109087 -0.1747549819315106
5078 -7.247865795631727 -0.1821600096450831 -0.1662437988656142
5079 -5.321827444535216 -2.635511561873768e-17 0.4126661670908725
5080 -5.361309857717869 -0.1072002489746315 0.3883196384206816
5081 -6.539449058214589 -0.4223644954853656 -0.2199128388944795
5082 -6.354988968863575 5.70753274880893e-18 0.1849432851186653
5083 -6.348950295527472 -0.2551444358058957 0.09792766344473147
5084 -6.282680692997431 -0.322749927874988 0.05223219573761703
5085 -6.483303451205672 1.412266659410954e-17 0.1413162922561522
5086 -7.333752977873679 -0.2889867347833408 -0.3187596839788023
5087 -4.540100643370047 -0.3921746530343572 0.1853653793796001
5088 -4.969189945038457 -0.2455658290329122 0.3621135614262008
5089 -5.828935186029892 -0.4274129282351119 -0.07783504112491087
5090 -5.971533530345107 -0.415555654460441 -0.05418945049568623
5091 -5.970347106999936 -0.4383801219702393 -0.164314637670449
5093 -6.84234300749543 -0.08809008898886819 0.01477021965531493
5094 -5.76894639605532 -2.265265789934777e-17 0.3350094024525175
5095 -5.651080153885959 -0.09997079649164929 0.3418943508025573
5096 -5.656062302435844 -2.424839369772926e-17 0.3561652699191907
5097 -7.533384540719437 -0.2469467456270875 -0.3853244897374966
5098 -5.804526197735845 -0.1285161121032166 0.3034432700959945
5099 -5.883124429200086 -2.03668299469724e-17 0.3121659306160542
5100 -7.733862313740713 -0.1873509340987598 -0.4592080099294132
5101 -7.736344779496539 -0.05927006017895799 -0.3391908048673582
5102 -5.933077526967165 -0.08350686265215271 0.2915074246773545
5103 -5.937220854478564 -0.1889024771629867 0.247869508632476
5104 -3.014265908731827 -0.4333154052110305 0.09447282014483374
5105 -3.043891244341994 -0.3669320427236269 0.3488448316118403
5106 -3.083535469624819 -0.4109695556646901 0.2124423334760768
5107 -2.304856108859593 -0.3305364295862888 0.4515515606247448
5109 -6.214685300993246 -0.4355897791202565 -0.184619630918202
5110 -5.488430520140543 -0.1873489851951751 0.330204808742371
5111 -5.501449605170649 -0.251497033308532 0.2808925349634586
5112 -7.389255215069356 -0.3046302764568802 -0.397588149723352
5115 -7.486194041981717 -0.2796272254375032 -0.4215844863007489
5116 -7.594895300545955 -0.1466719306764431 -0.3068627721734142
5117 -7.594035122685154 -0.2051106426575565 -0.3642102604707929
5118 -7.78439247422543 -0.1540846194398916 -0.4489428347356518
5119 -7.919923960192714 -0.06837082969280506 -0.4707530111602369
5120 -7.588976938713484 -0.2459339884772255 -0.4379149529234913
5121 -7.467334359132741 -0.06736054021160205 -0.2112356979885173
5122 -7.46658018611348 -0.1456644787545629 -0.2410374409009324
5123 -7.786712571086896 -0.07623730835355651 -0.3759787021601604
5124 -5.266488789936249 -0.09159278543108368 0.4080063996978457
5128 -2.334392060489557 0.3469458687924916 0.418225336143963
5129 -2.555519537771071 0.3707949582314904 0.3574617543068736
5130 -2.424657442874798 0.277549117142613 0.532812831221827
5131 -1.916429080541695 0.3927721692960524 0.3040257506534964
5132 -2.137852706126386 0.4320761876953395 0.1229644637678668
5133 -2.116504363272834 0.3742478074723933 0.3571340767153577
5135 -6.697865259415289 0.4175825491822789 -0.2753158007359142
5137 -4.97663797331293 0.09522905029249909 0.4491655072346871
5138 -5.070053632504656 0.0887100469742173 0.4379450135097777
5140 -4.289492105989087 0.4325887281609098 0.03916278297954738
5143 -4.124547563681924 0.4383047836553838 0.0003947001978152655
5145 -4.19660937882149 0.3741330798569421 0.2594345201892743
5146 -4.157057628099299 0.416886901985955 0.1313135929133979
5147 -4.368107271456279 0.4018223240558581 0.1711738473953716
5148 -4.019979932638621 0.4253546207013744 0.09964152680711411
5149 -3.912765154818505 0.4382424351912714 0.01229626327211797
5150 -4.001434644726938 0.4411759765016873 -0.030850029542828
5151 -3.878597819561638 0.3894899440665995 0.2434013266370436
5152 -3.885171484663879 0.4175281597809685 0.1455009939828429
5153 -4.040047931862685 0.3834188395169487 0.2486189855415947
5154 -3.931313480472324 0.4428744438488253 -0.06864801122788608
5156 -3.786380973565946 0.436656233942314 0.03445675293030741
5157 -3.71467751011885 0.3927907927432443 0.2442174112681886
5158 -3.54734853355537 0.3933398573950755 0.2522912393348955
5159 -3.631611390260705 0.4354513180998534 0.05260316973144818
5160 -3.378271245463965 0.3890490147320341 0.2741734070276906
5161 -3.445175606029438 0.4345067159667472 0.06875466281701298
5162 -3.210921168145112 0.380278630822356 0.3071482432035543
5163 -3.233033669839467 0.4338027960277845 0.08290813487712975
5164 -3.859891283532888 0.4431718054468995 -0.08378396687074148
5166 -3.043891244341994 0.3669320427236268 0.3488448316118403
5167 -3.016749122473197 0.4333200396164368 0.09435489179448567
5168 -2.579226083217105 0.4326835108380951 0.1114151712660417
5169 -2.431683975423699 0.401032097351213 0.2701626463475988
5170 -2.358862054020272 0.4324037542360716 0.1177654953304086
5171 -1.916429080541695 0.1757598600612019 0.6451367933979635
5172 -1.916429080541695 0.2621424144446323 0.5611442013213088
5173 -2.034672124546263 0.1996555911006602 0.6256063624551393
5174 -4.846114294177671 0.2379499249435391 0.3845422900594813
5175 -4.885535200488397 0.3057996405641256 0.3078264446549333
5176 -4.923695640638271 0.1765942122447242 0.4194500588523919
5177 -1.916429080541695 0.43163770485843 0.1271784074866077
5178 -1.916429080541695 0.3351160668711358 0.4471100437275716
5179 -7.078444271352454 0.1044513914793137 -0.0696406658175145
5181 -6.942652690239113 0.131469350871411 -0.03007987426781169
5182 -7.177146751084166 0.137534374393164 -0.1163234467937124
5183 -7.1677938135367 0.2325141653356421 -0.1692716741399193
5184 -7.271472893855764 0.1653003868616036 -0.1662685794031706
5186 -6.810710930489451 0.1412454272086463 0.01118705240207845
5188 -5.553362600342535 0.3857636664560331 0.08938279590420357
5189 -5.719826436796554 0.3909727667193792 0.05333312192362226
5190 -5.65834074752766 0.3388425483377567 0.1576560575955958
5191 -6.74385185781943 0.3051563010947352 -0.07566374381800149
5192 -6.647441107777995 0.3923680812020508 -0.1752069544618188
5193 -6.781031589853363 0.3812910434647459 -0.2050305323536702
5194 -7.420511522853498 0.2086011513891822 -0.2651773134483028
5195 -7.473519204055908 0.2637181460208626 -0.3699704125141905
5196 -7.529881997224949 0.1852523117972499 -0.3023082122719122
5201 -5.626889159826161 0.4328171480298724 -0.07964499226209035
5204 -7.473841084099523 0.1065646184764601 -0.2258315324407271
5206 -7.741303098610885 0.1647133983433223 -0.4240344701190171
5208 -5.456642559830669 0.3158892294266506 0.2195747040404133
5209 -5.471099929327663 0.2170744791944101 0.3131946409778639
5210 -5.337729712413651 0.2829911400817348 0.2751627620502753
5211 -7.791258021689046 0.08945156542117978 -0.3864933011955151
5212 -7.888070485122509 0.06950539890453339 -0.4436495308021101
5215 -7.712983188898042 0.05388326786267907 -0.3247889633273144
5216 -5.143755658947544 0.2516268957501197 0.3333349683517314
5217 -5.052808743725972 0.189942320581408 0.3936219700432378
5218 -5.015184052457434 0.3053691917600574 0.2925666992580876
5219 -6.091139511652723 0.2020974730839164 0.2062693164184128
5220 -5.976594786157604 0.2855957382339793 0.165109641258272
5221 -6.11130762020825 0.3111230339284147 0.1092014035266648
5224 -5.655593349136701 0.1107955475392586 0.3376014250576621
5225 -5.235790812073595 0.4295719207674343 -0.01776876806400296
5226 -5.088238735011887 0.4371410686371638 -0.05546722720698254
5228 -6.586707418509175 0.336306769153318 -0.05920477612078587
5229 -6.991442632008268 0.3232805809264471 -0.1944498449974771
5230 -7.019433382792282 0.2081589022869383 -0.09312816582730833
5231 -6.943116481219454 0.2528694485088513 -0.09759254302117218
5232 -4.639839586012304 0.3747739516519172 0.2190609940231987
5233 -4.778642119511168 0.350628594659515 0.2527552165228557
5234 -4.629935560497055 0.3165835267064029 0.3222477401834576
5236 -5.413414991696353 0.4370882724445877 -0.08580517120893799
5237 -5.689172075542927 0.2441149888164698 0.2561795975697798
5238 -5.57721557387534 0.3094262829868481 0.2093299291266867
5239 -5.572791902510457 0.219108620684961 0.2952188035155798
5241 -5.170682836151826 0.1264656047400938 0.4101784474882738
5243 -6.638357754796912 0.2465502182370838 0.01270157560355809
5244 -6.521504648965145 0.2500517514631106 0.04764457046826046
5245 -6.576498490037721 0.1294688363191442 0.09153707094464493
5246 -4.932329865625346 0.3883818769629003 0.1578657752553931
5247 -5.10372844558634 0.3513061679642431 0.2145907369377244
5248 -6.964727770802172 0.3816232648703839 -0.3002886133502226
5249 -6.861949204571547 0.398918436755498 -0.2957243127513869
5251 -5.878575942628195 0.3979500777528467 0.01143399868809941
5252 -5.861128411616626 0.3389915548925754 0.1234721988310671
5253 -6.004503024855773 0.3620959851981805 0.06131605339104215
5254 -6.470774319849639 0.3805650099089474 -0.09010876690230502
5255 -6.529243475674336 0.4103938947432113 -0.1767650619398689
5258 -6.856110207625426 0.2347821606414865 -0.05222204489360464
5259 -6.867504884479251 0.3172918575979032 -0.1354381751318506
5260 -5.257867706250199 0.2177510849607494 0.3451625034604643
5261 -6.72423993130394 0.2167905147563329 0.004441664970922196
5262 -6.697352684181674 0.1369432111829586 0.049910750910736
5264 -5.229579450326237 0.3880168864883176 0.1257537649569822
5265 -5.225753322834573 0.3165235406034276 0.251064835335843
5266 -5.332898985237975 0.3505809281168975 0.1866817363518664
5267 -6.22639548418617 0.2497523643460214 0.1391273830043094
5268 -6.235581597143865 0.3277818413718779 0.05913619234353085
5269 -6.372969698704674 0.2711349008601952 0.07728978042972717
5272 -6.092356209146192 0.4337515110500668 -0.1514727918506918
5273 -5.082814619309868 0.408560387819885 0.08491573433085656
5274 -4.938154075250579 0.4343215813493949 -0.02036430559661039
5275 -2.158108494753648 0.2249242139126131 0.6005544428317193
5276 -2.044617145185229 0.2956355199751859 0.5145158540792089
5277 -2.798461814899744 0.4329697097426478 0.1037159764910224
5278 -2.732341920952507 0.3983715754032467 0.2715334373274111
5279 -5.758159489479501 0.3166640141338016 0.1709813444456611
5280 -5.839911281911133 0.2400392861591262 0.2322682068625181
5281 -5.385322317467124 0.3994128275348425 0.07784659274480228
5282 -2.719893033105901 0.3275201632153073 0.4444253474565952
5283 -2.878221708236018 0.3490056734847906 0.3962072145894203
5284 -4.636161119351463 0.4173133889796182 0.09416601566856314
5285 -4.772915591709078 0.3984109985980535 0.1467341322454116
5287 -7.660627751716934 0.2103658266322642 -0.4280592874396163
5289 -4.747679294639308 0.2828969583184592 0.3516413044879867
5290 -6.440171288425427 0.3290610240129273 -0.003203350218401421
5291 -6.148694438870884 0.3916273541572697 -0.0244072675345743
5292 -6.007135273443727 0.411775605756043 -0.0484138816929019
5294 -7.203802844007095 0.3335428933364359 -0.324892032005902
5296 -4.346890243425821 0.3609725543082828 0.2752650498853847
5297 -4.492667283135207 0.3424078480397654 0.2962356563232486
5298 -4.479322436716156 0.433841125016977 0.01772155892541958
5300 -4.663936705671462 0.4385367856488382 -0.03569805374092509
5301 -2.287881422065392 0.251105024257188 0.5696355595878475
5302 -2.183941465370426 0.3091680873837557 0.4914033271778425
5303 -2.266000634125961 0.4038893548222722 0.2627575235490232
5304 -6.363582680227457 0.3967929531726986 -0.09040303392475957
5305 -6.387950295669085 0.4289928434562367 -0.1932085510493128
5308 -2.568713172022449 0.3033643000289287 0.4906433263165477
5309 -6.296408582076912 0.3723526203245713 -0.02320603527887371
5310 -5.506805990662443 0.1221164345332173 0.3592842975827405
5311 -5.378124745835395 0.1934760460288238 0.3438612609865961
5314 -4.79824675520867 0.4298866274120674 0.01997150051127273
5315 -2.903621210167105 0.4022150543004162 0.2524241445370757
5316 -6.016826095452641 0.1138873827417177 0.2644452537049625
5317 -6.086348839153008 0.08579665158940582 0.2561137116946572
5319 -7.212512022872748 0.2730512392146599 -0.2300946399971824
5320 -7.301088393780113 0.2616934396257249 -0.2605467156508773
5321 -6.235793372816995 0.4302820288687712 -0.1605139221071553
5323 -7.103954314497525 0.2015317294516025 -0.1208595675926316
5324 -6.342099486378543 0.1837968330396746 0.1456592936709613
5325 -6.230558653794743 0.1630873967402402 0.1910136221162429
5327 -6.893928262653347 0.3643946810607296 -0.2201535425193101
5328 -7.112256873081979 0.3081138478552328 -0.2279934485383197
5329 -7.070138956585908 0.358770414831363 -0.3008425892860856
5331 -5.378779960224822 0.09242318625251794 0.3901900781970078
5333 -7.061595310596529 0.2680491520422363 -0.1577650247899687
5334 -5.280818180687679 0.1264284976193173 0.3936877424699234
5336 -7.236202659766717 0.07582145660970342 -0.120694305903225
5337 -7.384980512951144 0.1270965049736754 -0.1953361441772578
5338 -7.341883418101719 0.1948359122719929 -0.2156167815894359
5339 -4.512075947884453 0.3997335134454103 0.1660000011991193
5340 -4.968045359932589 0.2461642098065632 0.3617234501494068
5341 -7.640357333027508 0.1692439113511727 -0.353488037698069
5342 -5.880206516182296 0.434302843642631 -0.1219678379715617
5343 -5.768801452022252 0.4268758598021614 -0.0668767418193328
5344 -7.627731804839519 0.1027266712012982 -0.2982564896383399
5345 -6.459825474050362 0.1574381865872654 0.1194187837518625
5346 -6.391951667228489 0.08601630909351357 0.1634156232365414
5348 -7.320868603632389 0.30910796257764 -0.3504498879706403
5349 -6.297391249875721 0.08741238433721055 0.1954198142617712
5353 -7.566429461494 0.2314368894832919 -0.3836623617927931
5354 -5.827034944149501 0.1137098798188197 0.3044287610072822
5356 -5.9812174999621 0.4359845275764038 -0.1477252174906769
5357 -5.750778736126605 0.1747292679781282 0.2921483316083616
5358 -7.343225351151506 0.074970093329191 -0.1617755027063578
5359 -5.499658557971635 0.4191212993093489 0.0006194177067469289
5360 -7.113932118837502 0.368103699751377 -0.3658773198299426
5361 -5.947498539843446 0.185279627388979 0.2478109790183638
5363 -6.176738774879382 0.09238606525503748 0.231191864722079
5365 -7.561392132383854 0.05923691590054582 -0.2511317414325745
5366 -5.463499561597945 0.05393036996033218 0.3851715220443304
5367 -7.709912090104084 0.1180366737733544 -0.3535487036950745
5368 -7.826883741086908 0.1311122759833903 -0.4561046949586012
5369 -7.595088075102202 0.2464657742896219 -0.4478845405575207
5370 -7.550219244899908 0.1166224607068609 -0.2658199779453637
5371 -7.395762183828425 0.3031254440802675 -0.3993990935166882
5372 -7.385474197947508 0.2699828914115783 -0.3198110108573969
5373 -5.93640996358772 0.07886205039746991 0.2918921351443995
5374 -6.66569571593316 0.06592039803122955 0.07652918381271556
5376 -7.276403782353905 0.3359486462154647 -0.3938037089536972
5377 -5.28411388509388 0.05643965759813981 0.4135377942084834
5378 -6.477405251451782 0.434512778279721 -0.2542544379432929
5379 -1.209586022163928 0 -0.7934782608695645
5380 -1.311154408359003 0 -0.7934782608695645
5381 -1.250798138667977 0.110301443858639 -0.7708322417243263
5382 -1.733289309740714 0.07421407973287969 -0.7830232114109673
5383 -1.663313637547366 0.1411180382809279 -0.7548305579194041
5384 -1.614656827800295 0 -0.7934782608695645
5385 -0.8364268548214424 0.1097644498373311 -0.7720194377970685
5386 -0.9435334929647818 0.1217534955035809 -0.7666283916135233
5387 -0.8610063979832205 0.2168673512543275 -0.7049510656882463
5388 -0.05888544372539293 0.09213979408110143 -0.7799058814508928
5389 -0.1591806375188404 0 -0.7934782608695645
5390 -0.1528023456189408 0.09983328673901343 -0.777296381621441
5391 -1.056858245418226 0.1312822249256455 -0.7617508775885637
5392 -1.167599206580564 0.1867732823179276 -0.7267456870161254
5393 -1.091020880794503 0.2345477442584779 -0.6857928073400332
5394 -1.156482526444798 0.09157424743536109 -0.7781079244797703
5395 -1.018838176803881 0.364271076096944 -0.4945180675403544
5396 -1.122193271801512 0.3962576822566954 -0.4085576518919298
5397 -0.9453552343534235 0.4187390885580993 -0.3469991751082312
5398 -0.5586923929906211 0.3317701657083988 -0.5728568722967766
5399 -0.4378391915418053 0.3129846641794773 -0.6048858966739104
5400 -0.5168311134964817 0.2632390161226636 -0.6646155184141654
5401 -0.3220047705411735 0.1268740105223668 -0.766478289323594
5402 -0.2674402759917831 0 -0.7934782608695645
5403 -0.3747818159705679 0 -0.7934782608695645
5404 -1.56148997772261 0.1999254650717424 -0.7138473194079344
5405 -1.564736079764844 0.1007155605033454 -0.7742085244022264
5406 -1.759787814278959 0.3732928935117825 -0.4488473647723979
5407 -1.700890406395828 0.3079791268500162 -0.583688647002969
5408 -1.819331352111805 0.3144242955809469 -0.5720746019434646
5409 -1.720698694726279 0.4355424643532941 -0.1897167988100051
5410 -1.629205243128564 0.4107280447189389 -0.3318677705927512
5411 -1.798163883610537 0.4161317573020156 -0.3032121635606468
5412 -0.4011013683647704 0.2267439860571036 -0.701868693791049
5413 -1.566902420606135 0.292374385677385 -0.6092754334834422
5414 -1.648369754597758 0.2380378820319632 -0.6769255318980474
5415 -1.842954533337931 0.08912892123996756 -0.7782867257220241
5418 -0.6255025115683938 0.1456580396887568 -0.7561459399345527
5419 -0.6431517416224704 0.2561351202720891 -0.6700076986421987
5420 -0.5227595572186696 0.1893502049060881 -0.7299233253204628
5423 -1.814763733021443 0.2458123664717111 -0.6676248915499667
5424 -0.1103676087192283 0.2539199167586956 -0.681323738946798
5425 -0.1026165257348314 0.1704263508495591 -0.7453805230072685
5426 -0.2053265533597703 0.1804514357939245 -0.7384982193910588
5427 -1.790199925144069 0.159214144237916 -0.7436295170253094
5428 -1.465315891742561 0.2609735346990038 -0.6523046336034172
5429 -0.6036974616273444 0.3922773436310026 -0.4507894763153216
5430 -0.455490119988768 0.3889505727716782 -0.4676215414074265
5431 -0.9905548108301961 0.4472851688821082 -0.1956767558709459
5432 -1.143553923438821 0.4272072167162172 -0.2939443089443728
5433 -1.147450945395826 0.4437814236907212 -0.1949813997154787
5434 -0.9228831113995318 0.3036349407422378 -0.6051813495612638
5435 -0.7869946684632421 0.2915758542715072 -0.6250969449473657
5436 -0.1940674166254046 0.4070708197957859 -0.4408107380733325
5437 -0.03072201867785393 0.3810958538362285 -0.5078334791751566
5438 -0.1373601688633997 0.3403322956731133 -0.57419849952401
5439 -1.815232704828045 0 -0.7934782608695645
5440 -1.360069501786696 0.2261923067063376 -0.6912566051552305
5441 -1.35504249837615 0.1214955314009735 -0.7656340553373583
5442 -1.465970011135523 0.1546405299310068 -0.7473152150704787
5443 -1.004453050657806 0 -0.7934782608695645
5444 -1.412800631054154 0 -0.7934782608695645
5445 -1.26858354096794 0.2000022199235802 -0.7155929759250215
5446 -1.715089545637815 0 -0.7934782608695645
5447 -1.513906666996087 0 -0.7934782608695645
5448 -0.8643937973184391 0.3665472267953453 -0.4963363333416079
5449 -0.9009026100793546 0 -0.7934782608695645
5450 -0.7441913870477976 0.1957392050391724 -0.7233141598803721
5451 -0.7343752020307467 0.09603253076113398 -0.777328259662056
5452 -1.729290049969218 0.2209027481919811 -0.6940438412165655
5453 -0.4812471759456456 0 -0.7934782608695645
5454 -0.4299827016721617 0.1205443474306426 -0.7688029283363024
5455 -0.5873302204785213 0 -0.7934782608695645
5456 -0.5287411389080698 0.0935489425578368 -0.778557862740639
5457 -0.7972015271817582 0 -0.7934782608695645
5458 -0.6926967709057466 0 -0.7934782608695645
5459 -1.107357219278166 0 -0.7934782608695645
5460 -0.2111717267379322 0.2790297940172738 -0.6532669081314662
5461 0.06098220105425626 0.09163351730492655 -0.7802820983618727
5462 -0.05025385851714126 0 -0.7934782608695645
5463 1.325448881985369 0 -0.7934782608695645
5464 1.383174202439883 0.1228300622077798 -0.7736621801942203
5465 1.447884623246198 0 -0.7934782608695645
5466 -0.9776849821152628 0.2268643717148499 -0.6945703464443049
5467 4.60086488926926 0.5977546543826426 -0.1023274003972696
5468 4.657581639745418 0.5974430060907994 -0.1082517843090283
5469 4.508335737938664 0.5978087895397125 -0.1050147767099088
5470 4.693334812673429 0.5972684020100318 -0.09967978077082237
5471 4.805252232167728 0.5961093191309434 -0.1097386032129411
5472 -1.363654920140733 0.2949739318948489 -0.6084746644681768
5474 -0.7001217225059888 0.3435875924004153 -0.5478779436596951
5475 -1.066042099048139 0.3030003858423415 -0.602701280116367
5476 -1.219184192715012 0.2798615928402269 -0.6318869844686174
5477 -0.8493514577858859 0.4507764752444841 -0.1960558315682733
5478 -1.180314661099651 0.3507282947419826 -0.5169114664783958
5479 -1.294474474701456 0.3978624500767133 -0.3939945172316505
5481 -0.6626707215575743 0.4330349014378953 -0.3189757325266004
5482 -0.7628084843660519 0.401872332348277 -0.4151539907821641
5483 -0.7928621726067355 0.4363700611283521 -0.2895615625089532
5484 -1.445347427044839 0.34998037989443 -0.5104156268226375
5485 -1.589189132890148 0.3630998413546376 -0.477550165486208
5486 -1.453830529902246 0.4094579274742445 -0.3453082406731046
5487 -1.309063834151576 0.3405732913810103 -0.5330783016601296
5488 -0.70590135257669 0.4546091512787533 -0.1962158939943087
5489 -0.5533334498612541 0.4589625256284382 -0.1961510074292933
5490 -0.3915384084506961 0.4638527796626607 -0.1958229612780281
5491 -0.5114048805381138 0.4351720150835945 -0.3269740416593654
5492 -0.3588134774601178 0.3512789470540137 -0.5476928751404591
5493 -0.07437298408402523 0.4304933310505591 -0.3862286645097084
5494 -0.168276957987038 0.4511561587377936 -0.3032456928058824
5495 -0.2897916602588682 0.2229750426459185 -0.7064932708632198
5496 -0.3205888570107636 0.2939761433510031 -0.6331269106379109
5497 -0.3418731242185937 0.4380380224535426 -0.3345678735947069
5498 -0.3205467298739266 0.3955742313505675 -0.4603353804281705
5499 -0.2482161390906 0.3507319426743358 -0.5530993941686029
5500 -0.03385944546688428 0.2976537663162487 -0.6357160565464912
5501 -0.2258498058019707 0.4691144747921032 -0.1952214632860065
5502 -0.06217615801745039 0.4745296400355289 -0.1943772468887218
5503 -0.01529138939408346 0.4601743079895538 -0.2848784216301982
5504 0.00421208571193937 0.1966460982914671 -0.7296172532275016
5505 -0.2305389810152003 0.08274878559185403 -0.7822972313760171
5506 -1.326523427047539 0.4403458807103352 -0.1938172837830275
5507 -1.52535043151589 0.4373784904038565 -0.1920280423414804
5508 0.2598375821422401 0.4856969068037396 -0.1920419234837747
5509 0.2072439956561692 0.4479200968428664 -0.3587760254844677
5510 0.09953236683170086 0.4800622135964184 -0.193307610656257
5511 0.06584569141726526 0.4382889602053036 -0.3753883787817518
5513 0.1723853353441091 0.1013916263749833 -0.7775309897361974
5514 0.2776100930459217 0.06806892639682777 -0.7864620364840489
5515 0.1701147815625069 0 -0.7934782608695645
5516 1.205699519064437 0 -0.7934782608695645
5517 1.198936936218192 0.08023922183807969 -0.7849021075783208
5518 0.1262019905184794 0.2032083331778148 -0.7262705989324167
5519 0.3091527349470578 0.2348449720171193 -0.7045764373497494
5520 0.2410313829279475 0.1735056376384856 -0.7459935247754489
5521 0.2047883082988903 0.2951084699849297 -0.6444956237904945
5522 0.1289768765153198 0.3834094909203207 -0.5116222768705242
5523 0.06973208514474367 0.302929168470682 -0.6319678790168222
5524 0.7332448690582265 0.5029837151394075 -0.1871578259025918
5525 0.7167310168760999 0.4790611068464007 -0.3077697442415429
5526 0.5773012459508337 0.4972040227582278 -0.1889508806357682
5527 1.037985960855665 0.5144249708527454 -0.1831504786929549
5528 1.03469117516147 0.4717226787084219 -0.3685609079832244
5529 0.8864959609585544 0.5087190660733111 -0.1852267838059151
5530 0.5475583189493378 0.4624216218530686 -0.3472300457781527
5531 0.4190099966472397 0.4914162634282285 -0.1905854202662065
5532 1.057441562416601 0.2254002732049838 -0.7206970807712532
5533 0.9866930050710522 0.322171681206705 -0.633196048432017
5534 1.147641345435384 0.2955489264772233 -0.6646406999042906
5535 1.085323541185122 0.3831179554836687 -0.5563108411526579
5536 1.271539360424653 0.3505463453372563 -0.6074667021299662
5537 0.8556576226965438 0.4602962021640701 -0.3847231736399727
5538 0.8312621879514701 0.3774582477372099 -0.5545969328549977
5539 0.8691668580518102 0.2971127570126064 -0.657374772149076
5540 0.7212764592349785 0.3058406114857486 -0.644826563219039
5541 0.3787623166569076 0.4470481423527269 -0.3785531816131276
5542 0.5404247448876751 0.4055708045237645 -0.4908719350942736
5543 1.308763442860371 0.514580975067827 -0.2412989661407055
5544 1.349159281617883 0.4768829720051461 -0.3831351259376631
5545 1.229135600382735 0.4717131658999457 -0.3866849656878198
5546 1.474910954513086 0.4037898482546319 -0.540496299338783
5547 1.34514273077372 0.4180578553479217 -0.510864717823817
5548 1.45808856760811 0.4606776022890172 -0.4323308081726293
5549 0.73623245065076 0 -0.7934782608695645
5550 0.6212012981498176 0 -0.7934782608695645
5551 0.6136895248750309 0.1061591752543183 -0.7770512769775787
5552 1.451145855178752 0.1152830177895377 -0.7762213190054459
5553 1.460160367626732 0.2230434094110123 -0.7263091623956364
5554 1.288708965362379 0.1475394685340273 -0.7642832854679974
5555 1.363119803157248 0.2526731315824436 -0.7047246404235497
5556 1.471324830074258 0.3231838881840639 -0.6437308973550638
5557 1.180269206291909 0.4247746794460354 -0.4898639176140636
5558 0.9317064742942143 0.2195623694960119 -0.7233321655110432
5559 0.8752258247153648 0.1183112863973728 -0.7737579379894188
5560 0.7984766246776371 0.2261694186393082 -0.7172907098809704
5561 0.7523000326306581 0.1183669396168528 -0.7733867099717859
5562 0.8522066230171781 0 -0.7934782608695645
5563 1.086919062514522 0 -0.7934782608695645
5564 0.9937060752569651 0.1173740825064507 -0.7744004947205489
5565 0.969070706455022 0 -0.7934782608695645
5566 0.05946810336559644 0 -0.7934782608695645
5567 0.5070721876075742 0 -0.7934782608695645
5568 0.5398371676499647 0.2158378599228238 -0.7217358359272867
5569 0.6621399179024818 0.2204246244552553 -0.7198401245796675
5570 0.5719109978538957 0.3205112824121724 -0.6241034213407056
5571 0.6998378962386612 0.4291906999758305 -0.4508076589601104
5572 0.3592355124027632 0.1367127467466328 -0.7649265168440909
5573 0.4171926755155706 0.2289010067212965 -0.710685125916876
5574 0.4760863764385032 0.1179848966265006 -0.7727039086210682
5575 0.3938675945982232 0 -0.7934782608695645
5576 0.2755957897157582 0.386978847571487 -0.5124258841048467
5577 0.6710831449105925 0.3702468872785254 -0.5592141268895128
5578 0.2816267122325675 0 -0.7934782608695645
5579 1.096476965262744 0.1216753015507649 -0.7732471615728508
5580 1.177546060521259 0.1909134210140679 -0.7429906517329853
5581 0.4230430220488504 0.3705068838541187 -0.5483662025297198
5582 1.155499666738089 0.500965990614276 -0.279993716088324
5583 1.183990164234498 0.5199394970698445 -0.1810093685320165
5584 0.3361456543649697 0.3132984224879407 -0.6264087584871461
5585 0.4670522962522937 0.2950693026693266 -0.6506394735794054
5586 0.9549615482868058 0.4149905706994693 -0.4959724180655369
5587 1.259075505103717 0.2550965562743542 -0.7015059624574558
5588 -0.6556237780810236 0.06608721040095875 -0.7859698464401036
5589 1.405433735584215 0.4968150739243472 -0.3280106131948773
5590 -1.438897957077905 0.07374746014829051 -0.7833203441386347
5591 -1.28734889838095 -0.3623098416384689 0.5
5592 -1.335398230327629 -0.3477036006677017 0.4736857929118927
5593 -1.29562217205397 -0.346019532834778 0.4357951646918006
5594 -1.38969265178528 -0.3302810315038394 0.4634018711416393
5595 -1.383948352277994 -0.3369516834632237 0.5
5596 -1.479455868844771 -0.3077839761379908 0.5
5597 -1.217482659420713 -0.3723238673242589 0.457784790037953
5598 -1.1022220033387 -0.3679598804506816 0.3958293132248644
5599 -1.127410737154307 -0.3874362192653802 0.4484006167339529
5600 -1.199532398290167 -0.3581324732875626 0.4138032796066144
5601 -1.09149165216315 -0.4012385274282141 0.5
5602 -1.189846298458304 -0.3837941862587153 0.5
5603 -1.050192902511937 -0.3978155671765744 0.441205273008728
5604 -0.9924745660298229 -0.414301040202864 0.5
5605 -0.8924919178783763 -0.4224927852943966 0.5
5606 -0.9409981087725485 -0.4154100607195514 0.4598113003625743
5607 -0.7874850132999669 -0.424979272554332 0.5
5608 -0.8421866224730579 -0.421812115263222 0.4624119679930463
5609 -0.8115300169672797 -0.412213768844674 0.4155425744632844
5610 -0.7162082854311552 -0.4170168970327932 0.4266707432357208
5611 -0.8869372333946387 -0.41246535990984 0.4302323760375721
5612 -0.9919114296237067 -0.404289446635514 0.4368832790065167
5613 -0.1893648849447518 -0.4119634120232201 0.5
5614 -0.3640972171299598 -0.4169662657944401 0.5
5615 -0.2558621717072107 -0.4110782449402656 0.4325160822372096
5616 0.1197779411816729 -0.3968346312419925 0.3972846301114745
5617 0.06205832261879143 -0.4028193443367333 0.4447107542446448
5618 -0.03351186098762058 -0.3991863051847083 0.3829691593595671
5619 0.2819432743583307 -0.3936999445756459 0.4128746470407631
5620 0.1845645650094551 -0.4006057848220066 0.5
5621 0.3791193432538906 -0.3948197543419572 0.5
5622 -0.005771216583375954 -0.406414427356583 0.5
5623 0.4516560228442724 -0.3900600435242635 0.4287034086221418
5624 0.5738065762771263 -0.3893698707242963 0.5
5625 0.6237410611940065 -0.3862959896276603 0.4435131329645436
5626 0.7628169122854296 -0.3845813989330622 0.5
5627 0.7943208808785034 -0.3827824099698603 0.4574194145303139
5628 0.9449362287454222 -0.3806160755914667 0.5
5629 0.9626618944729125 -0.3796838005479439 0.4695235145423613
5630 1.119758906680114 -0.377605145694366 0.5
5631 1.127805289386209 -0.377209208922818 0.4798283943248919
5632 1.287021208600565 -0.3756821490112395 0.5
5633 1.289075055609844 -0.3755602144110518 0.4881431242112841
5634 1.446721311475411 -0.375 0.5
5635 1.446721311475411 -0.3749749723374844 0.4944607338794025
5636 -1.001676700274784 -0.3763866231904928 0.3806932556169423
5637 -0.9440495304484662 -0.3990222846182759 0.4081699336779127
5638 -0.8971189083978963 -0.3837551748895991 0.3680681721707067
5639 -0.7898959907212061 -0.3899741362911181 0.3584479622259574
5640 -0.6792069502333399 -0.3946277260271669 0.3532312519653346
5641 -0.6022664494172321 -0.4168409209421555 0.4262788889911104
5642 -0.6673191664190292 -0.4238113198419093 0.5
5643 -0.5630614552488367 -0.3978908680134711 0.3522323876275999
5644 -0.4765453807187526 -0.4151732296486624 0.4255589850540982
5645 -0.5259120077020445 -0.4210588708082968 0.5
5646 -0.4411719957493733 -0.3999318985420846 0.3550206138014406
5647 -0.3625383155254548 -0.4118624865207716 0.4167002163948344
5648 -0.3132853404087281 -0.4008074150074817 0.3612851165853139
5649 -0.1775205919692731 -0.4005442320159657 0.3707541644819062
5650 -0.1980069920378072 -0.1602808839185867 0.9340427056970952
5651 -0.1345698852301824 -0.07439271801138278 0.9696292835282758
5652 -0.2574089247569541 -3.32204567727388e-17 0.9664199709821322
5653 0.1818995960854275 -3.084104329186867e-17 0.9969069063723275
5654 0.1583075085696918 -0.0893450671494945 0.9830814071936971
5655 0.2890613700720845 -2.885770285216022e-17 1.000436103420806
5656 -1.286898359246188 1.852524474621231e-17 0.7278888042501929
5657 -1.219948169157099 -0.1110804032020791 0.7339402798679069
5658 -1.177452237985168 2.180442979879313e-17 0.74633103240413
5659 -1.34800173304915 -0.05695645552008663 0.7175224816971294
5661 1.446721311475411 -0.3595338472597577 0.6353351340566182
5662 1.254327131458929 -0.3457727083081042 0.6943303931025062
5663 0.4391128720800921 -0.1659302975223945 0.9566848338504248
5664 0.5260871091033597 -0.09272176897450773 0.9895021421378583
5665 0.3955170057143712 -2.655359228497514e-17 1.002760981835831
5666 0.770652679037063 -0.1236097173795068 0.9760419364072218
5667 0.881248612827735 -0.1410619443130696 0.9653283055403534
5668 0.8156222221935583 -1.554870230592684e-17 1.002066972947685
5669 1.315593317480094 -0.1459381541909545 0.9452419606862571
5670 1.379354490855282 -0.2024381442368379 0.9036771460922173
5671 1.446721311475411 -0.09887197806460522 0.9582876705550911
5672 1.072333178779032 -0.1309420347171605 0.964162024636617
5673 1.145702523921588 -0.07080306148687754 0.9829738330429438
5674 1.02416359759328 -9.762865913579775e-18 0.9965156501007227
5675 1.33947977370374 -2.012588816775131e-18 0.9818289272306127
5676 1.446721311475411 0 0.975
5677 1.446721311475411 -0.3203930800420385 0.7468189569727501
5678 1.364848059919716 -0.3188427384056914 0.7542167868285051
5681 0.4901444097480574 -0.3728818076893109 0.6737198892293343
5685 0.853459179607289 -0.3671335072682292 0.652129852681171
5686 0.3652734338188983 -0.3689072193165219 0.7017292662922496
5687 1.086089716698385 -0.3577056716120841 0.6667584210650821
5688 0.9825840486758435 -0.370952068436553 0.6149246173678946
5690 0.7210779469503217 -0.3551311162982786 0.7110005902670472
5691 0.6363006577368875 -0.3808679437722933 0.6080058468623759
5692 1.089488042111325 -0.3113780777642651 0.785470186047157
5693 1.189020295702576 -0.28090477350096 0.8288311223483908
5694 -0.7295253485203156 -1.047557612827694e-17 0.8776866082625042
5695 -0.717028371527668 -0.09640111941543023 0.8709995996013573
5696 -0.6051033700807127 -2.160037000878321e-17 0.9115525475478687
5697 -0.3111197340627725 -0.4075046336828678 0.6056645054632367
5698 -0.4551021938939728 -0.4128602613226232 0.5879280973582912
5700 -0.9541134601711607 -0.2784750155350574 0.7272303550570699
5701 -1.080108516219797 -0.1943775831962538 0.7413719525900463
5702 -1.066094146414942 -0.2917075232396189 0.6941690969039241
5703 -1.021252378091901 -0.3540211762064657 0.6453634195823383
5704 -0.08100304107922737 -0.2553386852101622 0.8793249574427524
5705 0.07938123135454084 -0.2078363464233535 0.9229475885225009
5706 -0.04809938703391158 -0.1460863960783664 0.9516417025892177
5707 0.05003668083518395 -0.09836483092271951 0.9754458552915087
5708 -0.03536328884321965 -3.344732860051265e-17 0.9855112177345722
5710 -0.1538074835779034 -0.4014459641615858 0.6215599881116204
5712 -0.9153803508071066 -0.3775013041951371 0.6379219940462847
5714 -0.6053276303479882 -0.413365353086383 0.5921292552010798
5716 1.304523050686428 -0.2696310747861612 0.8378104580313637
5717 0.9530451767132531 -0.2616704001047221 0.8658966426820717
5718 0.8196533182810251 -0.2378477132769313 0.8967189351261664
5719 0.7111495624250258 -1.845141101713877e-17 1.003596371957651
5720 0.6064250525702249 -2.128875022217278e-17 1.004258002698832
5721 0.6499835793265574 -0.1352486362527717 0.9723463182799525
5722 0.334835696482023 -0.2416587760049483 0.9012682053097067
5723 0.4413361692548344 -0.2978324709208473 0.8389475337186687
5724 0.2765100070700569 -0.391809667936672 0.6054712411163055
5726 -1.03379823791983 2.113257467002431e-17 0.7759957555562218
5727 -0.9467767211607625 -0.1337676752973699 0.7866405748604119
5728 -0.8690223511319208 9.51056615860304e-18 0.8240543239042299
5729 0.2371399594180001 -0.1543730872956587 0.9598766536882506
5730 0.2079393966716631 -0.2480627873843723 0.8945040595219697
5731 -0.5792109086073498 -0.1309822475510095 0.8950182570034934
5732 -0.4861270130465935 -2.78656668226349e-17 0.9351452007335455
5733 -1.093902414596383 -0.08778280567080993 0.7593243017518998
5734 -0.8578054359324944 -0.2410327483473291 0.7724006141031744
5735 -0.3561708815458822 -0.2156061660728643 0.8877217001465391
5736 -0.2245363649610922 -0.2530078840439433 0.8725701184841341
5737 -1.32947005636154 -0.1714107752178845 0.7028791968080449
5738 0.6049106407444709 -0.358892522368784 0.7105492335839594
5739 0.5780627324877015 -0.3129609520778366 0.8119940673449499
5741 -1.338703625620352 -0.3236441725646427 0.5846789259224385
5743 -0.5104580683158633 -0.2555640985081375 0.8405854845986849
5744 -0.4016424329360286 -0.3205580389267861 0.7924810174287148
5745 -1.040074628769458 -0.3959795525901461 0.5684285422830158
5746 -0.9632994152108796 -0.4040955197677857 0.5736006985421902
5747 -0.2997600101737098 -0.3032046111863325 0.8200657088536776
5748 -0.1830908127752585 -0.3201542796856672 0.8071114130516617
5749 -0.07629700386808344 -0.3550434373637746 0.7563093702986465
5750 -0.2825179828482533 -0.370783484710692 0.7231146691380749
5751 -0.4109754065402975 -0.384406711004035 0.6891863671793793
5752 -0.5155620152023895 -0.343731239667632 0.7524526384226454
5753 0.2757772250419563 -0.3172135181406049 0.8153768347963219
5754 0.1360920818899965 -0.2950704962702594 0.8453697857697204
5755 0.02776688853811515 -0.3085831573624735 0.8277095770349603
5756 -1.435272016320157 -0.1848139835692326 0.6765498564562633
5757 -1.427758203205661 -0.08430574248794563 0.7032496238508312
5758 -1.380598785069881 -0.2527551650330333 0.6485486254431273
5759 0.07814595718735386 -0.3962223563002952 0.6161723935798877
5760 1.233755190768247 -4.375352745202114e-18 0.9876193157503321
5761 1.128804959615218 -6.984732631179359e-18 0.9924936902331627
5762 -0.7316440546685904 -0.4063432448713925 0.6111540935510897
5764 -0.7224750822678647 -0.3540052752685255 0.7097761457612688
5765 -0.8307915367233831 -0.3447363587690151 0.6983410947936057
5766 1.18358848736064 -0.1580681515745482 0.9449194751097562
5767 1.251917700488312 -0.07979878042175573 0.9755790968103216
5768 0.9199416559905889 -1.263381661772682e-17 0.9997010751458848
5769 0.9771353159049549 -0.08625610277349571 0.9849416198206372
5770 0.5012363563909533 -2.400932790227945e-17 1.004002912270852
5771 0.5555844061353442 -0.215506847931287 0.9224738584418268
5772 0.3444995416657104 -0.08918257287660696 0.9885645617317569
5773 0.07382057031711048 -3.241089943047675e-17 0.9920067529832999
5774 -0.6269914567389313 -0.3775186732272396 0.6875555761586633
5775 -0.1456908665939828 -3.379026201853532e-17 0.9771254252566572
5776 -0.3707667077193116 -3.141557683556713e-17 0.9527622586040418
5777 -0.3029750809277271 -0.1019195705455267 0.94621054267022
5778 0.6885695000458196 -0.2734922545432532 0.8624354124973426
5779 -1.515346700219404 -0.1066737801198619 0.6849249006248117
5780 -1.569447483465561 -0.1684884715259023 0.6509664540683429
5781 -1.50543686454922 -0.2070448868499833 0.6459646655971132
5782 -0.1741548144006499 -0.3691254594837532 0.7279143394347563
5784 -1.226852353050123 -0.3432146289578278 0.6002101519732079
5785 1.446721311475411 -0.2605711188949227 0.8414667853403298
5786 -1.226556645177225 -0.2823007571062007 0.6653430268640047
5787 -1.298412705903511 -0.2709693859878863 0.6563480519106475
5788 -0.5242475237640001 -0.3930261343417563 0.6628732353128384
5789 -0.626764508258578 -0.3120308052373721 0.7739661265348465
5790 -1.442459444571872 -0.2865990480576104 0.592091698905469
5791 -0.3962205216832452 -0.100506263384134 0.9349875006790764
5792 0.02991261946987733 -0.3678607212964254 0.7270468583274003
5793 -0.03248555949891434 -0.3955356643156926 0.6377165036598857
5794 -0.6544471517938306 -0.2203610698145606 0.8385907200326723
5795 -0.7985628605114333 -0.1607960582872349 0.8257707037266468
5796 -0.7512280145448311 -0.2799907008996594 0.7769025325494536
5797 0.1766704789287695 -0.3900726202796387 0.6364980686045801
5798 0.1382951169543299 -0.3559236371009714 0.7504348960048652
5799 0.2476530173364805 -0.3674320362118817 0.716067387373031
5800 0.9870418191352176 -0.1750044992066275 0.9421958134790939
5801 1.089603399178654 -0.2309671495368869 0.8926962042146923
5802 -1.219946804284876 -0.2095908108622008 0.7094235928957843
5803 0.3410301689435268 -0.1640881580032797 0.956771875965542
5804 -1.546289186044135 -0.2760965305243702 0.5452825113744303
5806 1.446721311475411 -0.1848223100726331 0.9133150923206483
5807 1.230380401572835 -0.217954995430785 0.8981935807039305
5808 0.9611009932762404 -0.3347878878268562 0.7453791140609384
5809 -1.154823366021627 -0.268354238964106 0.6914695397081119
5812 1.187027032046666 -0.3701259289274013 0.5946906493270414
5813 0.8300345732633214 -0.314775184930309 0.795496882741209
5814 -1.124793202443001 -0.3736040762657871 0.5864731293637919
5815 -0.8336461008280207 -0.4078361308456351 0.5941822881356298
5817 -1.135276413225126 -0.3272509278779113 0.6472641771353596
5818 -0.4712128450216488 -0.1510503161096953 0.9064426689639162
5819 -1.579290126409904 -0.228939789423785 0.5998817449093152
5820 -1.515105263357788 -0.2558283768188205 0.5983487952021072
5821 0.7295487650912078 -0.2024648303721684 0.9298489633858102
5823 -1.226324918832372 0.1120371661773856 0.732750524482652
5824 -1.347887416300509 0.0569071019259514 0.7175421021364314
5827 0.5224646916915556 0.08123047481761372 0.9928925912992899
5829 0.2388833423575955 0.1555305608755317 0.9593282093563917
5830 0.1569922100549032 0.08944018303005347 0.9830022249322394
5833 1.142096761280338 0.07392690245773853 0.9823304630204829
5835 1.446721311475411 0.09887197806460468 0.9582876705550913
5836 1.317254948812048 0.1448245977088563 0.9457529338848184
5838 1.446721311475411 0.1848223100726329 0.9133150923206483
5839 1.37989055918912 0.2021621531446212 0.9038725320014496
5841 1.446721311475411 0.375 0.5
5842 1.287009094231738 0.375682247658835 0.5
5843 1.446721311475411 0.3595338472597577 0.6353351340566182
5844 1.275510206046785 0.3458602185145562 0.6927001012227225
5845 1.369169888961795 0.3182486613471433 0.7551965929964677
5847 -0.7326556000019664 0.08995774433581127 0.8675554371539356
5849 1.13231316744583 0.3252454374952217 0.754899319414275
5850 1.192621499435907 0.2758583167105895 0.8356544273027303
5851 1.178023814485316 0.3663678979905848 0.6188310365002264
5852 -0.575662615797526 0.1392138860232623 0.8928281670269385
5854 -0.9492723720231709 0.2670154398419552 0.7355083673487468
5855 -1.01269552037127 0.3525098746806392 0.649211342780494
5856 -1.080815232536499 0.29733923036169 0.6867401238647595
5857 -1.089447601815613 0.1942321088935649 0.7396020623560915
5858 -0.06285352702177543 0.2465866702933888 0.887603278151709
5859 -0.0699393416982914 0.1374359207526134 0.9540326438267555
5860 0.07640246829441795 0.2054573298809574 0.9244646263949828
5862 0.04333804503185439 0.0986278349583794 0.9750116407210971
5864 -0.9101201749159169 0.376566681904446 0.6404794809488248
5865 -0.5258493078116622 0.4210574407031345 0.5
5866 -0.6672737466335167 0.4238106245472383 0.5
5867 -0.6156970802312576 0.4135548328815154 0.5912531659017535
5868 -0.5305665712894094 0.3903011002097981 0.6693268445170005
5869 1.307744017686874 0.2692291917884416 0.8381589230062118
5870 1.119735150966798 0.3776054914915927 0.5
5871 1.053132376640062 0.3585099159244491 0.6667101843599512
5872 0.944910194583548 0.3806165874140321 0.5
5873 0.9351648237959963 0.374647793684415 0.5970414393883439
5874 0.9683968849109776 0.2354579221098297 0.8935389602180177
5875 0.9355822099725523 0.1412572373411284 0.9637037046868793
5876 1.058733011460409 0.1493582079913461 0.9551795236786967
5877 0.3792597892206874 0.39481567824922 0.5
5878 0.1847024128346674 0.4006016083766548 0.5
5879 0.2749428476326532 0.392125895929531 0.6033005447922363
5880 0.3685797207198402 0.3776973777011025 0.6689745907213822
5881 -0.8592691778310513 0.1478977826868509 0.8086759595856268
5882 -0.9805908432117614 0.1236951831838058 0.7799562775937812
5883 0.4524446912476473 0.1559502670771075 0.9622969004807371
5884 0.5147909828491229 0.2518674492419045 0.8904487391020682
5885 0.3517951912719937 0.2484711966133007 0.8950636123774562
5886 0.6042068778088705 0.1764627008986034 0.9499595874913631
5887 0.2056848736980815 0.2464384958069469 0.8959220000063222
5889 0.72912573851331 0.1069419165412612 0.9834678505682488
5890 0.6306387513380365 0.08226753448046555 0.992519301792923
5892 0.7378978376474364 0.2102294693275277 0.9235572134928094
5894 -0.531282854940757 0.2591416040859505 0.8348446149817599
5895 -0.6335272385683739 0.240627640739093 0.8304193686831962
5896 -1.106483611691095 0.08538945298545897 0.7570134608018841
5898 0.4721331256052272 0.3857746611001902 0.6068486639844621
5899 0.5739074244008051 0.3893671675827532 0.5
5900 -1.34744499820128 0.1723300630018916 0.6992526248769753
5901 0.5971754750101395 0.3328953075335629 0.7751847805923893
5902 0.4616049717376731 0.3064632458829394 0.8263566697762671
5903 -0.9610184643297369 0.4040159745517959 0.574536825154318
5904 0.6420925246969074 0.2665494133715864 0.8720187261852346
5905 0.7628327960977016 0.3845810225316144 0.5
5906 0.6847833590022562 0.3730063861468446 0.6467899796464247
5907 0.8160080073475632 0.3608933578818805 0.6820771850289256
5908 -1.189834440840662 0.3837965477176773 0.5
5909 -1.123850103431221 0.3664948409937921 0.5995621947347133
5910 -1.091475670469868 0.4012410080860461 0.5
5911 0.2389994224708191 0.312921154539284 0.8221648620961201
5912 0.1196980440214753 0.3587343663848707 0.7449626520076725
5913 0.1236655783462626 0.2943225276981133 0.8461433705249138
5914 0.01428993724782561 0.3126206332112602 0.8223794903776227
5915 -0.02328909189189561 0.375056661879646 0.7106698109482773
5916 0.06357135666012967 0.3970002437441955 0.6136886472380766
5917 -0.005651688582085534 0.4064107743085329 0.5
5918 -0.09654162304604041 0.4034677974400682 0.5987370157078704
5919 0.7475871061631427 0.3114125329920774 0.8060798682865562
5921 -0.2378921657637932 0.3639667703726658 0.7377175694339668
5922 -0.1348656604395001 0.3218950523775047 0.8067319333581978
5923 -0.1471717763361045 0.3826338858439546 0.6941054718179583
5924 1.189636003885077 0.1611265085830605 0.94279809971117
5925 1.252102453286068 0.07948427247908055 0.975658046910957
5926 0.9883733248892926 0.07582217755303965 0.9875824731467867
5929 -1.464511034257336 0.2134582950735096 0.6534315012883429
5930 -1.365649502572448 0.2836582723669487 0.6253526326347966
5931 0.3469622776119423 0.08914607578065931 0.9886233795517042
5933 -0.7874526409258286 0.424979189193292 0.5
5934 -0.7287034829882824 0.4099496975011473 0.6002693555124129
5935 -0.7265360781660102 0.3583161424393725 0.7032859901922655
5936 -0.640482706819997 0.3823923612029644 0.6768663726940668
5937 -0.8278836324326475 0.2493047810053161 0.7761331602332526
5938 -0.7291391630745478 0.1917324026465551 0.8352866813606197
5939 -0.3640136014789827 0.4169639843097523 0.5
5940 -0.2634159430732753 0.4046879221156928 0.6165208198757364
5941 -0.1892624110311226 0.4119603719210959 0.5
5942 -0.3397374034702539 0.3675832471490669 0.727642313184016
5944 1.446721311475411 0.3203930800420385 0.7468189569727501
5945 1.446721311475411 0.2605711188949225 0.84146678534033
5946 -0.2996971698373671 0.2984262220102748 0.8251158646632913
5947 -0.3218997174243783 0.204226313841545 0.8984682022620949
5948 -0.1947861561878024 0.2201097129816196 0.8994982015950548
5949 -0.8329507618452801 0.3323351699249753 0.7110166579917926
5950 -0.7281910972519146 0.2883681650936763 0.7757435201307358
5952 -0.2983631011757 0.111679449004979 0.9437112950324447
5954 -1.427291434278041 0.0841750360769342 0.7033376875880457
5955 -0.4064166872478617 0.397474973934822 0.6531615754525747
5956 -0.4523691853847077 0.3312859642464782 0.7749091278651686
5957 -0.6045829053627757 0.3260305737088581 0.7626937799242373
5958 -0.4299362715194864 0.2302631654192754 0.869427084427794
5959 -0.4335510940446785 0.1292405110252744 0.9205100032289795
5960 -0.8127518560960042 0.3882829103647812 0.6407242323252145
5961 0.4738882124126734 0.3562411640160515 0.7296787371821358
5962 0.5692734440221984 0.3758690278851028 0.6495522638907111
5963 0.8830140737557598 0.3033576092402188 0.8118846493975796
5964 0.850218119561132 0.2257157592303167 0.9071376897520984
5965 0.1741743139239296 0.3899102588864185 0.6377954035706576
5966 0.2540612738422764 0.3646221214352163 0.7234296465058921
5967 0.3566937568244748 0.3308476019486417 0.7910773006818635
5968 -0.4629709852057112 0.4140736796145584 0.580732202262118
5969 0.3465246490698159 0.1649310085476582 0.9563785368919289
5970 -1.546112315714797 0.2762262735629162 0.5451124889440908
5971 -1.579286293794272 0.2289661190623846 0.5998542938772164
5972 -1.226583033952708 0.2118393296344196 0.7072174387715437
5973 1.247899907491126 0.2157454641209643 0.8992962130912481
5974 0.9363911936451803 0.34676420331962 0.7162036177506927
5975 -1.219999774271077 0.3097642982474476 0.642736579066177
5976 -1.154841264521658 0.2573543717922281 0.6983394925296438
5977 -1.569418355847717 0.1684190992308518 0.6510124806035985
5978 0.8264130849661548 0.1298587406606603 0.9721185328408097
5979 1.07348149227473 0.2588206909338136 0.8635426508338218
5980 1.007720092007221 0.3097080122326715 0.7936355741316273
5981 -0.9924543995074048 0.4143032169224543 0.5
5982 -1.037432263142086 0.3955316124644572 0.5706580484452308
5983 -1.515347647086656 0.1066738366182144 0.6849247105322402
5984 1.128228837413074 0.2132804495918698 0.9072581960575189
5985 -0.3972479776309931 0.06125850871181891 0.943768697383504
5986 -0.1811258689489569 0.1188143035011661 0.9528206552759202
5987 -0.8356741548127036 0.4150645705620796 0.5711659308502082
5988 -0.8924666434008056 0.4224941694959152 0.5
5989 -1.449227052322707 0.2944866653623274 0.5767421291103159
5990 -1.479455868844771 0.3077839761379907 0.5
5991 0.8770108473201138 0.06799505556619562 0.9926662102734447
5992 -1.296324149222881 0.2516337006062606 0.6710142917529651
5993 -1.311586413028708 0.337324779588482 0.5736260499053916
5994 -1.287341092744864 0.3623117264271096 0.5
5995 -1.38394457043081 0.3369527565260995 0.5
5996 -0.221245024148229 0.05803455320948837 0.9651168525503522
5997 -1.22593565802281 0.360288416605157 0.5700730292049849
5998 1.44672131147541 0.3749749723374844 0.4944607338794024
6000 1.591906028819202 0.3744155516092165 0.5
6001 4.822516479811023 0.3297862381778921 0.5
6002 4.938311892598544 0.3279786123353544 0.5
6003 4.91347807525052 0.3273824173800513 0.4716083770581022
6004 5.16882222069721 0.3243713753283143 0.5
6005 5.144161193499182 0.3232002349752027 0.464497108151973
6006 5.053744214631626 0.3261734825032829 0.5
6007 5.266196147800796 0.3219632978085187 0.4733484804604057
6008 5.283665838444522 0.3225711059742192 0.5
6009 5.021386867728911 0.3242658942949919 0.4556944516345003
6010 4.810924856057144 0.3297243529488256 0.485859196178915
6011 4.702138734612285 0.3316613589209805 0.5
6012 5.387896560276107 0.3205418303351562 0.4822143172543485
6013 5.512831659394077 0.3189762897113663 0.5
6014 5.63080242919245 0.3171263203748078 0.5
6015 5.50929603020198 0.3189321386468962 0.4910801022928392
6016 5.398432833917711 0.3207709441917932 0.5
6018 1.591906028819201 -0.3744155516092165 0.5
6020 4.913489085144594 -0.3273820987629953 0.4716062722535055
6021 5.021385432960519 -0.324265905020849 0.4556943428249087
6022 4.938311892598544 -0.3279786123353544 0.5
6023 4.822516479811026 -0.3297862381778921 0.5
6024 4.810923551368547 -0.3297243607125891 0.4858588292978525
6025 4.702138734612285 -0.3316613589209805 0.5
6026 5.053744214631626 -0.3261734825032829 0.5
6027 5.144162951440274 -0.3232002139208506 0.4644971833724384
6028 5.266159221861105 -0.3219636991024538 0.4733457767664691
6029 5.16882222069721 -0.3243713753283143 0.5
6030 5.283665838444525 -0.3225711059742192 0.5
6031 5.387850465779241 -0.320542403940396 0.482210932287585
6032 5.509276738895249 -0.3189324050297074 0.491078477623592
6033 5.398432833917715 -0.3207709441917931 0.5
6034 5.512831659394077 -0.3189762897113663 0.5
6035 5.63080242919245 -0.3171263203748078 0.5
6038 1.59061041464144 -0.3675257349360208 0.5886538464694032
6039 5.023391696670247 -0.173888759213644 0.81467453532352
6040 5.145516433038893 -0.1922753631658871 0.7971943130409327
6042 6.620582348224406 -0.2641736604725831 0.6645150570129557
6043 6.712330750140266 -0.2923814455120212 0.5795340961267311
6044 6.716340955156705 -0.2504413192857262 0.687187535789868
6047 5.572485766130716 -0.3078676671591816 0.5893029086845198
6048 3.145013541782596 -0.09412531733725954 0.9015977014099534
6049 3.203383077906481 5.503624654307486e-18 0.9143927574098856
6050 3.092783374123719 5.508208238806625e-18 0.9173088247915253
6051 2.030845149175163 -0.3698057833793282 0.5185522822576377
6052 1.937556924121596 -0.3548251237878161 0.6307755163850179
6053 1.886864301006163 -0.3715997435715903 0.5124647959909858
6054 5.347115420394557 -0.2950883752746783 0.6433337468610738
6056 5.466512415211607 -0.3012227133207938 0.6199871735112226
6057 6.824295172713179 -0.1574772543218567 0.7848366534267522
6058 6.869332351107473 -0.06158349967264788 0.8190446529535251
6059 6.770455255482147 -0.07094057090709899 0.8281333625288163
6060 5.231832042756769 -0.3106482798631136 0.6005840131862477
6061 5.225082452773691 -0.2648162236449076 0.7094109201279419
6062 5.124865354343722 -0.306387422716873 0.6216896606774813
6063 3.424555534454327 5.442581072774496e-18 0.9086993086206685
6064 3.313816394817567 5.481313432849775e-18 0.9115281469401865
6065 3.365802093670218 -0.1365250230758588 0.8787378750522903
6066 1.578185991112542 -0.336341852548031 0.7044670970278314
6067 1.550798654213456 -0.2873244667341645 0.8000847826985383
6069 2.086863032611679 -0.3546395569630637 0.6231652257553445
6070 2.173107751333422 -0.3678476480924338 0.5244380688639489
6071 1.741006885155275 -0.3731715205997823 0.5062453711066319
6072 1.706909863937541 -0.3493905141575162 0.6615318431211999
6073 2.247836963665363 -0.3449019904224693 0.6497731674140421
6074 2.313850297235055 -0.365760856714753 0.5300902921514303
6075 2.419681186745766 -0.3412657823929726 0.6527141818863184
6076 3.00117593812621 -0.3541250662255841 0.5542285016806648
6077 3.136191245860739 -0.3516696954703549 0.5581239730764621
6078 3.05161345683115 -0.3381566125284612 0.6298154012071457
6079 2.86543758906171 -0.3565580713287196 0.5499971971546024
6080 2.921329042595829 -0.3317263075272551 0.6566646080463119
6081 2.778831984997951 -0.3444756000185581 0.6225156150627171
6082 2.728864213043563 -0.3589545998264562 0.5454487868327406
6083 2.327157751392415 -0.3064196518971263 0.7381817054184925
6084 2.308905269691127 -0.2417083997089412 0.8297600120141932
6085 2.214649117031659 -0.2894369304657152 0.7710823509356217
6086 3.26839221186527 -0.2392797741905189 0.8026374755053849
6087 3.381351019182209 -0.240141421852419 0.798321611009067
6088 2.47462921697098 -0.1161002990702157 0.9126284069634713
6089 2.428796085849379 5.043715219830147e-18 0.9361012459394558
6090 2.363918387393595 -0.09099625002123103 0.924772076304609
6091 5.900659187001037 -0.1940840301531186 0.7769784943851842
6092 5.801580196639822 -0.2148480030020046 0.7590091646936346
6093 5.897379557661313 -0.2561389088754771 0.7021451296928674
6094 4.756747588405244 -0.3011740461391249 0.6539444129891353
6095 4.76139450067914 -0.3247540660989811 0.5700995427445061
6096 4.872644083690258 -0.3173081655136165 0.5973858611502533
6097 6.097464924895987 -0.2489700696723265 0.7073365320181773
6098 6.07597943720764 -0.2924344444051036 0.6159616911791692
6099 6.175524866817811 -0.2811415693294093 0.6429148111785241
6100 1.813249363764719 -0.2416750284651561 0.8470728526094338
6101 1.917642867010513 -0.2709047911440383 0.8084557446177896
6102 1.924211066424935 -0.1900533341631664 0.8890763014303074
6103 3.350992406272756 -0.3101781976139047 0.6914512332686098
6104 3.481494385011125 -0.2786645452999236 0.7443847490877351
6105 5.949977226060991 -0.1235994927839804 0.8237648323859807
6106 6.001371026315146 -0.2141085040915391 0.7546858471441792
6107 5.678889940205041 -0.2976468741475495 0.6201262482169143
6108 5.575950053206575 -0.2702904566738517 0.6882765831656006
6109 3.478442261259515 -0.09767194781863617 0.8917545320851348
6110 3.475539492536756 -0.1933411023002055 0.8398659317015293
6111 3.589059611152693 -0.1316963760944122 0.875262604409498
6112 4.448313755409844 -0.3346217823966274 0.5286450225625787
6113 4.575481476245961 -0.3333567141119732 0.5150768875844355
6114 4.52589922005661 -0.309920639268944 0.6413344968601813
6115 4.452176752941608 -0.2599086468450015 0.7412579289791686
6116 4.389724875764952 -0.3084435943356806 0.6516895567940538
6117 4.191800383279651 -0.3365325331788789 0.5506880746325666
6118 4.32044999375541 -0.3356252694002851 0.5405733735722396
6119 4.267585649157708 -0.309324388990262 0.6549139567415172
6120 4.557771966684083 -0.2522337383375406 0.7486856388115743
6121 3.157024918822029 -0.2732143687610982 0.7632126827577892
6122 3.237687265327003 -0.3198262007125134 0.6738342969582454
6125 5.90904945433395 -0.2973216835643904 0.6088045227430381
6126 5.996632958338509 -0.3104810351356344 0.5269604430029406
6127 5.995446441248196 -0.2793260291972265 0.6545153693962298
6128 5.464090237359583 -0.2360239718565703 0.7434826755910154
6129 2.869385291780507 -0.290921930370827 0.7455744597833782
6130 2.967627021609995 -0.2861950854826824 0.7498538841922269
6133 1.541778004333178 -0.139813157538666 0.9355799151445243
6135 1.617385989214724 -0.08136575950728298 0.9545529034539286
6136 1.553320428911808 1.367500001024104e-18 0.9687053869831155
6137 2.719560935219349 -0.09838898011766975 0.911919714526515
6138 2.601347407969482 -0.1234785787031851 0.905826344826093
6139 2.694651716646743 -0.1976708608217694 0.8586236366762466
6140 3.035603598580419 -0.1373964137491475 0.8871731005386384
6141 3.152835670468147 -0.1912428849443035 0.8504263415396033
6142 3.042315821349631 -0.2350768485217065 0.813939399950826
6143 2.907807666701284 -0.2369514462925581 0.8160054702148473
6144 4.792754995410103 -0.1049784272506633 0.8574635187348121
6145 4.735474747632008 4.066486219500918e-18 0.877760673420419
6146 4.68230888195762 -0.1001321583815181 0.8617852986666772
6147 2.822088288705775 -0.1646956344496874 0.8780502200456277
6148 2.943110254199009 -0.1751136173249349 0.8679058839769036
6149 2.920462125544173 -0.09073671530728941 0.9087171696486578
6150 2.649396057790319 5.309867772630341e-18 0.9295676351485797
6151 6.206143850712838 -0.2115285940783364 0.7523128817935335
6152 6.282808649348596 -0.2717644123541149 0.6603377889641581
6153 2.123863690328582 -0.3243262897660735 0.7099091458707789
6154 3.251507252875204 -0.1217341338346182 0.8885451709947438
6155 2.539025998157207 5.19362549042486e-18 0.9327928968615112
6156 6.104706732398618 -0.186253724062962 0.7790083483622284
6157 6.15799055976524 -0.1144252789888576 0.8236923722589403
6158 6.054182864716219 -0.1194595965225934 0.8235385673442649
6159 1.879336938308323 3.541263558525478e-18 0.9545231905714591
6160 1.770500723491625 2.997756962668448e-18 0.9587970921477517
6161 1.821549235447436 -0.1268991517656538 0.9297564013532036
6162 1.500528652207793 -0.0610913218932863 0.96539867342296
6164 1.714132646442685 -0.09598238135327364 0.9459155004421624
6165 1.639041234704345 -0.1575269795076897 0.9214713589455736
6166 2.154935039377816 -0.1073027940894382 0.9259785916182708
6167 2.160535029574187 -0.2139539255499323 0.8617167579414944
6168 2.265302559014841 -0.1606097594396317 0.8971788823917873
6169 2.317816946948184 4.853375246484334e-18 0.9395333357921382
6170 6.364355290338844 -0.1021315229917162 0.8247469751023845
6171 6.261384428733168 -0.1086044405960783 0.8241295219525587
6172 6.321823926195832 -0.1952761004255366 0.7658435778538193
6173 2.045290244908193 -0.1615889825704352 0.903799202406218
6174 2.097542751367802 4.329290263539301e-18 0.9467196903350528
6175 2.207365637626139 4.617892968031687e-18 0.9430670310325157
6176 5.216289146161581 -0.1058320957858531 0.8475674770343188
6177 6.930309131840669 -0.2531114641989836 0.6097772209411719
6178 6.920301827853431 -0.1765521000503184 0.7361158738315648
6179 6.826945671705554 -0.239412156333679 0.6994002395079519
6180 2.786978312911788 -0.2498177205976338 0.8053582632004068
6181 2.768954180410446 -0.314835440115579 0.7045656860275795
6182 3.46617216974175 -0.3249910158242413 0.6497292296127707
6183 3.585165573295618 -0.3193687702232553 0.6595845404044307
6184 3.783577329037517 -0.1422811100934895 0.8650062055160339
6185 3.696250210538174 -0.2240861564137208 0.8062771276472936
6186 3.820138345105145 -0.2150870469667848 0.8116043194856132
6187 3.615787013026893 -0.2786676902634061 0.7399185700255507
6188 3.723557406709082 -0.3090174543503119 0.6789555173794891
6189 3.534722054527066 5.389031727464414e-18 0.9059255058441935
6190 4.636393783136395 -0.1993071218780926 0.8041132441036345
6191 4.734098504897097 -0.1799450694641747 0.8173415125368296
6192 4.574951411834412 -0.1059970539565828 0.8621120382521579
6193 2.02407438780021 -0.2427315453925441 0.8382978799136706
6194 4.627605785496936 4.229931579605358e-18 0.8801594593738243
6195 4.519440149150582 4.386326127564991e-18 0.8825882227464065
6196 4.41813701107897 -0.1863591832520566 0.8204247582106965
6197 4.327555581601331 -0.2354525121450672 0.7762116073170684
6198 4.35504573563837 -0.1124593435116426 0.8647628902508835
6199 4.46477502395195 -0.09902758534229836 0.8672247865340401
6200 3.932044871537611 -0.3386740174890673 0.5647042760822947
6201 3.870301556913303 -0.3094340401417143 0.6718870708100897
6202 3.801032776778011 -0.3401710595659918 0.5681740164430349
6203 4.13564414732919 -0.3099541793761676 0.659182502618628
6204 4.114705247348826 -0.2489272402926517 0.7661923087633172
6205 4.008106224713018 -0.2988285486383316 0.6897897207685301
6206 4.193347534596171 4.808497768413345e-18 0.8900589241633878
6207 4.247833956714929 -0.1217576785281785 0.8634091114027875
6208 4.302299669552728 4.676104907514614e-18 0.8875372266066048
6210 1.518083592552431 -0.2241760836673005 0.8769579343164412
6211 3.270496013567966 -0.3492086075538416 0.56165350198068
6213 4.218466923654199 -0.2122048481172017 0.8034461213205136
6214 4.129966789830102 -0.1644715961105327 0.8432872194444396
6215 3.974688283293242 5.045532728486076e-18 0.8952024792888972
6216 4.03001880476583 -0.1049069936561683 0.8754873322153498
6217 4.08409364521845 4.931895773993661e-18 0.8926147367236472
6218 5.57943312360757 -0.2063429607632795 0.7734091006372563
6221 3.645040537905491 5.321482051087688e-18 0.9031856450687586
6222 3.694080886136462 -0.1135082040551388 0.8805111135932912
6223 3.755175906258005 5.241094255948141e-18 0.9004857562636948
6224 4.018786677378165 -0.2087446142212811 0.8120574940379839
6225 3.908285031933768 -0.151241993206694 0.8569296187502343
6226 3.669355218781862 -0.3420616945589188 0.5690747568570385
6227 5.425533463256388 -0.1235181194487395 0.8352723659350058
6228 5.348874726974677 -0.2213344460048795 0.7638701246979277
6229 4.062322335391942 -0.3374990308539583 0.5588160374285036
6230 1.661685580520508 2.300809886309759e-18 0.9634587065714872
6231 2.981796288166622 5.49326537485454e-18 0.9202866650871806
6232 2.871280558419585 5.456980606985406e-18 0.9233080246743939
6233 3.142621930039657 -0.3239271841080238 0.6676532483108371
6236 4.906091316632102 -0.1180703970568208 0.8495193489716013
6237 4.998906508537685 -0.3062795837631888 0.6285753516700769
6238 5.875233985192464 -0.3128900071458552 0.5179933365150826
6239 5.793952225812637 -0.2871263516553523 0.6440997559985253
6240 5.753451867349305 -0.3151023947088581 0.5090152867193696
6242 4.987974940628121 -0.2541638127503816 0.733059876781188
6243 5.091448591162591 -0.2576304139755736 0.7248417867573057
6244 5.740548600519544 -0.1285100576344751 0.8258605616280128
6246 5.690379155766374 -0.2317946741220635 0.7424739970807553
6247 2.608451793217006 -0.3422447502338054 0.6399121007714363
6248 6.477502675856698 -0.2989579756065116 0.5624469126746355
6249 6.407321564106059 -0.2793068344732778 0.6379330897436453
6250 6.357976829189064 -0.3021082496594859 0.5536530079098944
6251 6.237703913120363 -0.3050928928536569 0.5447762892138799
6252 6.823184073280889 -0.2879803348364376 0.5880457142252531
6253 6.768907032662893 -0.2735914143998616 0.6389156967525147
6254 7.017762625500044 -0.1915557762512569 0.6364125896250731
6255 7.005944510529063 -0.1263946037875305 0.719422482012844
6256 7.082235736617251 -0.1162434748749551 0.6575720532770221
6257 7.043643366386135 -0.03907800633908988 0.7303621663542069
6259 3.571768448397072 -0.2260626471435861 0.8078140841359945
6260 6.568839126376282 -0.08744780282750396 0.8262931325371533
6261 6.539203384102717 -0.1968463385590998 0.7593859530301941
6262 6.641950350714621 -0.1549698771641019 0.791293446077072
6263 1.989867432377918 -0.3174251765725209 0.7299885951341341
6264 7.119370514987715 -0.02693038022964085 0.6689624460476437
6265 5.25167776528412 -0.1929694419101858 0.7939450271065207
6266 5.32030493676565 -0.1166985022206458 0.8407373582700771
6267 4.649764000911956 -0.3204814884883329 0.5992349867285949
6268 2.575415292072645 -0.24307327650151 0.8196793446559099
6269 2.52830645175673 -0.1854408836218749 0.8728371834372826
6270 4.920920237291305 -0.2127206957238304 0.7841938568760723
6271 4.826843323427059 -0.2050469354889048 0.7940048186963982
6272 4.873783915226537 -0.276878717264242 0.70051008408098
6273 3.404115950639782 -0.3467615219498991 0.5647644403641107
6274 3.537059789927425 -0.3443497957947742 0.5673987409303018
6275 4.84302326885584 3.896424957438685e-18 0.8753916840590821
6276 6.962043556525812 -0.05057665945661384 0.7821548729603568
6277 6.64667071995017 -0.2159663938662983 0.7367924151742189
6278 3.917218282116688 -0.24930336889927 0.7715950879694259
6279 1.690369417801837 -0.2901099022539406 0.7898913742651779
6280 1.719496791214592 -0.1995041505870045 0.8895263430426833
6281 1.610305026669803 -0.2284066164027346 0.8686901028708983
6282 2.672360321847045 -0.2849673376779873 0.7619188228229832
6283 6.713656948931973 -0.1233962387367476 0.8086378472125002
6284 6.740344093563258 -0.1860627724220678 0.7653072998336615
6285 4.516936333426965 -0.1877891296341431 0.816773607683603
6286 4.411009631882513 4.535197781306454e-18 0.8850470591100691
6287 2.373408716950367 -0.1747426811502203 0.8849536877825708
6289 6.117583257162498 -0.307877988425123 0.5358998462773168
6290 2.452914737092258 -0.3635763921337395 0.5354712682467682
6291 2.100005597339089 -0.2806045387512191 0.7884327777849471
6292 1.828532860339213 -0.3187663024463488 0.7337637495701569
6293 2.446201678483253 -0.2214519390421353 0.8457135461842138
6294 4.742704528649495 -0.2522641405147675 0.7431027329592831
6295 4.642785557719655 -0.2808998996017338 0.7012855584669251
6296 6.596473446439751 -0.2956643917278188 0.5711520688843028
6297 3.053878360775941 -0.3037074281843158 0.7161265829738908
6298 4.216558174076207 -0.270849659918163 0.732427021120877
6299 3.800833606739019 -0.2711800515258009 0.7453471272946841
6300 1.815686420656937 -0.3609401215622166 0.6113302660933831
6301 2.591413787023687 -0.3612988454385634 0.5406027833099273
6302 2.438133336653722 -0.2848971504784419 0.7701420326521144
6303 6.669971624977716 -0.07939428058895083 0.8271386265403717
6304 2.547652352881456 -0.3078415534306107 0.7271999077260326
6305 2.760402259825545 5.396789767047064e-18 0.9264014001706302
6306 6.466829721880016 -0.09504399434447397 0.82549155884683
6307 6.517411754445842 -0.2698835686216906 0.6559599668159695
6308 6.437929823074612 -0.231809031628704 0.7222615583548813
6309 6.425857203252407 -0.1689169564035562 0.7857311908870221
6310 1.940552234758384 -0.09549537789157861 0.9373622632325871
6311 1.988264614051586 3.976113444438622e-18 0.9505223404265928
6312 2.261950995960708 -0.07662389997572773 0.9319340566601194
6313 2.046337373754196 -0.07710526325928065 0.9389271143903073
6314 3.941650699951059 -0.0698543985242229 0.8880838698147171
6315 3.864975697714642 5.14890931212333e-18 0.8978273465356322
6316 4.139068936992096 -0.07972966835943007 0.8808728641669601
6317 2.819754294125706 -0.07255053339510281 0.9163934961542081
6318 3.83013274023661 -0.07708584102364595 0.889023160464385
6319 6.358895824125391 -0.2487130529428469 0.7000249095816848
6320 3.061740455307679 -0.06398456997741298 0.9116722002034708
6323 2.492370824628065 0.1284537930807677 0.9068647077587868
6324 2.144128318127735 0.1234818030519203 0.9199242910128966
6325 2.044252584637106 0.09794528257152427 0.932930415387818
6327 2.473830795852834 0.2567541591754143 0.8071331418683988
6328 2.40111810889692 0.1972614511981407 0.8678617699756921
6329 2.229350854970033 0.3528356914861125 0.6222074172069427
6330 2.313318485567342 0.3657689387416106 0.5300701628665004
6331 2.172569348640211 0.3678553388357255 0.5244165905092402
6332 6.03784349304245 0.2938015055943791 0.6135622006456527
6333 6.012555827926866 0.2543455480975549 0.7014703563690796
6334 6.142070456525891 0.2779155553376199 0.6519870615449932
6335 3.152596714004139 0.1125503605191103 0.8949165142072109
6336 3.094173856196009 0.188963894284428 0.8538024059955249
6337 3.038692894225683 0.1016390934483553 0.9019716285244666
6339 5.023137979457392 0.1824905486039707 0.8082069980203062
6343 2.706299743964444 0.1060019888949625 0.9096740571613285
6344 3.473338577086166 0.1242661133393782 0.8816409434043831
6345 3.369527949262247 0.09038305889576781 0.8968699590984135
6347 5.457403495639479 0.3093613462028325 0.5908855258872621
6349 5.341814187910011 0.3030000261296817 0.620940957576556
6350 3.003533693213172 0.1910789094663141 0.8547675328889281
6351 6.867206686726851 0.06181040262733178 0.8195808044584508
6352 6.819763684650901 0.1573881621125607 0.7855068411180076
6353 6.767694300178432 0.07117697795574948 0.8280981489204771
6354 2.221827005323078 0.3119335487258427 0.7317672517384618
6355 2.07981442129842 0.2883544809489433 0.777652678097343
6356 2.196515055991655 0.2340764186685957 0.8414730917706135
6357 1.515980884620528 0.06781009217072639 0.9630688655043255
6358 1.53247901024286 0.1503012732357865 0.9305078563809079
6363 1.522078648023312 0.2253724063747691 0.8756301242771972
6364 1.621913281542781 0.2070305740468272 0.8874431297192112
6365 1.56196589493658 0.2903103116736629 0.7950413092563635
6366 2.704889381144953 0.2120690151507039 0.846284760428633
6367 2.814806665825444 0.1713513186129394 0.8740457356020318
6368 2.819242795317418 0.2533338280958847 0.8001733413666213
6369 2.925787596314235 0.2286316215046588 0.8240791803357991
6371 1.609139679117424 0.09650674806668541 0.9503552455701699
6374 6.11673263878289 0.3078970079184724 0.5358369138473913
6375 6.236848808548824 0.305113410851849 0.5447131817348095
6376 1.9437645069322 0.3578607089630859 0.6178584298939788
6377 2.030264522179421 0.3698133946219026 0.5185287812925473
6378 1.886263661641369 0.3716067181970287 0.5124414301192978
6381 1.827489615465123 0.09259921756091602 0.9424705983412405
6382 1.834289030487006 0.1880314886711391 0.8938239622953534
6383 1.941376569431086 0.1341907247354239 0.922009802038099
6384 6.408654914228087 0.2774171643959656 0.6426094289176912
6385 6.356520984359914 0.30214549547309 0.5535458550816127
6386 6.277632956373031 0.2716381901157975 0.6607963371757353
6388 2.054883141391989 0.2052649687701353 0.8726629939743294
6389 1.940028343535462 0.2554687980560089 0.8269279515375375
6390 1.716374280035012 0.1214986767313797 0.9362546952246751
6393 3.266337939703079 0.1324204680389996 0.8833486645929944
6394 2.351045693137848 0.2827419286190577 0.7764187533228444
6396 4.985710792553196 0.3084398505836226 0.6225622336948784
6398 4.754478952589748 0.3120425710284904 0.6234050154944498
6399 4.856711458548309 0.2789183116788617 0.6974100872192214
6400 4.873008763564638 0.3183333839990976 0.593048285519939
6401 3.699108045570224 0.09451780673491483 0.8872121594510465
6402 3.813487547377547 0.1151448486270729 0.8768616256123505
6403 3.732924672121802 0.1805023288159206 0.8426270767869686
6404 4.226889995303305 0.2206714296632419 0.794936245335364
6405 4.140360091724167 0.1597882859046188 0.8459832066600165
6406 4.252300867758747 0.150576264666083 0.8486924256351139
6407 5.753282760144553 0.3151053252848438 0.5090028524444132
6409 5.691644589884518 0.3045458015416254 0.5951135705991021
6411 4.572764439835918 0.1030356378164541 0.8632691229202656
6415 4.7922060194926 0.09896262332854776 0.8596815809726829
6416 5.682661582838639 0.2027860810718427 0.7742524710947576
6417 5.687019329539268 0.2665340417706921 0.6913019713141682
6418 5.574856304621184 0.2315193400416052 0.7459859372738531
6419 4.519351867332912 0.1880592352732491 0.816497678879256
6420 4.465184495098367 0.09879204377831793 0.8672973912527495
6421 4.421611021558963 0.184138908017964 0.8220508540851181
6422 4.458148414374374 0.259625595222433 0.7414775530048555
6423 4.191861654180466 0.3365320340026648 0.5506842845253662
6424 4.258812038083941 0.3202251429127919 0.6236520060674726
6425 4.320464050697611 0.3356249635153528 0.5405742858595863
6426 2.865613784306441 0.3565549384825996 0.5500029238726233
6427 2.923205555044912 0.3376060552499874 0.6386190778397084
6428 3.001338582390172 0.3541221019347006 0.5542335984342855
6429 4.679006925646679 0.09291777359541431 0.8643325174570144
6430 3.610244648876125 0.3121587516208716 0.6763930569708383
6431 3.537179459473855 0.3443476468550941 0.5674008527023386
6432 3.475035613161768 0.3123416507578851 0.6815886519052676
6433 2.329444352545631 0.1271194703439272 0.9124248401947725
6434 2.244432267717962 0.1183945931714315 0.9188084764697741
6440 5.227596828405113 0.3126950019522998 0.5925588955482226
6441 4.251798679882423 0.2819059924099512 0.7130760714688255
6442 4.132229182813868 0.3087400079653077 0.6623664290054242
6443 4.119168322456757 0.2425378057247904 0.7739099892599248
6444 3.932142892870334 0.3386730415690279 0.5647006481354818
6445 3.801138994000559 0.3401696787921611 0.5681723426857848
6446 3.883924294620502 0.3150086081190197 0.6574591015982499
6448 4.004532100519477 0.3216394913356764 0.6327276903468403
6449 4.062391203570655 0.3374984704788161 0.5588123355359417
6450 3.800544348835671 0.2293357930855784 0.7979043618321724
6451 3.906370540619213 0.1838747268033774 0.8355839771836717
6452 3.888830951237156 0.2660904415888479 0.7499964032572338
6453 5.348499933600592 0.2498543964391638 0.728350767868472
6454 5.462603177357749 0.2727753987384576 0.6875991546795911
6455 4.905631406905171 0.1195815122563311 0.8488635588205877
6456 3.753296356399626 0.3044998536094337 0.6877546832032458
6457 3.669461484141122 0.3420600156984239 0.5690750303593453
6458 3.404244473467664 0.3467591806451622 0.5647671860645465
6459 2.094180845790997 0.3466568992875716 0.6517628921213758
6460 2.489775432707532 0.3305617650032741 0.6795562045652843
6461 2.452850640370812 0.3635774113410815 0.5354690146800225
6462 2.350270911743119 0.3437783531623694 0.6482339496530135
6463 1.977160649530141 0.322505900818401 0.7198909944888685
6464 1.79230297168477 0.358996809968806 0.6214959081675213
6465 1.865993367904371 0.3241173040157271 0.7209585409249822
6466 2.722486977937429 0.2892976349428131 0.7533560089888706
6467 2.643365583239934 0.334096913528673 0.6630991237988956
6468 2.596325348750074 0.2726275834468258 0.7825173780521351
6469 3.334409479371077 0.3134554692379551 0.6848340181834428
6470 3.3034159483183 0.2491295948816585 0.7902510706241632
6471 3.441032791552228 0.2475457728107721 0.7879832713525511
6472 6.666684990609397 0.07966424802675395 0.8271099355430791
6473 6.726435051727513 0.1762128970305557 0.7739385019256828
6475 1.549731499692832 0.3432057953527762 0.6872410094251302
6477 1.536618816981618 0.3685047247873295 0.5850667548042027
6479 5.574022293845966 0.2988571460683301 0.6217852820345764
6481 1.732535817709928 0.2167620692563002 0.874498512969465
6482 2.396849728950144 0.09329664928773676 0.9230562149394588
6483 3.198777297713809 0.3324903670297618 0.6406207904445831
6484 3.270633336201456 0.3492061151082509 0.5616567180546318
6486 5.116116013610227 0.3094237734650101 0.6120702763468561
6487 6.822103827428764 0.2881223895185154 0.5879149374583768
6488 6.823319338822853 0.2386592279947349 0.7012759733305284
6489 6.9291712474131 0.2537011358465369 0.609469763862442
6491 1.654490319346264 0.3643313381991766 0.6036004595599268
6494 5.25144674023113 0.1989951586941021 0.7886385840715053
6495 5.221157341549546 0.2730645549272012 0.6954056273651688
6496 5.139264757957055 0.2262636594577339 0.7640524226347172
6497 3.996526314526493 0.2287862435223903 0.7929349345863836
6498 4.009428108568576 0.2860798789461662 0.7141490784737018
6499 3.136341724903844 0.3516669436008366 0.5581281405976135
6501 2.922315144268191 0.118500870577284 0.8987994287210448
6502 3.191796223227148 0.220940698676701 0.8237940217111712
6503 3.067185611304584 0.2656057042074888 0.77670884089062
6504 4.382243975554971 0.3073010419525811 0.6549825537740753
6505 4.339511492817555 0.2300322183909318 0.7819515022510852
6506 4.642216052874759 0.2929102251959721 0.6777047365897424
6507 4.640639514778502 0.3224847628599781 0.5913245170856577
6508 4.523194852603595 0.3101871911598163 0.6407140151906844
6509 4.906299333424594 0.2142508139550172 0.783056991424985
6510 6.155240267653933 0.1145684053336416 0.8236847233605262
6511 6.094521653147313 0.209487377323783 0.757249793573037
6512 6.051524271101441 0.1195761431330577 0.8235396113085529
6513 5.461353418616957 0.2069938290696967 0.775781299263435
6514 2.595679021532762 0.08122062590677651 0.9206068983602929
6515 3.919900738990825 0.09131607820853307 0.8827800196073381
6516 4.0216922172764 0.1477581699332439 0.8560320431414434
6518 3.589003075782369 0.09743234894370106 0.8890235298822179
6519 1.813733261563327 0.2700235086889625 0.8135260973948256
6520 1.760081941366066 0.3193180794064525 0.7354396463801968
6521 4.448319315798717 0.3346215747124671 0.5286468007204322
6522 4.575480794983747 0.3333566897452181 0.5150778543495946
6524 5.785050954083999 0.2174213659417274 0.7566514742002283
6525 5.73870081489097 0.1285308859708581 0.8258905261605141
6526 5.842937668700101 0.1267422316832318 0.8245175632008652
6528 5.997906280685658 0.191586512772111 0.7768774297524955
6529 3.680811406594415 0.2561814654511118 0.7699815918950859
6530 3.562928626900014 0.2585761755899484 0.7704774962163337
6531 5.073937984940409 0.268712751458928 0.7078994335573722
6532 4.969050822432492 0.2583958167832812 0.7274863747843274
6533 5.896793012537373 0.2240645129790653 0.7462010984044861
6534 5.424196412492254 0.1234533766732192 0.8353328729646434
6535 5.809320186928269 0.287546030521501 0.6423712864909246
6537 2.608931450767137 0.169871910926988 0.880993518413798
6538 1.740460484524485 0.3731768173784421 0.5062243692687798
6539 6.565508908039936 0.08770171161576901 0.8262670628315492
6540 6.520875752047277 0.2335448270412759 0.7177781185378845
6541 6.463744465212679 0.09526610500747876 0.8254678606805528
6542 6.258449294978346 0.1087800830888035 0.8241139499555108
6543 6.361337307545016 0.1023277393123434 0.8247279234041948
6544 6.309933558108201 0.1959990207818389 0.765440986550623
6545 6.91852525568495 0.1769947253549761 0.7366860259333401
6546 7.005157470144322 0.1268317251727392 0.71972374193021
6547 7.043591874082288 0.03908584176540147 0.730399845367952
6548 7.081736970938662 0.1170096072241547 0.6574117770558108
6549 6.961144168004424 0.0506939986958754 0.7826315178719823
6550 5.874824347006428 0.3128977889351921 0.5179631414577672
6551 5.92752258061072 0.2899580910913034 0.6306108464665712
6552 5.996016317889023 0.3104937845094119 0.5269149094885146
6553 6.194312720038629 0.2221259953999068 0.7406914935730964
6555 2.780829355541427 0.3388683165251312 0.6419742923026943
6556 2.839834873073967 0.3096343618875858 0.7125650160712556
6557 5.319742973718945 0.1166516874518204 0.8407705103711162
6558 5.215818233721922 0.1057705104068952 0.847602001589335
6559 3.542393054781288 0.1878563931262316 0.842286848754681
6560 7.016993984775181 0.1922572281906893 0.6361615176816063
6561 6.63135862286167 0.2677347399756586 0.6567248689471106
6562 6.715874263224876 0.2491956250425483 0.6892867673460583
6563 6.711552141343907 0.2924032756537459 0.5794783659001066
6564 6.767708249271779 0.2735090491798929 0.639148780396769
6567 4.633807549169204 0.1860949208903241 0.8151363317631872
6568 7.119370509370758 0.02693039063398509 0.6689624491127126
6569 4.352712245444463 0.1094380224114058 0.8660171285179051
6571 1.684619633850237 0.277750228974901 0.808194139504736
6572 4.579099032173128 0.2519318981025278 0.7484529348455642
6573 2.944014751990859 0.2936406085936856 0.7383747935332681
6574 4.720955221473919 0.2533660159818743 0.742242981372691
6575 2.728846910968879 0.3589548921346847 0.5454482708133406
6576 2.591340176574989 0.3613000564175028 0.5406004008241844
6577 4.81299740080398 0.202595293550605 0.7966093270303746
6578 6.475820090179992 0.2990035085355073 0.5623234196442153
6579 3.058174187951669 0.325908678633666 0.6662741084156703
6580 6.59458033248549 0.295717765014926 0.5710141583612557
6581 6.638531776181537 0.2211939448247729 0.7307810510703194
6582 3.639525043786352 0.1836653744474931 0.8428060180186385
6583 3.18955907786471 0.2944307097240537 0.7282890640477711
6585 4.728068363485284 0.1703807296606666 0.8244079050134331
6586 1.663131971178232 0.3327291613870784 0.7097645678200947
6587 2.302138703199046 0.2063788354451113 0.8636059588581467
6588 3.374354853113687 0.1783091054966021 0.8537845171715066
6589 6.387840707862344 0.2386766853669738 0.7141963484431029
6590 6.417908506865009 0.1772198385735633 0.7794182089253474
6591 2.815238283456514 0.08206983463260609 0.9141124276593062
6592 6.619293702245077 0.1635469295325404 0.7857113490072217
6593 5.145131835445607 0.1655603659364942 0.8175951448145483
6594 5.361134752521183 0.1855210455417528 0.7974718026022785
6596 4.159584486787743 0.07867387701509343 0.8806687595862805
6598 4.06718474446694 0.07835859428290221 0.8829549213137389
6599 6.226814950374369 0.1663121519798195 0.7920076219009418
6600 2.540343172243008 0.2106189840576089 0.8525479667652288
6601 4.253299004522748 0.07009074167943602 0.8806131489076569
6602 3.1272422745517 0.8215924748035306 -0.6720816629061317
6603 3.017008062439609 0.8054528338496927 -0.7126031997745907
6604 2.976183954460569 0.8208258932998266 -0.5052631578947366
6605 1.339563554381645 -6.492079112053725e-18 -0.8727122106028791
6607 1.451150069415238 0.1152838107219902 -0.7762246213224357
6608 1.308620375816717 0.4195733476147276 -1.200292762976306
6609 1.430106478740762 0.2568622883331004 -1.265290024898298
6610 1.236566529921612 0.2585787182379424 -1.293202606997525
6611 2.548780848359736 0 -1.18939000796911
6612 2.679900532723883 0.1793719699258337 -1.164891997744156
6613 2.822244748562753 0 -1.157905891368354
6614 1.813389540103356 0.6028657480759919 -0.9514316414735333
6615 1.734976187050213 0.6973191609176824 -0.7905266078471234
6616 1.905424094155131 0.6898597323090934 -0.8042421879774551
6617 2.076771271708061 0.7357410327337195 -0.6970721099592576
6618 2.017141950937176 0.7564422679045182 -0.5052631578947366
6619 2.183840968577346 0.7659801277749942 -0.5052631578947366
6620 1.182811965232224 0.75 -0.5964805594793153
6621 1.137647222289901 0.7247520746424087 -0.7960378698507984
6622 1.015730156135583 0.75 -0.6176627338729912
6623 3.1272422745517 0.8313450834879406 -0.5052631578947366
6624 2.886646475557021 0.8043956059855437 -0.6585670518091734
6625 2.823395031352015 0.8100316498884222 -0.5052631578947366
6626 1.332062215077747 0.7258396707933271 -0.7646490978227145
6627 1.287924303764682 0.5367916718878976 -0.3728942777700986
6628 1.458090870705278 0.4606805065736375 -0.4323319429811712
6630 2.311948545199053 0 -1.21586673533536
6631 2.454800537789266 0.1793802138339024 -1.187974651066098
6632 1.958117421717757 0.5470037442150716 -1.021881208473006
6633 1.808237044912738 0.4565689835930017 -1.100595325458437
6634 1.349233445817311 0.75 -0.5727086423829497
6635 0.7178648578964211 0.2451645935447282 -1.352992284563513
6636 0.7421648726029653 0.2642537796968638 -1.231160132143787
6637 0.7190024707545932 0.3921855672035119 -1.28325765753915
6638 0.9566096464786221 0.4964501812575897 -1.186273018180739
6639 0.9885919328066365 0.3193793953976257 -1.299459817702572
6640 0.8263261873583524 0.4372489592484852 -1.245969686720326
6641 0.9448091827424032 -3.604156513772712e-18 -1.14643700892462
6642 0.845782283803453 0.130604983162447 -1.200191382417485
6643 0.8003404837708168 -2.320965567639905e-18 -1.243711986607843
6644 0.7080239316244641 0.4010065303386151 -1.182119405804562
6645 0.7231374655406414 0.5339292959575904 -1.17026489521386
6646 0.975551651790958 0.6219804628751511 -1.04122063802865
6647 0.8281597931621824 0.5781128271455885 -1.114160139239081
6648 0.8298979301606955 0.6666835678281366 -0.980093538788287
6649 0.7093161145014173 0.6390948646381387 -1.036946174004363
6650 2.75453981163769 0.3612140193684182 -1.124280173135486
6651 2.712540957985321 0.5549705745611299 -1.041977358795462
6652 2.840617696968941 0.5025396173718298 -1.069155264073089
6653 0.8942742065147451 0 -1.380640331627508
6654 0.7334343176568705 0 -1.393201956468341
6655 0.801687821918137 0.1380663391901513 -1.37594984987938
6656 0.9872909403788541 0.1210203943330772 -1.105784930673826
6657 0.8706870809095213 0.2495752369646648 -1.147110249627639
6658 0.7310627770855027 0.1258342387772646 -1.279349325159458
6659 2.532201248651222 0.7731778472795795 -0.6772064035297436
6660 2.375897087220525 0.7676095175098552 -0.6430932322205594
6661 2.509471576233795 0.7878040065666023 -0.5052631578947366
6662 1.101868840073821 0.440265554313059 -1.214226689932972
6663 1.147928783667983 0.5422293505743131 -1.119108798474013
6664 2.667765209693481 0.7989769897681286 -0.5052631578947366
6665 0.6325506811582576 0.7347947614437365 -0.6254061927163372
6666 0.7967826580893504 0.6675442739084659 -0.7202886306213071
6667 0.768129290560807 0.6950716753764099 -0.5704023583397364
6668 2.25368281508092 0.6697512512913493 -0.8873562758160409
6669 2.239013863413412 0.5524536598951105 -1.030233366516744
6670 2.115689266455043 0.6058861199295976 -0.9646477213144307
6671 1.149506046300676 0.3449250134344634 -1.266990051409446
6672 1.123936542995856 0.1497134793418008 -1.339337166179978
6673 2.202660293209797 0.382036948835908 -1.145596954822593
6674 2.355061368624102 0.4506541497367325 -1.106454100448225
6675 2.789020759198569 0.7320008524042526 -0.8585367649560133
6676 2.79587502110255 0.7774357519955438 -0.7488189304826551
6677 2.923697663134791 0.7651026885053984 -0.8154690254491119
6678 2.373839646496165 0.6458187965722918 -0.9371544186310296
6679 0.6746592514467147 -1.073980870895402e-18 -1.329699031788844
6680 1.997348712924681 0.6508450364400845 -0.8890390082576815
6681 0.95650434247275 0.7161966813418977 -0.8474143307734182
6682 1.534171787073483 0.7221609486316538 -0.7474113453841819
6683 1.476874871819002 0.6456199861469119 -0.9349881472431583
6684 1.037944550130439 0.6158089400778012 -0.4675170065685718
6685 1.161838216260048 0.5603196772888077 -0.5584388446911415
6686 1.165637030152772 0.5763236695752753 -0.4192616762020079
6687 0.6977200946174137 0.1109289865686331 -1.386850142948535
6688 0.876372444567576 0.7419368132138427 -0.7425930777220782
6689 0.8477359806234493 0.75 -0.6349042881914148
6690 0.7929757448560966 0.7187184969206033 -0.8541650036822586
6691 0.7312680625678188 0.7427364982548637 -0.7480213270932097
6692 3.1272422745517 0.4833413027052602 -1.063706276797357
6693 3.053692298415463 0.4635550393283459 -1.074312791229932
6694 3.1272422745517 0.621956773781989 -1.001068537010208
6695 1.747788958177916 0 -1.262325744224691
6696 1.809709285477759 0.1484369203063101 -1.240901815011945
6697 1.920291020677994 0 -1.251760058868093
6698 2.618766738823635 0.4638215433934577 -1.094056522198455
6699 1.577100942493234 0 -1.287753398868306
6700 1.63751510476447 0.1620420193483469 -1.26084008897692
6701 2.484199567436159 0.511172386701476 -1.069218064213485
6702 2.534756223089268 0.3493788895796282 -1.142997747937316
6703 0.8641498285523996 0.5841439817901386 -0.854037501999404
6704 0.7264081398063574 0.6574132553461314 -0.8463996394358979
6705 0.7357666801244713 0.6048393669651264 -0.9428489593180236
6706 0.7921474707089686 0.3629031735543631 -1.144727371954646
6707 0.84145963782906 0.440696151058361 -1.05015617161945
6708 0.7492517380683043 0.4732466287725875 -1.092912608714419
6709 0.9118229083623042 0.3507275112244524 -1.064978102665442
6710 0.9589314820595647 0.5949279041974413 -0.7298589447377708
6711 1.601878651637661 0.3083009115799193 -1.217720462564228
6712 1.748782368306882 0.3004513604417418 -1.199497149131321
6713 2.924301592373708 0.1887633169113682 -1.138014599466105
6714 0.6069618753138987 0 -1.39735119135866
6715 1.489541483611062 0.3888927541348132 -1.192640233248596
6716 1.495807030287534 0.5107766916366294 -1.099375541121281
6717 1.647275701590285 0.4338974456170265 -1.138587799223575
6718 0.7178611928039025 0.550038171568761 -1.037143068774663
6719 0.8216671640016024 0.5262243028534415 -0.9778485776973198
6720 2.270884791195827 0.2103521021702176 -1.199515942482638
6721 2.091934343234207 0.2167036187238713 -1.211644675503877
6722 1.89442347610412 0.7355867911940015 -0.6589406087046294
6723 1.848534186827 0.7502264036759601 -0.5052631578947366
6724 0.9043746965308563 0.6459044840221638 -0.6296365127146661
6725 0.9053450630344655 0.6552981300529148 -0.5177379896815982
6726 1.910298893938892 0.2945085154753248 -1.193899164090729
6727 2.053169058247833 0.3607262172720646 -1.159915831748135
6728 1.699522335763597 0.7398926092429579 -0.6424189888767839
6729 1.681051917380223 0.75 -0.5218356920638454
6730 2.823871134930896 0.6271132496107383 -0.990936098293948
6731 2.927898619155804 0.670554130948498 -0.9564710848792675
6732 2.96370463582228 0.556785357409522 -1.039511755470543
6733 1.35278842914497 0.551158702441838 -1.08061856119926
6734 2.236727106633785 0.7613871373327874 -0.619965657083324
6735 2.347970173912818 0.7766753824747559 -0.5052631578947366
6736 1.962381402391115 0.1342079888220832 -1.237860483100411
6737 2.360559715501258 0.3244315967609561 -1.162074873970592
6738 0.9440228151630135 0.163404791167238 -1.357737128087009
6739 1.065181551980693 0 -1.36174171941498
6740 1.656791613672096 0.634464074256438 -0.9253810090687726
6741 1.650673691452068 0.5524270000447083 -1.033475590777906
6742 0.6871148809979504 0.75 -0.6454636484774245
6743 0.6710880232294982 0.7198171094070057 -0.8572126735775494
6744 1.483529630423952 0.1154613523031211 -1.293434368962771
6745 1.315333479050232 0.1285977784904316 -1.316713789795336
6746 1.406592360747987 0 -1.314083626858437
6747 1.235952793819973 0 -1.339128913445168
6748 1.093311923288351 0.3902375068827835 -0.8978419328598859
6749 1.024452248019335 0.5076634729940197 -0.8251382477308842
6750 0.952235365615411 0.4564326565449874 -0.9480624313447059
6751 1.955383316287481 0.432502243824918 -1.118472188390502
6752 2.095009448970056 0.4930843174080445 -1.075844991983141
6753 1.431864020477077 0.7428636513613209 -0.6640171085874373
6754 1.515181411592275 0.75 -0.5473785119410624
6755 2.510931094086416 0.7133485875195418 -0.8472876605583738
6756 2.658283945055643 0.7502315714130783 -0.7936453944432023
6757 2.719565869817708 0.6760104453187304 -0.9335174150087763
6758 2.615242885760916 0.6646326785077423 -0.9374504844779197
6759 2.587828668070213 0.5703217264348808 -1.028818250284701
6760 2.494317549423231 0.6255178771518848 -0.9727264832393184
6761 2.373796268185936 0.557518611500331 -1.031755259822124
6762 2.380086518500505 0.7271362156641075 -0.7920687882048006
6763 1.218977738637524 0.4958609386370854 -0.653847225637296
6764 1.17422738514324 0.4388681949676107 -0.7813932229114228
6765 1.302136437250072 0.4234416712741264 -0.6850202298104465
6766 0.6405633667930097 0.662869977333272 -0.93289675371267
6767 1.100055513278621 0.5381543018776452 -0.6988416117724683
6768 1.032934717397495 0.6034220231719172 -0.598264300545708
6769 3.1272422745517 0 -1.123160885167464
6770 3.1272422745517 0.2830886918166851 -1.106788181365065
6771 3.1272422745517 0.7179430191993589 -0.9205043581145531
6772 3.027833352389266 0.6528391546589378 -0.9773096887890393
6773 1.277660272612371 0.6788662179907703 -0.9022023618876154
6774 1.247446264724543 0.6097035868056365 -1.024137966011978
6775 1.135160228127398 0.6463726804876168 -0.9832476899360187
6776 1.011622596960356 0.2299792467154592 -1.056311311002656
6777 2.105114832771444 0 -1.23700805431372
6778 2.194450669888312 0.1051643087806167 -1.222886289749452
6779 1.35219223719922 0.6275123271892138 -0.9829588781101903
6780 0.7146708722049113 0.6907829997184558 -0.9365885892409918
6781 1.048391631807295 0.6838227199274088 -0.9220598749074705
6782 1.594894211037381 0.6810867877091324 -0.8492471734725018
6783 2.863131284667608 0.7072000192196544 -0.9080011168838227
6784 2.942275156065616 0.3805254060807297 -1.105196911389786
6785 1.313372390498793 0.4988599867229214 -0.5336313792809755
6786 1.396652328768863 0.4232513210911042 -0.5923449384221989
6787 1.474911748786175 0.4037886653472967 -0.5404953860918676
6788 1.148292892932243 0.1222895251296463 -0.9942042077576232
6789 1.084111464063077 -4.726956343476479e-18 -1.051793985351608
6790 1.217343673480283 -5.698013838790117e-18 -0.95952302761807
6791 1.302807573205989 0.1072272708756936 -0.8876782641865915
6792 0.8170998832601893 0.2951746678508984 -1.327046678916566
6793 1.288536167284387 0.3286676493307681 -0.7932431162093174
6794 1.248126120898469 0.2141639345263298 -0.8928599584015215
6795 1.198599643041284 0.3272811236231846 -0.8654124566760506
6796 1.130156815912847 0.2530034401229181 -0.961231897066505
6797 0.6621690611151085 0.0632705451424502 -1.335810978033386
6798 2.714923426338401 0.7932485406980694 -0.6427616765552144
6799 3.001794620193561 0.7168989179536236 -0.9101280182459893
6800 1.360348029099105 0.2128354353006994 -0.8093663623706162
6801 1.460164630577076 0.2230402574948027 -0.7263045808019146
6802 1.385337496348949 0.3271806541907128 -0.7146231652762211
6803 2.240501328911957 0.732426842407357 -0.747007787991057
6804 1.471329266576352 0.3231840839487434 -0.6437314206080211
6805 3.039916883606906 0.7617906482338921 -0.8448230720708676
6806 3.1272422745517 0.7831724847031236 -0.8162738136131908
6807 1.2365693951117 0.54755401268364 -0.4726524506572596
6808 2.134095812064274 0.6849683755678797 -0.8433042252507315
6809 1.023875012082692 0.3355659631134833 -0.9921985360695122
6810 2.442708467226869 -0.1874047455256189 -1.187978912231051
6812 2.67850998017464 -0.1890957351505476 -1.163907953847032
6813 1.451145181719654 -0.1152176391911967 -0.7762455434313926
6817 2.976183954460642 -0.8208258932998315 -0.5052631578947366
6818 2.823395031352268 -0.8100316498884402 -0.5052631578947366
6819 2.883696285515279 -0.8015921663873734 -0.6749049213226397
6820 3.1272422745517 -0.8215924615814596 -0.6720817569637324
6821 3.1272422745517 -0.8313450834879406 -0.5052631578947366
6822 3.017796743142887 -0.8072586060284774 -0.7040858312042471
6823 1.405433735581259 -0.4968150739255979 -0.3280106131963065
6824 1.45808831337198 -0.460683640745039 -0.4323252773201351
6825 1.287924303761703 -0.5367916718888843 -0.3728942777712316
6827 1.073009285183488 -0.5019346172905103 -1.16786826986186
6828 0.9900430031053928 -0.6279954897378681 -1.030557694798554
6829 0.9062566314800837 -0.5225835515482151 -1.167233576504598
6830 0.7122204303585156 -0.2387714846873182 -1.355458533026064
6831 0.7156395752848066 -0.3970058527674484 -1.280439764088809
6832 0.7380079495498294 -0.2631614478072263 -1.234545268065696
6833 2.686358398703078 -0.5997847991269116 -1.008433013901763
6834 2.608926282998031 -0.5297307039124314 -1.057767424499093
6835 2.725726406481813 -0.4742847654715612 -1.085797986623983
6836 3.1272422745517 -0.4833412600005995 -1.063706290621468
6837 3.001621064792237 -0.4321226354151012 -1.087134644321629
6838 3.1272422745517 -0.2830886584798868 -1.106788185730931
6839 0.7006156684776809 -0.4059962540470999 -1.184292250557736
6840 0.7179201229874711 -0.5412067641431506 -1.16305629824162
6843 0.8443196002703762 -0.1308833435551511 -1.201129252785753
6844 0.8341376682426176 -0.597603678533374 -1.089080701316019
6845 0.7783356964465441 -0.4986156685244578 -1.200424556906407
6846 1.223404898225152 -0.2638021478560866 -1.293104152991888
6847 1.406548418666084 -0.2841436415056087 -1.258310072846183
6848 1.277516216326999 -0.4218679008718335 -1.203246841741529
6849 0.7646042764677099 -0.6402477821987266 -1.031884441826725
6850 1.143981459460657 -0.6758807050543787 -0.926955040558272
6851 1.028164238959959 -0.7180082356676086 -0.8334255433346461
6852 0.7298695308398748 -0.1239678327367354 -1.280508016828919
6853 1.590265390292803 -0.3394592204451189 -1.204557698941376
6854 1.514740236282536 -0.1582264416572708 -1.280695986729893
6856 0.8080319778803391 -0.1437674308818252 -1.374377629081805
6858 2.387841276440538 -0.553095489753212 -1.036074661059323
6859 2.545119953521211 -0.6172494413823374 -0.9850949436636284
6860 2.437113854676895 -0.6560154228951972 -0.9301405387826037
6861 0.8500352124542034 -0.6036154065867723 -0.8310771953147205
6862 0.8381931582142451 -0.6616242695128108 -0.6757609059298195
6863 0.9770775369948311 -0.5821995474973256 -0.7394243913369145
6864 0.9053450630315201 -0.655298130053778 -0.517737989682718
6865 1.004271391684526 -0.6153381340495291 -0.5939799396108482
6866 0.7681292905580184 -0.6950716753772127 -0.5704023583408219
6867 1.015730156138159 -0.75 -0.6176627338726914
6868 0.893820797781512 -0.7374487160350275 -0.767924238219245
6869 0.8012459725262622 -0.7119358990997051 -0.8750445181311819
6870 0.8834883696694285 -0.6824265886726082 -0.9430097270248616
6871 0.8477359806262383 -0.75 -0.6349042881911728
6873 2.063782791845898 -0.1397356864375388 -1.229771469799264
6875 2.234067127545534 -0.1779947147839468 -1.208958008428918
6876 1.349233445819432 -0.75 -0.5727086423826341
6877 1.425415106501771 -0.7251494206848869 -0.7532415915952764
6878 1.515181411594134 -0.75 -0.5473785119407737
6879 0.6325506811560059 -0.734794761444438 -0.625406192717335
6880 2.19953870340637 -0.3545671380147564 -1.158388680913347
6881 2.069257292003915 -0.3022451030291149 -1.185340810408004
6882 1.918074341176249 -0.1891665802152667 -1.228667960335172
6883 1.776586885353038 -0.1444729252567681 -1.244790624482936
6884 2.795081998878168 -0.7495227173326288 -0.824459410620895
6885 2.72044976398794 -0.7913812618181892 -0.6580372415302131
6886 2.183840968578377 -0.7659801277750582 -0.5052631578947366
6887 2.017141950938457 -0.7564422679045831 -0.5052631578947366
6888 2.117888732669869 -0.7329877695664364 -0.7169153223260362
6889 2.294088830677745 -0.7570958256505037 -0.6680948883253039
6890 2.347970173913663 -0.7766753824748129 -0.5052631578947366
6891 0.7706079249861162 -0.7446369691936903 -0.7309551270546681
6892 0.6871148810006602 -0.75 -0.6454636484773144
6893 2.95340943007359 -0.7669119545239296 -0.8175096126346153
6894 2.903892888412138 -0.6871216919414681 -0.937075742574156
6895 1.329238615746021 -0.4154008590222498 -0.6701339574889413
6896 1.398713380564304 -0.4373733470189666 -0.5662911613580212
6897 1.47128935197277 -0.3228540484738139 -0.6440802837397869
6898 1.037944550127477 -0.6158089400786992 -0.4675170065696913
6899 1.165637030149816 -0.5763236695762086 -0.4192616762031258
6900 1.141472452196912 -0.5674244565518808 -0.5641902373184599
6901 1.212568549394721 -0.4890627247917373 -0.673050297754727
6902 1.093548003409876 -0.5503435289182432 -0.6795420744891749
6903 1.448690599355969 -0.4158918505721946 -1.181722200121554
6904 1.54480319301174 -0.5096378057820323 -1.092824512049395
6905 1.375948098097817 -0.5412853794823413 -1.087646421863032
6906 0.8634592350147332 -0.2531466974412025 -1.150686678583872
6908 3.024205840033952 -0.6171740307700316 -1.003515683022814
6910 1.13815760383486 -0.1668599140083935 -0.9895709318456625
6912 0.6978885934734611 -0.1084272114236275 -1.38720987960983
6914 2.932719543866867 -0.2075561640645573 -1.135275015384891
6915 1.483132544256403 -0.6402171459819456 -0.9429909395021375
6916 1.647708589145484 -0.6027960565366671 -0.9729643367993817
6917 1.704410334956223 -0.4410105661390689 -1.12493212292841
6918 2.034236271284732 -0.5630546790510634 -1.008692390873871
6919 1.830876254480416 -0.5501217358845908 -1.014861077035704
6920 1.973863050237175 -0.453695252474857 -1.103656277003583
6921 0.7311343843155034 -0.4958229021721976 -1.085819229136929
6922 0.7787438986756692 -0.3685512939287481 -1.150980491666636
6923 0.8147313699277907 -0.4494355824147201 -1.063187554890754
6924 0.8955961601316953 -0.3577262877635638 -1.072337403842465
6925 1.247899065588815 -0.2435995919132138 -0.8791238934056264
6926 1.138600110739848 -0.3462016007565133 -0.8979800959521411
6927 1.229352102352895 -0.3855442293585418 -0.7917860151363492
6928 1.027194196308588 -0.4661534038323049 -0.8757721489309938
6929 1.117434584958142 -0.4747917277357442 -0.7863915613753409
6930 1.727500131946437 -0.7063514928634219 -0.7676378690297948
6931 1.869214891652059 -0.6923295492992405 -0.7956869143801324
6932 1.810336302319751 -0.7355267372791024 -0.6528147247472228
6933 0.7740468529729778 -0.3021614583823904 -1.327204707667092
6934 0.8304364312676769 -0.4105699771948761 -1.263962890774106
6935 0.9231457337368831 -0.5354522529754677 -0.8770066285317483
6936 0.8097904178804798 -0.5375048974791444 -0.973891396328924
6937 0.9152914570057276 -0.4566605971783898 -0.977478561751021
6938 2.640121052230222 -0.7521958918498717 -0.7842455641146355
6939 2.541175986666197 -0.7008087350272172 -0.8751467045980333
6940 2.678075814573142 -0.6871712158299356 -0.9144019377983748
6941 1.250119008011267 -0.62003798360522 -1.0089903705572
6942 1.206377720460787 -0.5407934951000132 -1.112697108499316
6943 1.91702144569005 -0.3333235299918899 -1.176248180135426
6944 2.122628053658021 -0.4627432954896032 -1.09891710221578
6945 2.504468467675437 -0.7766778091614994 -0.6459551312054858
6946 2.50947157623443 -0.7878040065666467 -0.5052631578947366
6947 2.395170959706195 -0.7240719855680469 -0.8026678055939295
6948 1.122367518011722 -0.3757529320230696 -1.253607478234176
6949 1.033652849559701 -0.2749512293083313 -1.313473754895676
6950 0.9660831885195857 -0.4103246792571796 -1.251010852960677
6951 2.214593682250372 -0.5612321984023926 -1.020674830954956
6952 2.310580701483974 -0.641882745105574 -0.9358727840713237
6953 2.148051697380726 -0.6487135994624231 -0.9083450828773485
6954 2.252308061884076 -0.7048005488196269 -0.8204480869587123
6955 1.982399849931267 -0.6517422839919017 -0.8861159583072049
6956 2.798887811699741 -0.6594154037113767 -0.9591433635871964
6957 2.905434240877367 -0.5699373558820982 -1.032838436135204
6958 2.792320483002493 -0.5568265434934065 -1.041035152231026
6959 1.008637159684 -0.3674829364472192 -0.9814317093696927
6960 0.9938140150122228 -0.2478416120939394 -1.061362473297461
6961 1.848534186828418 -0.7502264036759813 -0.5052631578947366
6962 1.681051917381866 -0.75 -0.5218356920636005
6964 0.9643434312242267 -0.1451762201842833 -1.359381928659888
6965 1.138148100298837 -0.1355941146311746 -1.340203960911679
6966 1.327628467419369 -0.1371017757075935 -1.313383175162809
6969 0.7697611149386836 -0.6021313456512669 -0.9145988652661645
6970 2.667765209693923 -0.7989769897681601 -0.5052631578947366
6971 2.516683875370553 -0.7443684365427017 -0.7766436915595051
6972 0.9859281278253025 -0.127760937656503 -1.105334273589235
6973 1.319491424403491 -0.6818808858665242 -0.8896386992813095
6974 1.221044613912222 -0.7187545400879811 -0.805954755826666
6975 2.280675471917329 -0.4589356541828787 -1.102107913019385
6976 2.317511770524677 -0.3133114783658625 -1.168400535662852
6977 2.409495636065242 -0.3965247701876712 -1.131953991816464
6978 2.866794082174014 -0.4280263937865944 -1.096895039083955
6979 2.773350485496523 -0.3312022437451134 -1.13035370043787
6980 2.631002934727628 -0.3966419893235141 -1.121291253272919
6981 1.605916224214643 -0.6803527219738895 -0.8491228997327233
6982 1.789618057926087 -0.6412137101485099 -0.8963086948088805
6983 1.120729097912481 -0.6082096954694223 -1.043430263188155
6985 3.1272422745517 -0.7179429871580958 -0.9205043947793351
6986 3.1272422745517 -0.6219567348751673 -1.001068561206409
6987 1.677852153947396 -0.528327623511338 -1.054430994603969
6988 2.531603255183203 -0.3289263891055243 -1.149434112831016
6989 2.505179484552758 -0.4876487728404853 -1.083670727729064
6990 1.838086256641731 -0.4308740311372964 -1.119075137592946
6991 1.77161602176995 -0.3064538102633653 -1.193944477245116
6993 1.362598751325951 -0.6270384611223339 -0.9821268572783821
6994 1.969781134609753 -0.7265577091579413 -0.7089619708906789
6995 0.8858711633341667 -0.2815613358495718 -1.326716048329071
6996 1.663397614060806 -0.7421988976495097 -0.63295431180261
6997 1.579570497571487 -0.7288849273597831 -0.7146632193098217
6998 1.297471597839614 -0.5064602435828517 -0.5340086121608959
7000 1.314472242295009 -0.3146329354535694 -0.7832146275612805
7001 1.220457262434915 -0.55312252574528 -0.4767868331286501
7002 1.474927833187293 -0.4034514701076614 -0.5410307081603836
7003 3.1272422745517 -0.7831724603185313 -0.816273870221663
7004 3.053396601145668 -0.7315747823088365 -0.8960734118392263
7005 0.6616463448582282 -0.062010749046989 -1.336293373248284
7006 1.657850607297508 -0.2227527733102275 -1.241635052996007
7007 1.650608428058108 -0.09820615837454008 -1.270039642990438
7008 2.985169751956269 -0.710388320554888 -0.9167294480807966
7009 1.392644280701734 -0.3069054307500011 -0.725335101093954
7010 1.460137804908392 -0.2228461528972938 -0.7264325025906386
7011 1.361449062144124 -0.1837417268537054 -0.8212322541475279
7012 1.277214415918772 -0.7428401894539436 -0.6872097351030193
7013 1.182811965234577 -0.75 -0.5964805594789956
7014 1.129638446044249 -0.7422276754938951 -0.7118376051782579
7015 1.076691221532799 -0.2835672330077832 -0.9844173310817419
7016 1.269081215194042 -0.1155657208563459 -0.9101186870846421
7017 0.7917941179045076 -0.6536806609229086 -0.7757301995986073
7018 1.915891644724748 -0.7469703827142545 -0.5928920855704507
7019 3.276608272956465 0.8415172565736636 -0.5052631578947366
7022 3.391652606129524 0.3317900806366924 -1.075624984961612
7023 3.316852413315878 0.1579356602187246 -1.098415970016966
7026 7.402231817669022 0.3226668278292966 -0.6723402697076346
7027 7.463178780848728 0.149569205877883 -0.6692885370473449
7028 7.228852172788116 0.1765536419283695 -0.7264684253067863
7029 3.324877509515521 0.8386992423091946 -0.6591593681616398
7031 3.282288964062723 0.4558225191633233 -1.061687732787283
7032 3.44250132864263 0 -1.088872444072995
7033 3.580291823826789 0.1940323889268084 -1.069864599909315
7034 6.722471323406371 0 -0.8350334982851978
7035 6.755641659883569 0.2058376233133573 -0.8245336790431559
7036 6.958778249769757 0.1735805665282966 -0.7863841152490462
7039 7.233774366033481 0.6989679963148112 -0.264468320966817
7041 7.345987072044014 0.6842362473963024 -0.2478704684018583
7043 6.415887024269908 0 -0.8846501570525669
7044 6.568108554807264 0.1611843170460772 -0.8587834260067042
7046 7.455879342123072 0.6697483488474315 -0.2315473552792801
7047 7.563189946027107 0.6556142856320468 -0.2156228986047561
7048 7.667380311998159 0.6451620882233563 -0.2567057347306009
7051 7.783723896111265 0.6343870220247748 -0.2919306567013829
7052 3.422785938900967 0.8511813047989409 -0.5052631578947366
7053 7.893106288547887 0.6220634021938526 -0.3209377537569614
7054 7.418248998950339 0 -0.6836552788203623
7055 7.239644375330979 0 -0.7276669144615665
7056 3.863718593909364 0.250454735997004 -1.040711925024878
7057 3.764045642019517 0 -1.056755034087525
7058 7.005913722674286 0 -0.7799257288581144
7059 6.883912589514769 0.3508186812483903 -0.7888981985307471
7060 7.088781607848549 0.337045081736613 -0.7466231351437614
7061 6.398266496492019 0.2703766375631908 -0.8798611142962891
7062 6.17994368074414 0.1825863829211732 -0.9131126170988003
7063 6.637312189275757 0.346232706454907 -0.8357774245391619
7064 5.734335445233285 0.2326298185047384 -0.9554470005301795
7065 5.978173415940923 0.3339017092354142 -0.9278704174919266
7066 5.944905561062015 0.1432884921439728 -0.9399418750279392
7067 5.795904103093007 0.4330024509162881 -0.9365032270298084
7068 5.240864857677843 0.4340972023953317 -0.9693565096048439
7069 5.36867554002294 0.3411971854728624 -0.9718070596225751
7070 5.138454885548197 0.2575201796699038 -0.9836484543954006
7071 6.203433115994535 0.3720136459758244 -0.8987685471180875
7072 5.437672758102883 0 -0.9782282624974223
7073 5.100674698658739 0 -0.989292793443698
7074 5.440337609263339 0.1650411506577337 -0.976147927488105
7075 4.899614509264893 0.1766110929952009 -0.9889102018353257
7076 6.097285887175685 0 -0.9256328601824304
7077 3.627503698349122 0.4036193633995269 -1.045439640125062
7078 7.560976284279763 0.2680367170993558 -0.6358537586699498
7079 5.7701130253915 0 -0.9569936205964478
7080 4.091899981337646 0 -1.028318462499528
7081 4.18382447601629 0.2070955781609234 -1.017615223082021
7082 4.761765763316108 0 -0.9925192986895511
7083 4.62784828111683 0.2411153918076764 -0.9919872474648859
7084 4.424629067039398 0 -1.005783563840314
7085 3.974345770904993 0.6514811186703449 -0.9681671365195696
7086 4.077857922734413 0.7252222706452929 -0.9361371104991247
7087 4.089310917353251 0.5528600703937684 -0.9884857204956445
7088 7.803274571155586 0.6205206952004193 -0.4198616881264794
7089 6.103466955180377 0.7224812226803138 -0.8351635380151873
7090 6.223840071922578 0.7026422631886149 -0.8251786432141932
7091 6.194786375980712 0.5623035502931146 -0.8727574229205328
7092 7.525632040241216 0.4277864306887671 -0.6228392112723077
7093 7.678886185586633 0.363755141985483 -0.5918131747606977
7094 6.50318050370857 0.8005564155357108 -0.4681536746203213
7096 6.557796727709059 0.8051664160184318 -0.5748226111253286
7097 6.641752706888628 0.7943497822381018 -0.5852824307118081
7098 4.179595823632828 0.6988457456986307 -0.9448920920895891
7099 4.256351385968992 0.6286961871219148 -0.9636786231073602
7100 5.393493318886479 0.4990979490067606 -0.9561967991244588
7101 5.246909499941069 0.5899401264643855 -0.9488791843288572
7104 7.156841525674233 0.7248653173794166 -0.5104922299247482
7105 7.246756219299154 0.6760092741112307 -0.5833027092612048
7106 7.108570183009152 0.7001810432360036 -0.6046822858648694
7107 6.448788620120327 0.8177595555512123 -0.5798978963198315
7108 6.356703242495394 0.8154049449691869 -0.4733761550441525
7109 7.416936482104511 0.6885113069013693 -0.3904244919426558
7110 7.344712591019576 0.6943201591255079 -0.4948290869451746
7112 7.358756219542658 0.6224009638079875 -0.5951473259396602
7113 7.373642525627183 0.4832115680791561 -0.6511786340326307
7114 7.253096554974178 0.3898353110475938 -0.7010248554061662
7115 3.942341150618622 0.7592594064135619 -0.9179155403784204
7116 3.823923994143026 0.7762379334809607 -0.9026372751115281
7117 3.916571817106064 0.8407119483118126 -0.8327980185614379
7118 3.825574568117783 0.6575346753850916 -0.9710421332625656
7119 5.084009110486186 0.4811078694180525 -0.9684727249297682
7120 6.272887805954149 0.8295868254250959 -0.6819286595921649
7121 6.194385689786692 0.7946130248495924 -0.7686029224890277
7122 6.155867039363066 0.8463213778972289 -0.6738011372036645
7123 7.547420499852304 0.5482543709211737 -0.5791790547578259
7124 7.448488687785215 0.5489115066177985 -0.6083567721243076
7125 6.919666158754811 0.7533625420637095 -0.4404317097166817
7126 6.821679608687993 0.772154598667774 -0.5424511304713227
7127 6.785345574192252 0.769349444378571 -0.4510923108996217
7128 4.215281371359709 0.8728282750756873 -0.8096339834241951
7129 4.284726542063128 0.7835957059493632 -0.903901759983106
7130 4.185583575860063 0.8019861183582503 -0.8909712374997412
7131 6.344313168614812 0.8294093964095482 -0.5903997383956303
7132 6.768707287803901 0.759472266974066 -0.6424428728884396
7133 6.868221741359631 0.7387773212521792 -0.6398297055164904
7134 4.919458105112731 0.8407534991161817 -0.8687006679214667
7135 4.840292737909725 0.7494599708268362 -0.915191911991875
7136 4.796789424470368 0.8277370270537615 -0.8775049029871904
7137 4.882582642891231 0.3823031007594219 -0.979116206775178
7138 5.519064490845691 0.582791725471117 -0.9365855103704586
7139 5.421046388491546 0.7339881354021357 -0.9039137272207876
7140 5.546770771467536 0.7099248644584799 -0.9034475238397086
7141 7.897162283496546 0.4896442963912453 -0.4998933693511245
7142 7.942659442001954 0.5803136618320615 -0.4283498594897902
7143 7.990349277873877 0.5195983365477347 -0.4641148858336702
7144 4.539563106945492 0.8883262227589646 -0.8105148149523613
7145 4.576994536842908 0.7978527455296379 -0.8951953984632252
7146 4.477600185409007 0.8100100753879955 -0.8880560520459461
7147 4.538261931546933 0.6826690707792069 -0.9404216912675714
7148 5.740395429888675 0.6988038694268768 -0.890147138052806
7149 5.634357303353051 0.6584401721957136 -0.9117274543260745
7150 5.639340687742317 0.7751151421489214 -0.8682045749623151
7151 3.535758076803031 0.5686453829195475 -1.014421393232445
7152 3.65976411910532 0.6163679888969269 -0.9924657570538238
7153 3.512355786728184 0.6947968140439328 -0.9566929286373587
7154 3.61125092608266 0.7376068627742384 -0.9277906973384004
7155 3.717066689435304 0.7354558385416238 -0.9315728823362929
7156 3.769141244528706 0.4988390792638566 -1.018611596564293
7157 6.431171899434643 0.5778171337221943 -0.8331930439589808
7158 6.385161331654698 0.6958741584594951 -0.7998798264936702
7159 6.490837199130537 0.687067849803593 -0.7836643447550755
7160 6.434168593278823 0.778990984867708 -0.7263786632361403
7161 3.301549411967666 0.6860759214225509 -0.9594137281427297
7162 3.223975829059398 0.7554858672509317 -0.8820620356110522
7163 3.32783163128044 0.7742840768723136 -0.8667110133615584
7166 3.566317438040121 0.8603246548704302 -0.5052631578947366
7167 3.491038704956062 0.8498520534329772 -0.6751885124121524
7168 3.636932988331671 0.8639325758399125 -0.6216272346665336
7169 7.632818224980626 0.6434952857484475 -0.4606893164246434
7170 7.562319636435351 0.664262537592833 -0.4409764561068574
7171 7.645017332420096 0.6563821715895741 -0.362717119965594
7172 3.623723303257512 0.8508289425578737 -0.7395819878599057
7173 4.62282711667199 0.9142256521144481 -0.6030750091032164
7174 4.509787492003685 0.9119415344223822 -0.6198517117770096
7175 4.509420731799366 0.9063352340434909 -0.5052631578947366
7176 5.69035939821701 0.5509717461225823 -0.9296788787563519
7177 5.8391919194918 0.6156949603163897 -0.9034880823172717
7178 5.580164870494091 0.8900504370284209 -0.5700156617265753
7179 5.46386090260572 0.9002829277233608 -0.6011719660819094
7180 5.53058931980496 0.8857556005567955 -0.4749167295922967
7181 5.402061315291133 0.894540082900635 -0.4848139619989221
7182 5.334949581409203 0.904916775381708 -0.582418398769217
7183 3.532165145729808 0.8091538378750931 -0.8362190502189883
7184 3.442007950103332 0.7739016937824911 -0.880344519061814
7185 3.3984544616292 0.8201238771265211 -0.7827873901088591
7186 3.641856983111635 0.8079882649583157 -0.8531986555527411
7187 4.999627455753227 0.9225575290712592 -0.6926753653339366
7188 4.906505588787551 0.9179848030687285 -0.7508449870904463
7189 4.929584785560113 0.9188360348330682 -0.6123848361613803
7190 5.018787181742841 0.9114204676436798 -0.5038326229029796
7191 5.082171987999891 0.9164145635497292 -0.6089916555321762
7192 4.892081040384346 0.9126871829858876 -0.5052631578947366
7193 4.986610372015424 0.9028831267762901 -0.7956591700155891
7194 5.084881664642695 0.9177397412104602 -0.7388774196537508
7195 6.511914782855918 0.4564981995699472 -0.8436369678845403
7196 6.668849853868135 0.5201376102649158 -0.8043246103648374
7197 4.765030210881863 0.9118312669166208 -0.5052631578947366
7198 4.771708186913769 0.9164424655538702 -0.5937402727651034
7199 4.63760259639004 0.9096443342494317 -0.5052631578947366
7200 4.5757013152365 0.9165618217882339 -0.703099624502024
7201 4.7067579311435 0.9207721468841156 -0.6943767552001545
7202 4.391812106929153 0.7255945642923642 -0.9298698747826175
7203 5.378391614480422 0.9100312447929104 -0.6756438486580717
7204 5.454689787613908 0.9031572568861282 -0.725591330288526
7205 7.02745784996365 0.4914555054222768 -0.7355609139580983
7206 7.158462841726183 0.502438969421217 -0.7016836982000285
7207 4.059351936164941 0.8889289424108902 -0.7016334069071153
7208 4.026342077086595 0.8884516412295229 -0.6037293495491874
7209 4.177943493391478 0.8977006901213882 -0.6413688907174897
7210 5.951699750117916 0.5346327936255191 -0.9077481459692351
7211 5.953786515955544 0.7031414453336822 -0.8644371855668549
7212 5.83948643653257 0.7460357838910869 -0.860366894064082
7213 3.758368967398375 0.8723250047685889 -0.5853641676957525
7214 3.771410441741191 0.8692515215203506 -0.6937041244853307
7215 5.322269254627892 0.8278116619409668 -0.8633173246804094
7216 5.213972679819109 0.834093459694274 -0.8653133560559859
7217 5.261937962200768 0.8981943878857253 -0.7852365575410538
7218 4.379988639356275 0.9020450556184241 -0.5052631578947366
7219 4.397558895760716 0.9058950146888667 -0.5904832028898971
7220 4.249181362653259 0.896884915763366 -0.5052631578947366
7221 5.262789477946635 0.7333785971060954 -0.9126832748670327
7222 5.109209283450451 0.76285360812057 -0.9071563964628422
7223 4.637998365097731 0.9051405091452117 -0.7811326770139554
7224 6.577373159963676 0.6049436082882675 -0.7993937022334227
7225 6.344231992378393 0.4611989515512357 -0.8691435259889051
7226 6.305304636509422 0.6231288694119901 -0.8412376520082208
7227 4.542171540281871 0.4873463991802299 -0.9767452555855286
7228 4.391603332263889 0.5728750805295393 -0.9700300979968191
7229 6.035320823688489 0.8608693498223843 -0.6602284132512732
7230 6.093436806947745 0.851640553162792 -0.5703004014243607
7231 6.231141010831333 0.8396757905657388 -0.575148062793602
7232 6.207382951478587 0.8295500967260537 -0.4753297185545791
7233 7.990434127070877 0.6091745168751375 -0.3383746196415772
7234 5.381074541956188 0.8877246649169981 -0.7917209554700553
7235 6.075303705058579 0.8262481212890198 -0.7569058549899963
7236 4.714328917427578 0.8600643391664886 -0.8520309057606238
7237 4.797987614222468 0.9066030807249339 -0.7869349141221029
7238 4.827058507193954 0.9228385977180489 -0.6877806809605838
7239 4.304100772777449 0.8805142923090719 -0.8043497132954096
7240 4.378074216725228 0.8368307535931554 -0.8666054685609329
7241 7.010104683830235 0.7461674331798867 -0.5280498427067615
7242 6.987466706485252 0.7159974965086709 -0.6287769704593577
7243 5.572156517987954 0.3865149013214597 -0.9576486060863183
7244 5.499954470116731 0.8688594195130759 -0.806414399569954
7245 4.450035783791539 0.9112150887456454 -0.7052687653908613
7246 4.448223582743173 0.882616596154882 -0.8140512274750691
7247 7.713214399645963 0.631180306195267 -0.4444708575785541
7249 3.242066318247936 0.5809899065253518 -1.021260037500791
7250 3.392698341267689 0.6059574545411345 -1.005745205067697
7251 7.246171892612766 0.7128508660498096 -0.4873359459159684
7252 6.785971972304873 0.5823867221528214 -0.7644264921001782
7253 6.784575290565806 0.4573834742496908 -0.7940609064931929
7254 3.926247791412813 0.8801965900020661 -0.6967199699055245
7255 4.006407644550022 0.8710390487826019 -0.7787734616321396
7256 4.025855116137432 0.8237147187695566 -0.8655600640043771
7257 6.701449936721608 0.6623355093448082 -0.751059615906926
7258 6.684800018567329 0.7575143400550552 -0.6777945304772285
7259 6.796739895533368 0.6939288318619216 -0.7090795756128111
7260 6.868965796182504 0.6346222836185511 -0.7254384572768524
7262 7.468049681086591 0.6761012686190002 -0.4702367978074408
7263 7.715218734156132 0.4896148261713248 -0.5521490094252202
7264 7.795549265764528 0.4380080916121846 -0.544076132888559
7265 7.08345199393021 0.7357641398755821 -0.5182664820502343
7266 5.146054540281694 0.9076757566896092 -0.4996135610211986
7267 5.212481713445905 0.910746256565747 -0.5896541458504304
7268 5.176553816828241 0.9185206608774259 -0.6923148719579124
7269 7.847489015512772 0.5634067196279425 -0.4750928067425201
7270 5.921343944879251 0.8540430416191509 -0.4655229126950603
7271 6.061401103440015 0.8424317752940143 -0.4730165304962791
7272 5.942434886433904 0.8640573166973416 -0.569150316030104
7273 6.720014010778401 0.7852140772109419 -0.5560697757935967
7274 7.475099395736086 0.6213215987894229 -0.5568085060448353
7275 7.413201162469435 0.6640235680554301 -0.5311255895792998
7276 7.559983809834012 0.6284807850806665 -0.5181404714031922
7277 5.022971374675974 0.8309345862229403 -0.8742687344442701
7278 5.552273572632059 0.8993967391552248 -0.6997283846303776
7279 6.920834174124204 0.7572616256257956 -0.5535074680791319
7280 7.268365019253687 0.5562926168013105 -0.6562717470234098
7281 6.602303395018887 0.7157516127358727 -0.7423250309657101
7282 7.653163134208919 0.578057662811725 -0.5291683785096575
7283 5.170916759598168 0.8993748498735606 -0.7921697593786652
7284 5.117367162480472 0.8600247486845436 -0.8487119506991068
7285 4.111929227766932 0.8647574207617982 -0.8128873619046471
7286 3.916965019855328 0.4961905121799739 -1.009388358147442
7287 5.826087667457088 0.8779978741399489 -0.6163428899839042
7288 5.826589827860453 0.8716013205850015 -0.7288137140217439
7289 5.696092693608686 0.8890016738675044 -0.6968732248391999
7290 5.712404303943062 0.8812396218324698 -0.5694393037675376
7291 5.628471254568514 0.8938257953745632 -0.6395303599661328
7292 4.223461661399091 0.4432319927745375 -0.9976246611015369
7293 6.058176840053457 0.6212437466104718 -0.8770666460055192
7294 5.144401775895919 0.6521692848349476 -0.9396362911319853
7295 5.01961091705958 0.6505677040886516 -0.9424621529786494
7296 4.958432528272426 0.7415998266224714 -0.9176847613372254
7297 5.898762334351908 0.8159562680206103 -0.8055108645030333
7298 5.796936335098253 0.8253780214192901 -0.8131623812210115
7299 5.729928358552701 0.7897648291239558 -0.8498323857398825
7300 4.831967442303304 0.6105759348968997 -0.951629446594388
7301 3.250177914641707 0.8106095369965549 -0.7716359086527222
7302 5.542951081623 0.7980338521735519 -0.8647457846760318
7303 5.605028277128594 0.8653063249832341 -0.7958345454902006
7304 5.694072310760407 0.850339861476462 -0.8019846252601949
7305 4.377657132507844 0.8975493978509772 -0.7696167282697737
7306 5.273773690558627 0.9019374144727144 -0.4931483301371971
7307 3.732936417448964 0.8074235380259046 -0.8636241257423763
7308 3.803641279087873 0.8399322759443434 -0.818565932385644
7309 6.082534285784443 0.4772947439688365 -0.9016681089451845
7310 3.713578414150258 0.8452888689694409 -0.7878136234002799
7311 3.395027487240695 0.7162157873066604 -0.9381831556215858
7312 4.632078288588898 0.848896406133832 -0.8609244638832342
7313 5.053526248561734 0.8880266262234846 -0.819080927321346
7314 4.715194117927431 0.9071977577613843 -0.7813520887734287
7315 4.662517375052524 0.6116990311870316 -0.9539934784615756
7316 3.444786522331131 0.4791908465518641 -1.044816338307139
7317 3.70733967081169 0.8689101191567259 -0.5052631578947366
7318 3.855565397281575 0.8643912605940669 -0.7618466680949394
7319 6.312571082419359 0.7652387661403719 -0.7702555825901594
7320 4.708533826038803 0.4598254577397486 -0.9746978238922012
7321 5.275098601406061 0.9147101299444927 -0.6743314637055073
7322 5.371874577753509 0.6378503918975126 -0.9340340399553562
7323 6.374183082519112 0.8165435662816634 -0.6760523921273158
7324 6.530293043756108 0.7690995580730764 -0.7111773614771494
7325 6.497223193882566 0.8045009286940645 -0.652277960749415
7326 5.659248536819836 0.8757900932629 -0.4636888691587483
7327 6.900270389097098 0.5142496854076866 -0.7586555324866296
7328 8.01719699652546 0.5862155869138372 -0.4002107156072467
7329 4.116624988613522 0.8909298739039158 -0.5052631578947366
7330 6.602320956373371 0.7816374766627832 -0.6657690773463801
7331 4.314336627395273 0.9052597511291487 -0.6624409831585059
7332 3.845951559902057 0.8768985918574519 -0.5052631578947366
7333 3.880997017187371 0.8798669047940002 -0.5959148856602789
7334 3.982358469291848 0.8842546181776063 -0.5052631578947366
7335 5.940660944204834 0.8643143795808581 -0.7087871500996611
7336 4.045685670682875 0.3719418304564073 -1.016906125968483
7337 4.69966027281859 0.7414131733294017 -0.9191040705520603
7338 4.392268560166688 0.3659156906311235 -0.9954722675215455
7339 3.205100118566117 0.6758794863186055 -0.9646286144541945
7341 7.752632483004369 0.5713740057367044 -0.5005679176495406
7342 7.804394697369222 0.5080741316729265 -0.5189060864985183
7343 5.99752008394807 0.7968779303969348 -0.8055494696458477
7344 7.108685173868994 0.6027532036777922 -0.6795895622981514
7345 7.184885532611029 0.6264464961352524 -0.6458894634314134
7346 6.96198829885346 0.6136812898925149 -0.7122805048693167
7347 7.041109310041428 0.6381468105518068 -0.6795224077433912
7348 7.625102612018006 0.4840646897818626 -0.5803312601752104
7349 5.41067706848031 0.8328112871135125 -0.8529173602916138
7350 4.95391860065313 0.543814486095335 -0.9620938641276801
7351 4.107517666135015 0.8109834144857218 -0.8818183364203809
7352 5.471546051771242 0.8072248453163331 -0.8655069781017991
7353 5.325169580816392 0.9089212769058548 -0.7365331520744767
7354 6.92032465963657 0.6871180554551931 -0.6802380051446617
7355 4.861214736607398 0.8810100921685889 -0.8312024939581528
7356 4.146738459084149 0.8898512771081377 -0.7414862956962583
7357 7.873971494414798 0.6062264834475638 -0.4153690128530351
7358 8.075125687805087 0.5353578136653526 -0.4365549636156967
7359 8.074547452400719 0.589945227529335 -0.359658227660768
7360 5.753926075616159 0.867751020398031 -0.7615180129434119
7361 4.251318556933162 0.898282899559441 -0.7297372421537829
7362 4.405395071615444 0.1970920838333652 -1.00383405708962
7364 4.069787817071141 -0.2178780553436702 -1.02561921327336
7365 3.863634881682488 -0.180705857359002 -1.044211875913997
7367 3.276608272956465 -0.8415172565736636 -0.5052631578947366
7369 4.956143021004522 -0.1629759182777937 -0.9891081448060721
7373 5.690710911537933 -0.2017687379633357 -0.9598694945826398
7375 3.280767456212463 -0.515255366572418 -1.044872427467993
7378 6.240124082774692 -0.1926875725802986 -0.9052495271048002
7380 6.502543793519742 -0.1750752083688346 -0.868728439687477
7381 7.30084332217514 -0.17264406334612 -0.7093352767037567
7383 7.463392537445358 -0.1499265105410209 -0.6692185575894074
7384 6.690058816600406 -0.1809555698596251 -0.8374218853886366
7386 7.39906396942362 -0.3175091738355162 -0.6737436677719394
7388 7.825942051213426 -0.6294824629623332 -0.3638556211867702
7389 7.783098566117782 -0.6344487111161764 -0.2917533491664414
7390 3.606694268537105 -0.2034739119888325 -1.066799662208986
7391 3.348236675558196 -0.2994824760567751 -1.08362910965507
7393 7.345987072044014 -0.6842362473963024 -0.2478704684018583
7394 7.331625769279402 -0.6895784797494957 -0.3014489860192077
7396 7.233774366033479 -0.6989679963148114 -0.2644683209668173
7399 7.455879342123074 -0.6697483488474312 -0.2315473552792798
7401 7.666920079786099 -0.6452040239564781 -0.2565528454380848
7404 7.563189946027107 -0.6556142856320468 -0.2156228986047561
7406 4.171065574925379 -0.3935235741099958 -1.006219227847789
7407 4.285089254703765 -0.195152314930733 -1.011173191694288
7408 7.561379486488935 -0.2684196535581884 -0.6357101842571585
7409 6.082366772157183 -0.3613625266037762 -0.9143771384345037
7410 5.852956695262971 -0.3631562346072832 -0.937819525360066
7411 5.961084329828311 -0.1813947745762319 -0.9372971624016659
7412 6.420057622050246 -0.3611885060440833 -0.8696327300517344
7413 6.250791389650285 -0.4076646875749078 -0.8889832381579521
7415 6.872063780527585 -0.194969991222336 -0.8029052751507878
7416 5.229770719941076 -0.2057221112334606 -0.9832337891976386
7418 5.613001126100239 -0.428523619416443 -0.9511864759931681
7419 4.993811327466352 -0.3435259982444283 -0.9813385823877838
7420 5.47730011392094 -0.2412657364181504 -0.9717909374317845
7421 3.957069743431097 -0.364976276060894 -1.024133266522569
7423 4.54187665344173 -0.1889689688591276 -0.9972254790746951
7425 6.999647559066434 -0.7474313905490264 -0.5318290408937605
7427 4.483645532926007 -0.9130886063125803 -0.6638758123865258
7428 4.389319099024869 -0.9078723833601565 -0.6321434679078238
7429 4.427488185044313 -0.9036720419873363 -0.75550145617135
7430 3.895278128558101 -0.790311194275186 -0.8928283197711289
7431 4.023278501151069 -0.8095986217249564 -0.8800286976683883
7432 3.954245753251859 -0.8506776748329764 -0.8194770622464288
7433 6.503199030811637 -0.8005544780413936 -0.4681528412549654
7434 6.547543659599622 -0.8062196251593848 -0.5667892638427676
7435 6.646213346957778 -0.7851526287507408 -0.4605116728754412
7436 6.642430142292064 -0.7919269938276208 -0.6073542422444235
7437 7.329099254296418 -0.4756959397696571 -0.6649391108373004
7438 7.183214786437421 -0.497741647620576 -0.6967540241321839
7439 7.242874085166165 -0.3464214558292402 -0.7094795832776618
7440 3.463919161425464 -0.6735481566352056 -0.9697885285619141
7441 3.548476879361817 -0.7781255559072284 -0.8847968820881553
7442 3.441528301881932 -0.7898603920760485 -0.8568192940519901
7443 7.228658115209028 -0.7061134147951168 -0.5358417535701123
7444 7.273423846741705 -0.643573517569704 -0.6065834483794598
7445 7.339775104888257 -0.6703221633574107 -0.5534915271613265
7447 7.335873935960699 -0.6990948991889674 -0.4770180246822183
7448 7.416900810485596 -0.6885162457390791 -0.3904286236264762
7449 7.175613932378612 -0.7210345766233639 -0.4165699784322934
7450 7.116884025740525 -0.7260105738087632 -0.5430994975523041
7451 7.448217646495982 -0.4519385644595737 -0.6387451389963223
7452 7.239704948105251 -0.5744751008885289 -0.6567615620604911
7453 7.343929775244962 -0.5905122345842972 -0.6194681226580218
7454 7.122611108058951 -0.6344585196989357 -0.658986193519435
7455 4.112011581954608 -0.7219615017001565 -0.9370305355688144
7456 4.154695762822593 -0.5833947258747543 -0.9787595203237549
7457 4.26241194079789 -0.6810019379259228 -0.9486504311967523
7458 4.381552014456856 -0.7471586913283369 -0.9213809433325995
7459 4.362785085806689 -0.8525598228440443 -0.8504514308824912
7460 4.293963436327889 -0.7921140978176714 -0.8987365930584453
7461 6.794292445796538 -0.7756519933372938 -0.5490979551148254
7462 6.887954239964489 -0.7635226210972736 -0.5271365745571474
7463 6.785199608687239 -0.7693663493361471 -0.4511024640712981
7464 6.061874518608373 -0.7441682726478376 -0.8305308404676728
7465 5.966523124294167 -0.7690096726436844 -0.8306810543238818
7466 6.005667800433315 -0.6411413311724405 -0.8782880597160119
7467 6.92289189294712 -0.7367883353052551 -0.6209504096547234
7468 7.030197672936125 -0.70965996921542 -0.6215290822213888
7469 5.420734644713464 -0.7565098147698582 -0.8951326647933788
7470 5.351556086392397 -0.8496397905225118 -0.8437242844318708
7471 5.291331153336071 -0.7769307832477246 -0.8939087420847051
7472 4.490779338346552 -0.7323782328829412 -0.925433817058992
7473 4.45751784325401 -0.8415253609704986 -0.8642896125187945
7474 5.78701613716906 -0.5149389771232331 -0.9270774629699373
7475 5.455209953079297 -0.8726344010685587 -0.8069670959108449
7476 5.371914261512478 -0.8966945735245376 -0.7728794874559838
7477 5.267036396900263 -0.9052666611301103 -0.7651504034410914
7478 5.467334225840183 -0.9027878260497055 -0.7224179232939102
7479 5.34629735571038 -0.911522025412543 -0.6971028364908465
7480 3.43254025530861 -0.5123438370757576 -1.037044868498423
7481 3.311507474644144 -0.6447658036356115 -0.9871729250993421
7482 5.305488879271925 -0.6656678703606254 -0.9306886479030527
7483 3.566317438040123 -0.8603246548704303 -0.5052631578947366
7484 3.632928537243511 -0.8629474002847572 -0.639995016497769
7485 3.707339670811692 -0.868910119156726 -0.5052631578947366
7486 7.89820107259939 -0.4900867667539924 -0.4994455156779145
7487 7.991134451228668 -0.5197394761494445 -0.4638943421344925
7488 7.933896374044734 -0.5837009606429086 -0.4270538855950383
7489 3.948246898950978 -0.8802146638109857 -0.7122887518873121
7490 3.856268050982846 -0.8545665058710767 -0.793805308259852
7491 3.845568881921616 -0.8766588534828392 -0.6644283143456289
7492 3.742652758733749 -0.8619202448031398 -0.7315860779185461
7493 3.765974225348144 -0.8179816784073384 -0.8519526056171275
7494 5.85508459922524 -0.7830206755644773 -0.8379291123378912
7495 5.798280648283052 -0.8616875671116596 -0.763505085188911
7496 5.761551394212553 -0.7577377212863969 -0.8638982429563778
7497 5.683483175307495 -0.6277842446104245 -0.9151937072836822
7498 5.841931070078695 -0.6388647306049091 -0.897542610590093
7499 5.970682285939587 -0.5072648792012533 -0.9100591854810496
7500 3.281781992471384 -0.8311820651120401 -0.6916529597821202
7501 5.29435807161404 -0.9084040861940087 -0.5992064656047773
7502 5.408141228896074 -0.8980854513071623 -0.5501759015146016
7503 5.273773690558627 -0.9019374144727146 -0.4931483301371972
7504 3.204901580658866 -0.7601434446597264 -0.8727331302762301
7505 3.218630900759377 -0.6997940999021895 -0.9449576177314535
7506 3.30483975505431 -0.7718532591459651 -0.8675299332663867
7507 5.146054540281696 -0.9076757566896091 -0.4996135610211985
7508 5.145581000824141 -0.9136717308770956 -0.5971739138902256
7509 3.642229096082612 -0.8382684550553345 -0.7909876401422852
7510 3.65627875406182 -0.7777783185177344 -0.8930992862844909
7511 4.312822643020445 -0.9048980885945517 -0.6911098501963453
7512 4.293858779030979 -0.9017808764808233 -0.595376459867954
7513 4.18415965172749 -0.8981612742688895 -0.6495365734041555
7514 4.116624988613523 -0.890929873903916 -0.5052631578947366
7515 4.249181362653259 -0.896884915763366 -0.5052631578947366
7516 6.356710555829367 -0.8154042510509902 -0.4733761469378225
7517 6.207386324698233 -0.8295497912422627 -0.4753297419585459
7518 6.328842080861492 -0.82935757106029 -0.565166286990876
7519 4.659926788478007 -0.9195860792838546 -0.6905111044608592
7520 4.588552388431458 -0.9134510039776736 -0.6052891186461298
7521 4.553046826202257 -0.9140928067095868 -0.7257892280690644
7522 5.370814897636746 -0.3921867948714167 -0.9680309865480745
7523 5.423179594874947 -0.5425275946446946 -0.9487767717378568
7524 3.557864449842165 -0.5757043946070617 -1.011039072095887
7525 3.609442568926571 -0.4278688351911309 -1.043044874105161
7526 5.530589319804962 -0.8857556005567955 -0.4749167295922967
7527 5.625453567401515 -0.8905449625690591 -0.6003538035769512
7528 5.659248536819838 -0.8757900932629 -0.4636888691587481
7529 4.41131439253264 -0.3948703415168078 -0.9920894521431858
7530 4.575032890603606 -0.51207048049435 -0.9724474961956617
7531 4.418858252254704 -0.6032449438719691 -0.9630801538991884
7532 5.565217557707646 -0.7164838835527292 -0.8997770297487813
7533 5.519698920805507 -0.8096549542317213 -0.8596504914545753
7534 5.55014291706838 -0.5936277556927964 -0.9325254774181723
7535 6.455761941303106 -0.5365194746067816 -0.8386387057553406
7536 6.539233330858549 -0.6247186056018879 -0.8000908134683072
7537 6.420787331974696 -0.6695631974400442 -0.8051441021342783
7538 5.914371743439969 -0.8474786128140809 -0.7621007836915642
7539 4.763692187519518 -0.8175038448711828 -0.883814556060611
7540 4.678119888833042 -0.8193810199880278 -0.8826208645645298
7541 4.72877052057371 -0.7074966167635774 -0.9298540263570563
7542 4.610131803968858 -0.7529628037856734 -0.9157689719160191
7543 4.57698828593638 -0.6442787874902918 -0.949186672673052
7544 5.236682382684057 -0.9161037847587867 -0.6706314724352529
7545 4.588536382648223 -0.8652073011618383 -0.8444219744466105
7546 4.708654065621339 -0.8946193557306831 -0.8083649145276703
7547 7.892215935260591 -0.6221781455325853 -0.3207325647341876
7548 7.989352037147609 -0.6092981324750557 -0.3382717476720948
7549 4.825230185882196 -0.8753439108994815 -0.8376204881948083
7550 4.851600320516775 -0.9225134573814147 -0.7117199467733915
7551 4.908375983670451 -0.897213418275024 -0.8077197711125179
7552 5.749503374089801 -0.8777687138825175 -0.5621895998404052
7553 5.742277369406258 -0.8865856703445421 -0.6587367675603678
7554 5.055669204561161 -0.9216353496566139 -0.6952195665098797
7555 5.101318275202508 -0.8968144784993552 -0.8023955426246671
7556 5.157785864506224 -0.9178684007089992 -0.7203763045660554
7557 5.191073099966886 -0.8855547891296371 -0.8149814535089415
7558 4.28987138233364 -0.531023497665185 -0.9818666915777126
7559 4.892081040384347 -0.9126871829858876 -0.5052631578947366
7560 4.999258216162988 -0.91688124941399 -0.5968199230435691
7561 5.018787181742841 -0.9114204676436798 -0.5038326229029796
7562 5.888798927643477 -0.8677700309385947 -0.565054715433594
7564 7.68772500215333 -0.6358776320888986 -0.4477246827960497
7565 7.785519929998785 -0.6193280660664191 -0.4320235786416604
7567 4.72052841504644 -0.591813555795881 -0.9564766393334649
7568 4.799944043145088 -0.4636497075568075 -0.9726258293295527
7569 4.184460745580789 -0.8726888180930845 -0.8060160502564828
7570 4.248203665693886 -0.8943838120795362 -0.7518213182279259
7571 7.11267668902217 -0.1979082455580621 -0.7521747361601472
7572 3.804952722035308 -0.7318523178089129 -0.9346817313037091
7573 5.161555263768776 -0.4222220268702104 -0.97268537692206
7574 5.15709601133665 -0.5988868522059407 -0.9500852704396445
7575 4.99910882412914 -0.5341882359077839 -0.9630911430676767
7576 6.748973307975125 -0.7627508973477491 -0.6440934828917991
7577 6.737978595318464 -0.6844952906648573 -0.7302493603914083
7578 6.831564629022022 -0.7005258614805304 -0.6945942350983884
7579 4.982260653893401 -0.8354771122932583 -0.8718840202895807
7580 4.985965802271769 -0.9116011057094447 -0.7735677493184595
7581 6.157919323467142 -0.5513389118289034 -0.8799562047775668
7582 6.331008156878537 -0.5470376944835377 -0.8562392580378224
7583 4.944426303957675 -0.9227432031699193 -0.6721650332081492
7584 4.036572991678403 -0.8716660078951124 -0.7835542667838065
7585 4.060223987773487 -0.8908891564969263 -0.6576089496009137
7586 7.680422667117707 -0.3648391163844857 -0.5912117705171871
7587 7.796726540076795 -0.4386823077306718 -0.5435732439043868
7588 7.694249834173442 -0.4948754595586859 -0.5565292637230531
7589 7.665736555192964 -0.5868151227804081 -0.5185947864126207
7590 7.591648915487995 -0.5654785406417233 -0.5568242247878228
7591 7.56344530674122 -0.4849125702251409 -0.5978807827992426
7592 7.448890176992617 -0.6767191177941724 -0.4826171007273979
7594 7.846600108123582 -0.5643105687819803 -0.4746942305152197
7595 4.11315864134095 -0.8298551744544398 -0.8635826271666792
7596 4.116181950921652 -0.8848586852822664 -0.7562150037465711
7597 5.161399155161019 -0.8092520540411421 -0.8834166936711541
7598 5.061016778377193 -0.8422795506496495 -0.8653981234003858
7599 5.05204303457781 -0.7097469517836511 -0.9267548114852513
7600 6.174248335011264 -0.8451471276446199 -0.6671015759404175
7601 6.078777471109156 -0.8534048985791964 -0.6853486713682422
7602 6.137036317458396 -0.7967236773321917 -0.7788793747974656
7603 6.227243716998641 -0.8025284096971294 -0.751656013055907
7604 6.715620541688176 -0.7856892217868017 -0.5444203682751677
7605 6.010730893967949 -0.8602831516759136 -0.5851661479064318
7606 5.921328541068262 -0.8540439429538478 -0.4655171199367341
7607 4.882839714678076 -0.6431447468009575 -0.9448743157176656
7608 3.532269706813458 -0.8393013629781263 -0.7566236244273183
7609 3.423702549338732 -0.8387039543806321 -0.7166809830561569
7610 5.964529621947188 -0.8665958376165519 -0.6779244962850559
7611 6.031143772210034 -0.8244959694981946 -0.7699011878589077
7612 6.280663065278546 -0.6720168765545216 -0.8286188493370467
7613 7.500831887035962 -0.605089614925952 -0.5609942712614426
7614 7.566132426658255 -0.6429397107186394 -0.4956045094460365
7615 5.637934995751959 -0.858929831497203 -0.7997165904040689
7616 5.684888218141078 -0.8868153096929627 -0.720828542817108
7617 5.57921064219413 -0.8964454612095677 -0.7118185544253753
7618 6.594093728947145 -0.7332664217632794 -0.7307943332683282
7619 6.675996633114219 -0.7387709894381784 -0.7035357358694266
7620 6.653610208484131 -0.6204973920612809 -0.7790805787875131
7621 3.372796421123321 -0.846049491999993 -0.6071083111561423
7622 3.422785938900967 -0.8511813047989409 -0.5052631578947366
7623 5.912209730173309 -0.709873625662425 -0.8670420478150074
7624 4.738118992252002 -0.9170829363909991 -0.6077107823756382
7625 4.509420731799366 -0.9063352340434909 -0.5052631578947366
7626 4.63760259639004 -0.9096443342494317 -0.5052631578947366
7627 6.394822735895971 -0.8132006849393176 -0.6765783299288822
7628 6.453179441528126 -0.8163153609244691 -0.6192554078546785
7629 6.434866454873481 -0.8158916787350733 -0.5353007142249786
7630 6.485564096142197 -0.7761248191238133 -0.7152878921847036
7631 7.191467561321689 -0.6643660433726497 -0.6155956980421771
7632 6.870569743387364 -0.6304852000221128 -0.7269765735045794
7633 6.922039437828574 -0.5515948644781011 -0.7439743923545999
7634 6.951504916510732 -0.6573281223829055 -0.6923410516004206
7635 4.201097736838026 -0.79322411447388 -0.897435140732209
7636 3.764134350360741 -0.3635940492891588 -1.039514699723975
7637 6.140053242067991 -0.6802422147624181 -0.8474708284369123
7638 4.626357225186187 -0.9083440254944972 -0.7701354996518701
7639 3.694838606078281 -0.5511848949183891 -1.011163973827487
7640 3.597461810791401 -0.6857521801764759 -0.9622378085224071
7641 5.59848117076661 -0.8067846311536214 -0.8536972001861406
7642 5.547752478631023 -0.8709047627491815 -0.7963593047498785
7643 5.25664583582717 -0.848929436542338 -0.8512565740763701
7644 5.187774035422112 -0.716546514922352 -0.9211699089018619
7645 3.70225373922927 -0.6866943286906028 -0.9607258018885905
7646 7.435742693162252 -0.5498197731954156 -0.6116934998174461
7647 5.277903688406948 -0.5270259533811945 -0.9575081261135423
7648 6.716595313986137 -0.492818019586678 -0.8008296025180364
7649 6.792513172778355 -0.5847776396883942 -0.7622553707618451
7650 6.573997073517788 -0.4791477895657363 -0.8294550079863576
7651 3.752768836207792 -0.8719459509240464 -0.6009171930030464
7652 3.50093401751337 -0.854623899478608 -0.6180909351290381
7654 4.863164029231531 -0.9176439709058676 -0.5984767771671342
7655 4.765030210881863 -0.9118312669166208 -0.5052631578947366
7656 3.36275905107874 -0.8151574735274221 -0.7881845945503783
7657 6.512893636466872 -0.7108441836247064 -0.7659165766481359
7658 3.380040508262438 -0.7271403215130116 -0.9277804710979346
7659 4.267190246216209 -0.8585928699902177 -0.8378539210548948
7660 4.330284065573919 -0.8927569875672193 -0.7769116370764589
7661 7.054012423613886 -0.5530735146754053 -0.7126078500409578
7662 6.991373843350725 -0.461504245050455 -0.7499721547257849
7663 7.1063802762351 -0.3980424292630257 -0.7347617300669846
7664 3.961557305115666 -0.8844980016884291 -0.5902167737553753
7667 4.748304865863943 -0.9212305752429883 -0.7094497426340233
7668 6.38200575397984 -0.7566945277993916 -0.7620246765989542
7669 6.313207356089576 -0.8106064715852882 -0.7146241328073043
7670 3.731559627599021 -0.7594888744607003 -0.9136996430968179
7671 7.41589498961085 -0.6338593818389857 -0.5664489267551197
7672 3.989817507600621 -0.7406425120414957 -0.9292656038397947
7673 3.797553763333627 -0.6248376431763565 -0.9840264468228956
7674 3.915751616832459 -0.5971885478360052 -0.9871777155213322
7675 3.900956713418987 -0.6921601662498511 -0.9545635689335447
7676 3.852900869493695 -0.4959531450680028 -1.013624012839772
7677 4.379988639356275 -0.9020450556184241 -0.5052631578947366
7678 6.83667150480758 -0.7579370085157129 -0.613747768547924
7679 7.254046210866659 -0.7130556005576624 -0.4622912629085947
7680 6.548176845525903 -0.7958525892594596 -0.6539127408731503
7681 6.992091022567299 -0.3276542238927897 -0.7688275090698371
7682 5.667795679806215 -0.7637273558061702 -0.8710856825350211
7683 5.717204320443916 -0.8414471769650393 -0.8088975670607015
7684 3.845951559902057 -0.8768985918574519 -0.5052631578947366
7685 3.982358469291848 -0.8842546181776063 -0.5052631578947366
7686 5.845492543126759 -0.8783023758079953 -0.6627290605905427
7687 6.109637953700835 -0.851516485436181 -0.5827895095994708
7688 6.061381777410821 -0.8424334896974597 -0.473016534158977
7689 6.191690193661055 -0.8405275873328337 -0.5492152156470349
7690 6.657175830434758 -0.3315815754460182 -0.8336691646556578
7691 6.849102148748681 -0.4136479089599071 -0.7880520908824179
7692 4.842483671903415 -0.7659656433450843 -0.9088272555929072
7693 4.621314072107757 -0.3611450218221793 -0.9857065689716515
7694 5.506551474586773 -0.8996772449472235 -0.6191659380740941
7695 5.402061315291133 -0.894540082900635 -0.4848139619989221
7696 7.753425057569637 -0.5728519451086178 -0.49921991396487
7697 7.801547241262732 -0.5087904648601383 -0.5194502283663089
7698 7.533034525676681 -0.3774513980580712 -0.6300780025158342
7699 3.212946425608127 -0.8046438064098438 -0.7799777440009075
7700 4.024156140880796 -0.5158964485601254 -0.9991808732432697
7701 7.60606696294763 -0.6584934055633581 -0.4281430673123316
7702 4.787060594961253 -0.9115544719028255 -0.7726432461823821
7703 5.44757215541193 -0.662828553580435 -0.9238980645203294
7704 4.775683129357712 -0.252371384654438 -0.9875567522985387
7705 4.508137135975192 -0.8909844634370367 -0.8031520617081367
7707 3.257985073242518 -0.1436106690229308 -1.105359107893582
7708 6.257030410897061 -0.8390870087102293 -0.6236098252117479
7709 5.403349123845261 -0.9067628030456285 -0.6367098350717311
7710 7.865883250720041 -0.6091405279223718 -0.4132285334235503
7711 4.470668900579261 -0.9076483651250816 -0.5749171312664816
7712 6.212242582456839 -0.7419006648791762 -0.8066663755375879
7713 6.292954509128363 -0.7605115784826959 -0.7782886249478482
7714 7.036867390479499 -0.6467242491436945 -0.675603035887666
7715 4.020463336680402 -0.6469679270139888 -0.9679212206197306
7716 5.440344240752504 -0.8261746674557385 -0.8553762302817818
7717 4.53771122409275 -0.8066839027424633 -0.8902126375496056
7718 3.494096640671738 -0.3667044472664878 -1.061853226767786
7719 4.940902337466003 -0.7563953004565783 -0.9123934220678657
7720 4.899614215784385 -0.8376908490554356 -0.8709133225054794
7721 8.074165598799139 -0.5904047230687928 -0.3589693253408426
7722 8.012681041221793 -0.5788875513737286 -0.4117463849480988
7723 8.075486534472505 -0.5358377463886678 -0.4359192126402511
7724 6.325282822398631 -0.8296416640633743 -0.6457392580871024
7725 6.245602022462777 -0.8306780199166521 -0.6915373933252209
7726 6.930308712767624 -0.2531104787218586 0.6097768867275355
7727 7.075032075642532 -0.3439803869392386 0.5718245718996887
7729 9.279165694015106 -0.1854004511708095 0.44452046891499
7730 9.240213325234862 -0.2844386362280823 0.3696539301105411
7731 9.188839841578275 -0.1886641322252677 0.4073035692933192
7732 8.573647865774451 -1.484547420388546e-17 0.2421484809194021
7733 8.535487431945199 -0.08088122359590696 0.2107816350741519
7734 8.481665639564481 -1.481671367784499e-17 0.2042684979098178
7735 8.874923116766968 -1.213909673190147e-17 0.3480309653088684
7736 8.831614464557163 -0.1230432715532416 0.3091717795724271
7737 8.768120046682725 -1.346240443068392e-17 0.3124770751704361
7738 6.243112451984707 -0.5491839686339052 0.2977074839315529
7739 6.108467619455627 -0.5665355485828909 0.2459976000316947
7740 6.20917431895532 -0.6069669291124027 0.1403377559336505
7741 6.816021319758101 -0.6306459202555705 0.1749967367773902
7742 6.672870792942624 -0.6076886466939673 0.2225313452618954
7743 6.677107246963829 -0.6387127902549086 0.1053034824080917
7744 5.875233456054984 -0.3128912878421347 0.5179954335828891
7745 5.948046963869472 -0.4323217542044888 0.4288187017272583
7747 5.817597131087735 -0.3972316507449533 0.4523217183817393
7748 6.652501352453026 -0.3830007532852888 0.5201084267908066
7751 9.287784106499409 -0.3623116344364971 0.3220307274573472
7752 9.264263001058151 -0.4263520350025184 0.2109572822764287
7753 9.204332991810045 -0.3662051529828878 0.267960516868945
7754 8.893545966867983 -0.2295869734576415 0.2669912340889996
7755 9.015450628507995 -0.2605491226045147 0.292349553001187
7756 8.96847814899365 -0.3195122673929769 0.1997055779140723
7757 8.960012494680573 -0.134554576515007 0.3497405453828133
7758 9.076752476512858 -0.1958002606743558 0.362324966361278
7759 8.726002718833129 -0.1014937625427031 0.2791145722132053
7760 8.668325640213542 -1.436559727974714e-17 0.27758306892522
7761 7.885666593847983 -0.6141129223094495 0.3359671868977228
7762 7.80367204538333 -0.5738490265499293 0.3986693341972851
7763 7.727652146251087 -0.6243718219924979 0.3086891438922416
7764 4.989705968046939 -0.4136380243885966 0.3738413760730397
7765 5.119071902343803 -0.4439695740300046 0.348697395723239
7766 5.021384979306799 -0.3242702643410157 0.4557008583433942
7767 6.975244159172517 -0.566628516654949 0.3430076756460288
7768 7.081078680115587 -0.6124511828233052 0.2659701976562727
7769 7.105557264624116 -0.5423122937287764 0.3913054943816684
7770 6.276110920655748 -0.6263921888738895 0
7771 6.432353860754247 -0.6345750386423349 0
7772 6.358548401407626 -0.6236926153583312 0.09436118040456049
7773 6.91875950926609 -0.3729027345076052 0.5439362102366211
7774 6.766592470922923 -0.4102541897853987 0.5064042273517393
7775 6.875550058488701 -0.4578646166443006 0.4715052963240581
7776 6.58891603852395 -0.6427068638764408 0
7777 6.513392792978188 -0.6219080683420459 0.1464041047188758
7778 9.227147768382828 -0.2297745132999312 0.4731325913982616
7779 9.258916270709497 -0.1130747556147905 0.512892754243602
7780 9.141700822232943 -0.1394559587955238 0.5127100983750008
7781 9.05164430960517 -0.3867529966600303 0.1181011390418153
7782 9.116822637774515 -0.4257766604439845 -4.384253004587392e-18
7783 8.996674448062521 -0.3872843871891164 -5.648504904986724e-18
7784 5.832534332791139 -0.4777482725756945 0.3676095681842684
7785 5.963099260915254 -0.535064106859046 0.2926541558097205
7786 5.753815043622671 -0.5866047983128426 0.1201690681695477
7787 5.672034783471565 -0.5557008226700464 0.211032362515161
7788 5.59981135501872 -0.582943571677946 0.09432328548758669
7789 5.507799413401299 -0.5855175723802745 0
7790 5.65953094638963 -0.5936488597967833 0
7791 8.741673402431582 -0.2809312299006126 0.1116328431693827
7792 8.763171285580359 -0.2083678775210493 0.2275404914524725
7793 8.849278308307149 -0.2906562703073788 0.1724864716586894
7794 5.895160921393291 -0.5993485001337148 0.09154841504914712
7795 5.812321483405347 -0.6018137773650335 0
7796 5.96608983767316 -0.6100017019323076 0
7797 6.814388038065886 -0.6498879374010109 0.07602033384482498
7798 6.744474892395807 -0.6507037607606326 0
7799 5.811867079585456 -0.5438782898008827 0.2577332158445789
7800 6.557060778367198 -0.5665358038653352 0.300069550319369
7801 6.629839168585602 -0.4802438886715247 0.4301212148714594
7802 6.487343335968923 -0.4935222562394997 0.4032814177745177
7803 8.027758700566107 -0.1237962989461143 0.6835267419191188
7804 7.83163258458822 0 0.6994588344189797
7805 7.900227813268591 -0.2315674682575831 0.6605681457371388
7806 6.03985834739883 -0.5980619779676395 0.139107160555211
7807 5.896115875337923 -0.5762440381103744 0.1888395729361373
7808 5.590435454914064 -0.5073069103127343 0.3011285429919483
7809 5.687681032075258 -0.428456948569717 0.4129118843984178
7810 5.534798894561127 -0.4315904718643422 0.3976530112579449
7813 5.509270544812141 -0.3189384659246517 0.4910875296977046
7814 6.075973981193218 -0.5029042493311586 0.355335395031754
7815 6.068966388532358 -0.4077018254059429 0.4609039306017796
7816 5.753451026591629 -0.3151039596732612 0.5090178546658574
7818 6.160712123181003 -0.471382381197558 0.4030542456047519
7819 6.186575762271935 -0.3907143775284347 0.483430747262544
7820 6.423835138516602 -0.4025234429350519 0.4898642556706491
7823 6.541429583126463 -0.3971751814587465 0.5020453815113366
7824 6.253442404561458 -0.4663436921408981 0.4162390794044382
7825 7.199616499783447 -0.5998048501083151 0.3062018323344735
7826 7.663837005094623 -0.6941061870088843 0
7827 7.72904849662914 -0.6817025716228728 0.1433504972879029
7828 7.588054776301833 -0.6826402782367754 0.1081477059410397
7829 7.415269395642563 -0.2947655116456638 0.6167753293060181
7830 7.331995980969643 -0.1553836090216629 0.6618046427920365
7831 7.238063185035342 -0.2754175065550367 0.6166123617157389
7833 7.466597232288884 -0.140443976760442 0.6714117744167432
7834 7.508040403703556 0 0.6876586182153442
7835 7.827713706948989 -0.6993770418526329 0
7836 7.860313457016238 -0.6704571961246472 0.2013869759935847
7837 8.566174025921111 -0.2679451394607365 0.5598043552891135
7838 8.682109670075459 -0.2418718417881228 0.5489517068342993
7839 8.57127338127955 -0.1293785429879072 0.6061024169412448
7840 8.714076786518824 -0.1129933655041045 0.583318527320861
7841 8.637313091303646 0 0.6078385736115521
7842 8.853853856403859 -0.562531651759441 0.09110784057363713
7843 8.930574502158555 -0.5252037021031566 0.1872085236072631
7844 8.786522118406536 -0.550524390971027 0.1869142723352518
7845 8.78196897324629 -0.5820720414837193 0
7846 8.694985198363021 -0.589890269470203 0.09543302415008063
7847 9.075910060640105 -0.5377903706881968 0
7848 9.00020217346168 -0.5394537762882945 0.09282773812338391
7849 8.930172223451828 -0.5575297278556535 0
7850 9.124273575673062 -0.3953842629538646 0.3569742247758957
7851 9.230675859696197 -0.3389886607396689 0.4018183071210915
7852 9.132605749971137 -0.2889667488161687 0.4466830660513629
7853 9.144184572818359 -0.5182894032693217 0.1160246355458254
7854 9.046526855285862 -0.5065423283977304 0.1910113180559957
7855 9.003239879542294 -0.1090187516627563 0.5360059225983771
7856 9.083824473002093 0 0.5369080677909889
7857 8.937755681512844 0 0.5563690721506169
7858 8.873078431664283 -0.4988717148679219 0.2687180279824449
7859 9.271718051255936 -0.4680737337614014 0.1013582073575734
7860 9.262902433078274 -0.5158416823160875 0.09843789768420338
7861 9.330306773804827 -0.5193118606688018 -3.094770616095951e-19
7862 9.241348231673193 -0.4676672403039364 -2.746402817947863e-18
7863 9.174796836561974 -0.4240651344367261 0.1330665963521549
7864 8.936009696031313 -0.3540307719045933 0.09798607352724409
7865 9.093643803257795 -0.3482376698461674 0.2295418563394412
7866 5.717992986275334 -0.506258995814576 0.3159480795607141
7867 8.882973546758006 -0.3506581123605737 -6.63502090615066e-18
7868 8.522337995295972 -0.1539535887699957 0.1558543915586507
7869 8.630880190012075 -0.1304744063458146 0.2272436343443708
7870 8.595183557369349 -0.2118199496327615 0.1298780062449136
7871 8.315218823882073 -0.1144854702125676 -6.628727175935207e-18
7872 8.365815417809088 -0.1031121173663891 0.1017675036963302
7873 8.399600017387019 -0.1654813536637858 -7.79461124402593e-18
7874 8.259312679717999 -4.341681829780512e-18 0.0292978984790431
7875 8.258586809999059 -0.03708601774327627 -2.93545493174795e-18
7876 8.27041996622477 -0.0004434791103478203 0.006342054842508342
7877 7.895712229133853 -0.5141737358417504 0.474657682650336
7878 7.72222076336883 -0.5138577066214007 0.469621568415502
7879 7.958060884463725 -0.6879234082354463 0.1206707708950973
7880 9.294621872482985 -0.4513323626642509 0.2675626904562254
7881 9.232796130454687 -0.4858774808755903 0.2009971853533165
7882 9.303479012095233 -0.4887979234828723 0.1896885629776575
7883 6.773945506851302 -0.5085838201032969 0.4081519096933853
7884 7.598049458004152 -0.1136279130904002 0.6821733621862585
7885 8.308972118236552 -1.173688366291726e-17 0.1097309930017802
7886 6.89440909361109 -0.5249655341839095 0.3970866189517004
7887 7.010276257664085 -0.4658452091093311 0.4731412136240536
7888 7.08223361046864 -0.1162417803627936 0.6575700774227816
7889 7.127247819009508 -0.2279006153845609 0.6300510167620126
7890 6.357980093056854 -0.4889493983174995 0.3982080986576413
7891 6.306285995696737 -0.3936850140196967 0.4891282127297233
7893 9.224183174569569 0 0.5260348428236751
7894 7.119369441058413 -0.02693019134030461 0.6689611328761148
7895 7.206621804405133 -0.1393523445315882 0.659273599875654
7896 9.334488620964876 -1.004335218823135e-18 0.5146381905021838
7897 9.034653759078708 -0.2317939090545965 0.4908310090386255
7898 8.16122194700443 0 0.6823624066678819
7899 7.996665874164252 0 0.6964808296430108
7900 7.992178815554446 -0.6967279405142373 0
7901 5.387849125506369 -0.3205483211325647 0.4822200905602297
7902 5.392800625770222 -0.4161143302794069 0.4029340588815196
7903 9.101586822564332 -0.09674779877531316 0.4093359510589957
7904 9.108505040254576 -8.119965501250002e-18 0.4230888876314144
7905 9.231632655389506 -0.09916060415821214 0.4533856383705699
7906 8.775931309320516 -0.3151301153777848 -7.380588926940163e-18
7907 8.675760916254553 -0.280256709639465 -7.895722366151238e-18
7908 8.988330837964861 -1.038121125254787e-17 0.3846170255580767
7909 8.854717196962413 -0.1033187370599544 0.5602826057565158
7910 8.789107780195724 0 0.5808288637623182
7911 7.273695457243946 -0.01059384849213436 0.6768528565650954
7912 7.741029877484554 -0.1511042116740549 0.6804492902866438
7913 7.66620714313522 0 0.6941972609438778
7914 8.520263692753248 -0.6182910896188574 0.1141635142771989
7915 8.630596844010729 -0.6090446431259249 0
7916 7.204361003654105 -0.01805554584761914 0.6733820033172746
7917 7.739469915257311 -0.3021752675153257 0.6280075698901585
7918 7.840952362008771 -0.4041937112429349 0.5709859856777648
7919 9.004685940426745 -0.4571721960919329 0.2997274473674397
7920 9.215835532235946 -0.5263786466571178 0
7921 6.120687610739617 -0.6181974530295531 0
7922 9.134718709649132 -0.4694834253687119 0.2499444984792797
7923 5.544389089795205 -0.5569507423486382 0.1872736263968322
7924 6.686979936642615 -0.5543667858652336 0.3350522390713531
7925 6.416674994453589 -0.5646396336292077 0.2879094456408721
7926 7.455181515122028 -0.6682651971748006 0.1524849108940549
7927 7.500629793215078 -0.6873345002982193 0
7928 8.923608306449736 -0.189730264519735 0.5254411521889673
7929 9.227912144694052 -0.4254139483179176 0.30907830095289
7930 6.897524895028599 -0.6584710523946812 0
7931 6.940426310577813 -0.6528214530621892 0.1017699050021249
7932 6.953266262167421 -0.6234368112296275 0.2208346580023368
7933 6.822867562181075 -0.5846683120129041 0.2947218575768003
7934 6.349231455241486 -0.5989081465397281 0.1966006159083734
7935 7.25700509660624 -0.3828778238869917 0.5572230264573046
7936 7.419626210302082 -0.4108869878663345 0.5463742664255796
7937 7.332901821739685 -0.4790922234328146 0.4819863122691462
7938 7.589945231761465 -0.2513624127824103 0.643944304184852
7939 8.920925630816125 -0.2826677630745457 0.4822236130396278
7940 9.010361519150146 -0.3585043097230138 0.4115896934579403
7941 8.806878242028588 -0.2130151093533235 0.537155244445254
7942 7.072907233154504 -0.6553170256947125 0.1259696578813024
7943 7.162923287705093 -0.4612678712576446 0.4879816933396995
7944 9.294567563567828 -0.2722230926328236 0.4047262352308061
7945 9.300635696564761 -0.08556028860040706 0.4834179201144809
7946 7.585353631877055 -0.4061664181470604 0.5588792912251321
7947 8.796272471348175 -0.3155835045514088 0.486099662787086
7948 8.74821408265845 -0.501667992029099 0.3067002501239635
7949 8.889262702128637 -0.4367676637922798 0.3566615889595963
7950 8.884869626150662 -0.3645068558623568 0.4311639786986648
7951 8.482008615146338 0 0.6352757645094862
7952 8.323217783606758 0 0.6609475962167241
7953 8.342294714953038 -0.1798767079743979 0.6331344623175983
7954 8.436003403949687 -0.1087690202498226 0.6338785557595309
7955 7.200719383484136 -0.6506147144388974 0.1743610440044693
7956 7.194945679304983 -0.673165953006347 0
7957 7.345337302595057 -0.6803012404383388 0
7958 7.267886944054801 -0.6724257961407649 0.07603563138407886
7959 7.264469341932742 -0.5472716064371332 0.3975438938143628
7960 8.774399903556297 -0.4177274709275616 0.4070874099241342
7961 8.635933074798015 -0.4531200116193886 0.4053578343056853
7962 8.611381969905938 -0.5343910089537376 0.2993239639001509
7963 7.047414780467431 -0.6659549444994428 0
7964 8.392498686571253 -1.402324143205486e-17 0.1617757604387782
7965 7.992742088994687 -0.5768335380501255 0.3906141909629535
7966 8.019313250804814 -0.6428229559249152 0.2647803689470896
7967 7.601260449092472 -0.6487786287892019 0.2399762450789085
7968 5.454831960020028 -0.5727501320348941 0.1075537190319201
7969 9.233812680428807 -5.183953529529189e-18 0.4649738445337321
7970 8.342306294339894 -0.6395408482663567 0.1555311800788042
7971 8.475778311049297 -0.6363423672220299 0
7972 8.208104334747024 -0.5172288559883016 0.4363305460876539
7973 8.318970656769803 -0.5345790002712342 0.3896382735963977
7974 8.356552649570366 -0.4710171672641174 0.4562168984399558
7975 8.20203833331777 -0.1543410964962759 0.6598682587878975
7976 8.492634453127728 -0.4012797264670607 0.4900031365093149
7977 8.610603467707122 -0.3522132936623832 0.5011917139621095
7978 8.469628069638626 -0.2378089555814062 0.5914791745074095
7979 8.639546918421825 -0.5731618499032894 0.2015044922201358
7980 8.470302223722921 -0.5886119426440029 0.2445063378518182
7981 7.416381174139622 -0.5614368347580334 0.3898418024128286
7982 7.484792299990141 -0.491039595802806 0.4797573303673473
7983 7.330318012704018 -0.6638657226375795 0.1459367451533319
7984 8.317543055539639 -0.6617932252658656 0
7985 8.218221645098176 -0.6672265930952535 0.1061305307532404
7986 8.050462730269427 -0.5048862322312206 0.4743611394807506
7987 7.483895456038965 -0.6199603120094991 0.2952415492156577
7988 7.976063415451107 -0.3986852705100553 0.57230749852762
7989 8.08161299161662 -0.2851776095944199 0.6287822473031319
7990 8.256669125882942 -0.2828390996826303 0.6079746279555973
7991 8.118156255683191 -0.4270569004423727 0.5379089202087216
7992 8.204458026402364 -0.3663612940568692 0.5695756847634946
7993 8.340774421975638 -0.3875832495634453 0.5320107318380602
7994 8.388108207914433 -0.3063066368709511 0.5743481062622474
7995 8.700665860158047 -0.3611962252679192 0.4745715126236875
7996 8.156111937755092 -0.6829319396781354 0
7997 8.087509517419287 -0.6777037895104819 0.1292798258648261
7998 8.298028158706476 -0.591765700946459 0.3027320059583872
7999 8.178496057044597 -0.6381471528940601 0.2363395957265298
8000 8.247669502746533 -0.4421761566240794 0.5054467608424027
8001 8.425249607398648 -0.5259260951331522 0.3730146575937469
8002 8.128897924596894 -0.581615489912193 0.363413121545981
8003 8.529013791420352 -0.5088094871787618 0.3664818065855417
8004 5.022437725963988 -0.5331338778465768 0.1697943057001748
8005 5.12695247079704 -0.5232446234187615 0.2135112777841495
8006 4.982231756296808 -0.4850656829179173 0.2743132537551519
8007 5.255986695954737 -0.5169201261435226 0.2450165876332447
8008 5.231537144220333 -0.5609082891625894 0.1055621690227626
8009 5.245085403407445 -0.4241242963500332 0.3827456732043815
8010 5.144157167949629 -0.3232235268473443 0.4645304762476572
8011 9.141698748128785 -0.2804138099407018 0.3294082389919333
8012 8.450167305248442 -0.07740643023577734 0.1720633022328525
8013 8.451736534916545 -0.1731598736226959 0.07678553644582688
8014 8.488706401586972 -0.2073338554942815 -8.18841511038174e-18
8015 5.356285250255683 -0.5773801723078157 0
8016 5.214507813993913 -0.5697253336539548 0.005744773262061727
8017 5.104555519690477 -0.5579272426111809 0.08183195628006759
8018 5.343640084769963 -0.559077921524938 0.1419151488910638
8019 8.529605154203809 -0.2106307138055297 0.07471610371321516
8020 8.580896477491528 -0.2449670349272981 -8.179019588172023e-18
8021 5.43719315397782 -0.5178221926885012 0.2651754168040672
8022 9.28821028754445 -0.2079296774499238 0.4820135693928362
8023 8.648175413186594 -0.2576481247106887 0.07889853620021031
8024 8.675894180849113 -0.2217560168898508 0.167772241994447
8025 8.833645851791367 -0.3241549027167458 0.08042182345534264
8026 7.721524960947052 -0.4140938025842462 0.5596025353127492
8027 8.440692838823296 -0.129953173157208 0.1292363485238636
8028 5.266157478855548 -0.3219774076147655 0.4733660066626029
8029 7.586094989871022 -0.5591965204800944 0.4057828623336764
8030 7.336408590629164 -0.6238464564761541 0.2705377589844257
8031 5.331917236616047 -0.478756322280016 0.3203201124958756
8032 8.297205414985973 -0.07466254773631455 0.0638338242151795
8033 8.83473909421685 0.3083875302925419 0.1275826924857012
8034 8.775931465334633 0.3151301682704901 0
8035 8.882973747589695 0.3506581778254069 0
8036 9.215835160306021 0.52637866298276 0
8037 9.249206061937144 0.516432847649874 0.09646691543548064
8038 9.330306406565334 0.5193120449423407 0
8039 7.314484516539859 0.2517372280586718 0.6305792873047762
8040 7.214553749802606 0.1366903894794137 0.6602183070172811
8041 7.342719410157263 0.1284483375216441 0.6680461436632343
8042 8.726192681522647 0.1106473194123205 0.2755193890876392
8043 8.746081729280363 0.2195215576990629 0.208329056020983
8044 8.838311252457231 0.1680192262254948 0.2890995592258101
8045 5.874824156630787 0.3128990568499492 0.5179652360800449
8047 5.951854178262757 0.4171690323845125 0.4438543929993876
8048 6.426596452613089 0.4093876540910103 0.4843235096469293
8050 6.546162639746387 0.4196063054492575 0.4837535141753366
8051 9.042750765865302 0.1158169014750557 0.3844768704000721
8054 6.238139610724126 0.5167358592980373 0.3504217248152047
8055 6.113616211755661 0.5285096077080245 0.3199601921432602
8056 6.122530772937163 0.4617422790850511 0.4110261139114446
8057 9.160471413085512 0.4237701083796951 0.1174974851402873
8058 9.11682295573919 0.4257767633223652 0
8059 9.241348597428662 0.4676673719132802 0
8060 5.144158104642193 0.3232233845299399 0.4645306369960859
8061 5.112767542198023 0.4378292757510061 0.3558270394068186
8062 5.021385636261298 0.3242702281498214 0.4557009276238015
8063 6.075773133851964 0.3848742752396788 0.4806160922712574
8065 9.168708297381658 0.1260929024210111 0.4241054929738499
8066 9.272499497311758 0.08712398460742227 0.4712623103458584
8068 7.119222133304001 0.6621501488609496 0.09936102503388974
8069 7.064125245111973 0.6301598969276969 0.2183178698360594
8070 7.175817117355236 0.6455580773144595 0.1879894472915263
8071 8.541178899349134 0.212007466558433 0.08394895373573094
8072 8.488706460911484 0.2073338811850226 0
8073 8.580896565560868 0.2449670690500403 0
8076 6.213193186117868 0.3843222676132763 0.4903212990139288
8077 9.273407858478588 0.1980339188883834 0.4364694228795974
8078 9.187184560012769 0.2450930541347497 0.375000897631435
8079 9.248117900733593 0.3235431813468984 0.3398684199382705
8080 9.014086647641228 0.2861827872635829 0.2666425556862532
8081 8.959608676996307 0.1965882899104521 0.3180960217879354
8082 8.883644720456701 0.2579855129694829 0.2348278780404957
8083 6.744469670033549 0.6507034938911186 0
8084 6.817308759051608 0.6462397626979189 0.1036269105760704
8085 6.897519461075375 0.6584707786885435 0
8087 5.966854461471655 0.5104066677821889 0.3340599235760443
8088 5.818995290381512 0.5366423452828191 0.2732765079233437
8089 5.826612394893835 0.468562009831444 0.3787281225691685
8090 5.693272989220732 0.4993838508347423 0.3242619156447928
8091 6.671158941598108 0.4628983092308283 0.4517753061894043
8092 6.687403641416347 0.5307600516570323 0.371265385305897
8093 6.569298180504302 0.5178969462663416 0.3787600032052736
8094 6.908086277543852 0.3626474023592103 0.5502005901566982
8096 6.929170738164008 0.2536999963763937 0.6094694102987523
8097 5.914310772712761 0.5736971117030183 0.1994024319575295
8098 6.276109617254272 0.6263921203657881 0
8099 6.352952914978595 0.6235587724507881 0.09327375000386376
8100 6.432351293914486 0.6345749047272418 0
8101 6.780584735297296 0.4006829558024572 0.5149275490331179
8102 6.65973446797206 0.379272562631004 0.5232990831102575
8104 7.11936943255154 0.02693018844088059 0.6689611325746697
8105 7.204343979679122 0.01805714383514717 0.673381141058377
8106 7.273699991670751 0.01059323959663667 0.676853081022864
8108 8.927215728895549 0.09687905523264753 0.3513918896400602
8109 7.576441009303515 0.1267320938004023 0.6789607782895257
8111 7.728790584000443 0.1493264595427721 0.68041356347138
8112 7.453594481519701 0.221122557099992 0.6487306503816375
8113 7.081734931885023 0.1170079075553238 0.6574099645297666
8115 8.886777083527992 0.5572383472861562 0.08996037133546611
8116 8.781968334876426 0.5820721528438727 0
8117 8.800988638625412 0.5563700206133925 0.1598682369120363
8118 5.574813996340508 0.3941055532544391 0.4377260738298338
8119 5.695783811392928 0.4190543753973442 0.4230603018674875
8120 5.589586757765034 0.4642464838257642 0.3638149052763401
8121 8.316632428809765 0.1648986318262855 0.6411886644768878
8122 8.43103547630465 0.2134189719649435 0.6076118565999539
8123 8.299042137299377 0.335779172220967 0.5734363003395934
8124 7.841952531988976 0.2327414284225546 0.6599476857712504
8125 7.898839145100792 0.122881796901506 0.6890942437185115
8126 7.150030846285109 0.4621770517170053 0.4862563103104991
8127 7.119534611165406 0.5422842181684637 0.3925108433827239
8128 7.003922008533392 0.5075948379650287 0.4275817537397556
8129 7.153769324643582 0.2491307766073043 0.6233406521516053
8130 7.016993361561568 0.1922564706985372 0.6361611701080971
8131 8.694572741469495 0.1318014499808012 0.5829490157383381
8132 8.794442381174584 0.2276862195717429 0.5334276193051117
8133 8.673719771792522 0.2845172075188139 0.5297619814105379
8134 8.915017543677225 0.1976406775661442 0.5239453225900038
8135 9.000841382449179 0.1112338511017406 0.535887270472313
8136 9.027591087772681 0.2345282353473944 0.4905313155655391
8137 9.075909550925052 0.537790428268344 0
8138 9.137812697779795 0.5188347747485034 0.1160813196691516
8141 5.811332383977784 0.3918964321002314 0.4565163176308185
8142 9.141382975315377 0.1486810544291913 0.5101411465606021
8143 9.243639125875964 0.1417925599174041 0.5060275984911579
8144 9.238020006720522 0.2551555747113711 0.4594956298298752
8145 9.00625248744757 0.5384471089488565 0.09380947322894376
8146 9.041896711712202 0.506416544895955 0.192960661593365
8148 9.136631361367492 0.3016891267559682 0.4377363985000251
8150 9.300104283922478 0.3504696002468749 0.3899888514047039
8151 9.237493726941379 0.3541528128457694 0.3882129588856765
8154 6.448427865888286 0.5018059790340956 0.3896515770244513
8155 6.311091416818163 0.4516933639385421 0.4364532155062019
8156 5.612911049557225 0.5782606134187764 0.1232591768883584
8157 5.766772385107545 0.5852613790834158 0.1298160724958352
8158 5.659531028467351 0.5936488641896196 0
8159 5.47087607344635 0.4525039089553229 0.3683030702452716
8160 5.377494955619376 0.3895874201442748 0.4275294705912671
8161 5.50929381559293 0.3189379175986102 0.4910893765734773
8162 8.614776138690718 0.1400418057579473 0.2140579134405749
8164 5.812321610826369 0.6018137841630161 0
8165 5.893820334276867 0.5997621428014781 0.0882870680370374
8166 5.966089866835132 0.6100017034819479 0
8167 5.753282369577056 0.3151068627701491 0.5090054482521167
8168 5.692577041032121 0.5508125322007129 0.2263598228315075
8169 6.033444289209525 0.6035123698903344 0.1111734367947319
8170 6.062374088700344 0.571499992711395 0.2277593468081752
8171 6.222100963913586 0.5714887299598392 0.2496476629153704
8172 6.787714266613953 0.5029838896552197 0.4161233352726885
8173 6.505052274463765 0.6258009842101528 0.1265183959192299
8174 6.195245706326848 0.6084923944833434 0.1300696177696077
8175 6.357865073859279 0.599269246411843 0.1969504967802841
8176 7.030602177427308 0.5770851792420925 0.3307217648309023
8177 6.894789358539685 0.5565522453723863 0.3515988556996623
8178 6.58891186602884 0.6427066481920943 0
8179 6.966962659832399 0.6509173171302547 0.120912694166633
8180 7.047409987842554 0.6659547075110837 0
8181 9.041222099265804 0.3884986272756092 0.1000187248282234
8182 8.932203431196616 0.3566641729831193 0.08321341502195255
8183 8.996674701281217 0.387284468117147 0
8184 6.633388677553638 0.5744927401150169 0.293342707333742
8185 6.771927798876714 0.5726038920590205 0.3120956118193896
8188 9.082938432199288 0.221467690288761 0.3493773100490419
8189 8.641851192381386 0.2371306044697137 0.1211887770351485
8190 8.732233999664462 0.2817928089047342 0.1005389680118322
8191 8.675761034432767 0.2802567520274746 0
8193 8.360209989694141 0.1046698908930405 0.09545660696004314
8194 8.39094636312435 0.0003708260894303844 0.1609554332184898
8195 8.29666782593177 0.002869379797517193 0.09951447103869375
8196 8.270419966224695 0.0004434791103538981 0.006342054842599702
8197 8.258586809999059 0.03708601774327627 0
8198 9.117764368965387 0.4699910765628192 0.2523095186919527
8199 8.771917052005586 0.4437589689594125 0.3792320004703113
8200 8.662885672208578 0.4868176002431458 0.3561328794551469
8201 8.654916158658157 0.4093789492871626 0.4448634557418728
8202 8.775334481236737 0.3480864946238136 0.4678809201636314
8203 8.89667356744139 0.3006592898123983 0.4757248779647906
8204 7.992177764865819 0.6967279974118359 0
8205 8.038669821526133 0.6842587728866312 0.1151018552857055
8206 8.156110964916246 0.682932047399574 0
8207 9.249513117646897 0.4520101973847709 0.1304876010850678
8208 9.279806724934001 0.4873947823414031 0.195321899730835
8209 9.29183885029455 0.4814246456078126 0.07414450488199628
8210 7.663835819290949 0.69410614137542 0
8211 7.75608224466158 0.6836114104767939 0.138555616195265
8212 7.827712694713178 0.6993770202350084 0
8213 9.213731633511056 0.4830805809536494 0.2094875607828828
8214 8.959259939268202 0.3308076445440212 0.1745877738452214
8215 9.087905801273813 0.3626969333241986 0.2025299113807815
8216 7.899131358933586 0.6927610347303876 0.09998665173612105
8218 7.500628435949234 0.687334440821553 0
8219 7.345335157228297 0.6803011405996361 0
8220 7.42795637515637 0.6611698765263982 0.1761252390701184
8221 7.910416827213552 0.6040401778520162 0.35315692297872
8222 7.904592278083472 0.6647063375395903 0.2192311680955893
8223 7.727431450735981 0.637881242648221 0.2797701680295354
8224 8.9301716558899 0.5575298151607189 0
8225 9.140960771282584 0.3156970216451882 0.2953639023882412
8226 6.671155880921442 0.637566218566434 0.1102831676271487
8227 7.578202958166148 0.2712305708618077 0.6352824763124981
8228 6.601249873068976 0.6105943647274582 0.2030415105149375
8229 6.490127660891673 0.5781742573424937 0.2689304288639359
8230 6.888106229186219 0.4642382157736773 0.4661248606354095
8231 6.847162046863357 0.618823649161358 0.2178523874856488
8232 6.723075527056424 0.6130896155980659 0.2151089340772628
8233 6.954545639557351 0.6121868070773642 0.2504579506434999
8234 7.007170908591469 0.4232155822624101 0.5114555012824519
8235 7.113787488894841 0.3671518750739329 0.5594692502600145
8236 7.242961090205896 0.5377309789431022 0.4086419286970845
8237 7.174915669972087 0.6014659094576542 0.3002786094242583
8238 7.02598932114884 0.3091831785513782 0.5886811991351443
8239 8.848116053660274 0.108563347426357 0.5604171729665783
8240 8.675815006427651 0.5706349631404206 0.1887410795089352
8241 8.741347697810925 0.5208177428573362 0.2756245869354351
8242 8.932184427793677 0.5225979594870422 0.1936441548136723
8243 8.989323058285251 0.4551573516985206 0.306577993414026
8244 9.266205107243959 0.4293019689526851 0.3021846949128961
8245 9.214095226326295 0.3939319080687103 0.2323175347450016
8246 6.120687169888427 0.6181974297177266 0
8247 7.340918501166549 0.6033069959708401 0.3140271509982314
8248 7.416272087073677 0.3623676433398647 0.5795894037556737
8249 9.004599163032161 0.3487021190673188 0.4209490396526177
8250 9.089148590966982 0.4000707341783553 0.3570508438833146
8251 8.889558926122003 0.4044286134391057 0.3928534873958923
8252 8.85893984396701 0.4917255097173276 0.2861992388083706
8254 7.381715991703592 0.5413265715083937 0.4146621464614719
8255 7.310731729273272 0.4552146217971199 0.5032078685095912
8256 7.480017487207883 0.4835882108339714 0.4869694112776164
8257 8.536140970041526 0.6108278969621262 0.1368778212516921
8258 8.605382924801956 0.5505660103876748 0.2709441644473984
8259 8.549033670774435 0.1102185980907244 0.6138674262024475
8261 9.18532143136839 0.4131973131428399 0.3285943662666859
8262 6.355441645631521 0.5474469714701778 0.3129160497582176
8263 8.544834007722589 0.3779707729266993 0.4968225500556796
8264 9.297414168410985 0.2690259907500947 0.4083717545902473
8265 7.534291204539759 0.5978020105750126 0.3421856023790269
8266 8.530481181174286 0.4926536008287212 0.3874719475811176
8267 8.562966821854012 0.238206998944239 0.573740422656814
8268 7.589563311653722 0.3956469788348717 0.5666049774375259
8269 7.276251743881538 0.6682151897821753 0.1095894387732333
8270 7.281424355160738 0.6406027331011888 0.2203143149417882
8271 7.591356736183515 0.670239934942329 0.1694777034827548
8272 8.630596124512206 0.6090447723028696 0
8273 8.687053404656961 0.5916294558584377 0.09354784522314508
8274 7.72121582948105 0.3009806208584175 0.6278853854192983
8275 7.753340811801978 0.4185204860791486 0.5576404159890971
8276 7.194942288154947 0.6731657893923236 0
8277 8.443317193966934 0.3303761777419085 0.5502705876235185
8278 8.399600050931141 0.1654813709992347 0
8279 8.315218830424021 0.1144854750732682 0
8280 8.195912230338585 0.1092362370638419 0.6695398921129803
8282 5.551391998259851 0.5312433173139701 0.2518541409705879
8283 8.472875573573301 0.5811370893184609 0.2606687485771444
8285 8.212863827758776 0.2443888998911871 0.6306264995609501
8286 8.418667093301877 0.09115190186468304 0.6395312411515377
8287 7.980027766122062 0.2673803103643718 0.6441762691174051
8288 8.043704127668667 0.1204387083643827 0.6829700990086403
8289 8.107343829940591 0.2230081069243567 0.6509714247565976
8290 8.475777510524651 0.6363425040262214 0
8291 7.932298318831435 0.4160208650965977 0.5618661123174361
8292 7.829362156439484 0.5108470365241009 0.4775193520749612
8293 7.728352595332124 0.5745679380637898 0.3935342123550071
8294 7.993132323910173 0.5117784442544453 0.4724997009269061
8295 7.856667912913202 0.3356664153992804 0.614159188516459
8296 8.105118719803958 0.3746085733965721 0.5772609554302839
8297 8.23365422861184 0.4501700480558816 0.5008341265245029
8298 8.40086037701564 0.5388744116275136 0.3613026470333922
8299 8.391317078993678 0.4499437867547911 0.4694344407333091
8300 8.35871596399932 0.6387467547994417 0.1478954203176659
8301 8.332175831222989 0.5953255316634189 0.2841715234868128
8302 8.249754501053131 0.5452360474150845 0.3916710710800233
8303 8.12383105168341 0.5067410548958955 0.4627288580551915
8304 8.209028312880216 0.6245666350717857 0.2607033990525266
8305 8.317542167063975 0.6617933571983388 0
8306 8.192969963183121 0.6664903749243893 0.1285067017621717
8307 5.507799436019765 0.585517573593844 0
8308 4.989711041608898 0.4136168572197362 0.3738651848517898
8309 4.982240062132078 0.4850779127665218 0.2742925964352101
8310 5.461164656604529 0.5709908532491608 0.1182633656399011
8311 5.404567774409199 0.5285446379793294 0.2389505953057103
8314 8.497013925167082 0.07516128964096674 0.1957928342396352
8315 8.509367909779275 0.1505676217344796 0.1516005393039584
8316 8.429859121538987 0.1072933806573212 0.1424090679047473
8317 8.450793247218083 0.1714547540338676 0.07931679317631089
8318 5.104659949070769 0.5579449252469468 0.0817495360637383
8319 5.225525898153363 0.5634442282123922 0.08891295922672801
8320 5.214522422116384 0.5697260904429868 0.005747753349700268
8321 5.356285250255683 0.5773801723078157 0
8322 5.305914489601711 0.554410628926184 0.1516708479654019
8323 5.25300649833619 0.4998029211952649 0.2778560708496198
8324 5.144024496105954 0.5241057134019713 0.213834804610477
8325 5.022486555109229 0.5331562541473372 0.1697327322861794
8326 5.351402705023451 0.4664003021617364 0.3397971264991368
8327 5.254973384846581 0.4245905436561312 0.3830230792944707
8328 5.2661947424071 0.3219769816350587 0.4733687234691456
8329 5.387895789380703 0.3205477081917397 0.4822235122229244
8330 8.085680192879449 0.5896149784077422 0.3583551039755948
8331 7.244588401875612 0.3575523099206174 0.5731465662190715
8332 8.060378248501088 0.6488515606434843 0.2412463928226091
8333 7.640894033793036 0.5050782411629386 0.4746079542066118
8334 8.640157554699366 0.06807081765163853 0.2578544227072921
8335 7.450511294164868 0.09735761348840855 0.6782339604426444
8336 8.823761563760449 0.07900019278715376 0.3211299454467833
8337 8.294064258339848 0.07420522176313823 0.06010849817478953
8338 5.190514454528952 0.3793475772143388 0.4232319653407465
8339 8.575255236740542 0.1870958455005623 0.150949530486203
8341 -4.343612148023079 0.3624414385123298 0.3142067104761261
8342 -4.346890644308059 0.3609756560637025 0.2752634370320582
8343 -4.196609284227246 0.3741373589637361 0.259434042277172
8344 -4.181435405245517 0.3785623128169422 0.3317562202345228
8345 -4.040047516160943 0.3834117502053417 0.2486165104109322
8346 -4.005341773016721 0.390456618778271 0.3475455333878387
8347 -3.878596266104942 0.3894827175248782 0.2433985270580302
8348 -3.816896488401163 0.3976888629541939 0.3593425940819507
8349 -3.620591071775403 0.3999951609132458 0.3639321863812771
8350 -3.714677115224576 0.3927907348563077 0.2442105280741506
8351 -3.547349420054411 0.3932862085903573 0.2522730305523314
8352 -3.421470319640939 0.3946936419678377 0.3614896881839397
8353 -3.378271559091966 0.3890422922890801 0.2741705889998516
8354 -3.227601120087136 0.3825925776373928 0.3559524194662942
8355 -3.210921220927115 0.3802740669374861 0.3071445708007767
8358 -4.347175662749763 -0.360945739950273 0.275299442060751
8359 -4.343612146796439 -0.3624414386553172 0.314206710617636
8360 -4.196727243013033 -0.3741288358398408 0.2594441741514343
8361 -4.1814354016233 -0.3785623131183963 0.3317562205976758
8362 -4.04004172261465 -0.3834119192791752 0.2486152200298159
8363 -3.878361333186839 -0.3894893031128954 0.2433946506928085
8364 -4.005341766395169 -0.3904566191272289 0.3475455339040308
8365 -3.816896478421876 -0.3976888632010894 0.3593425945364934
8366 -3.714372147428334 -0.3927944797253202 0.2442172841467835
8367 -3.620591058429308 -0.399995160890406 0.363932186370706
8368 -3.547354861641627 -0.3932860791820091 0.2522707795197059
8369 -3.421470303147085 -0.3946936411846667 0.3614896878240752
8370 -3.378261334583326 -0.3890419137987425 0.2741725357843117
8371 -3.227601153870332 -0.3825925801877355 0.3559524206289046
8372 -3.210916848526545 -0.3802738823869765 0.3071479461329433
8374 -3.831088161604017 -0.1515371536213412 0.9298171199097447
8375 -3.772663511377382 -0.07284750296901574 0.9791454687249943
8376 -3.89587675640399 -7.314031632516347e-18 0.9529714317085629
8378 -4.977145070094594 -0.09403722302554939 0.4494630542019136
8379 -4.91084841905772 -2.941274477474594e-17 0.5097833603898516
8380 -3.720486131577578 -0.3771136075266911 0.5759384333195328
8383 -2.87842412197997 -0.3490308501040669 0.3961455950108381
8384 -2.720357202263239 -0.3276019004668972 0.4442760586492556
8385 -2.861246498769671 -0.3176455243101809 0.6011610601851574
8386 -1.626229508196721 0 0.781967213114753
8387 -1.724081741973319 -5.835674492226677e-18 0.7965318676663293
8388 -1.626229508196721 -0.07277521710738706 0.7477821898845751
8389 -2.035014269497377 -0.1997246524907002 0.6255414925372055
8391 -2.023268942268872 -0.1485587510697665 0.7361714200029422
8392 -2.017447266082919 -1.1802225786825e-17 0.8441647425483888
8393 -1.99439222848171 -0.08053199162560862 0.8100595318408552
8394 -1.919615441799652 -1.08760131551737e-17 0.8281709689464005
8395 -3.941875306009961 -0.3577863893679558 0.6051423270154968
8396 -3.841529777308731 -0.318764796444145 0.7307675989653751
8397 -3.710781995205992 -0.2557006362814433 0.8577490569586581
8398 -3.857882991277652 -0.2370484293677627 0.8512507881035243
8399 -3.689374780911967 -0.1548212636501138 0.9582930307900597
8400 -3.565596712441749 -0.2200585824793365 0.9060225479232784
8401 -1.800200231526808 -0.09652610647249879 0.7555132152346791
8402 -1.910261837830987 -0.1167965613122695 0.7549198481493438
8403 -1.814879342448899 -0.1557906470967265 0.6588484101050389
8405 -4.558248305681621 -0.3121943257085574 0.4275151512789517
8406 -4.630186753810731 -0.316523917917043 0.3223008728497537
8407 -2.478529554003709 -0.2012427589573842 0.7697948111178765
8408 -2.36961539971904 -0.1380681865071715 0.8308358517952688
8409 -2.477947045302955 -0.111364851339766 0.8748377773254842
8410 -3.261556877832069 -0.2318661539440337 0.8718731859571137
8411 -3.215450727113621 -0.1297631977295093 0.9598184372349821
8412 -3.341492810875879 -0.1557307896814043 0.9523992277258448
8413 -3.413855302251321 -0.2428244127498895 0.8720928094255305
8414 -3.531196228402519 -0.3238228819412382 0.7424368193638624
8415 -3.318921332671863 -0.3103587085495289 0.7489795277054832
8416 -2.769198521374824 -0.239188517829084 0.7761903181116516
8417 -2.85370594707131 -0.15772274241041 0.8969532951962269
8418 -2.917930841099622 -0.2112712616016841 0.8489214489034317
8419 -2.686892721178747 -0.2912673835608116 0.6208974231627855
8420 -2.394245082656435 -0.2370832029486276 0.6669223100922198
8421 -2.332648393200494 -0.1852194905915477 0.7585807733558607
8423 -2.540358192691517 -0.263589518484947 0.6488265697923296
8424 -2.569400446424873 -0.3034930483344928 0.4904255086282023
8425 -4.758307309638143 -0.08355933039798311 0.5765408770345495
8426 -4.632168422788205 -0.08557639791917818 0.6394491556870185
8427 -4.730005430968747 -2.943955103440315e-17 0.6046849159773036
8428 -2.152141654939859 -0.1550411198127175 0.7598801772834605
8429 -2.096930868804801 -0.09290205739269407 0.8197949676413931
8430 -2.115235744724755 -1.211404321563287e-17 0.8599626481771987
8431 -3.043317368617666 -0.2076080382941914 0.8732762226223496
8432 -2.987369093998627 -0.2767704432492911 0.7552877293935067
8433 -3.04243613575621 -0.3248188601993883 0.6464154297026772
8434 -3.146772997558499 -0.2867996326588057 0.7684603537540651
8435 -3.55525166288619 -0.1096262267824995 0.9885414056281965
8436 -3.525777047275204 -0.3838036155109834 0.5392348522918551
8437 -3.361528295668791 -0.3687979753482247 0.5784286926202341
8438 -1.720756630327723 -0.1380480644371987 0.6694999851196728
8439 -1.821939510409544 -9.060830035413885e-18 0.8122008050485926
8440 -2.626363701135154 -0.2276620194458361 0.7614166153351142
8441 -2.669470150819043 -0.161666122221391 0.8631044551296626
8444 -2.969962094805873 -0.1279709191025424 0.9355169767597846
8445 -2.906043373974835 -0.07598104052536284 0.954961900230487
8446 -2.998182736231406 -4.442628855718472e-18 0.9788587573802414
8447 -3.198482138537774 -0.3533534520309496 0.5942961895007886
8448 -2.506714433856088 -9.951420658974384e-18 0.9192030567878688
8449 -2.584335784831228 -0.08511746584887306 0.9082954403065203
8450 -2.604833550228765 -8.945958039482082e-18 0.9326604516064817
8451 -3.19545559117754 -2.375558338581537e-18 0.9961407889755161
8452 -3.294213590346436 -1.504833017794071e-18 1.002924458871833
8453 -3.304787251514761 -0.06853712935595119 0.9935759322118605
8456 -3.048146652534419 -0.3574941254441132 0.4973585354398741
8457 -2.801304339144119 -6.719956962091057e-18 0.9574413387056553
8458 -2.748896328427 -0.0658457938272673 0.9394999846222539
8459 -2.703063654119754 -7.855827810342887e-18 0.9454355132245621
8460 -3.792119436599735 -3.79925455738239e-18 0.9837919447841865
8461 -3.690368659115425 -8.983671550599057e-19 1.007172530651054
8462 -3.647086883699963 -0.07019844180418319 1.003064562721319
8463 -3.492064070620222 -2.803841683820271e-19 1.011968752906879
8464 -3.426198991903096 -0.0812757429000338 0.9959736082062112
8465 -3.393085198077122 -7.920174024936014e-19 1.008265708402653
8466 -2.377213781596174 -0.07097538927320382 0.8833302368332434
8467 -2.408717243565091 -1.082904309967937e-17 0.9051361871632795
8468 -4.004865405498197 -0.3035426898039202 0.7160760651275013
8469 -4.84868541009654 -0.1796109642228215 0.4661429162086076
8470 -4.869654388085086 -0.09273471751174903 0.512979479031103
8471 -4.924513957962499 -0.1757037761721036 0.4198774042361488
8472 -4.001851347623137 -1.103735195681065e-17 0.9172399199730619
8473 -3.933927936835803 -0.08418797153715235 0.9284414608635001
8474 -4.074580783010776 -0.1235464356080237 0.8651518279042412
8475 -4.018090814169504 -0.08053695455018853 0.900700066926132
8476 -4.108660612336311 -1.472702511603371e-17 0.8780900727418859
8477 -3.702072312537949 -0.325053544270139 0.7390231282940423
8478 -3.591063717360671 -2.06365096478111e-20 1.013792560213628
8479 -2.245920949584831 -0.2064040226725803 0.6900686870151741
8480 -2.235061870440143 -0.1257742446758331 0.8163597235536935
8481 -2.159350617957352 -0.2251759992309069 0.6002790446721467
8482 -2.11861654393868 -0.1883761329097312 0.6876609921372691
8483 -3.09676101924869 -3.366577948874041e-18 0.9880722397501918
8484 -3.076332298182624 -0.1105990173045745 0.9576344261645262
8485 -4.109355432955296 -0.275844001762671 0.7242359890121601
8486 -4.135126993981668 -0.1904800459168789 0.8035625044085881
8487 -4.201744966001136 -0.2620279516329533 0.7072705592158115
8489 -4.066009971600073 -0.3763234719561812 0.4779124046973996
8490 -4.204866286089772 -0.3559274441036684 0.5048980934914163
8492 -3.900480980957579 -0.3870089728292523 0.4802820090984021
8493 -1.708687564299092 -0.09071392754650127 0.7433255386635413
8494 -1.626229508196721 -0.1221100980437533 0.6778698250025763
8495 -2.56773038582135 -0.1618272518666704 0.8440626310149794
8496 -4.427522881825467 -0.3414767512152709 0.4160029708135448
8497 -4.418293139976021 -0.2719638527030792 0.5970090208910048
8498 -4.48867478175749 -0.2957949017546975 0.5172906958868212
8499 -4.351634453634331 -0.3286336978447545 0.5159675518910757
8501 -4.290807353333318 -0.3612966322639666 0.4196956400106699
8502 -4.36314981281167 -0.1675785859491748 0.7259194449483397
8503 -4.399025928926605 -0.0886826756836159 0.7464518877327262
8504 -4.454838276260254 -0.1806363749999461 0.6757309742333941
8505 -4.116380888343278 -0.3340095693736315 0.6130996084116833
8506 -2.758718324878132 -0.1467996444354736 0.8921142341321225
8507 -2.67594871821048 -0.07918309267164142 0.9243446858740911
8508 -2.292086367306501 -0.06432749748739514 0.8727055341699059
8509 -4.528938186369235 -0.2300668086667335 0.5953550905044516
8510 -4.040994599933367 -0.2207865458199961 0.8121711323600305
8511 -4.223716229334425 -0.1500076292014225 0.7948394953151994
8512 -4.822729294973785 -2.98115342801629e-17 0.5571129925859971
8513 -3.946077474095171 -0.2591553935085608 0.8006663366802811
8514 -4.276882487743284 -0.302518610354986 0.6130840295380062
8515 -4.289051140844978 -0.2183986141559567 0.7186733562532102
8516 -4.846854694322555 -0.2375122649319212 0.3848323038895831
8517 -4.428211049598258 -2.427945760546848e-17 0.7466819976061686
8518 -4.32268642318868 -2.146308135458653e-17 0.7922306739544605
8519 -4.777641176017323 -0.2383392991707324 0.4372773017162154
8520 -4.785003117756993 -0.1617706298296794 0.519994585594494
8521 -3.147844869742318 -0.1981866551326449 0.8974677492174274
8522 -2.823611336865243 -0.07806344430591419 0.9442614428945306
8523 -2.899689486756903 -5.5712154969877e-18 0.9686139174041699
8524 -4.299236740657374 -0.101492355684873 0.7851389437433476
8525 -4.69714464911211 -0.1638287183970882 0.5670120722797573
8526 -3.961823884316873 -0.1710276505300681 0.8783691107523571
8527 -3.462752434407035 -0.1615224899424252 0.9550038633069294
8528 -4.531915858563318 -2.660507659177545e-17 0.6999087102182249
8529 -4.63262783674749 -2.834760352761069e-17 0.6525092521874969
8530 -4.713246184477498 -0.226393251220267 0.4971203035452649
8531 -4.748450197311074 -0.2826201812539392 0.3518622708212794
8532 -4.670182200956194 -0.2831888531555626 0.4241121254980796
8533 -4.549873215797429 -0.1572100206703933 0.6463034118418252
8534 -4.617793155551172 -0.1772204225745 0.5986873416224584
8535 -4.510178936150396 -0.09522657358526905 0.6942850000346843
8536 -3.143488460499172 -0.06262185834435398 0.9832783424891645
8537 -4.61305841724059 -0.2499832729696261 0.5245738965566898
8538 -4.215806880434669 -1.824099247186204e-17 0.8362431276542718
8539 -4.156453058847516 -0.08306962387360295 0.8485096658351314
8540 -1.864598919685984 -0.05948080516208708 0.8007883931801176
8541 -4.366622754160902 -0.2387492830856109 0.6641122927128263
8542 -2.310831680688552 -1.152770688786022e-17 0.8905286183303001
8543 -2.163788138716082 -0.05885925609016029 0.8538663514746139
8544 -2.213028082654121 -1.198383926459351e-17 0.8754481431454455
8545 -4.46703723717606 -0.04563688874296223 0.7259612841244959
8546 -2.877808627204655 -0.2638990025393927 0.7554329555686419
8548 -4.976638570059119 0.09522927702958807 0.4491645692797758
8551 -3.771593480775612 0.07227239324195428 0.979570683316187
8554 -4.095423469880673 0.3657711211933838 0.5183102000338038
8557 -2.572269377406503 0.1264390536804716 0.8789724527727683
8560 -3.675988897200506 0.3839625671469595 0.5450876401293434
8563 -1.626229508196721 0.07277512156909989 0.7477822833490166
8565 -3.293379634404908 0.3634244143508358 0.5824608024118718
8566 -3.483050287925544 0.3536062240438838 0.658935688793223
8567 -3.320494661804878 0.3016946007763806 0.7674802690180057
8568 -2.663161209420659 0.2901638882524776 0.6140243923804302
8569 -2.522065467987781 0.258192635347406 0.6575273106426616
8570 -2.568711197124871 0.303374267371846 0.4906424170270032
8571 -4.31908439967337 0.259038919510345 0.6614213674229084
8572 -4.390440394475736 0.1622224333048193 0.7172166570752687
8573 -4.253042008245706 0.1879992950863225 0.7587896759355177
8574 -3.024831049326027 0.3214662055172303 0.6514496282111962
8575 -2.936255910893076 0.2719388545747634 0.7532265843159974
8576 -2.83870121815978 0.3142639804833138 0.6041776629054674
8577 -3.362218866637376 0.2069819483586159 0.9094620526635887
8578 -3.468947888596437 0.2842939263395066 0.8151644305397123
8579 -3.720730560641283 0.2426579521489767 0.872966210746933
8580 -3.871870769544337 0.2378142380777193 0.8467622674381012
8581 -3.831983258819293 0.1485649137420517 0.9313424255277075
8582 -1.913222600407629 0.1162594180642239 0.7563210276066341
8583 -1.826874583919565 0.1287098623267056 0.7164734728352959
8585 -3.693691233984377 0.1522864914541265 0.9593407124388007
8586 -3.569992863304541 0.2008404321026216 0.9255413240507979
8587 -2.639004171866639 0.2204343596556006 0.7775365002562562
8588 -2.684313217580513 0.1322367540956171 0.8925712747625869
8589 -4.18676678354329 0.2924647253008945 0.6692036501363701
8590 -4.057642387768967 0.3104909086365635 0.685779314045451
8591 -3.953043508190971 0.353587919945404 0.6153206157762393
8592 -3.17086175920801 0.2394561111937554 0.8507137531387705
8593 -3.178955819467846 0.1382927657078003 0.9511843903720009
8594 -3.061237452700405 0.1615900628504596 0.9214431863954826
8595 -3.4601474663405 0.2026652971590961 0.9199734845383043
8596 -3.640644376495161 0.3276629398924761 0.7365138261509749
8597 -3.129741629917019 0.36076508325434 0.5269438935814673
8598 -3.175731413834507 0.3163351753856254 0.7078228206863443
8599 -3.055279827960959 0.2582522328854371 0.8037251234963014
8600 -2.964652959751014 0.2004801911311694 0.8698216471448919
8602 -2.050770284177257 0.07999198268283247 0.8211148803413315
8604 -2.512284791999304 0.1976710948361568 0.7841061496128108
8605 -3.572002449933965 0.1012679009705177 0.9925174682699598
8608 -2.352850265424725 0.1175961350238642 0.8474422352543071
8609 -4.345425384925905 0.08968740506689199 0.7693851862413938
8611 -2.98845861753347 0.07335622136092398 0.9650363287474509
8613 -2.832815588396708 0.2546714263258756 0.7626666563614382
8614 -2.867427342646469 0.1915152432209065 0.8645568811761883
8615 -2.466263875467781 0.1073491965047039 0.8758246628390569
8617 -3.658823402593855 0.06731830473272571 1.002767949888018
8618 -4.126056572554057 0.2269448385216451 0.7757024817587985
8619 -4.008593403480734 0.2364370660126433 0.807430629307864
8620 -3.917086582529624 0.3060518351095728 0.7372889227350428
8623 -3.12516600428964 0.07740798431632165 0.9769623045186967
8624 -4.461636065586247 0.2397874380380243 0.618073050130284
8625 -2.638541414783359 0.06976536831513308 0.9231829171945869
8628 -2.377665616181996 0.2199939809437841 0.7035713289031964
8630 -3.94335192149121 0.08649690932378257 0.924645098121565
8632 -4.053159739538581 0.1261125741086936 0.8718091085462889
8637 -2.845639782042298 0.09613981162428928 0.9387130051312307
8638 -4.161976428885559 0.1122199660058943 0.8367425112132071
8639 -3.450658164402903 0.3880746525509139 0.4920277157402991
8643 -3.346410590077776 0.09614249016374771 0.9862793723966101
8645 -4.351885240213377 0.3429410179368379 0.4678197500753039
8646 -4.248164607877389 0.3300870654937799 0.5658582478748091
8647 -4.239590230912549 0.3645584653261026 0.4402829578740212
8650 -4.747679590069571 0.2828957856404648 0.3516389103459641
8651 -4.846114991701049 0.2379507731976847 0.3845417247153241
8652 -4.750203631020721 0.247059192966441 0.4417348671380313
8653 -1.626229508196721 0.1221100980437167 0.677869825002647
8654 -1.720794320955215 0.1380548914575687 0.6694961906007603
8655 -4.506606477623338 0.1436989900966895 0.6747901723101707
8656 -4.590708745032002 0.1687143511323538 0.61862056738992
8657 -4.611080730302181 0.2253768454492103 0.557212677538846
8658 -2.151888860564867 0.08345513906413993 0.8373361295473172
8660 -4.37723903798079 0.3025334429078482 0.5645973700578792
8661 -4.498262056665605 0.2991767403456799 0.504220549178249
8662 -2.719891114359703 0.3275322038829399 0.4444248531562812
8663 -2.878221181438964 0.3490060448346636 0.3962054686450802
8664 -2.741727905370685 0.2626078705257891 0.7214545491843581
8665 -2.757750372919588 0.19801153015466 0.8369193914191528
8666 -2.975716388841573 0.3486755346909799 0.5079084325795307
8667 -3.460416821464698 0.1216873365512893 0.9798578301564311
8668 -2.034672040240048 0.1996545935862235 0.6256049396529897
8669 -2.158108413639924 0.2249226968756972 0.6005527949252021
8670 -2.117426680902108 0.1844784138409774 0.6959501112869327
8671 -2.244102877658454 0.2101705120891074 0.6803724569444916
8672 -2.778009526476276 0.1342904076890833 0.9052792126372863
8673 -3.260446962310867 0.2113079149722247 0.8958624635338185
8676 -4.261901432762758 0.08420756505214874 0.8060219193971668
8677 -3.896341603640129 0.3849383263332722 0.4964805821580138
8678 -3.273903690525765 0.1380376807055558 0.9594476888062429
8679 -3.801378739553481 0.3541270429512053 0.649883446581037
8680 -3.058531868810408 0.06757581844320257 0.9740632310515578
8681 -2.424120079859333 0.1673218786909244 0.8076104429823773
8682 -4.704225339917744 0.1272178066494219 0.5859279429590329
8683 -4.617057235729444 0.07998057823444876 0.6485016556683322
8684 -1.744896700094979 0.08966658497945437 0.751852147452738
8685 -1.972799356446438 0.07728282174145823 0.8084482763954384
8686 -2.010723744634395 0.1497924206551434 0.7306674081587446
8687 -2.185376345483849 0.1559919857064277 0.7668903713837466
8688 -2.099262401889893 0.1322932633303489 0.7789700255417609
8689 -1.831674802132498 0.06731220881599874 0.7893947895849021
8691 -2.934565490793182 0.1199752935687284 0.9363230862046621
8692 -4.732360541324304 0.1989968505444248 0.517203090892126
8693 -4.635217641293313 0.2708262411957255 0.476437995619878
8694 -3.947966130629938 0.1696786944734394 0.8837307294429171
8695 -2.239725315438672 0.1035191043230627 0.838245147062157
8696 -3.420197037340345 0.05446901708364711 1.003336794093541
8697 -1.814847961078599 0.1557845647842419 0.658852315871048
8698 -4.466067102948667 0.08071367839758198 0.7188963090192325
8701 -2.278728582038863 0.06043316740295442 0.8723062572769599
8703 -4.891928980118689 0.1223947904447173 0.4849500617836852
8704 -4.923695803533643 0.1765939236266613 0.419449001077941
8705 -2.759234237843315 0.06696887103597127 0.9404248260928924
8707 -3.787664391418838 0.3005238727774184 0.776601400155073
8708 -2.280031257170763 0.1640681191443011 0.7784710126180452
8709 -3.253086503646736 0.06595442685279584 0.9908819303494888
8710 -4.551678153101542 0.3203153959631883 0.4020248758351137
8711 -4.670656140591563 0.2916068679912097 0.3994460580169352
8712 -4.629935797556023 0.3165818283824043 0.3222455656802066
8713 -4.831279617047272 0.1956092320180202 0.4601960159786295
8714 -4.806914338434183 0.1276967356192063 0.5305271125462497
8715 -4.862228423471909 0.066213527338293 0.5265880861947723
8719 -4.436362751518517 0.3434064869845319 0.3963183004582566
8720 -4.772704688899129 0.06623587847498992 0.5742968697751032
8721 -3.597633300559321 0.2683791241578737 0.845558308205647
8724 -1.570830354620549 -0.1141857724405015 0.6816206891059122
8725 -1.538958515985245 5.668208029899575e-18 0.769354993459856
8728 -1.456343767571889 8.81045930896269e-18 0.7564649766010652
8730 -1.373848202879006 1.032626355812906e-17 0.7428662186654391
8731 -1.348002552624546 -0.05695622878461155 0.717531464179435
8738 -1.57083172781267 0.1141861413116202 0.6816202779115164
8742 -1.347888333184571 0.05690552777082836 0.7175512621898292
# Part 2 - facet list
13659 1
1 0 1
3 1 2 3
1 0 1
3 4 5 3
1 0 1
3 6 7 8
1 0 1
3 9 10 11
1 0 1
3 12 13 7
1 0 1
3 11 14 12
1 0 1
3 1 15 13
1 0 1
3 16 17 9
1 0 1
3 17 18 19
1 0 1
3 20 21 22
1 0 1
3 23 24 25
1 0 1
3 26 25 24
1 0 1
3 26 27 28
1 0 1
3 29 30 31
1 0 1
3 32 33 34
1 0 1
3 35 36 37
1 0 1
3 38 36 39
1 0 1
3 29 26 24
1 0 1
3 29 27 26
1 0 1
3 27 29 31
1 0 1
3 40 41 42
1 0 1
3 11 43 14
1 0 1
3 13 8 7
1 0 1
3 9 11 12
1 0 1
3 44 8 13
1 0 1
3 45 13 12
1 0 1
3 14 45 12
1 0 1
3 1 13 45
1 0 1
3 21 46 47
1 0 1
3 37 47 46
1 0 1
3 48 46 20
1 0 1
3 21 20 46
1 0 1
3 36 38 47
1 0 1
3 49 23 25
1 0 1
3 33 14 43
1 0 1
3 35 39 36
1 0 1
3 47 37 36
1 0 1
3 49 25 28
1 0 1
3 26 28 25
1 0 1
3 24 23 50
1 0 1
3 43 34 33
1 0 1
3 32 2 33
1 0 1
3 34 43 40
1 0 1
3 43 41 40
1 0 1
3 51 42 52
1 0 1
3 43 11 41
1 0 1
3 53 23 49
1 0 1
3 54 51 52
1 0 1
3 41 11 10
1 0 1
3 9 12 7
1 0 1
3 53 55 23
1 0 1
3 56 57 58
1 0 1
3 19 10 17
1 0 1
3 9 6 16
1 0 1
3 18 17 16
1 0 1
3 7 6 9
1 0 1
3 59 19 18
1 0 1
3 60 55 61
1 0 1
3 50 23 55
1 0 1
3 61 55 53
1 0 1
3 55 62 50
1 0 1
3 61 63 60
1 0 1
3 56 54 52
1 0 1
3 56 64 54
1 0 1
3 64 56 58
1 0 1
3 52 10 56
1 0 1
3 65 62 55
1 0 1
3 63 58 60
1 0 1
3 60 65 55
1 0 1
3 62 65 59
1 0 1
3 66 15 67
1 0 1
3 1 67 15
1 0 1
3 66 44 15
1 0 1
3 44 13 15
1 0 1
3 14 33 2
1 0 1
3 45 14 2
1 0 1
3 32 3 2
1 0 1
3 45 2 1
1 0 1
3 52 42 41
1 0 1
3 60 58 57
1 0 1
3 59 57 19
1 0 1
3 60 57 65
1 0 1
3 59 65 57
1 0 1
3 35 37 48
1 0 1
3 46 48 37
1 0 1
3 10 57 56
1 0 1
3 19 57 10
1 0 1
3 52 41 10
1 0 1
3 9 17 10
1 0 1
3 1 5 67
1 0 1
3 68 67 5
1 0 1
3 1 3 5
1 0 1
3 68 5 4
1 0 1
3 69 70 71
1 0 1
3 21 72 22
1 0 1
3 73 74 75
1 0 1
3 75 74 76
1 0 1
3 69 73 70
1 0 1
3 22 72 77
1 0 1
3 75 78 79
1 0 1
3 80 81 82
1 0 1
3 79 83 84
1 0 1
3 84 75 79
1 0 1
3 21 47 85
1 0 1
3 77 72 86
1 0 1
3 72 85 87
1 0 1
3 88 85 38
1 0 1
3 47 38 85
1 0 1
3 89 90 91
1 0 1
3 81 92 82
1 0 1
3 93 94 95
1 0 1
3 92 81 95
1 0 1
3 93 96 97
1 0 1
3 98 86 87
1 0 1
3 99 100 101
1 0 1
3 72 21 85
1 0 1
3 97 102 93
1 0 1
3 71 83 93
1 0 1
3 80 103 81
1 0 1
3 80 82 104
1 0 1
3 100 103 105
1 0 1
3 106 107 96
1 0 1
3 95 81 99
1 0 1
3 95 94 108
1 0 1
3 71 84 83
1 0 1
3 88 87 85
1 0 1
3 79 78 96
1 0 1
3 92 95 108
1 0 1
3 99 81 103
1 0 1
3 102 94 93
1 0 1
3 83 96 93
1 0 1
3 75 84 70
1 0 1
3 71 93 95
1 0 1
3 70 73 75
1 0 1
3 78 106 96
1 0 1
3 109 78 110
1 0 1
3 78 109 106
1 0 1
3 107 97 96
1 0 1
3 78 75 76
1 0 1
3 74 111 76
1 0 1
3 76 112 110
1 0 1
3 76 111 112
1 0 1
3 100 99 103
1 0 1
3 76 110 78
1 0 1
3 113 67 68
1 0 1
3 113 114 67
1 0 1
3 112 111 115
1 0 1
3 115 114 112
1 0 1
3 66 114 115
1 0 1
3 114 66 67
1 0 1
3 103 116 105
1 0 1
3 71 95 99
1 0 1
3 101 69 71
1 0 1
3 71 99 101
1 0 1
3 79 96 83
1 0 1
3 80 90 89
1 0 1
3 117 98 116
1 0 1
3 90 80 104
1 0 1
3 98 118 119
1 0 1
3 70 84 71
1 0 1
3 117 86 98
1 0 1
3 87 118 98
1 0 1
3 118 87 88
1 0 1
3 72 87 86
1 0 1
3 77 86 120
1 0 1
3 117 120 86
1 0 1
3 119 116 98
1 0 1
3 120 117 91
1 0 1
3 89 91 117
1 0 1
3 80 116 103
1 0 1
3 119 105 116
1 0 1
3 80 89 116
1 0 1
3 89 117 116
1 0 1
3 44 66 121
1 0 1
3 122 123 124
1 0 1
3 125 126 127
1 0 1
3 128 125 129
1 0 1
3 130 131 132
1 0 1
3 133 134 135
1 0 1
3 136 137 123
1 0 1
3 138 139 140
1 0 1
3 141 142 143
1 0 1
3 127 129 125
1 0 1
3 144 145 146
1 0 1
3 147 148 149
1 0 1
3 149 148 150
1 0 1
3 151 152 153
1 0 1
3 154 155 156
1 0 1
3 157 158 159
1 0 1
3 125 160 126
1 0 1
3 161 160 159
1 0 1
3 162 30 163
1 0 1
3 38 39 164
1 0 1
3 128 129 165
1 0 1
3 166 167 168
1 0 1
3 169 133 135
1 0 1
3 170 171 165
1 0 1
3 172 173 123
1 0 1
3 123 174 124
1 0 1
3 136 123 173
1 0 1
3 124 175 156
1 0 1
3 134 155 176
1 0 1
3 175 124 174
1 0 1
3 177 178 179
1 0 1
3 178 177 180
1 0 1
3 123 137 174
1 0 1
3 181 134 176
1 0 1
3 182 183 184
1 0 1
3 185 149 150
1 0 1
3 186 168 187
1 0 1
3 152 188 189
1 0 1
3 166 168 190
1 0 1
3 187 168 191
1 0 1
3 24 50 192
1 0 1
3 50 193 192
1 0 1
3 194 146 153
1 0 1
3 168 186 190
1 0 1
3 152 195 153
1 0 1
3 153 146 145
1 0 1
3 194 153 195
1 0 1
3 187 196 186
1 0 1
3 151 197 186
1 0 1
3 196 187 188
1 0 1
3 153 145 151
1 0 1
3 192 193 198
1 0 1
3 186 196 151
1 0 1
3 152 151 196
1 0 1
3 199 200 201
1 0 1
3 196 188 152
1 0 1
3 202 203 204
1 0 1
3 205 206 207
1 0 1
3 208 209 210
1 0 1
3 211 203 202
1 0 1
3 212 204 203
1 0 1
3 213 214 215
1 0 1
3 207 206 216
1 0 1
3 207 216 217
1 0 1
3 172 218 219
1 0 1
3 217 216 220
1 0 1
3 216 221 220
1 0 1
3 222 210 223
1 0 1
3 217 220 224
1 0 1
3 225 226 224
1 0 1
3 227 228 229
1 0 1
3 230 231 232
1 0 1
3 233 234 231
1 0 1
3 235 236 218
1 0 1
3 199 237 238
1 0 1
3 239 240 238
1 0 1
3 241 226 242
1 0 1
3 223 210 6
1 0 1
3 16 6 210
1 0 1
3 243 244 242
1 0 1
3 241 242 244
1 0 1
3 245 246 247
1 0 1
3 213 248 214
1 0 1
3 194 195 249
1 0 1
3 250 212 251
1 0 1
3 252 253 163
1 0 1
3 254 255 256
1 0 1
3 257 258 259
1 0 1
3 260 261 169
1 0 1
3 133 169 261
1 0 1
3 260 262 261
1 0 1
3 262 263 261
1 0 1
3 264 265 266
1 0 1
3 243 267 268
1 0 1
3 269 270 202
1 0 1
3 264 202 270
1 0 1
3 157 271 245
1 0 1
3 199 201 272
1 0 1
3 205 273 274
1 0 1
3 275 274 251
1 0 1
3 205 274 206
1 0 1
3 276 201 218
1 0 1
3 200 277 201
1 0 1
3 232 231 234
1 0 1
3 189 232 234
1 0 1
3 233 195 234
1 0 1
3 252 231 253
1 0 1
3 230 253 231
1 0 1
3 241 244 239
1 0 1
3 200 199 278
1 0 1
3 279 280 131
1 0 1
3 211 281 280
1 0 1
3 279 203 280
1 0 1
3 211 280 203
1 0 1
3 259 258 282
1 0 1
3 259 282 283
1 0 1
3 142 284 285
1 0 1
3 142 141 284
1 0 1
3 286 287 224
1 0 1
3 125 288 289
1 0 1
3 265 290 266
1 0 1
3 265 291 290
1 0 1
3 292 290 291
1 0 1
3 293 294 295
1 0 1
3 293 296 294
1 0 1
3 297 294 296
1 0 1
3 298 299 300
1 0 1
3 268 299 301
1 0 1
3 302 303 130
1 0 1
3 131 130 303
1 0 1
3 304 305 140
1 0 1
3 138 140 305
1 0 1
3 138 305 287
1 0 1
3 306 307 255
1 0 1
3 256 255 307
1 0 1
3 306 308 307
1 0 1
3 267 309 310
1 0 1
3 311 267 310
1 0 1
3 311 310 312
1 0 1
3 313 314 297
1 0 1
3 297 296 313
1 0 1
3 212 250 204
1 0 1
3 250 315 204
1 0 1
3 316 275 317
1 0 1
3 317 313 296
1 0 1
3 122 262 235
1 0 1
3 318 319 320
1 0 1
3 257 321 258
1 0 1
3 265 322 321
1 0 1
3 257 323 321
1 0 1
3 293 324 325
1 0 1
3 317 296 325
1 0 1
3 293 325 296
1 0 1
3 326 184 183
1 0 1
3 298 326 183
1 0 1
3 182 301 183
1 0 1
3 217 327 144
1 0 1
3 311 328 267
1 0 1
3 268 267 328
1 0 1
3 311 329 328
1 0 1
3 184 330 182
1 0 1
3 184 331 330
1 0 1
3 147 247 332
1 0 1
3 131 280 281
1 0 1
3 333 132 281
1 0 1
3 131 281 132
1 0 1
3 182 334 301
1 0 1
3 192 335 336
1 0 1
3 192 336 24
1 0 1
3 228 209 229
1 0 1
3 18 228 59
1 0 1
3 227 59 228
1 0 1
3 227 337 59
1 0 1
3 163 338 252
1 0 1
3 339 249 338
1 0 1
3 252 338 249
1 0 1
3 233 249 195
1 0 1
3 327 145 144
1 0 1
3 247 149 158
1 0 1
3 245 247 158
1 0 1
3 245 158 157
1 0 1
3 340 341 342
1 0 1
3 8 44 340
1 0 1
3 254 343 229
1 0 1
3 264 322 265
1 0 1
3 344 322 270
1 0 1
3 345 346 309
1 0 1
3 243 242 309
1 0 1
3 345 309 242
1 0 1
3 211 347 281
1 0 1
3 333 281 347
1 0 1
3 333 347 348
1 0 1
3 204 269 202
1 0 1
3 349 350 204
1 0 1
3 252 249 233
1 0 1
3 252 233 231
1 0 1
3 351 352 353
1 0 1
3 215 214 240
1 0 1
3 219 277 128
1 0 1
3 125 128 288
1 0 1
3 354 355 121
1 0 1
3 44 121 355
1 0 1
3 354 340 355
1 0 1
3 44 355 340
1 0 1
3 356 357 278
1 0 1
3 289 288 357
1 0 1
3 356 278 199
1 0 1
3 356 199 238
1 0 1
3 264 211 202
1 0 1
3 358 359 360
1 0 1
3 24 336 29
1 0 1
3 339 338 336
1 0 1
3 361 350 193
1 0 1
3 241 362 327
1 0 1
3 200 278 288
1 0 1
3 278 357 288
1 0 1
3 346 310 309
1 0 1
3 243 309 267
1 0 1
3 362 272 363
1 0 1
3 254 222 255
1 0 1
3 352 255 222
1 0 1
3 124 155 263
1 0 1
3 122 124 263
1 0 1
3 133 261 263
1 0 1
3 122 263 262
1 0 1
3 258 321 322
1 0 1
3 344 258 322
1 0 1
3 164 162 253
1 0 1
3 163 253 162
1 0 1
3 251 274 273
1 0 1
3 250 251 273
1 0 1
3 250 273 364
1 0 1
3 194 249 335
1 0 1
3 339 335 249
1 0 1
3 147 149 247
1 0 1
3 185 158 149
1 0 1
3 227 365 337
1 0 1
3 269 337 365
1 0 1
3 229 366 227
1 0 1
3 124 156 155
1 0 1
3 133 263 155
1 0 1
3 154 176 155
1 0 1
3 133 155 134
1 0 1
3 272 190 363
1 0 1
3 272 166 190
1 0 1
3 122 235 123
1 0 1
3 364 273 205
1 0 1
3 264 266 211
1 0 1
3 347 211 266
1 0 1
3 339 336 335
1 0 1
3 157 159 160
1 0 1
3 289 157 160
1 0 1
3 161 126 160
1 0 1
3 289 160 125
1 0 1
3 128 165 171
1 0 1
3 219 128 171
1 0 1
3 219 171 172
1 0 1
3 50 62 193
1 0 1
3 361 193 62
1 0 1
3 185 367 158
1 0 1
3 367 159 158
1 0 1
3 254 229 208
1 0 1
3 288 128 277
1 0 1
3 200 288 277
1 0 1
3 219 218 277
1 0 1
3 218 201 277
1 0 1
3 164 368 38
1 0 1
3 230 38 368
1 0 1
3 164 253 368
1 0 1
3 230 368 253
1 0 1
3 179 178 369
1 0 1
3 134 181 369
1 0 1
3 179 369 181
1 0 1
3 264 270 322
1 0 1
3 223 342 359
1 0 1
3 8 340 342
1 0 1
3 223 6 342
1 0 1
3 8 342 6
1 0 1
3 206 274 370
1 0 1
3 316 370 274
1 0 1
3 371 221 370
1 0 1
3 372 221 371
1 0 1
3 370 316 371
1 0 1
3 356 238 214
1 0 1
3 240 214 238
1 0 1
3 373 136 173
1 0 1
3 170 373 173
1 0 1
3 172 171 173
1 0 1
3 170 173 171
1 0 1
3 220 286 224
1 0 1
3 345 224 287
1 0 1
3 372 371 141
1 0 1
3 316 141 371
1 0 1
3 134 369 135
1 0 1
3 178 135 369
1 0 1
3 316 274 275
1 0 1
3 313 317 275
1 0 1
3 275 314 313
1 0 1
3 279 297 314
1 0 1
3 275 251 314
1 0 1
3 251 212 314
1 0 1
3 29 374 30
1 0 1
3 163 30 374
1 0 1
3 163 374 338
1 0 1
3 269 365 270
1 0 1
3 289 357 157
1 0 1
3 287 286 138
1 0 1
3 375 138 286
1 0 1
3 375 221 372
1 0 1
3 206 370 221
1 0 1
3 206 221 216
1 0 1
3 317 376 316
1 0 1
3 141 316 376
1 0 1
3 317 284 376
1 0 1
3 141 376 284
1 0 1
3 240 239 334
1 0 1
3 215 240 334
1 0 1
3 377 301 334
1 0 1
3 215 334 182
1 0 1
3 282 307 283
1 0 1
3 218 172 235
1 0 1
3 123 235 172
1 0 1
3 377 244 243
1 0 1
3 279 314 212
1 0 1
3 279 212 203
1 0 1
3 378 146 379
1 0 1
3 378 379 198
1 0 1
3 335 379 194
1 0 1
3 359 358 380
1 0 1
3 359 380 223
1 0 1
3 358 353 380
1 0 1
3 352 380 353
1 0 1
3 381 382 383
1 0 1
3 384 385 304
1 0 1
3 306 386 351
1 0 1
3 352 351 386
1 0 1
3 306 255 386
1 0 1
3 352 386 255
1 0 1
3 343 366 229
1 0 1
3 365 227 366
1 0 1
3 365 366 270
1 0 1
3 247 246 387
1 0 1
3 319 318 387
1 0 1
3 352 222 380
1 0 1
3 223 380 222
1 0 1
3 327 226 241
1 0 1
3 225 242 226
1 0 1
3 327 217 226
1 0 1
3 217 224 226
1 0 1
3 318 332 387
1 0 1
3 247 387 332
1 0 1
3 357 356 271
1 0 1
3 246 245 271
1 0 1
3 357 271 157
1 0 1
3 327 363 145
1 0 1
3 304 385 305
1 0 1
3 287 305 385
1 0 1
3 349 315 198
1 0 1
3 337 361 59
1 0 1
3 62 59 361
1 0 1
3 379 335 198
1 0 1
3 192 198 335
1 0 1
3 337 350 361
1 0 1
3 337 269 350
1 0 1
3 269 204 350
1 0 1
3 29 336 338
1 0 1
3 374 29 338
1 0 1
3 344 343 388
1 0 1
3 344 388 258
1 0 1
3 272 201 166
1 0 1
3 246 271 214
1 0 1
3 356 214 271
1 0 1
3 262 236 235
1 0 1
3 276 218 236
1 0 1
3 262 389 236
1 0 1
3 276 236 390
1 0 1
3 268 301 377
1 0 1
3 268 377 243
1 0 1
3 222 208 210
1 0 1
3 222 254 208
1 0 1
3 354 341 340
1 0 1
3 359 342 341
1 0 1
3 354 360 341
1 0 1
3 359 341 360
1 0 1
3 347 391 348
1 0 1
3 292 348 391
1 0 1
3 347 266 391
1 0 1
3 256 307 282
1 0 1
3 308 283 307
1 0 1
3 378 198 315
1 0 1
3 364 378 315
1 0 1
3 349 204 315
1 0 1
3 364 315 250
1 0 1
3 377 334 239
1 0 1
3 377 239 244
1 0 1
3 285 284 324
1 0 1
3 390 389 392
1 0 1
3 260 392 389
1 0 1
3 390 236 389
1 0 1
3 260 389 262
1 0 1
3 327 362 363
1 0 1
3 331 320 330
1 0 1
3 390 167 166
1 0 1
3 191 168 167
1 0 1
3 390 392 167
1 0 1
3 191 167 392
1 0 1
3 385 345 287
1 0 1
3 385 346 345
1 0 1
3 270 366 344
1 0 1
3 343 344 366
1 0 1
3 329 300 328
1 0 1
3 300 299 328
1 0 1
3 268 328 299
1 0 1
3 294 393 295
1 0 1
3 320 319 330
1 0 1
3 213 330 319
1 0 1
3 239 238 237
1 0 1
3 199 272 237
1 0 1
3 362 237 272
1 0 1
3 343 254 388
1 0 1
3 256 388 254
1 0 1
3 324 284 325
1 0 1
3 317 325 284
1 0 1
3 303 279 131
1 0 1
3 303 297 279
1 0 1
3 239 237 362
1 0 1
3 239 362 241
1 0 1
3 258 388 282
1 0 1
3 256 282 388
1 0 1
3 302 393 303
1 0 1
3 297 303 393
1 0 1
3 302 295 393
1 0 1
3 297 393 294
1 0 1
3 217 144 207
1 0 1
3 276 166 201
1 0 1
3 276 390 166
1 0 1
3 382 138 375
1 0 1
3 382 375 372
1 0 1
3 246 248 387
1 0 1
3 319 387 248
1 0 1
3 246 214 248
1 0 1
3 319 248 213
1 0 1
3 146 194 379
1 0 1
3 330 213 182
1 0 1
3 215 182 213
1 0 1
3 292 391 290
1 0 1
3 266 290 391
1 0 1
3 378 207 146
1 0 1
3 205 378 364
1 0 1
3 383 382 394
1 0 1
3 141 143 394
1 0 1
3 383 394 143
1 0 1
3 141 394 372
1 0 1
3 382 372 394
1 0 1
3 139 395 381
1 0 1
3 382 381 395
1 0 1
3 139 138 395
1 0 1
3 382 395 138
1 0 1
3 16 210 209
1 0 1
3 18 16 209
1 0 1
3 208 229 209
1 0 1
3 18 209 228
1 0 1
3 234 152 189
1 0 1
3 234 195 152
1 0 1
3 205 207 378
1 0 1
3 144 146 207
1 0 1
3 345 242 225
1 0 1
3 345 225 224
1 0 1
3 310 396 312
1 0 1
3 397 312 396
1 0 1
3 310 346 396
1 0 1
3 397 396 346
1 0 1
3 385 398 346
1 0 1
3 397 346 398
1 0 1
3 385 384 398
1 0 1
3 397 398 384
1 0 1
3 349 198 193
1 0 1
3 349 193 350
1 0 1
3 190 186 197
1 0 1
3 363 190 197
1 0 1
3 151 145 197
1 0 1
3 363 197 145
1 0 1
3 375 286 220
1 0 1
3 375 220 221
1 0 1
3 321 399 265
1 0 1
3 291 265 399
1 0 1
3 321 323 399
1 0 1
3 291 399 323
1 0 1
3 298 400 299
1 0 1
3 301 299 400
1 0 1
3 298 183 400
1 0 1
3 301 400 183
1 0 1
3 401 402 403
1 0 1
3 404 118 405
1 0 1
3 88 38 405
1 0 1
3 118 404 406
1 0 1
3 38 230 405
1 0 1
3 232 405 230
1 0 1
3 130 132 407
1 0 1
3 408 383 143
1 0 1
3 409 410 411
1 0 1
3 406 404 412
1 0 1
3 413 414 415
1 0 1
3 416 417 418
1 0 1
3 419 420 401
1 0 1
3 421 413 415
1 0 1
3 422 413 421
1 0 1
3 423 422 403
1 0 1
3 424 425 426
1 0 1
3 427 428 429
1 0 1
3 430 431 432
1 0 1
3 178 180 433
1 0 1
3 433 434 178
1 0 1
3 435 436 437
1 0 1
3 414 438 439
1 0 1
3 440 414 413
1 0 1
3 412 441 442
1 0 1
3 432 426 430
1 0 1
3 439 415 414
1 0 1
3 443 101 100
1 0 1
3 444 445 446
1 0 1
3 348 447 333
1 0 1
3 422 423 413
1 0 1
3 142 285 448
1 0 1
3 409 189 410
1 0 1
3 404 411 412
1 0 1
3 449 392 260
1 0 1
3 66 115 121
1 0 1
3 423 403 402
1 0 1
3 450 451 452
1 0 1
3 453 420 452
1 0 1
3 414 425 438
1 0 1
3 454 455 456
1 0 1
3 406 119 118
1 0 1
3 118 88 405
1 0 1
3 405 409 404
1 0 1
3 457 441 458
1 0 1
3 459 191 392
1 0 1
3 441 412 411
1 0 1
3 119 406 460
1 0 1
3 189 188 410
1 0 1
3 460 406 412
1 0 1
3 105 119 460
1 0 1
3 410 458 411
1 0 1
3 458 441 411
1 0 1
3 409 232 189
1 0 1
3 412 442 460
1 0 1
3 457 461 462
1 0 1
3 459 418 463
1 0 1
3 405 232 409
1 0 1
3 411 404 409
1 0 1
3 435 459 436
1 0 1
3 449 459 392
1 0 1
3 458 410 188
1 0 1
3 191 463 187
1 0 1
3 459 463 191
1 0 1
3 418 459 435
1 0 1
3 417 464 418
1 0 1
3 435 416 418
1 0 1
3 443 465 101
1 0 1
3 101 465 69
1 0 1
3 466 467 468
1 0 1
3 469 470 471
1 0 1
3 472 473 474
1 0 1
3 475 476 477
1 0 1
3 478 473 479
1 0 1
3 449 260 480
1 0 1
3 481 482 480
1 0 1
3 449 480 483
1 0 1
3 484 485 486
1 0 1
3 487 488 489
1 0 1
3 490 489 488
1 0 1
3 260 169 491
1 0 1
3 481 480 491
1 0 1
3 260 491 480
1 0 1
3 487 489 492
1 0 1
3 492 493 456
1 0 1
3 494 495 496
1 0 1
3 293 295 497
1 0 1
3 329 498 300
1 0 1
3 499 500 501
1 0 1
3 470 469 502
1 0 1
3 332 318 502
1 0 1
3 292 291 503
1 0 1
3 324 293 504
1 0 1
3 293 497 504
1 0 1
3 304 140 505
1 0 1
3 506 507 508
1 0 1
3 437 436 509
1 0 1
3 510 462 511
1 0 1
3 506 512 507
1 0 1
3 470 507 512
1 0 1
3 470 512 471
1 0 1
3 453 513 514
1 0 1
3 486 515 471
1 0 1
3 484 416 485
1 0 1
3 466 443 516
1 0 1
3 517 518 408
1 0 1
3 519 520 478
1 0 1
3 308 306 521
1 0 1
3 495 522 521
1 0 1
3 523 524 525
1 0 1
3 526 525 407
1 0 1
3 487 475 461
1 0 1
3 487 461 488
1 0 1
3 527 446 445
1 0 1
3 257 259 444
1 0 1
3 291 323 528
1 0 1
3 446 529 528
1 0 1
3 291 528 503
1 0 1
3 408 518 530
1 0 1
3 381 383 530
1 0 1
3 408 530 383
1 0 1
3 147 332 531
1 0 1
3 486 485 515
1 0 1
3 407 532 130
1 0 1
3 302 130 532
1 0 1
3 407 525 532
1 0 1
3 495 533 496
1 0 1
3 353 496 533
1 0 1
3 353 533 351
1 0 1
3 329 311 534
1 0 1
3 454 535 534
1 0 1
3 308 536 283
1 0 1
3 445 536 522
1 0 1
3 312 455 454
1 0 1
3 537 456 455
1 0 1
3 312 397 455
1 0 1
3 507 470 538
1 0 1
3 320 331 538
1 0 1
3 469 531 502
1 0 1
3 332 502 531
1 0 1
3 142 539 143
1 0 1
3 408 143 539
1 0 1
3 142 448 539
1 0 1
3 503 540 541
1 0 1
3 292 503 541
1 0 1
3 447 348 541
1 0 1
3 292 541 348
1 0 1
3 324 542 285
1 0 1
3 448 285 542
1 0 1
3 324 504 542
1 0 1
3 504 543 542
1 0 1
3 326 544 184
1 0 1
3 326 508 544
1 0 1
3 507 544 508
1 0 1
3 333 447 545
1 0 1
3 407 132 545
1 0 1
3 333 545 132
1 0 1
3 304 546 384
1 0 1
3 537 384 546
1 0 1
3 304 505 546
1 0 1
3 505 547 546
1 0 1
3 443 100 516
1 0 1
3 519 478 548
1 0 1
3 430 426 425
1 0 1
3 424 438 425
1 0 1
3 437 549 515
1 0 1
3 514 515 549
1 0 1
3 469 451 531
1 0 1
3 550 551 451
1 0 1
3 550 451 450
1 0 1
3 490 484 552
1 0 1
3 553 490 552
1 0 1
3 553 552 501
1 0 1
3 423 402 549
1 0 1
3 437 509 549
1 0 1
3 423 549 509
1 0 1
3 436 554 509
1 0 1
3 440 509 554
1 0 1
3 483 555 554
1 0 1
3 111 556 115
1 0 1
3 111 557 556
1 0 1
3 456 537 547
1 0 1
3 558 559 547
1 0 1
3 456 547 492
1 0 1
3 517 448 543
1 0 1
3 560 561 540
1 0 1
3 526 447 540
1 0 1
3 527 529 446
1 0 1
3 298 300 499
1 0 1
3 487 492 559
1 0 1
3 492 547 559
1 0 1
3 139 381 562
1 0 1
3 517 477 518
1 0 1
3 476 518 477
1 0 1
3 381 530 562
1 0 1
3 302 524 295
1 0 1
3 473 525 479
1 0 1
3 526 479 525
1 0 1
3 453 452 451
1 0 1
3 469 453 451
1 0 1
3 497 295 524
1 0 1
3 523 497 524
1 0 1
3 302 532 524
1 0 1
3 532 525 524
1 0 1
3 354 121 556
1 0 1
3 115 556 121
1 0 1
3 320 563 318
1 0 1
3 449 436 459
1 0 1
3 457 458 417
1 0 1
3 481 564 431
1 0 1
3 565 432 431
1 0 1
3 481 431 430
1 0 1
3 566 468 467
1 0 1
3 466 516 467
1 0 1
3 470 563 538
1 0 1
3 320 538 563
1 0 1
3 470 502 563
1 0 1
3 502 318 563
1 0 1
3 358 360 567
1 0 1
3 568 569 494
1 0 1
3 488 570 490
1 0 1
3 461 571 488
1 0 1
3 560 503 529
1 0 1
3 503 528 529
1 0 1
3 429 428 572
1 0 1
3 434 429 572
1 0 1
3 434 572 178
1 0 1
3 560 566 561
1 0 1
3 478 573 473
1 0 1
3 474 473 573
1 0 1
3 454 574 535
1 0 1
3 553 535 574
1 0 1
3 454 456 574
1 0 1
3 456 493 574
1 0 1
3 472 543 504
1 0 1
3 448 542 543
1 0 1
3 560 540 503
1 0 1
3 447 541 540
1 0 1
3 475 477 511
1 0 1
3 558 547 505
1 0 1
3 537 546 547
1 0 1
3 514 549 402
1 0 1
3 491 575 481
1 0 1
3 558 505 562
1 0 1
3 423 509 413
1 0 1
3 440 413 509
1 0 1
3 497 576 504
1 0 1
3 472 504 576
1 0 1
3 497 523 576
1 0 1
3 523 473 576
1 0 1
3 436 449 554
1 0 1
3 483 554 449
1 0 1
3 569 568 577
1 0 1
3 527 445 577
1 0 1
3 485 416 435
1 0 1
3 564 428 431
1 0 1
3 565 431 428
1 0 1
3 564 572 428
1 0 1
3 565 428 427
1 0 1
3 531 451 551
1 0 1
3 147 531 551
1 0 1
3 550 148 551
1 0 1
3 147 551 148
1 0 1
3 499 501 508
1 0 1
3 506 508 501
1 0 1
3 564 575 135
1 0 1
3 169 135 575
1 0 1
3 564 481 575
1 0 1
3 169 575 491
1 0 1
3 578 557 74
1 0 1
3 111 74 557
1 0 1
3 578 567 557
1 0 1
3 558 579 476
1 0 1
3 73 69 580
1 0 1
3 329 534 498
1 0 1
3 535 498 534
1 0 1
3 437 515 485
1 0 1
3 523 525 473
1 0 1
3 472 576 473
1 0 1
3 485 435 437
1 0 1
3 566 527 468
1 0 1
3 568 494 580
1 0 1
3 500 300 498
1 0 1
3 499 300 500
1 0 1
3 498 535 500
1 0 1
3 535 501 500
1 0 1
3 560 529 566
1 0 1
3 564 135 572
1 0 1
3 178 572 135
1 0 1
3 430 482 481
1 0 1
3 483 480 482
1 0 1
3 430 425 482
1 0 1
3 425 555 482
1 0 1
3 440 554 555
1 0 1
3 414 440 555
1 0 1
3 483 482 555
1 0 1
3 414 555 425
1 0 1
3 494 496 578
1 0 1
3 553 501 535
1 0 1
3 527 566 529
1 0 1
3 510 520 462
1 0 1
3 358 567 581
1 0 1
3 496 353 581
1 0 1
3 358 581 353
1 0 1
3 457 462 442
1 0 1
3 457 442 441
1 0 1
3 460 442 582
1 0 1
3 496 581 578
1 0 1
3 567 578 581
1 0 1
3 140 139 562
1 0 1
3 140 562 505
1 0 1
3 543 472 474
1 0 1
3 467 519 548
1 0 1
3 467 516 519
1 0 1
3 402 420 514
1 0 1
3 402 401 420
1 0 1
3 583 420 419
1 0 1
3 514 420 453
1 0 1
3 583 452 420
1 0 1
3 462 520 442
1 0 1
3 567 584 557
1 0 1
3 556 557 584
1 0 1
3 556 584 354
1 0 1
3 474 573 510
1 0 1
3 326 585 508
1 0 1
3 499 508 585
1 0 1
3 326 298 585
1 0 1
3 499 585 298
1 0 1
3 559 476 475
1 0 1
3 559 475 487
1 0 1
3 553 493 490
1 0 1
3 489 490 493
1 0 1
3 553 574 493
1 0 1
3 489 493 492
1 0 1
3 354 584 360
1 0 1
3 567 360 584
1 0 1
3 465 586 568
1 0 1
3 577 568 586
1 0 1
3 465 468 586
1 0 1
3 306 351 521
1 0 1
3 474 510 511
1 0 1
3 474 511 477
1 0 1
3 580 465 568
1 0 1
3 580 69 465
1 0 1
3 495 521 533
1 0 1
3 351 533 521
1 0 1
3 259 283 444
1 0 1
3 516 100 587
1 0 1
3 105 587 100
1 0 1
3 512 486 471
1 0 1
3 501 552 506
1 0 1
3 552 484 486
1 0 1
3 476 559 558
1 0 1
3 495 494 569
1 0 1
3 495 569 522
1 0 1
3 539 448 517
1 0 1
3 539 517 408
1 0 1
3 445 444 536
1 0 1
3 283 536 444
1 0 1
3 184 544 331
1 0 1
3 507 538 544
1 0 1
3 331 544 538
1 0 1
3 471 513 469
1 0 1
3 453 469 513
1 0 1
3 471 515 513
1 0 1
3 515 514 513
1 0 1
3 573 478 520
1 0 1
3 510 573 520
1 0 1
3 519 582 520
1 0 1
3 582 442 520
1 0 1
3 479 561 548
1 0 1
3 479 548 478
1 0 1
3 105 460 587
1 0 1
3 582 587 460
1 0 1
3 545 526 407
1 0 1
3 545 447 526
1 0 1
3 457 417 571
1 0 1
3 570 488 571
1 0 1
3 457 571 461
1 0 1
3 188 187 464
1 0 1
3 417 458 464
1 0 1
3 188 464 458
1 0 1
3 518 579 530
1 0 1
3 562 530 579
1 0 1
3 518 476 579
1 0 1
3 562 579 558
1 0 1
3 474 588 543
1 0 1
3 517 543 588
1 0 1
3 474 477 588
1 0 1
3 517 588 477
1 0 1
3 443 466 465
1 0 1
3 468 465 466
1 0 1
3 475 589 461
1 0 1
3 462 461 589
1 0 1
3 475 511 589
1 0 1
3 462 589 511
1 0 1
3 522 577 445
1 0 1
3 522 569 577
1 0 1
3 384 590 397
1 0 1
3 455 397 590
1 0 1
3 384 537 590
1 0 1
3 455 590 537
1 0 1
3 494 578 591
1 0 1
3 73 580 591
1 0 1
3 494 591 580
1 0 1
3 570 571 417
1 0 1
3 570 417 416
1 0 1
3 463 418 464
1 0 1
3 187 463 464
1 0 1
3 516 587 582
1 0 1
3 516 582 519
1 0 1
3 561 467 548
1 0 1
3 561 566 467
1 0 1
3 506 552 512
1 0 1
3 486 512 552
1 0 1
3 484 570 416
1 0 1
3 484 490 570
1 0 1
3 526 540 561
1 0 1
3 526 561 479
1 0 1
3 73 591 74
1 0 1
3 578 74 591
1 0 1
3 577 586 527
1 0 1
3 468 527 586
1 0 1
3 308 592 536
1 0 1
3 522 536 592
1 0 1
3 308 521 592
1 0 1
3 522 592 521
1 0 1
3 312 593 311
1 0 1
3 534 311 593
1 0 1
3 312 454 593
1 0 1
3 534 593 454
1 0 1
3 528 594 446
1 0 1
3 528 323 594
1 0 1
3 257 594 323
1 0 1
3 257 444 594
1 0 1
3 446 594 444
1 0 1
3 180 595 596
1 0 2
3 597 598 599
1 0 2
3 600 601 602
1 0 2
3 599 598 603
1 0 2
3 604 599 605
1 0 2
3 603 606 607
1 0 2
3 608 609 610
1 0 2
3 611 612 613
1 0 2
3 614 615 616
1 0 2
3 617 600 602
1 0 2
3 618 619 620
1 0 2
3 621 622 623
1 0 2
3 624 625 626
1 0 2
3 627 628 629
1 0 2
3 625 620 601
1 0 2
3 630 628 625
1 0 2
3 600 631 601
1 0 2
3 630 625 624
1 0 2
3 631 632 601
1 0 2
3 620 625 627
1 0 2
3 618 620 627
1 0 2
3 625 628 627
1 0 2
3 633 634 629
1 0 2
3 627 629 634
1 0 2
3 620 602 601
1 0 2
3 617 602 619
1 0 2
3 618 634 635
1 0 2
3 627 634 618
1 0 2
3 633 635 634
1 0 2
3 602 620 619
1 0 2
3 616 612 611
1 0 2
3 611 636 614
1 0 2
3 633 637 635
1 0 2
3 635 637 638
1 0 2
3 618 638 619
1 0 2
3 611 614 616
1 0 2
3 618 635 638
1 0 2
3 639 638 637
1 0 2
3 639 623 638
1 0 2
3 638 623 622
1 0 2
3 640 638 641
1 0 2
3 621 642 622
1 0 2
3 622 641 638
1 0 2
3 643 644 641
1 0 2
3 619 640 617
1 0 2
3 643 622 642
1 0 2
3 640 619 638
1 0 2
3 645 617 640
1 0 2
3 644 645 641
1 0 2
3 640 641 645
1 0 2
3 597 599 604
1 0 2
3 603 598 606
1 0 2
3 606 608 607
1 0 2
3 599 603 605
1 0 2
3 608 610 607
1 0 2
3 605 607 610
1 0 2
3 603 607 605
1 0 2
3 642 646 643
1 0 2
3 622 643 641
1 0 2
3 647 644 643
1 0 2
3 648 643 646
1 0 2
3 649 648 646
1 0 2
3 650 615 614
1 0 2
3 651 652 649
1 0 2
3 651 653 654
1 0 2
3 650 655 653
1 0 2
3 656 647 648
1 0 2
3 643 648 647
1 0 2
3 650 614 655
1 0 2
3 657 654 655
1 0 2
3 654 653 655
1 0 2
3 614 636 655
1 0 2
3 657 655 636
1 0 2
3 656 658 657
1 0 2
3 654 657 658
1 0 2
3 656 648 658
1 0 2
3 648 652 658
1 0 2
3 654 658 652
1 0 2
3 648 649 652
1 0 2
3 654 652 651
1 0 2
3 626 632 659
1 0 2
3 631 659 632
1 0 2
3 626 625 632
1 0 2
3 625 601 632
1 0 2
3 660 661 662
1 0 2
3 662 663 660
1 0 2
3 664 624 626
1 0 2
3 665 666 667
1 0 2
3 668 669 670
1 0 2
3 665 663 666
1 0 2
3 671 626 659
1 0 2
3 671 659 672
1 0 2
3 673 674 675
1 0 2
3 671 672 675
1 0 2
3 673 675 672
1 0 2
3 671 664 626
1 0 2
3 675 674 667
1 0 2
3 676 677 678
1 0 2
3 669 668 679
1 0 2
3 680 681 682
1 0 2
3 683 682 681
1 0 2
3 674 673 684
1 0 2
3 685 686 683
1 0 2
3 687 688 685
1 0 2
3 665 667 674
1 0 2
3 678 674 684
1 0 2
3 689 604 690
1 0 2
3 691 692 693
1 0 2
3 663 665 660
1 0 2
3 605 690 604
1 0 2
3 691 690 605
1 0 2
3 690 691 689
1 0 2
3 605 610 691
1 0 2
3 610 692 691
1 0 2
3 694 689 691
1 0 2
3 678 695 674
1 0 2
3 670 662 661
1 0 2
3 696 660 665
1 0 2
3 697 698 677
1 0 2
3 665 695 696
1 0 2
3 676 678 684
1 0 2
3 689 694 699
1 0 2
3 688 687 700
1 0 2
3 670 661 668
1 0 2
3 661 701 668
1 0 2
3 702 679 668
1 0 2
3 695 665 674
1 0 2
3 696 695 677
1 0 2
3 702 681 680
1 0 2
3 695 678 677
1 0 2
3 697 677 676
1 0 2
3 698 696 677
1 0 2
3 680 679 702
1 0 2
3 698 697 703
1 0 2
3 704 705 694
1 0 2
3 706 707 703
1 0 2
3 707 708 702
1 0 2
3 681 685 683
1 0 2
3 688 686 685
1 0 2
3 704 700 687
1 0 2
3 709 700 704
1 0 2
3 685 710 687
1 0 2
3 711 687 712
1 0 2
3 693 694 691
1 0 2
3 610 609 692
1 0 2
3 609 693 692
1 0 2
3 693 709 694
1 0 2
3 704 694 709
1 0 2
3 701 661 696
1 0 2
3 696 698 701
1 0 2
3 698 707 701
1 0 2
3 698 703 707
1 0 2
3 702 701 707
1 0 2
3 660 696 661
1 0 2
3 702 668 701
1 0 2
3 681 702 708
1 0 2
3 685 681 708
1 0 2
3 706 710 707
1 0 2
3 687 705 704
1 0 2
3 699 694 705
1 0 2
3 687 711 705
1 0 2
3 699 705 711
1 0 2
3 712 687 710
1 0 2
3 706 712 710
1 0 2
3 685 708 710
1 0 2
3 708 707 710
1 0 2
3 713 597 604
1 0 2
3 714 715 716
1 0 2
3 613 717 718
1 0 2
3 647 719 644
1 0 2
3 720 721 722
1 0 2
3 723 724 725
1 0 2
3 659 631 726
1 0 2
3 727 715 714
1 0 2
3 728 729 730
1 0 2
3 731 732 733
1 0 2
3 731 733 734
1 0 2
3 732 735 733
1 0 2
3 733 736 737
1 0 2
3 714 738 739
1 0 2
3 740 741 742
1 0 2
3 743 744 745
1 0 2
3 743 745 746
1 0 2
3 736 733 735
1 0 2
3 732 747 735
1 0 2
3 748 749 750
1 0 2
3 748 750 751
1 0 2
3 752 753 754
1 0 2
3 755 756 737
1 0 2
3 757 758 759
1 0 2
3 760 738 761
1 0 2
3 762 763 724
1 0 2
3 764 751 750
1 0 2
3 739 727 714
1 0 2
3 765 766 715
1 0 2
3 647 656 767
1 0 2
3 724 763 725
1 0 2
3 768 720 725
1 0 2
3 769 770 771
1 0 2
3 772 773 774
1 0 2
3 775 771 776
1 0 2
3 770 723 776
1 0 2
3 777 778 774
1 0 2
3 771 779 769
1 0 2
3 720 775 776
1 0 2
3 768 725 763
1 0 2
3 720 776 725
1 0 2
3 780 720 768
1 0 2
3 770 776 771
1 0 2
3 771 775 781
1 0 2
3 723 725 776
1 0 2
3 782 769 779
1 0 2
3 771 781 779
1 0 2
3 779 781 783
1 0 2
3 784 785 786
1 0 2
3 784 787 785
1 0 2
3 788 789 790
1 0 2
3 719 791 644
1 0 2
3 792 793 785
1 0 2
3 794 795 796
1 0 2
3 797 796 798
1 0 2
3 799 800 801
1 0 2
3 802 799 801
1 0 2
3 803 791 795
1 0 2
3 786 804 805
1 0 2
3 786 805 784
1 0 2
3 806 807 808
1 0 2
3 806 808 809
1 0 2
3 762 810 811
1 0 2
3 812 783 813
1 0 2
3 814 718 815
1 0 2
3 816 817 818
1 0 2
3 819 817 820
1 0 2
3 821 822 823
1 0 2
3 824 825 823
1 0 2
3 826 827 828
1 0 2
3 829 830 831
1 0 2
3 793 832 833
1 0 2
3 834 835 836
1 0 2
3 824 837 838
1 0 2
3 644 839 645
1 0 2
3 803 645 839
1 0 2
3 644 791 839
1 0 2
3 803 839 791
1 0 2
3 809 778 806
1 0 2
3 804 806 778
1 0 2
3 840 841 842
1 0 2
3 829 843 842
1 0 2
3 840 842 728
1 0 2
3 782 800 799
1 0 2
3 812 801 800
1 0 2
3 782 779 800
1 0 2
3 812 800 783
1 0 2
3 825 824 844
1 0 2
3 845 846 844
1 0 2
3 825 844 847
1 0 2
3 848 849 850
1 0 2
3 851 848 850
1 0 2
3 830 829 852
1 0 2
3 853 854 855
1 0 2
3 734 756 854
1 0 2
3 753 856 857
1 0 2
3 858 753 857
1 0 2
3 859 860 861
1 0 2
3 862 861 860
1 0 2
3 859 863 860
1 0 2
3 827 864 865
1 0 2
3 866 867 865
1 0 2
3 827 865 828
1 0 2
3 847 844 846
1 0 2
3 716 847 846
1 0 2
3 845 868 846
1 0 2
3 868 869 846
1 0 2
3 728 843 729
1 0 2
3 870 729 843
1 0 2
3 728 842 843
1 0 2
3 871 872 873
1 0 2
3 798 874 862
1 0 2
3 862 875 861
1 0 2
3 876 877 878
1 0 2
3 834 879 880
1 0 2
3 881 838 880
1 0 2
3 882 883 884
1 0 2
3 833 832 884
1 0 2
3 882 884 832
1 0 2
3 885 886 887
1 0 2
3 830 850 849
1 0 2
3 888 849 889
1 0 2
3 890 848 891
1 0 2
3 866 892 891
1 0 2
3 890 891 892
1 0 2
3 893 894 895
1 0 2
3 731 734 763
1 0 2
3 731 763 811
1 0 2
3 896 856 752
1 0 2
3 753 752 856
1 0 2
3 792 857 856
1 0 2
3 754 753 897
1 0 2
3 754 897 898
1 0 2
3 899 900 861
1 0 2
3 749 821 901
1 0 2
3 728 730 902
1 0 2
3 903 902 730
1 0 2
3 875 904 899
1 0 2
3 899 861 875
1 0 2
3 905 906 833
1 0 2
3 907 905 908
1 0 2
3 804 778 805
1 0 2
3 821 823 901
1 0 2
3 825 901 823
1 0 2
3 909 910 911
1 0 2
3 768 912 913
1 0 2
3 768 763 912
1 0 2
3 814 813 914
1 0 2
3 851 808 807
1 0 2
3 808 915 916
1 0 2
3 731 811 732
1 0 2
3 811 917 732
1 0 2
3 733 737 756
1 0 2
3 855 854 756
1 0 2
3 733 756 734
1 0 2
3 785 787 857
1 0 2
3 787 918 857
1 0 2
3 825 919 901
1 0 2
3 764 750 919
1 0 2
3 764 919 920
1 0 2
3 600 921 631
1 0 2
3 600 922 921
1 0 2
3 851 867 866
1 0 2
3 851 807 867
1 0 2
3 923 867 807
1 0 2
3 896 924 856
1 0 2
3 792 856 924
1 0 2
3 896 925 924
1 0 2
3 888 926 849
1 0 2
3 830 849 926
1 0 2
3 888 927 926
1 0 2
3 814 812 813
1 0 2
3 814 801 812
1 0 2
3 830 926 831
1 0 2
3 907 928 929
1 0 2
3 631 921 726
1 0 2
3 930 726 921
1 0 2
3 719 647 767
1 0 2
3 719 767 931
1 0 2
3 847 758 825
1 0 2
3 803 932 645
1 0 2
3 617 645 932
1 0 2
3 617 932 818
1 0 2
3 784 805 933
1 0 2
3 836 837 822
1 0 2
3 934 870 831
1 0 2
3 919 825 758
1 0 2
3 920 919 758
1 0 2
3 847 766 758
1 0 2
3 920 758 757
1 0 2
3 795 935 936
1 0 2
3 803 795 936
1 0 2
3 872 816 936
1 0 2
3 816 932 936
1 0 2
3 937 938 933
1 0 2
3 820 939 819
1 0 2
3 824 823 837
1 0 2
3 823 822 837
1 0 2
3 829 831 843
1 0 2
3 870 843 831
1 0 2
3 916 940 772
1 0 2
3 913 869 868
1 0 2
3 716 846 869
1 0 2
3 818 932 816
1 0 2
3 803 936 932
1 0 2
3 808 916 809
1 0 2
3 772 809 916
1 0 2
3 941 786 793
1 0 2
3 785 793 786
1 0 2
3 923 828 867
1 0 2
3 828 865 867
1 0 2
3 881 942 838
1 0 2
3 881 858 942
1 0 2
3 943 944 813
1 0 2
3 923 807 790
1 0 2
3 806 790 807
1 0 2
3 945 946 931
1 0 2
3 901 919 750
1 0 2
3 749 901 750
1 0 2
3 716 869 714
1 0 2
3 853 714 869
1 0 2
3 929 789 788
1 0 2
3 923 790 789
1 0 2
3 929 947 789
1 0 2
3 923 789 828
1 0 2
3 792 785 857
1 0 2
3 778 809 774
1 0 2
3 772 774 809
1 0 2
3 924 832 792
1 0 2
3 793 792 832
1 0 2
3 829 842 841
1 0 2
3 829 841 852
1 0 2
3 853 738 714
1 0 2
3 948 739 738
1 0 2
3 853 855 738
1 0 2
3 942 949 838
1 0 2
3 742 950 744
1 0 2
3 745 744 950
1 0 2
3 741 950 742
1 0 2
3 818 922 617
1 0 2
3 600 617 922
1 0 2
3 818 819 922
1 0 2
3 788 790 941
1 0 2
3 734 854 912
1 0 2
3 854 951 912
1 0 2
3 755 761 756
1 0 2
3 855 756 761
1 0 2
3 755 952 761
1 0 2
3 952 760 761
1 0 2
3 872 817 816
1 0 2
3 819 818 817
1 0 2
3 872 871 817
1 0 2
3 871 820 817
1 0 2
3 734 912 763
1 0 2
3 837 836 835
1 0 2
3 838 837 835
1 0 2
3 834 880 835
1 0 2
3 838 835 880
1 0 2
3 716 766 847
1 0 2
3 759 758 766
1 0 2
3 716 715 766
1 0 2
3 759 766 765
1 0 2
3 810 917 811
1 0 2
3 741 732 917
1 0 2
3 810 953 917
1 0 2
3 741 917 953
1 0 2
3 855 761 738
1 0 2
3 948 738 760
1 0 2
3 745 950 953
1 0 2
3 741 953 950
1 0 2
3 794 877 935
1 0 2
3 872 936 935
1 0 2
3 794 935 795
1 0 2
3 954 874 945
1 0 2
3 798 945 874
1 0 2
3 954 875 874
1 0 2
3 875 862 874
1 0 2
3 931 767 955
1 0 2
3 841 911 910
1 0 2
3 852 841 910
1 0 2
3 611 613 956
1 0 2
3 718 956 613
1 0 2
3 720 722 775
1 0 2
3 797 957 958
1 0 2
3 794 796 958
1 0 2
3 797 958 796
1 0 2
3 954 904 875
1 0 2
3 840 899 904
1 0 2
3 954 911 904
1 0 2
3 959 960 909
1 0 2
3 862 961 798
1 0 2
3 797 798 961
1 0 2
3 862 894 961
1 0 2
3 848 866 891
1 0 2
3 848 851 866
1 0 2
3 913 780 768
1 0 2
3 962 918 938
1 0 2
3 937 962 938
1 0 2
3 787 784 938
1 0 2
3 784 933 938
1 0 2
3 933 722 721
1 0 2
3 937 933 721
1 0 2
3 720 780 721
1 0 2
3 791 719 946
1 0 2
3 931 946 719
1 0 2
3 721 780 937
1 0 2
3 924 963 832
1 0 2
3 882 832 963
1 0 2
3 924 925 963
1 0 2
3 882 963 925
1 0 2
3 868 937 780
1 0 2
3 868 780 913
1 0 2
3 833 788 941
1 0 2
3 833 941 793
1 0 2
3 790 804 941
1 0 2
3 956 914 611
1 0 2
3 946 964 791
1 0 2
3 795 791 964
1 0 2
3 946 796 964
1 0 2
3 795 964 796
1 0 2
3 805 722 933
1 0 2
3 798 796 946
1 0 2
3 798 946 945
1 0 2
3 962 868 845
1 0 2
3 962 937 868
1 0 2
3 897 858 881
1 0 2
3 897 753 858
1 0 2
3 790 806 804
1 0 2
3 786 941 804
1 0 2
3 811 763 762
1 0 2
3 819 965 922
1 0 2
3 921 922 965
1 0 2
3 921 965 930
1 0 2
3 828 789 947
1 0 2
3 826 828 947
1 0 2
3 929 928 947
1 0 2
3 826 947 928
1 0 2
3 740 747 741
1 0 2
3 732 741 747
1 0 2
3 740 966 747
1 0 2
3 966 735 747
1 0 2
3 940 960 772
1 0 2
3 773 772 960
1 0 2
3 800 779 783
1 0 2
3 913 951 869
1 0 2
3 853 869 951
1 0 2
3 913 912 951
1 0 2
3 853 951 854
1 0 2
3 883 908 884
1 0 2
3 903 967 900
1 0 2
3 899 902 900
1 0 2
3 903 900 902
1 0 2
3 863 895 860
1 0 2
3 885 878 877
1 0 2
3 958 886 794
1 0 2
3 927 968 926
1 0 2
3 831 926 968
1 0 2
3 927 934 968
1 0 2
3 831 968 934
1 0 2
3 862 860 894
1 0 2
3 895 894 860
1 0 2
3 893 887 957
1 0 2
3 961 969 797
1 0 2
3 959 909 970
1 0 2
3 959 970 955
1 0 2
3 930 965 939
1 0 2
3 819 939 965
1 0 2
3 902 899 840
1 0 2
3 902 840 728
1 0 2
3 908 905 884
1 0 2
3 833 884 905
1 0 2
3 877 971 935
1 0 2
3 872 935 971
1 0 2
3 877 876 971
1 0 2
3 774 773 972
1 0 2
3 783 781 972
1 0 2
3 955 970 931
1 0 2
3 955 767 656
1 0 2
3 851 915 808
1 0 2
3 852 916 915
1 0 2
3 851 850 915
1 0 2
3 852 915 850
1 0 2
3 942 918 962
1 0 2
3 787 938 918
1 0 2
3 942 858 918
1 0 2
3 858 857 918
1 0 2
3 845 844 949
1 0 2
3 942 962 949
1 0 2
3 845 949 962
1 0 2
3 774 973 777
1 0 2
3 781 722 973
1 0 2
3 774 972 973
1 0 2
3 781 973 972
1 0 2
3 844 824 949
1 0 2
3 824 838 949
1 0 2
3 872 971 873
1 0 2
3 876 873 971
1 0 2
3 773 960 974
1 0 2
3 805 778 777
1 0 2
3 805 777 722
1 0 2
3 914 813 944
1 0 2
3 775 722 781
1 0 2
3 777 973 722
1 0 2
3 830 852 850
1 0 2
3 975 943 974
1 0 2
3 955 974 959
1 0 2
3 718 914 956
1 0 2
3 718 814 914
1 0 2
3 945 970 954
1 0 2
3 945 931 970
1 0 2
3 840 911 841
1 0 2
3 840 904 911
1 0 2
3 929 906 907
1 0 2
3 905 907 906
1 0 2
3 929 788 906
1 0 2
3 788 833 906
1 0 2
3 852 910 940
1 0 2
3 852 940 916
1 0 2
3 866 865 892
1 0 2
3 864 892 865
1 0 2
3 957 886 958
1 0 2
3 877 794 886
1 0 2
3 957 887 886
1 0 2
3 877 886 885
1 0 2
3 955 976 974
1 0 2
3 657 975 976
1 0 2
3 955 656 976
1 0 2
3 657 976 656
1 0 2
3 894 969 961
1 0 2
3 957 797 969
1 0 2
3 894 893 969
1 0 2
3 957 969 893
1 0 2
3 954 909 911
1 0 2
3 954 970 909
1 0 2
3 611 914 944
1 0 2
3 611 944 636
1 0 2
3 972 773 943
1 0 2
3 813 783 943
1 0 2
3 972 943 783
1 0 2
3 910 909 960
1 0 2
3 910 960 940
1 0 2
3 900 977 861
1 0 2
3 859 861 977
1 0 2
3 900 967 977
1 0 2
3 859 977 967
1 0 2
3 974 976 975
1 0 2
3 944 943 975
1 0 2
3 773 974 943
1 0 2
3 944 978 636
1 0 2
3 657 636 978
1 0 2
3 944 975 978
1 0 2
3 657 978 975
1 0 2
3 959 974 960
1 0 2
3 881 880 897
1 0 2
3 898 897 880
1 0 2
3 898 880 879
1 0 2
3 802 979 604
1 0 2
3 713 604 979
1 0 2
3 802 980 979
1 0 2
3 713 979 815
1 0 2
3 889 981 890
1 0 2
3 848 890 981
1 0 2
3 889 849 981
1 0 2
3 848 981 849
1 0 2
3 717 815 718
1 0 2
3 717 713 815
1 0 2
3 801 980 802
1 0 2
3 815 979 980
1 0 2
3 801 814 980
1 0 2
3 815 980 814
1 0 2
3 703 982 706
1 0 2
3 983 934 927
1 0 2
3 984 985 986
1 0 2
3 987 988 989
1 0 2
3 882 990 883
1 0 2
3 991 992 993
1 0 2
3 659 726 672
1 0 2
3 994 995 996
1 0 2
3 992 997 699
1 0 2
3 689 997 604
1 0 2
3 998 992 699
1 0 2
3 999 1000 1001
1 0 2
3 604 997 802
1 0 2
3 987 1002 1003
1 0 2
3 799 802 997
1 0 2
3 986 985 1004
1 0 2
3 1005 1002 1006
1 0 2
3 999 985 1007
1 0 2
3 1004 985 999
1 0 2
3 985 1008 1009
1 0 2
3 1009 1007 985
1 0 2
3 1007 1010 999
1 0 2
3 1011 1012 1013
1 0 2
3 1012 1001 1014
1 0 2
3 1006 1011 1013
1 0 2
3 988 987 1015
1 0 2
3 1003 1015 987
1 0 2
3 1016 1017 1018
1 0 2
3 1019 1018 988
1 0 2
3 1020 1021 1011
1 0 2
3 1019 988 1015
1 0 2
3 1022 1023 1024
1 0 2
3 953 1025 1023
1 0 2
3 987 989 1020
1 0 2
3 953 810 1025
1 0 2
3 746 745 1026
1 0 2
3 1026 745 1027
1 0 2
3 1000 999 1010
1 0 2
3 998 699 711
1 0 2
3 998 993 992
1 0 2
3 991 1028 1029
1 0 2
3 1030 724 723
1 0 2
3 699 997 689
1 0 2
3 997 992 1031
1 0 2
3 1032 711 712
1 0 2
3 1033 1034 1035
1 0 2
3 706 1036 712
1 0 2
3 770 1037 723
1 0 2
3 1030 723 1038
1 0 2
3 1039 991 993
1 0 2
3 1032 993 998
1 0 2
3 1032 998 711
1 0 2
3 993 1033 1039
1 0 2
3 1040 1028 1039
1 0 2
3 1031 782 799
1 0 2
3 1029 1037 769
1 0 2
3 1041 1042 1036
1 0 2
3 993 1032 1033
1 0 2
3 997 1031 799
1 0 2
3 991 1031 992
1 0 2
3 782 1043 769
1 0 2
3 1044 1036 1042
1 0 2
3 1032 1044 1033
1 0 2
3 1045 1028 1046
1 0 2
3 1040 1046 1028
1 0 2
3 991 1039 1028
1 0 2
3 1047 1029 1028
1 0 2
3 697 1048 703
1 0 2
3 1046 1049 1045
1 0 2
3 703 1048 982
1 0 2
3 1050 982 1048
1 0 2
3 1051 1052 1053
1 0 2
3 697 676 1053
1 0 2
3 697 1053 1048
1 0 2
3 1054 1055 1056
1 0 2
3 1057 1056 1055
1 0 2
3 1057 1058 1059
1 0 2
3 1060 1061 1062
1 0 2
3 1063 1064 1065
1 0 2
3 1066 1064 1067
1 0 2
3 1045 1068 1069
1 0 2
3 1070 1071 1072
1 0 2
3 762 1073 810
1 0 2
3 1025 810 1073
1 0 2
3 762 1074 1073
1 0 2
3 1075 1076 1073
1 0 2
3 1060 1077 1078
1 0 2
3 1078 1079 885
1 0 2
3 1051 1080 1081
1 0 2
3 1061 1082 1083
1 0 2
3 1084 1085 1086
1 0 2
3 1087 1088 1089
1 0 2
3 1063 1090 1091
1 0 2
3 834 1092 879
1 0 2
3 1035 1034 1055
1 0 2
3 676 684 1093
1 0 2
3 1094 1093 684
1 0 2
3 1095 1096 1097
1 0 2
3 1098 1099 1067
1 0 2
3 996 1100 994
1 0 2
3 996 1059 1100
1 0 2
3 1087 1101 1088
1 0 2
3 1087 1102 1101
1 0 2
3 1102 1103 1101
1 0 2
3 1081 1104 1105
1 0 2
3 878 1104 876
1 0 2
3 996 983 1106
1 0 2
3 1107 990 1108
1 0 2
3 1034 1042 1058
1 0 2
3 827 1109 864
1 0 2
3 1086 1109 1088
1 0 2
3 1110 1111 994
1 0 2
3 1110 730 1111
1 0 2
3 729 1111 730
1 0 2
3 1088 1112 1089
1 0 2
3 888 1113 927
1 0 2
3 983 927 1113
1 0 2
3 1061 1114 1115
1 0 2
3 871 1116 1080
1 0 2
3 1081 1080 1116
1 0 2
3 871 873 1116
1 0 2
3 883 990 1117
1 0 2
3 883 1117 908
1 0 2
3 879 1118 898
1 0 2
3 879 1092 1118
1 0 2
3 1092 1119 1118
1 0 2
3 990 882 1120
1 0 2
3 925 1120 882
1 0 2
3 1095 1097 1100
1 0 2
3 1121 822 1122
1 0 2
3 821 1122 822
1 0 2
3 863 859 1123
1 0 2
3 1124 1123 859
1 0 2
3 1086 1085 1125
1 0 2
3 890 892 1125
1 0 2
3 752 1126 1090
1 0 2
3 1091 1090 1126
1 0 2
3 752 754 1126
1 0 2
3 1091 1126 754
1 0 2
3 967 903 1127
1 0 2
3 1128 1129 1130
1 0 2
3 928 907 1130
1 0 2
3 1128 1130 907
1 0 2
3 834 1131 1092
1 0 2
3 1121 1132 1131
1 0 2
3 834 836 1131
1 0 2
3 870 934 1133
1 0 2
3 983 1133 934
1 0 2
3 1134 1135 1136
1 0 2
3 1107 1134 1136
1 0 2
3 1103 1102 1136
1 0 2
3 1102 1129 1136
1 0 2
3 1050 1115 1041
1 0 2
3 1054 1101 1103
1 0 2
3 1050 1041 982
1 0 2
3 1051 1053 1093
1 0 2
3 676 1093 1053
1 0 2
3 1061 1115 1062
1 0 2
3 1050 1062 1115
1 0 2
3 989 1075 1020
1 0 2
3 1137 1097 1138
1 0 2
3 1041 1115 1096
1 0 2
3 673 672 1139
1 0 2
3 986 1132 1121
1 0 2
3 1098 1132 1099
1 0 2
3 1063 1067 1064
1 0 2
3 1091 1119 1063
1 0 2
3 1107 1129 1128
1 0 2
3 1107 1136 1129
1 0 2
3 1087 1129 1102
1 0 2
3 1011 1002 1020
1 0 2
3 987 1020 1002
1 0 2
3 1011 1006 1002
1 0 2
3 1005 1003 1002
1 0 2
3 1135 1049 1136
1 0 2
3 1068 1049 1135
1 0 2
3 982 1036 706
1 0 2
3 1071 1099 1140
1 0 2
3 986 1004 1140
1 0 2
3 1001 1141 1072
1 0 2
3 1070 1072 1141
1 0 2
3 1001 1021 1141
1 0 2
3 1142 1070 1021
1 0 2
3 1035 1055 1143
1 0 2
3 889 1144 888
1 0 2
3 996 1106 1059
1 0 2
3 888 1144 1113
1 0 2
3 1145 1113 1144
1 0 2
3 896 1146 925
1 0 2
3 1065 1134 1108
1 0 2
3 1107 1108 1134
1 0 2
3 1147 1120 1146
1 0 2
3 925 1146 1120
1 0 2
3 930 1139 726
1 0 2
3 672 726 1139
1 0 2
3 1066 1148 1069
1 0 2
3 1050 1048 1062
1 0 2
3 820 1149 939
1 0 2
3 1105 1077 1150
1 0 2
3 1081 1105 1150
1 0 2
3 1052 1051 1150
1 0 2
3 1081 1150 1051
1 0 2
3 988 1018 1017
1 0 2
3 1025 1076 1017
1 0 2
3 1025 1017 1023
1 0 2
3 1067 1063 1119
1 0 2
3 1098 1067 1119
1 0 2
3 1091 1118 1119
1 0 2
3 1098 1119 1092
1 0 2
3 1151 1008 984
1 0 2
3 1057 1034 1058
1 0 2
3 1057 1055 1034
1 0 2
3 1042 1034 1033
1 0 2
3 1042 1033 1044
1 0 2
3 1089 1130 1129
1 0 2
3 1087 1089 1129
1 0 2
3 1092 1131 1132
1 0 2
3 1098 1092 1132
1 0 2
3 1004 999 1072
1 0 2
3 1001 1072 999
1 0 2
3 1061 1060 1082
1 0 2
3 988 1017 1076
1 0 2
3 989 988 1076
1 0 2
3 1025 1073 1076
1 0 2
3 989 1076 1075
1 0 2
3 1144 1085 1145
1 0 2
3 1146 1090 1147
1 0 2
3 1063 1147 1090
1 0 2
3 1152 1151 748
1 0 2
3 749 748 1151
1 0 2
3 1021 1001 1012
1 0 2
3 1153 1013 1012
1 0 2
3 1021 1012 1011
1 0 2
3 1152 1008 1151
1 0 2
3 985 984 1008
1 0 2
3 1152 1154 1008
1 0 2
3 1154 1009 1008
1 0 2
3 1095 1058 1042
1 0 2
3 878 1079 1104
1 0 2
3 1105 1104 1079
1 0 2
3 878 885 1079
1 0 2
3 1105 1079 1078
1 0 2
3 1094 1155 1149
1 0 2
3 673 1139 1155
1 0 2
3 1094 684 1155
1 0 2
3 673 1155 684
1 0 2
3 1027 1156 1022
1 0 2
3 1023 1022 1156
1 0 2
3 1027 745 1156
1 0 2
3 1133 995 870
1 0 2
3 1133 983 995
1 0 2
3 983 996 995
1 0 2
3 1153 1012 1014
1 0 2
3 1000 1014 1001
1 0 2
3 1042 1041 1096
1 0 2
3 1095 1042 1096
1 0 2
3 1147 1065 1108
1 0 2
3 1147 1063 1065
1 0 2
3 1036 1044 1032
1 0 2
3 1036 1032 712
1 0 2
3 1023 1156 953
1 0 2
3 745 953 1156
1 0 2
3 1068 1045 1049
1 0 2
3 1103 1136 1049
1 0 2
3 1094 1157 1093
1 0 2
3 1051 1093 1157
1 0 2
3 1094 1158 1157
1 0 2
3 1051 1157 1080
1 0 2
3 984 986 1122
1 0 2
3 1121 1122 986
1 0 2
3 1067 1099 1066
1 0 2
3 1052 1062 1048
1 0 2
3 1052 1048 1053
1 0 2
3 1097 1137 1159
1 0 2
3 994 1100 1159
1 0 2
3 1097 1159 1100
1 0 2
3 1104 1116 876
1 0 2
3 994 1159 1110
1 0 2
3 1137 1110 1159
1 0 2
3 1016 1024 1017
1 0 2
3 1023 1017 1024
1 0 2
3 1145 1106 1113
1 0 2
3 983 1113 1106
1 0 2
3 1141 1021 1070
1 0 2
3 1020 1142 1021
1 0 2
3 1124 1127 1137
1 0 2
3 1110 1137 1127
1 0 2
3 990 1120 1108
1 0 2
3 1147 1108 1120
1 0 2
3 863 1083 895
1 0 2
3 863 1123 1083
1 0 2
3 1160 1030 1161
1 0 2
3 1030 1038 1161
1 0 2
3 826 1112 827
1 0 2
3 1080 1158 871
1 0 2
3 820 871 1158
1 0 2
3 820 1158 1149
1 0 2
3 1086 1088 1084
1 0 2
3 1088 1101 1084
1 0 2
3 1082 1162 893
1 0 2
3 887 893 1162
1 0 2
3 1161 1163 1142
1 0 2
3 1160 1161 1142
1 0 2
3 762 724 1074
1 0 2
3 1160 1075 1074
1 0 2
3 1075 1073 1074
1 0 2
3 1071 1164 1066
1 0 2
3 1099 1071 1066
1 0 2
3 729 1165 1111
1 0 2
3 994 1111 1165
1 0 2
3 994 1165 995
1 0 2
3 1080 1157 1158
1 0 2
3 1149 1158 1094
1 0 2
3 1070 1164 1071
1 0 2
3 1148 1066 1164
1 0 2
3 1020 1075 1160
1 0 2
3 1020 1160 1142
1 0 2
3 1078 1162 1060
1 0 2
3 1082 1060 1162
1 0 2
3 1148 1163 1161
1 0 2
3 1070 1142 1163
1 0 2
3 1148 1164 1163
1 0 2
3 1070 1163 1164
1 0 2
3 1036 982 1041
1 0 2
3 1138 1097 1115
1 0 2
3 1097 1096 1115
1 0 2
3 1103 1143 1054
1 0 2
3 1055 1054 1143
1 0 2
3 724 1030 1074
1 0 2
3 1160 1074 1030
1 0 2
3 1139 1166 1155
1 0 2
3 1149 1155 1166
1 0 2
3 1139 930 1166
1 0 2
3 1132 986 1140
1 0 2
3 1132 1140 1099
1 0 2
3 1035 1039 1033
1 0 2
3 1035 1040 1039
1 0 2
3 1105 1078 1077
1 0 2
3 1052 1150 1077
1 0 2
3 1060 1062 1077
1 0 2
3 1052 1077 1062
1 0 2
3 729 870 1165
1 0 2
3 995 1165 870
1 0 2
3 1100 1059 1095
1 0 2
3 1058 1095 1059
1 0 2
3 1149 1166 939
1 0 2
3 930 939 1166
1 0 2
3 1144 1167 1085
1 0 2
3 1144 889 1167
1 0 2
3 890 1167 889
1 0 2
3 1146 1168 1090
1 0 2
3 752 1090 1168
1 0 2
3 1146 896 1168
1 0 2
3 752 1168 896
1 0 2
3 1109 1125 864
1 0 2
3 892 864 1125
1 0 2
3 1086 1125 1109
1 0 2
3 873 876 1116
1 0 2
3 1081 1116 1104
1 0 2
3 1117 990 1107
1 0 2
3 1117 1107 1128
1 0 2
3 967 1127 1124
1 0 2
3 967 1124 859
1 0 2
3 1069 1148 1169
1 0 2
3 1038 1047 1169
1 0 2
3 1069 1169 1045
1 0 2
3 1148 1161 1169
1 0 2
3 1038 1169 1161
1 0 2
3 1069 1170 1066
1 0 2
3 1064 1066 1170
1 0 2
3 1069 1068 1170
1 0 2
3 1064 1170 1068
1 0 2
3 1065 1135 1134
1 0 2
3 1065 1064 1135
1 0 2
3 1068 1135 1064
1 0 2
3 1057 1059 1171
1 0 2
3 1172 1056 1171
1 0 2
3 1057 1171 1056
1 0 2
3 1172 1173 1084
1 0 2
3 1085 1084 1173
1 0 2
3 1172 1171 1173
1 0 2
3 1085 1173 1145
1 0 2
3 1145 1171 1106
1 0 2
3 1059 1106 1171
1 0 2
3 1145 1173 1171
1 0 2
3 1083 1114 1061
1 0 2
3 1138 1115 1114
1 0 2
3 1083 1123 1114
1 0 2
3 1138 1114 1123
1 0 2
3 1047 1037 1029
1 0 2
3 770 769 1037
1 0 2
3 1047 1038 1037
1 0 2
3 1038 723 1037
1 0 2
3 1112 1174 1089
1 0 2
3 1112 826 1174
1 0 2
3 928 1174 826
1 0 2
3 1117 1175 908
1 0 2
3 907 908 1175
1 0 2
3 1117 1128 1175
1 0 2
3 907 1175 1128
1 0 2
3 1131 1176 1121
1 0 2
3 822 1121 1176
1 0 2
3 1131 836 1176
1 0 2
3 822 1176 836
1 0 2
3 754 1177 1091
1 0 2
3 1118 1091 1177
1 0 2
3 754 898 1177
1 0 2
3 1118 1177 898
1 0 2
3 1140 1178 1071
1 0 2
3 1072 1071 1178
1 0 2
3 1140 1004 1178
1 0 2
3 1072 1178 1004
1 0 2
3 1054 1056 1172
1 0 2
3 1084 1101 1172
1 0 2
3 1054 1172 1101
1 0 2
3 1082 1179 1083
1 0 2
3 895 1083 1179
1 0 2
3 1082 893 1179
1 0 2
3 895 1179 893
1 0 2
3 1109 1112 1088
1 0 2
3 1109 827 1112
1 0 2
3 1124 1138 1123
1 0 2
3 1124 1137 1138
1 0 2
3 1085 1167 1125
1 0 2
3 890 1125 1167
1 0 2
3 1103 1049 1143
1 0 2
3 1046 1143 1049
1 0 2
3 991 1043 1031
1 0 2
3 782 1031 1043
1 0 2
3 991 1029 1043
1 0 2
3 1029 769 1043
1 0 2
3 1143 1040 1035
1 0 2
3 1143 1046 1040
1 0 2
3 821 749 1151
1 0 2
3 984 1122 1151
1 0 2
3 821 1151 1122
1 0 2
3 1045 1169 1047
1 0 2
3 1045 1047 1028
1 0 2
3 903 730 1110
1 0 2
3 903 1110 1127
1 0 2
3 1089 1174 1130
1 0 2
3 928 1130 1174
1 0 2
3 887 1180 885
1 0 2
3 1078 885 1180
1 0 2
3 887 1162 1180
1 0 2
3 1078 1180 1162
1 0 2
3 746 1181 1182
1 0 3
3 1183 1184 3
1 0 3
3 32 1183 3
1 0 3
3 1185 113 68
1 0 3
3 1185 68 1186
1 0 3
3 1187 1188 1189
1 0 3
3 1190 1191 1192
1 0 3
3 1191 1193 1194
1 0 3
3 1193 1195 1194
1 0 3
3 1191 1190 1193
1 0 3
3 1196 1197 1198
1 0 3
3 1189 1188 1197
1 0 3
3 1198 1197 1188
1 0 3
3 1188 1187 1192
1 0 3
3 1199 1200 1201
1 0 3
3 1202 1203 1204
1 0 3
3 1200 1202 1204
1 0 3
3 1195 1205 1206
1 0 3
3 1206 1194 1195
1 0 3
3 1205 1201 1206
1 0 3
3 1205 1199 1201
1 0 3
3 1200 1199 1202
1 0 3
3 1207 1208 49
1 0 3
3 1209 1210 1211
1 0 3
3 1212 1209 1211
1 0 3
3 1208 1207 1213
1 0 3
3 31 1214 1213
1 0 3
3 1213 1215 1208
1 0 3
3 1190 1187 1189
1 0 3
3 1192 1187 1190
1 0 3
3 1183 1216 1184
1 0 3
3 1186 3 1184
1 0 3
3 1216 1217 1184
1 0 3
3 1218 1184 1217
1 0 3
3 1218 1217 1219
1 0 3
3 1220 1221 1222
1 0 3
3 1223 1222 1221
1 0 3
3 1220 1224 1221
1 0 3
3 1223 1221 1224
1 0 3
3 1225 1219 1217
1 0 3
3 1224 1226 1216
1 0 3
3 1215 1214 1209
1 0 3
3 1215 1213 1214
1 0 3
3 1227 1214 31
1 0 3
3 1228 1229 1230
1 0 3
3 1231 1230 1229
1 0 3
3 1228 1232 1229
1 0 3
3 1231 1229 1232
1 0 3
3 1225 1226 1220
1 0 3
3 1224 1220 1226
1 0 3
3 1225 1217 1226
1 0 3
3 1217 1216 1226
1 0 3
3 1203 1233 1204
1 0 3
3 1228 1204 1233
1 0 3
3 1203 1232 1233
1 0 3
3 1228 1233 1232
1 0 3
3 1230 1234 1235
1 0 3
3 1236 1235 1234
1 0 3
3 1230 1231 1234
1 0 3
3 1236 1234 1231
1 0 3
3 1218 1237 1184
1 0 3
3 1186 1184 1237
1 0 3
3 1218 1185 1237
1 0 3
3 1186 1237 1185
1 0 3
3 1223 1235 1238
1 0 3
3 1239 1222 1238
1 0 3
3 1223 1238 1222
1 0 3
3 1227 1210 1214
1 0 3
3 1209 1214 1210
1 0 3
3 1227 1240 1210
1 0 3
3 1240 1211 1210
1 0 3
3 1235 1241 1238
1 0 3
3 1239 1238 1241
1 0 3
3 1235 1236 1241
1 0 3
3 1239 1241 1236
1 0 3
3 1202 1242 1203
1 0 3
3 1243 1244 1190
1 0 3
3 1205 1245 1199
1 0 3
3 1246 1245 1195
1 0 3
3 1244 1246 1193
1 0 3
3 1202 1199 1247
1 0 3
3 1196 1248 1197
1 0 3
3 1189 1197 1249
1 0 3
3 1248 1249 1197
1 0 3
3 1249 1243 1189
1 0 3
3 1193 1190 1244
1 0 3
3 1190 1189 1243
1 0 3
3 1195 1193 1246
1 0 3
3 1205 1195 1245
1 0 3
3 1247 1242 1202
1 0 3
3 1250 1203 1242
1 0 3
3 1199 1245 1247
1 0 3
3 1251 109 1252
1 0 3
3 1253 1254 1251
1 0 3
3 113 1251 1254
1 0 3
3 1251 1255 109
1 0 3
3 1256 1212 1211
1 0 3
3 1251 1252 1253
1 0 3
3 1256 1257 48
1 0 3
3 35 48 1257
1 0 3
3 1256 1211 1257
1 0 3
3 1251 1258 1255
1 0 3
3 1259 1255 1258
1 0 3
3 1259 1258 1260
1 0 3
3 1222 1239 1261
1 0 3
3 1262 1263 1261
1 0 3
3 1219 1225 1264
1 0 3
3 1259 1260 1265
1 0 3
3 1219 1260 1218
1 0 3
3 1219 1264 1260
1 0 3
3 1264 1265 1260
1 0 3
3 1220 1264 1225
1 0 3
3 1265 1264 1263
1 0 3
3 35 1257 1240
1 0 3
3 1211 1240 1257
1 0 3
3 1220 1222 1266
1 0 3
3 1263 1264 1266
1 0 3
3 1220 1266 1264
1 0 3
3 1185 1267 113
1 0 3
3 1251 113 1267
1 0 3
3 1185 1258 1267
1 0 3
3 1251 1267 1258
1 0 3
3 1236 1268 1239
1 0 3
3 1262 1268 1269
1 0 3
3 1270 1271 1232
1 0 3
3 1231 1232 1271
1 0 3
3 1270 1269 1271
1 0 3
3 1231 1271 1269
1 0 3
3 1250 1272 1203
1 0 3
3 1232 1203 1272
1 0 3
3 1250 1270 1272
1 0 3
3 1232 1272 1270
1 0 3
3 1269 1273 1231
1 0 3
3 1236 1231 1273
1 0 3
3 1269 1268 1273
1 0 3
3 1236 1273 1268
1 0 3
3 1222 1261 1266
1 0 3
3 1263 1266 1261
1 0 3
3 1260 1274 1218
1 0 3
3 1185 1218 1274
1 0 3
3 1260 1258 1274
1 0 3
3 1185 1274 1258
1 0 3
3 1262 1275 1268
1 0 3
3 1239 1268 1275
1 0 3
3 1262 1261 1275
1 0 3
3 1239 1275 1261
1 0 3
3 31 30 1227
1 0 3
3 30 1276 1227
1 0 3
3 1240 1276 164
1 0 3
3 1227 1276 1240
1 0 3
3 39 35 1240
1 0 3
3 1240 164 39
1 0 4
3 1277 1278 1279
1 0 4
3 1280 1281 1282
1 0 4
3 1283 1284 1285
1 0 4
3 1286 1287 1288
1 0 4
3 1289 1290 1291
1 0 4
3 1292 1293 1294
1 0 4
3 1295 1296 1294
1 0 4
3 1297 1298 1283
1 0 4
3 1299 1300 1301
1 0 4
3 629 1302 1303
1 0 4
3 1304 1305 1306
1 0 4
3 1307 1308 1309
1 0 4
3 1310 1309 1311
1 0 4
3 1312 1313 1314
1 0 4
3 1314 1315 1312
1 0 4
3 1315 1316 1317
1 0 4
3 1318 1319 1320
1 0 4
3 1318 1321 1322
1 0 4
3 1301 1323 1324
1 0 4
3 1280 1325 1326
1 0 4
3 1325 1295 1327
1 0 4
3 1325 1310 1326
1 0 4
3 1328 1329 1330
1 0 4
3 629 1303 1331
1 0 4
3 1332 1333 1334
1 0 4
3 1329 1335 1330
1 0 4
3 1336 1323 1301
1 0 4
3 1337 1338 1339
1 0 4
3 1340 1341 1342
1 0 4
3 1343 1344 1303
1 0 4
3 1339 1342 1345
1 0 4
3 1346 1347 1348
1 0 4
3 1349 1350 1351
1 0 4
3 1352 1346 1353
1 0 4
3 1354 1355 1356
1 0 4
3 1345 1357 1339
1 0 4
3 1358 1355 1359
1 0 4
3 1352 1360 1361
1 0 4
3 1297 1283 1285
1 0 4
3 1323 1362 1324
1 0 4
3 1302 1363 1343
1 0 4
3 1364 1365 1366
1 0 4
3 1328 1367 1363
1 0 4
3 1368 1369 1365
1 0 4
3 1370 1371 1372
1 0 4
3 1345 1373 1357
1 0 4
3 1369 1372 1374
1 0 4
3 1375 1376 1377
1 0 4
3 1309 1308 1316
1 0 4
3 1378 1379 1380
1 0 4
3 1381 1379 1378
1 0 4
3 1364 1380 1379
1 0 4
3 1382 1383 1384
1 0 4
3 1374 1366 1365
1 0 4
3 1370 1372 1369
1 0 4
3 1366 1380 1364
1 0 4
3 1373 1354 1356
1 0 4
3 1385 1386 1387
1 0 4
3 1388 1389 1390
1 0 4
3 1391 1392 1389
1 0 4
3 1286 1393 1394
1 0 4
3 1389 1388 1391
1 0 4
3 1349 1395 1396
1 0 4
3 1397 1398 1357
1 0 4
3 1386 1399 1400
1 0 4
3 1371 1401 1377
1 0 4
3 1385 1387 1376
1 0 4
3 1287 1286 1321
1 0 4
3 1402 1403 1404
1 0 4
3 1394 1322 1286
1 0 4
3 1385 1376 1375
1 0 4
3 1371 1370 1401
1 0 4
3 1286 1322 1321
1 0 4
3 1405 1385 1375
1 0 4
3 1307 1406 1407
1 0 4
3 1408 1375 1401
1 0 4
3 1368 1408 1370
1 0 4
3 1297 1285 1409
1 0 4
3 1410 1411 1412
1 0 4
3 1413 1414 1415
1 0 4
3 1416 1417 1418
1 0 4
3 1289 1419 1290
1 0 4
3 1332 1420 1333
1 0 4
3 1421 1422 1423
1 0 4
3 1424 1425 1304
1 0 4
3 1419 1426 1290
1 0 4
3 1427 1416 1428
1 0 4
3 1350 1429 1430
1 0 4
3 1431 1432 1433
1 0 4
3 1434 1435 1436
1 0 4
3 1399 1393 1288
1 0 4
3 1437 1283 1298
1 0 4
3 1413 1438 1439
1 0 4
3 1413 1440 1441
1 0 4
3 1442 1441 1440
1 0 4
3 1443 1442 1440
1 0 4
3 1444 1445 1446
1 0 4
3 1406 1327 1447
1 0 4
3 1297 1295 1298
1 0 4
3 1447 1293 1407
1 0 4
3 1310 1327 1406
1 0 4
3 1394 1448 1449
1 0 4
3 1412 1450 1451
1 0 4
3 1452 1352 1353
1 0 4
3 1453 1360 1452
1 0 4
3 1452 1454 1453
1 0 4
3 1440 1413 1415
1 0 4
3 1455 1417 1289
1 0 4
3 1358 1456 1356
1 0 4
3 1457 1458 1459
1 0 4
3 1458 1457 1460
1 0 4
3 1357 1373 1397
1 0 4
3 1461 1460 1457
1 0 4
3 1357 1337 1339
1 0 4
3 1462 1359 1463
1 0 4
3 1463 1359 1464
1 0 4
3 1462 1463 1459
1 0 4
3 1465 1464 1359
1 0 4
3 1459 1458 1462
1 0 4
3 1358 1356 1355
1 0 4
3 1466 1435 1383
1 0 4
3 1467 1466 1383
1 0 4
3 1436 1428 1468
1 0 4
3 1288 1393 1286
1 0 4
3 1469 1470 1471
1 0 4
3 1453 1335 1472
1 0 4
3 1473 1419 1289
1 0 4
3 1319 1474 1320
1 0 4
3 1277 1305 1475
1 0 4
3 1476 1477 1334
1 0 4
3 1478 1479 1480
1 0 4
3 1383 1435 1434
1 0 4
3 1315 1314 1481
1 0 4
3 1365 1369 1374
1 0 4
3 1368 1370 1369
1 0 4
3 1408 1401 1370
1 0 4
3 1377 1401 1375
1 0 4
3 1296 1409 1292
1 0 4
3 1294 1327 1295
1 0 4
3 1313 1320 1474
1 0 4
3 1328 1330 1367
1 0 4
3 1467 1383 1382
1 0 4
3 1469 1465 1359
1 0 4
3 1322 1319 1318
1 0 4
3 1474 1319 1482
1 0 4
3 1474 1314 1313
1 0 4
3 1334 1477 1332
1 0 4
3 1349 1476 1350
1 0 4
3 1427 1473 1416
1 0 4
3 1367 1330 1454
1 0 4
3 1363 1367 1343
1 0 4
3 1291 1455 1289
1 0 4
3 1473 1483 1419
1 0 4
3 1454 1452 1483
1 0 4
3 1300 1341 1301
1 0 4
3 1484 1485 1486
1 0 4
3 1482 1487 1488
1 0 4
3 1476 1349 1477
1 0 4
3 1334 1423 1476
1 0 4
3 1489 1300 1299
1 0 4
3 1490 1486 1485
1 0 4
3 1467 1484 1486
1 0 4
3 1384 1434 1468
1 0 4
3 1491 1478 1423
1 0 4
3 1484 1467 1382
1 0 4
3 1466 1467 1486
1 0 4
3 1383 1434 1384
1 0 4
3 1424 1306 1492
1 0 4
3 1304 1425 1493
1 0 4
3 1451 1450 1494
1 0 4
3 1438 1413 1441
1 0 4
3 1311 1495 1310
1 0 4
3 1408 1405 1375
1 0 4
3 1405 1496 1385
1 0 4
3 1385 1496 1386
1 0 4
3 1294 1293 1447
1 0 4
3 1309 1310 1406
1 0 4
3 1406 1447 1407
1 0 4
3 1294 1447 1327
1 0 4
3 1327 1310 1325
1 0 4
3 1448 1496 1405
1 0 4
3 1322 1394 1319
1 0 4
3 1291 1433 1432
1 0 4
3 1497 1498 1340
1 0 4
3 1397 1373 1356
1 0 4
3 1337 1357 1398
1 0 4
3 1354 1470 1355
1 0 4
3 1499 1471 1470
1 0 4
3 1354 1499 1470
1 0 4
3 1359 1355 1469
1 0 4
3 1470 1469 1355
1 0 4
3 1422 1491 1423
1 0 4
3 1431 1433 1500
1 0 4
3 1296 1297 1409
1 0 4
3 1294 1296 1292
1 0 4
3 1297 1296 1295
1 0 4
3 1315 1481 1316
1 0 4
3 1308 1317 1316
1 0 4
3 1312 1315 1317
1 0 4
3 1501 1331 1344
1 0 4
3 1343 1303 1302
1 0 4
3 1331 1303 1344
1 0 4
3 1289 1417 1416
1 0 4
3 1435 1502 1427
1 0 4
3 1418 1428 1416
1 0 4
3 1289 1416 1473
1 0 4
3 1487 1503 1488
1 0 4
3 1349 1351 1395
1 0 4
3 1430 1504 1350
1 0 4
3 1483 1473 1427
1 0 4
3 1424 1304 1306
1 0 4
3 1325 1280 1282
1 0 4
3 1386 1496 1393
1 0 4
3 1387 1386 1400
1 0 4
3 1291 1290 1433
1 0 4
3 1433 1290 1426
1 0 4
3 1455 1291 1432
1 0 4
3 1426 1505 1433
1 0 4
3 1506 1353 1404
1 0 4
3 1430 1507 1504
1 0 4
3 1404 1430 1429
1 0 4
3 1507 1430 1404
1 0 4
3 1351 1350 1504
1 0 4
3 1356 1456 1397
1 0 4
3 1398 1397 1456
1 0 4
3 1333 1423 1334
1 0 4
3 1491 1479 1478
1 0 4
3 1478 1480 1500
1 0 4
3 1282 1295 1325
1 0 4
3 1437 1298 1282
1 0 4
3 1394 1508 1319
1 0 4
3 1492 1509 1424
1 0 4
3 1510 1420 1511
1 0 4
3 1512 1513 1510
1 0 4
3 1402 1404 1353
1 0 4
3 1423 1333 1421
1 0 4
3 1431 1500 1480
1 0 4
3 1490 1471 1486
1 0 4
3 1492 1514 1509
1 0 4
3 1514 1513 1509
1 0 4
3 1515 1421 1516
1 0 4
3 1421 1333 1510
1 0 4
3 1332 1517 1420
1 0 4
3 1422 1421 1515
1 0 4
3 1386 1393 1399
1 0 4
3 1300 1342 1341
1 0 4
3 1339 1518 1342
1 0 4
3 1309 1406 1307
1 0 4
3 1311 1309 1316
1 0 4
3 1436 1427 1428
1 0 4
3 1434 1436 1468
1 0 4
3 1427 1436 1435
1 0 4
3 1493 1519 1451
1 0 4
3 1451 1304 1493
1 0 4
3 1446 1520 1425
1 0 4
3 1494 1278 1451
1 0 4
3 1451 1475 1304
1 0 4
3 1304 1475 1305
1 0 4
3 1503 1495 1311
1 0 4
3 1311 1316 1481
1 0 4
3 1295 1282 1298
1 0 4
3 1281 650 1282
1 0 4
3 1282 650 1437
1 0 4
3 650 1521 1437
1 0 4
3 1522 1444 1523
1 0 4
3 1523 1444 1446
1 0 4
3 1522 1523 1511
1 0 4
3 1425 1523 1446
1 0 4
3 1512 1511 1523
1 0 4
3 1511 1420 1524
1 0 4
3 1510 1333 1420
1 0 4
3 1522 1511 1524
1 0 4
3 1326 1310 1495
1 0 4
3 1510 1511 1512
1 0 4
3 1525 1526 1527
1 0 4
3 1528 1529 1524
1 0 4
3 1530 1529 1531
1 0 4
3 1524 1532 1528
1 0 4
3 1533 1534 1535
1 0 4
3 1536 1537 1538
1 0 4
3 1539 1536 1540
1 0 4
3 1541 1542 1543
1 0 4
3 1396 1395 1543
1 0 4
3 1544 1545 1546
1 0 4
3 1540 1547 1548
1 0 4
3 1396 1547 1538
1 0 4
3 1538 1477 1396
1 0 4
3 1349 1396 1477
1 0 4
3 1504 1507 1549
1 0 4
3 1550 1551 1552
1 0 4
3 1538 1547 1536
1 0 4
3 1540 1536 1547
1 0 4
3 1553 1554 1555
1 0 4
3 1539 1537 1536
1 0 4
3 1517 1538 1537
1 0 4
3 1539 1546 1537
1 0 4
3 1556 1520 1557
1 0 4
3 1558 1559 1557
1 0 4
3 1517 1332 1538
1 0 4
3 1410 1560 1561
1 0 4
3 1556 1561 1560
1 0 4
3 1410 1412 1560
1 0 4
3 1517 1545 1562
1 0 4
3 1555 1563 1564
1 0 4
3 1439 1565 1535
1 0 4
3 1450 1566 1565
1 0 4
3 1439 1567 1565
1 0 4
3 1450 1565 1494
1 0 4
3 1517 1537 1545
1 0 4
3 1546 1545 1537
1 0 4
3 1568 1348 1347
1 0 4
3 1361 1347 1346
1 0 4
3 1402 1353 1346
1 0 4
3 1361 1346 1352
1 0 4
3 1564 1557 1520
1 0 4
3 1446 1564 1520
1 0 4
3 1556 1493 1520
1 0 4
3 1493 1425 1520
1 0 4
3 1542 1548 1543
1 0 4
3 1526 1541 1527
1 0 4
3 1314 1488 1481
1 0 4
3 1503 1311 1488
1 0 4
3 1481 1488 1311
1 0 4
3 1504 1527 1351
1 0 4
3 1395 1351 1527
1 0 4
3 1569 1414 1534
1 0 4
3 1531 1570 1571
1 0 4
3 1528 1571 1570
1 0 4
3 1531 1529 1570
1 0 4
3 1528 1570 1529
1 0 4
3 1478 1500 1572
1 0 4
3 1423 1478 1572
1 0 4
3 1429 1350 1572
1 0 4
3 1573 1574 1403
1 0 4
3 1575 1573 1403
1 0 4
3 1507 1404 1403
1 0 4
3 1538 1332 1477
1 0 4
3 1471 1576 1486
1 0 4
3 1499 1576 1471
1 0 4
3 1402 1348 1403
1 0 4
3 1575 1403 1348
1 0 4
3 1402 1346 1348
1 0 4
3 1575 1348 1568
1 0 4
3 1552 1551 1577
1 0 4
3 1578 1525 1549
1 0 4
3 1454 1502 1367
1 0 4
3 1454 1483 1502
1 0 4
3 1483 1427 1502
1 0 4
3 1535 1565 1566
1 0 4
3 1533 1535 1566
1 0 4
3 1450 1579 1566
1 0 4
3 1533 1566 1579
1 0 4
3 1535 1534 1414
1 0 4
3 1439 1535 1414
1 0 4
3 1569 1415 1414
1 0 4
3 1439 1414 1413
1 0 4
3 1556 1519 1493
1 0 4
3 1412 1451 1519
1 0 4
3 1556 1560 1519
1 0 4
3 1412 1519 1560
1 0 4
3 1548 1547 1543
1 0 4
3 1396 1543 1547
1 0 4
3 1344 1580 1576
1 0 4
3 1501 1344 1576
1 0 4
3 1466 1486 1576
1 0 4
3 1501 1576 1499
1 0 4
3 1494 1565 1567
1 0 4
3 1581 1361 1360
1 0 4
3 1472 1581 1360
1 0 4
3 1352 1452 1360
1 0 4
3 1472 1360 1453
1 0 4
3 1279 1567 1438
1 0 4
3 1439 1438 1567
1 0 4
3 1490 1469 1471
1 0 4
3 1367 1502 1580
1 0 4
3 1367 1580 1343
1 0 4
3 1562 1532 1517
1 0 4
3 1420 1517 1532
1 0 4
3 1562 1528 1532
1 0 4
3 1420 1532 1524
1 0 4
3 1466 1576 1580
1 0 4
3 1343 1580 1344
1 0 4
3 1452 1353 1506
1 0 4
3 1426 1419 1506
1 0 4
3 1454 1330 1453
1 0 4
3 1335 1453 1330
1 0 4
3 1577 1444 1582
1 0 4
3 1529 1577 1582
1 0 4
3 1522 1524 1582
1 0 4
3 1529 1582 1524
1 0 4
3 1502 1435 1580
1 0 4
3 1466 1580 1435
1 0 4
3 1485 1465 1490
1 0 4
3 1469 1490 1465
1 0 4
3 1562 1583 1584
1 0 4
3 1544 1584 1583
1 0 4
3 1562 1545 1583
1 0 4
3 1544 1583 1545
1 0 4
3 1474 1482 1488
1 0 4
3 1474 1488 1314
1 0 4
3 1425 1424 1509
1 0 4
3 1523 1425 1509
1 0 4
3 1523 1509 1512
1 0 4
3 1301 1585 1336
1 0 4
3 1301 1341 1585
1 0 4
3 1340 1585 1341
1 0 4
3 1564 1446 1445
1 0 4
3 1555 1564 1445
1 0 4
3 1444 1551 1445
1 0 4
3 1551 1586 1445
1 0 4
3 1362 1587 1588
1 0 4
3 1362 1588 1324
1 0 4
3 1421 1510 1513
1 0 4
3 1516 1421 1513
1 0 4
3 1512 1509 1513
1 0 4
3 1516 1513 1514
1 0 4
3 1496 1448 1393
1 0 4
3 1394 1393 1448
1 0 4
3 1487 1508 1449
1 0 4
3 1394 1449 1508
1 0 4
3 1487 1482 1508
1 0 4
3 1482 1319 1508
1 0 4
3 1506 1419 1452
1 0 4
3 1483 1452 1419
1 0 4
3 1489 1589 1521
1 0 4
3 1521 1590 1437
1 0 4
3 1553 1586 1550
1 0 4
3 1551 1550 1586
1 0 4
3 1553 1555 1586
1 0 4
3 1555 1445 1586
1 0 4
3 1340 1342 1518
1 0 4
3 1339 1338 1518
1 0 4
3 1476 1572 1350
1 0 4
3 1476 1423 1572
1 0 4
3 1340 1498 1585
1 0 4
3 1336 1585 1498
1 0 4
3 1525 1527 1549
1 0 4
3 1504 1549 1527
1 0 4
3 1567 1278 1494
1 0 4
3 1475 1451 1278
1 0 4
3 1567 1279 1278
1 0 4
3 1475 1278 1277
1 0 4
3 1557 1564 1563
1 0 4
3 1558 1557 1563
1 0 4
3 1555 1554 1563
1 0 4
3 1558 1563 1554
1 0 4
3 1500 1433 1505
1 0 4
3 1572 1500 1505
1 0 4
3 1572 1505 1429
1 0 4
3 1588 1589 1324
1 0 4
3 1301 1324 1299
1 0 4
3 1588 1283 1590
1 0 4
3 1437 1590 1283
1 0 4
3 1340 1518 1497
1 0 4
3 1338 1497 1518
1 0 4
3 1411 1591 1412
1 0 4
3 1450 1412 1591
1 0 4
3 1411 1579 1591
1 0 4
3 1450 1591 1579
1 0 4
3 1426 1429 1505
1 0 4
3 1426 1506 1429
1 0 4
3 1404 1429 1506
1 0 4
3 1549 1574 1578
1 0 4
3 1573 1578 1574
1 0 4
3 1549 1507 1574
1 0 4
3 1507 1403 1574
1 0 4
3 1299 1324 1589
1 0 4
3 1489 1299 1589
1 0 4
3 1588 1590 1589
1 0 4
3 1590 1521 1589
1 0 4
3 1284 1592 1587
1 0 4
3 1588 1587 1592
1 0 4
3 1284 1283 1592
1 0 4
3 1588 1592 1283
1 0 4
3 1557 1593 1556
1 0 4
3 1561 1556 1593
1 0 4
3 1557 1559 1593
1 0 4
3 1561 1593 1559
1 0 4
3 1530 1552 1577
1 0 4
3 1530 1577 1529
1 0 4
3 1541 1395 1527
1 0 4
3 1541 1543 1395
1 0 4
3 1571 1594 1584
1 0 4
3 1562 1584 1594
1 0 4
3 1571 1528 1594
1 0 4
3 1562 1594 1528
1 0 4
3 1577 1551 1444
1 0 4
3 1522 1582 1444
1 0 4
3 1595 1596 628
1 0 4
3 629 628 1302
1 0 4
3 1597 624 664
1 0 4
3 1597 1595 624
1 0 4
3 1598 1599 1526
1 0 4
3 1600 1525 1578
1 0 4
3 1578 1573 1601
1 0 4
3 1601 1573 1602
1 0 4
3 1578 1601 1600
1 0 4
3 1542 1541 1603
1 0 4
3 1541 1526 1603
1 0 4
3 1599 1603 1526
1 0 4
3 1526 1525 1598
1 0 4
3 1604 1568 1347
1 0 4
3 1605 1361 1606
1 0 4
3 1347 1361 1605
1 0 4
3 1602 1575 1607
1 0 4
3 1575 1602 1573
1 0 4
3 1607 1575 1568
1 0 4
3 1607 1568 1604
1 0 4
3 1347 1605 1604
1 0 4
3 1608 650 1281
1 0 4
3 1609 1610 1611
1 0 4
3 1495 1611 1326
1 0 4
3 1281 1612 1608
1 0 4
3 1280 1613 1612
1 0 4
3 1612 1281 1280
1 0 4
3 1600 1599 1598
1 0 4
3 1525 1600 1598
1 0 4
3 1302 1596 1363
1 0 4
3 1302 628 1596
1 0 4
3 1614 1615 1596
1 0 4
3 1363 1596 1615
1 0 4
3 1614 1616 1615
1 0 4
3 1329 1617 1618
1 0 4
3 1619 1618 1617
1 0 4
3 1329 1328 1617
1 0 4
3 1619 1617 1328
1 0 4
3 1620 1615 1616
1 0 4
3 1615 1621 1363
1 0 4
3 1280 1326 1613
1 0 4
3 1622 612 1613
1 0 4
3 612 1612 1613
1 0 4
3 1623 1624 1472
1 0 4
3 1581 1472 1624
1 0 4
3 1623 1625 1624
1 0 4
3 1581 1624 1625
1 0 4
3 1328 1621 1619
1 0 4
3 1620 1619 1621
1 0 4
3 1328 1363 1621
1 0 4
3 1620 1621 1615
1 0 4
3 1581 1626 1361
1 0 4
3 1606 1361 1626
1 0 4
3 1581 1625 1626
1 0 4
3 1606 1626 1625
1 0 4
3 1627 1628 1335
1 0 4
3 1472 1335 1628
1 0 4
3 1627 1623 1628
1 0 4
3 1472 1628 1623
1 0 4
3 1595 1629 1596
1 0 4
3 1614 1596 1629
1 0 4
3 1595 1597 1629
1 0 4
3 1614 1629 1597
1 0 4
3 1329 1630 1335
1 0 4
3 1329 1618 1630
1 0 4
3 1631 1630 1618
1 0 4
3 1326 1610 1613
1 0 4
3 1622 1613 1610
1 0 4
3 1326 1611 1610
1 0 4
3 1622 1610 1609
1 0 4
3 1631 1632 1630
1 0 4
3 1335 1630 1632
1 0 4
3 1631 1627 1632
1 0 4
3 1335 1632 1627
1 0 4
3 1601 1633 1600
1 0 4
3 1607 1604 1634
1 0 4
3 1602 1607 1635
1 0 4
3 1602 1636 1601
1 0 4
3 1605 1637 1604
1 0 4
3 664 1638 1639
1 0 4
3 1542 1603 1640
1 0 4
3 1640 1603 1641
1 0 4
3 1599 1641 1603
1 0 4
3 1600 1642 1599
1 0 4
3 1643 1600 1633
1 0 4
3 1599 1642 1641
1 0 4
3 1633 1601 1636
1 0 4
3 1635 1636 1602
1 0 4
3 1634 1604 1637
1 0 4
3 1607 1634 1635
1 0 4
3 1644 1639 1638
1 0 4
3 666 1645 1639
1 0 4
3 1600 1643 1642
1 0 4
3 1643 1641 1642
1 0 4
3 1639 1646 666
1 0 4
3 1647 1611 1495
1 0 4
3 1644 1646 1639
1 0 4
3 598 1648 606
1 0 4
3 1647 606 1648
1 0 4
3 1647 1648 1611
1 0 4
3 1649 1650 1645
1 0 4
3 1639 1645 1650
1 0 4
3 1649 1651 1650
1 0 4
3 1618 1652 1631
1 0 4
3 1653 1652 1654
1 0 4
3 1616 1655 1620
1 0 4
3 1656 1655 1649
1 0 4
3 1616 1614 1651
1 0 4
3 1649 1655 1651
1 0 4
3 1616 1651 1655
1 0 4
3 1611 1648 1609
1 0 4
3 598 1609 1648
1 0 4
3 1619 1620 1655
1 0 4
3 1654 1657 1656
1 0 4
3 1619 1657 1618
1 0 4
3 1619 1655 1657
1 0 4
3 1655 1656 1657
1 0 4
3 1639 1658 664
1 0 4
3 1597 664 1658
1 0 4
3 1639 1650 1658
1 0 4
3 1597 1658 1650
1 0 4
3 1652 1659 1631
1 0 4
3 1660 1659 1653
1 0 4
3 1623 1661 1625
1 0 4
3 1662 1625 1661
1 0 4
3 1623 1660 1661
1 0 4
3 1662 1661 1660
1 0 4
3 1625 1663 1606
1 0 4
3 1664 1606 1663
1 0 4
3 1625 1662 1663
1 0 4
3 1664 1663 1662
1 0 4
3 1627 1659 1623
1 0 4
3 1660 1623 1659
1 0 4
3 1627 1631 1659
1 0 4
3 1652 1653 1659
1 0 4
3 1654 1652 1657
1 0 4
3 1618 1657 1652
1 0 4
3 1597 1665 1614
1 0 4
3 1651 1614 1665
1 0 4
3 1597 1650 1665
1 0 4
3 1651 1665 1650
1 0 4
3 1606 1666 1605
1 0 4
3 1637 1605 1666
1 0 4
3 1606 1664 1666
1 0 4
3 1637 1666 1664
1 0 4
3 612 1622 613
1 0 4
3 1667 1609 713
1 0 4
3 613 1622 1667
1 0 4
3 1622 1609 1667
1 0 4
3 597 1609 598
1 0 4
3 1609 597 713
1 0 5
3 1668 1669 1670
1 0 5
3 1671 1672 1673
1 0 5
3 1674 1675 1670
1 0 5
3 1676 1677 1678
1 0 5
3 1679 1680 1677
1 0 5
3 1681 1682 1683
1 0 5
3 1677 1684 1678
1 0 5
3 1685 1686 1687
1 0 5
3 1671 1688 1668
1 0 5
3 1671 1668 1670
1 0 5
3 1673 1689 1690
1 0 5
3 1672 1671 1691
1 0 5
3 1671 1670 1691
1 0 5
3 1692 1687 1693
1 0 5
3 1694 1695 1696
1 0 5
3 1697 1670 1669
1 0 5
3 1698 1699 1700
1 0 5
3 1701 1686 1685
1 0 5
3 1702 1701 1685
1 0 5
3 1701 1703 1686
1 0 5
3 1670 1704 1691
1 0 5
3 1695 1692 1696
1 0 5
3 1674 1705 1706
1 0 5
3 1707 1705 1708
1 0 5
3 1709 1674 1710
1 0 5
3 1696 1711 1694
1 0 5
3 1696 1693 1711
1 0 5
3 1712 1711 1713
1 0 5
3 1700 1713 1711
1 0 5
3 1693 1700 1711
1 0 5
3 1675 1674 1706
1 0 5
3 1714 1715 1716
1 0 5
3 1714 1708 1715
1 0 5
3 1681 1680 1682
1 0 5
3 1717 1680 1718
1 0 5
3 1710 1674 1697
1 0 5
3 1697 1674 1670
1 0 5
3 1704 1670 1675
1 0 5
3 1712 1719 1720
1 0 5
3 1694 1711 1720
1 0 5
3 1712 1720 1711
1 0 5
3 1682 1721 1683
1 0 5
3 1709 1683 1721
1 0 5
3 1682 1715 1721
1 0 5
3 1709 1721 1674
1 0 5
3 1713 1700 1722
1 0 5
3 1722 1700 1699
1 0 5
3 1682 1717 1715
1 0 5
3 1717 1682 1680
1 0 5
3 1679 1718 1680
1 0 5
3 1681 1684 1680
1 0 5
3 1684 1677 1680
1 0 5
3 1723 1690 1689
1 0 5
3 1724 1723 1689
1 0 5
3 1673 1725 1689
1 0 5
3 1694 1720 1689
1 0 5
3 1726 1722 1699
1 0 5
3 1693 1698 1700
1 0 5
3 1703 1699 1698
1 0 5
3 1703 1698 1686
1 0 5
3 1690 1688 1673
1 0 5
3 1671 1673 1688
1 0 5
3 1690 1727 1688
1 0 5
3 1727 1668 1688
1 0 5
3 1686 1698 1687
1 0 5
3 1716 1715 1717
1 0 5
3 1716 1717 1718
1 0 5
3 1696 1692 1693
1 0 5
3 1698 1693 1687
1 0 5
3 1695 1725 1672
1 0 5
3 1673 1672 1725
1 0 5
3 1695 1694 1725
1 0 5
3 1694 1689 1725
1 0 5
3 1719 1724 1720
1 0 5
3 1724 1689 1720
1 0 5
3 1721 1705 1674
1 0 5
3 1707 1706 1705
1 0 5
3 1721 1715 1705
1 0 5
3 1715 1708 1705
1 0 5
3 1728 1729 1730
1 0 5
3 1731 1732 1733
1 0 5
3 1734 1735 1736
1 0 5
3 1737 1738 1739
1 0 5
3 1676 1740 1677
1 0 5
3 1741 1742 1743
1 0 5
3 1744 1745 1731
1 0 5
3 1746 1747 1748
1 0 5
3 1749 1733 1750
1 0 5
3 1729 1751 1752
1 0 5
3 1731 1745 1732
1 0 5
3 1753 1754 1755
1 0 5
3 1756 1757 1729
1 0 5
3 1746 1748 1745
1 0 5
3 1758 1752 1759
1 0 5
3 1745 1748 1732
1 0 5
3 1752 1758 1760
1 0 5
3 1758 1761 1760
1 0 5
3 1702 1739 1701
1 0 5
3 1738 1703 1701
1 0 5
3 1737 1744 1762
1 0 5
3 1738 1701 1739
1 0 5
3 1733 1763 1731
1 0 5
3 1762 1764 1737
1 0 5
3 1731 1763 1762
1 0 5
3 1762 1744 1731
1 0 5
3 1748 1765 1732
1 0 5
3 1748 1747 1765
1 0 5
3 1766 1767 1765
1 0 5
3 1732 1765 1767
1 0 5
3 1766 1768 1767
1 0 5
3 1716 1718 1769
1 0 5
3 1742 1770 1769
1 0 5
3 1716 1769 1771
1 0 5
3 1763 1733 1749
1 0 5
3 1766 1765 1772
1 0 5
3 1728 1772 1765
1 0 5
3 1747 1728 1765
1 0 5
3 1679 1677 1773
1 0 5
3 1743 1742 1773
1 0 5
3 1768 1774 1767
1 0 5
3 1767 1775 1732
1 0 5
3 1776 1777 1778
1 0 5
3 1779 1780 1777
1 0 5
3 1776 1781 1777
1 0 5
3 1779 1777 1782
1 0 5
3 1783 1754 1753
1 0 5
3 1760 1734 1754
1 0 5
3 1760 1754 1752
1 0 5
3 1738 1764 1703
1 0 5
3 1703 1784 1699
1 0 5
3 1763 1749 1784
1 0 5
3 1749 1785 1784
1 0 5
3 1784 1703 1764
1 0 5
3 1763 1784 1764
1 0 5
3 1738 1737 1764
1 0 5
3 1763 1764 1762
1 0 5
3 1747 1751 1729
1 0 5
3 1759 1752 1751
1 0 5
3 1747 1746 1751
1 0 5
3 1759 1751 1746
1 0 5
3 1786 1787 1741
1 0 5
3 1742 1741 1787
1 0 5
3 1786 1735 1787
1 0 5
3 1677 1740 1773
1 0 5
3 1743 1773 1740
1 0 5
3 1771 1781 1788
1 0 5
3 1716 1771 1788
1 0 5
3 1789 1714 1788
1 0 5
3 1716 1788 1714
1 0 5
3 1790 1735 1786
1 0 5
3 1782 1770 1735
1 0 5
3 1790 1736 1735
1 0 5
3 1782 1735 1779
1 0 5
3 1750 1733 1791
1 0 5
3 1774 1791 1775
1 0 5
3 1733 1732 1775
1 0 5
3 1774 1775 1767
1 0 5
3 1792 1749 1750
1 0 5
3 1775 1791 1733
1 0 5
3 1760 1780 1734
1 0 5
3 1755 1754 1734
1 0 5
3 1779 1735 1734
1 0 5
3 1755 1734 1736
1 0 5
3 1793 1730 1729
1 0 5
3 1747 1729 1728
1 0 5
3 1730 1772 1728
1 0 5
3 1771 1769 1770
1 0 5
3 1782 1771 1770
1 0 5
3 1742 1787 1770
1 0 5
3 1787 1735 1770
1 0 5
3 1718 1679 1769
1 0 5
3 1789 1781 1776
1 0 5
3 1782 1777 1781
1 0 5
3 1789 1788 1781
1 0 5
3 1782 1781 1771
1 0 5
3 1757 1756 1783
1 0 5
3 1793 1729 1757
1 0 5
3 1752 1756 1729
1 0 5
3 1679 1773 1769
1 0 5
3 1742 1769 1773
1 0 5
3 1783 1756 1754
1 0 5
3 1752 1754 1756
1 0 5
3 1778 1777 1780
1 0 5
3 1761 1778 1780
1 0 5
3 1779 1734 1780
1 0 5
3 1761 1780 1760
1 0 5
3 1792 1785 1749
1 0 5
3 1699 1784 1785
1 0 5
3 1792 1726 1785
1 0 5
3 1699 1785 1726
1 0 5
3 1714 1794 1708
1 0 5
3 1707 1708 1794
1 0 5
3 1795 1796 1797
1 0 5
3 1798 1799 1800
1 0 5
3 1801 1802 1803
1 0 5
3 1800 1804 1805
1 0 5
3 1672 1691 1806
1 0 5
3 1807 1808 1687
1 0 5
3 1809 1810 1811
1 0 5
3 1812 1813 1814
1 0 5
3 1812 1815 1813
1 0 5
3 1797 1813 1815
1 0 5
3 1816 1817 1818
1 0 5
3 1800 1805 1819
1 0 5
3 1805 1820 1819
1 0 5
3 1821 1822 1814
1 0 5
3 1823 1824 1822
1 0 5
3 1825 1826 1827
1 0 5
3 1826 1828 1707
1 0 5
3 1823 1822 1829
1 0 5
3 1823 1830 1831
1 0 5
3 1823 1829 1830
1 0 5
3 1832 1830 1819
1 0 5
3 1833 1834 1835
1 0 5
3 1836 1837 1795
1 0 5
3 1838 1837 1839
1 0 5
3 1840 1841 1842
1 0 5
3 1840 1843 1841
1 0 5
3 1843 1844 1841
1 0 5
3 1845 1846 1796
1 0 5
3 1847 1797 1796
1 0 5
3 1848 1849 1675
1 0 5
3 1704 1675 1811
1 0 5
3 1849 1850 1811
1 0 5
3 1851 1852 1853
1 0 5
3 1804 1854 1853
1 0 5
3 1851 1853 1854
1 0 5
3 1855 1856 1843
1 0 5
3 1857 1858 1798
1 0 5
3 1855 1859 1856
1 0 5
3 1860 1861 1799
1 0 5
3 1804 1800 1799
1 0 5
3 1860 1799 1798
1 0 5
3 1862 1848 1828
1 0 5
3 1706 1707 1828
1 0 5
3 1825 1828 1826
1 0 5
3 1804 1853 1805
1 0 5
3 1811 1863 1704
1 0 5
3 1819 1830 1829
1 0 5
3 1800 1819 1829
1 0 5
3 1797 1836 1795
1 0 5
3 1815 1864 1797
1 0 5
3 1821 1814 1844
1 0 5
3 1797 1847 1844
1 0 5
3 1800 1857 1798
1 0 5
3 1821 1857 1822
1 0 5
3 1810 1833 1835
1 0 5
3 1865 1866 1835
1 0 5
3 1866 1867 1835
1 0 5
3 1868 1820 1869
1 0 5
3 1805 1870 1820
1 0 5
3 1832 1819 1820
1 0 5
3 1865 1835 1871
1 0 5
3 1865 1871 1836
1 0 5
3 1821 1844 1843
1 0 5
3 1847 1841 1844
1 0 5
3 1815 1806 1864
1 0 5
3 1865 1836 1864
1 0 5
3 1836 1797 1864
1 0 5
3 1872 1873 1862
1 0 5
3 1814 1822 1824
1 0 5
3 1812 1814 1824
1 0 5
3 1807 1874 1823
1 0 5
3 1823 1831 1807
1 0 5
3 1814 1813 1844
1 0 5
3 1797 1844 1813
1 0 5
3 1803 1817 1801
1 0 5
3 1875 1801 1817
1 0 5
3 1803 1818 1817
1 0 5
3 1816 1876 1817
1 0 5
3 1877 1878 1879
1 0 5
3 1832 1880 1878
1 0 5
3 1875 1876 1881
1 0 5
3 1875 1817 1876
1 0 5
3 1882 1876 1816
1 0 5
3 1800 1829 1857
1 0 5
3 1822 1857 1829
1 0 5
3 1832 1878 1882
1 0 5
3 1882 1883 1832
1 0 5
3 1879 1878 1880
1 0 5
3 1868 1879 1880
1 0 5
3 1832 1820 1880
1 0 5
3 1868 1880 1820
1 0 5
3 1852 1870 1853
1 0 5
3 1805 1853 1870
1 0 5
3 1852 1869 1870
1 0 5
3 1869 1820 1870
1 0 5
3 1881 1876 1882
1 0 5
3 1877 1881 1882
1 0 5
3 1877 1882 1878
1 0 5
3 1849 1848 1862
1 0 5
3 1706 1828 1848
1 0 5
3 1811 1675 1849
1 0 5
3 1706 1848 1675
1 0 5
3 1865 1864 1866
1 0 5
3 1806 1866 1864
1 0 5
3 1884 1885 1886
1 0 5
3 1871 1887 1888
1 0 5
3 1889 1888 1887
1 0 5
3 1889 1887 1871
1 0 5
3 1827 1826 1794
1 0 5
3 1707 1794 1826
1 0 5
3 1890 1891 1892
1 0 5
3 1833 1893 1892
1 0 5
3 1840 1855 1843
1 0 5
3 1845 1796 1838
1 0 5
3 1795 1838 1796
1 0 5
3 1839 1845 1838
1 0 5
3 1841 1894 1842
1 0 5
3 1809 1893 1810
1 0 5
3 1833 1810 1893
1 0 5
3 1809 1885 1893
1 0 5
3 1850 1895 1809
1 0 5
3 1862 1895 1849
1 0 5
3 1809 1811 1850
1 0 5
3 1685 1687 1808
1 0 5
3 1702 1685 1808
1 0 5
3 1702 1808 1896
1 0 5
3 1687 1692 1874
1 0 5
3 1806 1815 1897
1 0 5
3 1812 1897 1815
1 0 5
3 1897 1812 1898
1 0 5
3 1898 1874 1692
1 0 5
3 1897 1898 1695
1 0 5
3 1692 1695 1898
1 0 5
3 1862 1873 1895
1 0 5
3 1885 1809 1895
1 0 5
3 1850 1849 1895
1 0 5
3 1885 1899 1893
1 0 5
3 1892 1893 1899
1 0 5
3 1892 1899 1890
1 0 5
3 1885 1900 1886
1 0 5
3 1873 1886 1900
1 0 5
3 1885 1895 1900
1 0 5
3 1873 1900 1895
1 0 5
3 1816 1901 1831
1 0 5
3 1816 1818 1901
1 0 5
3 1896 1901 1818
1 0 5
3 1808 1902 1896
1 0 5
3 1806 1691 1867
1 0 5
3 1810 1835 1867
1 0 5
3 1806 1867 1866
1 0 5
3 1892 1834 1833
1 0 5
3 1871 1835 1834
1 0 5
3 1871 1834 1889
1 0 5
3 1691 1863 1867
1 0 5
3 1810 1867 1863
1 0 5
3 1691 1704 1863
1 0 5
3 1810 1863 1811
1 0 5
3 1892 1903 1834
1 0 5
3 1889 1834 1903
1 0 5
3 1892 1891 1903
1 0 5
3 1889 1903 1891
1 0 5
3 1843 1858 1821
1 0 5
3 1857 1821 1858
1 0 5
3 1843 1856 1858
1 0 5
3 1856 1798 1858
1 0 5
3 1830 1832 1883
1 0 5
3 1831 1830 1883
1 0 5
3 1882 1816 1883
1 0 5
3 1831 1883 1816
1 0 5
3 1890 1899 1884
1 0 5
3 1885 1884 1899
1 0 5
3 1846 1894 1796
1 0 5
3 1847 1796 1894
1 0 5
3 1846 1842 1894
1 0 5
3 1847 1894 1841
1 0 5
3 1812 1874 1898
1 0 5
3 1807 1687 1874
1 0 5
3 1812 1824 1874
1 0 5
3 1824 1823 1874
1 0 5
3 1695 1672 1897
1 0 5
3 1806 1897 1672
1 0 5
3 1798 1904 1860
1 0 5
3 1859 1860 1904
1 0 5
3 1798 1856 1904
1 0 5
3 1859 1904 1856
1 0 5
3 1831 1902 1807
1 0 5
3 1808 1807 1902
1 0 5
3 1831 1901 1902
1 0 5
3 1901 1896 1902
1 0 5
3 1825 1905 1828
1 0 5
3 1862 1828 1905
1 0 5
3 1825 1872 1905
1 0 5
3 1862 1905 1872
1 0 5
3 1888 1839 1837
1 0 5
3 1871 1888 1837
1 0 5
3 1838 1795 1837
1 0 5
3 1871 1837 1836
1 0 5
3 1861 1906 1799
1 0 5
3 1804 1799 1906
1 0 5
3 1861 1854 1906
1 0 5
3 1804 1906 1854
1 0 5
3 1789 1794 1714
1 0 5
3 1802 1907 1803
1 0 5
3 1759 1908 1758
1 0 5
3 1909 1745 1910
1 0 5
3 1744 1910 1745
1 0 5
3 1911 1912 1908
1 0 5
3 1803 1913 1818
1 0 5
3 1914 1915 1916
1 0 5
3 1917 1918 1919
1 0 5
3 1920 1921 1922
1 0 5
3 1909 1923 1922
1 0 5
3 1919 1924 1925
1 0 5
3 1825 1827 1926
1 0 5
3 1778 1927 1776
1 0 5
3 1746 1745 1909
1 0 5
3 1928 1929 1930
1 0 5
3 1928 1930 1931
1 0 5
3 1778 1932 1927
1 0 5
3 1778 1761 1932
1 0 5
3 1761 1933 1932
1 0 5
3 1839 1888 1934
1 0 5
3 1935 1936 1937
1 0 5
3 1891 1938 1889
1 0 5
3 1930 1938 1931
1 0 5
3 1854 1861 1939
1 0 5
3 1940 1941 1936
1 0 5
3 1854 1939 1941
1 0 5
3 1914 1942 1915
1 0 5
3 1914 1943 1942
1 0 5
3 1825 1926 1927
1 0 5
3 1926 1776 1927
1 0 5
3 1935 1944 1919
1 0 5
3 1925 1943 1919
1 0 5
3 1935 1919 1945
1 0 5
3 1859 1946 1860
1 0 5
3 1859 1937 1946
1 0 5
3 1936 1946 1937
1 0 5
3 1947 1948 1949
1 0 5
3 1950 1951 1949
1 0 5
3 1886 1873 1952
1 0 5
3 1912 1952 1932
1 0 5
3 1922 1921 1929
1 0 5
3 1925 1953 1943
1 0 5
3 1914 1945 1943
1 0 5
3 1945 1919 1943
1 0 5
3 1935 1940 1936
1 0 5
3 1935 1945 1940
1 0 5
3 1950 1954 1951
1 0 5
3 1914 1916 1954
1 0 5
3 1951 1954 1916
1 0 5
3 1845 1839 1955
1 0 5
3 1855 1840 1956
1 0 5
3 1890 1884 1957
1 0 5
3 1737 1739 1942
1 0 5
3 1909 1910 1923
1 0 5
3 1854 1958 1851
1 0 5
3 1959 1851 1958
1 0 5
3 1854 1941 1958
1 0 5
3 1949 1959 1941
1 0 5
3 1958 1941 1959
1 0 5
3 1950 1949 1941
1 0 5
3 1939 1936 1941
1 0 5
3 1950 1941 1940
1 0 5
3 1923 1910 1953
1 0 5
3 1925 1923 1953
1 0 5
3 1942 1943 1953
1 0 5
3 1803 1960 1913
1 0 5
3 1961 1962 1960
1 0 5
3 1803 1907 1960
1 0 5
3 1961 1960 1907
1 0 5
3 1963 1964 1965
1 0 5
3 1966 1963 1965
1 0 5
3 1967 1968 1962
1 0 5
3 1961 1967 1962
1 0 5
3 1969 1913 1962
1 0 5
3 1913 1960 1962
1 0 5
3 1948 1959 1949
1 0 5
3 1969 1970 1913
1 0 5
3 1969 1916 1970
1 0 5
3 1916 1915 1970
1 0 5
3 1969 1971 1916
1 0 5
3 1951 1916 1971
1 0 5
3 1969 1968 1971
1 0 5
3 1951 1971 1965
1 0 5
3 1928 1931 1972
1 0 5
3 1908 1972 1911
1 0 5
3 1911 1972 1931
1 0 5
3 1957 1911 1931
1 0 5
3 1947 1964 1963
1 0 5
3 1951 1965 1964
1 0 5
3 1947 1949 1964
1 0 5
3 1951 1964 1949
1 0 5
3 1912 1933 1908
1 0 5
3 1758 1908 1933
1 0 5
3 1912 1932 1933
1 0 5
3 1758 1933 1761
1 0 5
3 1920 1918 1973
1 0 5
3 1966 1968 1967
1 0 5
3 1969 1962 1968
1 0 5
3 1966 1965 1968
1 0 5
3 1965 1971 1968
1 0 5
3 1956 1974 1917
1 0 5
3 1920 1924 1918
1 0 5
3 1917 1919 1944
1 0 5
3 1956 1917 1944
1 0 5
3 1935 1937 1944
1 0 5
3 1937 1975 1944
1 0 5
3 1929 1976 1930
1 0 5
3 1794 1977 1827
1 0 5
3 1846 1973 1978
1 0 5
3 1846 1978 1842
1 0 5
3 1889 1938 1888
1 0 5
3 1972 1908 1979
1 0 5
3 1909 1980 1746
1 0 5
3 1972 1979 1980
1 0 5
3 1979 1746 1980
1 0 5
3 1952 1912 1981
1 0 5
3 1952 1981 1886
1 0 5
3 1840 1974 1956
1 0 5
3 1840 1842 1974
1 0 5
3 1929 1982 1922
1 0 5
3 1909 1922 1982
1 0 5
3 1929 1928 1982
1 0 5
3 1909 1982 1980
1 0 5
3 1957 1983 1981
1 0 5
3 1886 1981 1983
1 0 5
3 1957 1884 1983
1 0 5
3 1886 1983 1884
1 0 5
3 1918 1917 1974
1 0 5
3 1973 1918 1974
1 0 5
3 1927 1932 1984
1 0 5
3 1952 1984 1932
1 0 5
3 1957 1985 1890
1 0 5
3 1891 1890 1985
1 0 5
3 1957 1931 1985
1 0 5
3 1942 1986 1915
1 0 5
3 1896 1987 1986
1 0 5
3 1896 1986 1702
1 0 5
3 1957 1981 1911
1 0 5
3 1912 1911 1981
1 0 5
3 1908 1759 1979
1 0 5
3 1746 1979 1759
1 0 5
3 1956 1975 1855
1 0 5
3 1859 1855 1975
1 0 5
3 1956 1944 1975
1 0 5
3 1859 1975 1937
1 0 5
3 1910 1744 1942
1 0 5
3 1910 1942 1953
1 0 5
3 1934 1976 1839
1 0 5
3 1955 1839 1976
1 0 5
3 1955 1976 1921
1 0 5
3 1972 1980 1928
1 0 5
3 1980 1982 1928
1 0 5
3 1942 1739 1986
1 0 5
3 1702 1986 1739
1 0 5
3 1931 1988 1985
1 0 5
3 1891 1985 1988
1 0 5
3 1931 1938 1988
1 0 5
3 1891 1988 1938
1 0 5
3 1919 1918 1924
1 0 5
3 1923 1925 1924
1 0 5
3 1920 1922 1924
1 0 5
3 1923 1924 1922
1 0 5
3 1915 1986 1987
1 0 5
3 1970 1915 1987
1 0 5
3 1970 1987 1913
1 0 5
3 1927 1989 1825
1 0 5
3 1872 1825 1989
1 0 5
3 1927 1984 1989
1 0 5
3 1872 1989 1984
1 0 5
3 1872 1990 1873
1 0 5
3 1952 1873 1990
1 0 5
3 1872 1984 1990
1 0 5
3 1952 1990 1984
1 0 5
3 1930 1934 1938
1 0 5
3 1934 1888 1938
1 0 5
3 1921 1991 1955
1 0 5
3 1973 1992 1991
1 0 5
3 1921 1920 1991
1 0 5
3 1973 1991 1920
1 0 5
3 1744 1737 1942
1 0 5
3 1945 1914 1954
1 0 5
3 1940 1945 1954
1 0 5
3 1940 1954 1950
1 0 5
3 1973 1974 1978
1 0 5
3 1842 1978 1974
1 0 5
3 1934 1930 1976
1 0 5
3 1921 1976 1929
1 0 5
3 1846 1992 1973
1 0 5
3 1955 1991 1992
1 0 5
3 1846 1845 1992
1 0 5
3 1955 1992 1845
1 0 5
3 1860 1946 1861
1 0 5
3 1939 1861 1946
1 0 5
3 1936 1939 1946
1 0 5
3 1913 1987 1818
1 0 5
3 1896 1818 1987
1 0 5
3 1926 1827 1977
1 0 5
3 1776 1926 1977
1 0 5
3 1794 1789 1977
1 0 5
3 1776 1977 1789
1 0 5
3 1851 1993 1852
1 0 5
3 1993 1869 1852
1 0 5
3 1994 1995 1996
1 0 5
3 1997 1869 1993
1 0 5
3 1879 1998 1877
1 0 5
3 1995 1999 2000
1 0 5
3 1801 1875 2000
1 0 5
3 2000 1996 1995
1 0 5
3 2001 1996 2000
1 0 5
3 1996 2002 2003
1 0 5
3 1995 1994 2004
1 0 5
3 2005 2006 2004
1 0 5
3 1994 1996 2003
1 0 5
3 2001 2007 2008
1 0 5
3 2001 2000 2007
1 0 5
3 1879 1868 2009
1 0 5
3 1879 2009 1998
1 0 5
3 1868 2010 2009
1 0 5
3 2011 2009 2010
1 0 5
3 2011 2010 2012
1 0 5
3 2008 2013 2001
1 0 5
3 2014 2013 2015
1 0 5
3 2008 2016 2017
1 0 5
3 2018 2019 2017
1 0 5
3 1877 2016 1881
1 0 5
3 1877 1998 2016
1 0 5
3 1998 2017 2016
1 0 5
3 2011 2020 2021
1 0 5
3 1998 2009 2021
1 0 5
3 2011 2021 2009
1 0 5
3 2008 2022 2016
1 0 5
3 1881 2016 2022
1 0 5
3 2008 2007 2022
1 0 5
3 1801 2023 1802
1 0 5
3 2024 1802 2023
1 0 5
3 2025 1999 2023
1 0 5
3 1881 2007 1875
1 0 5
3 2000 1875 2007
1 0 5
3 1881 2022 2007
1 0 5
3 1868 2026 2010
1 0 5
3 2012 2010 2026
1 0 5
3 2012 2026 1997
1 0 5
3 2001 2027 1996
1 0 5
3 2014 2027 2013
1 0 5
3 2001 2013 2027
1 0 5
3 2014 2028 2027
1 0 5
3 2029 2030 2031
1 0 5
3 1997 2026 1869
1 0 5
3 1868 1869 2026
1 0 5
3 1995 2004 2006
1 0 5
3 1999 1995 2006
1 0 5
3 2005 2032 2006
1 0 5
3 1999 2006 2031
1 0 5
3 2015 2033 2019
1 0 5
3 2015 2013 2033
1 0 5
3 2008 2033 2013
1 0 5
3 2018 2034 2020
1 0 5
3 2018 2017 2034
1 0 5
3 1998 2034 2017
1 0 5
3 2028 2002 2027
1 0 5
3 1996 2027 2002
1 0 5
3 2028 2035 2002
1 0 5
3 2035 2003 2002
1 0 5
3 2019 2033 2017
1 0 5
3 2008 2017 2033
1 0 5
3 1999 2025 2000
1 0 5
3 1801 2000 2025
1 0 5
3 2031 2023 1999
1 0 5
3 1801 2025 2023
1 0 5
3 2020 2034 2021
1 0 5
3 1998 2021 2034
1 0 5
3 2024 2023 2031
1 0 5
3 2030 2024 2031
1 0 5
3 2029 2032 2036
1 0 5
3 2005 2036 2032
1 0 5
3 2029 2031 2032
1 0 5
3 2031 2006 2032
1 0 5
3 1993 1851 1959
1 0 5
3 1997 1993 1948
1 0 5
3 2020 2011 2037
1 0 5
3 1948 1993 1959
1 0 5
3 2036 2038 2039
1 0 5
3 2040 2041 2042
1 0 5
3 2043 2044 2045
1 0 5
3 2038 2045 2039
1 0 5
3 2046 2029 2039
1 0 5
3 2041 2044 2047
1 0 5
3 1961 2048 1967
1 0 5
3 2049 2048 2050
1 0 5
3 1967 2048 2049
1 0 5
3 2051 2050 2048
1 0 5
3 2052 2053 2015
1 0 5
3 2051 2053 2050
1 0 5
3 2018 2054 2019
1 0 5
3 2052 2054 2050
1 0 5
3 2050 2055 2049
1 0 5
3 1966 1967 2049
1 0 5
3 2051 2056 2041
1 0 5
3 2057 2044 2056
1 0 5
3 2051 2048 2056
1 0 5
3 2048 2058 2056
1 0 5
3 2024 2030 2046
1 0 5
3 2057 2046 2039
1 0 5
3 2037 2055 2059
1 0 5
3 2018 2020 2059
1 0 5
3 2037 2059 2020
1 0 5
3 2012 2060 2011
1 0 5
3 2037 2011 2060
1 0 5
3 1961 1907 2058
1 0 5
3 2057 2056 2058
1 0 5
3 1961 2058 2048
1 0 5
3 2046 2057 2061
1 0 5
3 2024 2046 2061
1 0 5
3 1907 1802 2061
1 0 5
3 2024 2061 1802
1 0 5
3 2012 1997 2062
1 0 5
3 1947 2063 2062
1 0 5
3 2012 2062 2060
1 0 5
3 2014 2040 2028
1 0 5
3 2051 2041 2040
1 0 5
3 1997 1948 2062
1 0 5
3 1947 2062 1948
1 0 5
3 2041 2056 2044
1 0 5
3 2043 2047 2044
1 0 5
3 2057 2039 2044
1 0 5
3 2039 2045 2044
1 0 5
3 2015 2019 2052
1 0 5
3 2028 2040 2042
1 0 5
3 2047 2042 2041
1 0 5
3 1907 2061 2058
1 0 5
3 2058 2061 2057
1 0 5
3 2063 1963 2037
1 0 5
3 2036 2039 2029
1 0 5
3 2030 2029 2046
1 0 5
3 1966 2064 1963
1 0 5
3 1947 1963 2063
1 0 5
3 2037 2060 2063
1 0 5
3 2060 2062 2063
1 0 5
3 2052 2019 2054
1 0 5
3 2055 2050 2054
1 0 5
3 2018 2059 2054
1 0 5
3 2055 2054 2059
1 0 5
3 2014 2015 2053
1 0 5
3 2040 2014 2053
1 0 5
3 2052 2050 2053
1 0 5
3 2040 2053 2051
1 0 5
3 2037 2064 2055
1 0 5
3 2049 2055 2064
1 0 5
3 2037 1963 2064
1 0 5
3 2049 2064 1966
1 0 5
3 2065 2003 2066
1 0 5
3 1994 2003 2065
1 0 5
3 2035 2028 2066
1 0 5
3 2066 2003 2035
1 0 5
3 1994 2067 2004
1 0 5
3 2005 2068 2036
1 0 5
3 2005 2069 2068
1 0 5
3 2067 1994 2065
1 0 5
3 2004 2067 2069
1 0 5
3 2004 2069 2005
1 0 5
3 2042 2066 2028
1 0 5
3 2047 2065 2066
1 0 5
3 2066 2042 2047
1 0 5
3 2047 2043 2065
1 0 5
3 2065 2043 2067
1 0 5
3 2045 2069 2067
1 0 5
3 2038 2068 2069
1 0 5
3 2069 2045 2038
1 0 5
3 2038 2036 2068
1 0 5
3 2067 2043 2045
1 0 6
3 2070 2071 2072
1 0 6
3 2073 2074 2075
1 0 6
3 2076 2071 2077
1 0 6
3 2078 2079 2080
1 0 6
3 2081 2082 2083
1 0 6
3 2077 2081 2083
1 0 6
3 2079 2084 2085
1 0 6
3 2081 2077 2070
1 0 6
3 2071 2070 2077
1 0 6
3 2086 2079 2087
1 0 6
3 2088 2089 2090
1 0 6
3 2091 2088 2090
1 0 6
3 2089 2092 2090
1 0 6
3 2093 2094 2095
1 0 6
3 2096 2097 2078
1 0 6
3 2098 2079 2078
1 0 6
3 2084 2098 2099
1 0 6
3 2098 2100 2099
1 0 6
3 2084 2079 2098
1 0 6
3 2083 2076 2077
1 0 6
3 2101 2080 2079
1 0 6
3 2102 2103 2104
1 0 6
3 2095 2103 2102
1 0 6
3 2104 2105 2102
1 0 6
3 2106 2107 2086
1 0 6
3 2104 2103 2108
1 0 6
3 2109 2110 2111
1 0 6
3 2110 2112 2113
1 0 6
3 2114 2102 2105
1 0 6
3 2114 2115 2102
1 0 6
3 2116 2092 2095
1 0 6
3 2117 2092 2118
1 0 6
3 2107 2101 2086
1 0 6
3 2087 2108 2086
1 0 6
3 2109 2112 2110
1 0 6
3 2071 2113 2112
1 0 6
3 2071 2112 2072
1 0 6
3 2101 2079 2086
1 0 6
3 2085 2087 2079
1 0 6
3 2106 2103 2094
1 0 6
3 2095 2094 2103
1 0 6
3 2106 2086 2103
1 0 6
3 2086 2108 2103
1 0 6
3 2119 2120 2113
1 0 6
3 2121 2120 2122
1 0 6
3 2123 2124 2076
1 0 6
3 2071 2076 2124
1 0 6
3 2123 2125 2124
1 0 6
3 2071 2124 2113
1 0 6
3 2116 2118 2092
1 0 6
3 2093 2095 2092
1 0 6
3 2117 2090 2092
1 0 6
3 2093 2092 2089
1 0 6
3 2126 2074 2073
1 0 6
3 2100 2075 2074
1 0 6
3 2126 2120 2074
1 0 6
3 2119 2127 2074
1 0 6
3 2111 2110 2121
1 0 6
3 2119 2125 2128
1 0 6
3 2123 2128 2125
1 0 6
3 2119 2113 2125
1 0 6
3 2113 2124 2125
1 0 6
3 2113 2120 2110
1 0 6
3 2121 2110 2120
1 0 6
3 2075 2097 2096
1 0 6
3 2098 2078 2097
1 0 6
3 2075 2100 2097
1 0 6
3 2098 2097 2100
1 0 6
3 2115 2116 2102
1 0 6
3 2095 2102 2116
1 0 6
3 2115 2118 2116
1 0 6
3 2100 2127 2099
1 0 6
3 2128 2099 2127
1 0 6
3 2100 2074 2127
1 0 6
3 2128 2127 2119
1 0 6
3 2072 2129 2130
1 0 6
3 2109 2130 2129
1 0 6
3 2072 2112 2129
1 0 6
3 2109 2129 2112
1 0 6
3 2122 2120 2126
1 0 6
3 2119 2074 2120
1 0 6
3 2131 2132 2133
1 0 6
3 2131 2134 2132
1 0 6
3 2135 2136 2137
1 0 6
3 2138 2139 2140
1 0 6
3 2091 2090 2141
1 0 6
3 2142 2143 2144
1 0 6
3 2145 2146 2147
1 0 6
3 2148 2149 2150
1 0 6
3 2151 2152 2153
1 0 6
3 2154 2155 2156
1 0 6
3 2157 2158 2159
1 0 6
3 2160 2161 2162
1 0 6
3 2149 2133 2150
1 0 6
3 2163 2131 2133
1 0 6
3 2150 2132 2164
1 0 6
3 2165 2164 2166
1 0 6
3 2156 2152 2151
1 0 6
3 2165 2167 2161
1 0 6
3 2151 2154 2156
1 0 6
3 2082 2081 2139
1 0 6
3 2140 2081 2070
1 0 6
3 2138 2168 2163
1 0 6
3 2140 2139 2081
1 0 6
3 2134 2131 2169
1 0 6
3 2140 2170 2138
1 0 6
3 2131 2168 2169
1 0 6
3 2168 2131 2163
1 0 6
3 2132 2150 2133
1 0 6
3 2148 2150 2164
1 0 6
3 2115 2171 2118
1 0 6
3 2115 2172 2171
1 0 6
3 2172 2173 2171
1 0 6
3 2169 2174 2134
1 0 6
3 2117 2175 2090
1 0 6
3 2143 2175 2144
1 0 6
3 2132 2176 2164
1 0 6
3 2177 2176 2178
1 0 6
3 2132 2134 2176
1 0 6
3 2179 2180 2181
1 0 6
3 2136 2179 2181
1 0 6
3 2182 2183 2181
1 0 6
3 2183 2184 2181
1 0 6
3 2185 2157 2159
1 0 6
3 2186 2185 2159
1 0 6
3 2152 2156 2159
1 0 6
3 2187 2170 2070
1 0 6
3 2070 2072 2187
1 0 6
3 2072 2188 2187
1 0 6
3 2169 2187 2174
1 0 6
3 2169 2170 2187
1 0 6
3 2140 2070 2170
1 0 6
3 2169 2168 2170
1 0 6
3 2168 2138 2170
1 0 6
3 2144 2189 2142
1 0 6
3 2190 2142 2189
1 0 6
3 2143 2141 2175
1 0 6
3 2090 2175 2141
1 0 6
3 2115 2191 2172
1 0 6
3 2192 2180 2191
1 0 6
3 2115 2114 2191
1 0 6
3 2192 2191 2114
1 0 6
3 2137 2190 2135
1 0 6
3 2179 2136 2135
1 0 6
3 2158 2193 2136
1 0 6
3 2148 2155 2149
1 0 6
3 2154 2149 2155
1 0 6
3 2148 2161 2155
1 0 6
3 2161 2156 2155
1 0 6
3 2178 2146 2145
1 0 6
3 2147 2146 2174
1 0 6
3 2178 2176 2146
1 0 6
3 2134 2146 2176
1 0 6
3 2134 2174 2146
1 0 6
3 2194 2147 2174
1 0 6
3 2137 2136 2193
1 0 6
3 2157 2193 2158
1 0 6
3 2136 2184 2158
1 0 6
3 2152 2159 2158
1 0 6
3 2177 2195 2176
1 0 6
3 2164 2176 2195
1 0 6
3 2177 2196 2195
1 0 6
3 2196 2166 2195
1 0 6
3 2148 2165 2161
1 0 6
3 2197 2161 2167
1 0 6
3 2167 2165 2166
1 0 6
3 2195 2166 2164
1 0 6
3 2148 2164 2165
1 0 6
3 2179 2173 2172
1 0 6
3 2144 2171 2173
1 0 6
3 2179 2135 2173
1 0 6
3 2144 2173 2189
1 0 6
3 2118 2171 2117
1 0 6
3 2182 2181 2180
1 0 6
3 2192 2182 2180
1 0 6
3 2179 2172 2180
1 0 6
3 2172 2191 2180
1 0 6
3 2162 2186 2160
1 0 6
3 2156 2161 2160
1 0 6
3 2197 2162 2161
1 0 6
3 2144 2175 2171
1 0 6
3 2117 2171 2175
1 0 6
3 2156 2160 2159
1 0 6
3 2186 2159 2160
1 0 6
3 2153 2184 2183
1 0 6
3 2136 2181 2184
1 0 6
3 2153 2152 2184
1 0 6
3 2152 2158 2184
1 0 6
3 2174 2187 2188
1 0 6
3 2194 2174 2188
1 0 6
3 2072 2130 2188
1 0 6
3 2194 2188 2130
1 0 6
3 2190 2189 2135
1 0 6
3 2189 2173 2135
1 0 6
3 2114 2105 2198
1 0 6
3 2198 2105 2104
1 0 6
3 2199 2200 2201
1 0 6
3 2202 2203 2204
1 0 6
3 2202 2204 2205
1 0 6
3 2206 2207 2208
1 0 6
3 2209 2210 2207
1 0 6
3 2211 2212 2084
1 0 6
3 2084 2213 2085
1 0 6
3 2214 2215 2216
1 0 6
3 2199 2217 2206
1 0 6
3 2218 2219 2220
1 0 6
3 2221 2222 2213
1 0 6
3 2217 2223 2206
1 0 6
3 2202 2224 2209
1 0 6
3 2225 2220 2226
1 0 6
3 2219 2226 2220
1 0 6
3 2099 2227 2211
1 0 6
3 2099 2128 2227
1 0 6
3 2228 2229 2230
1 0 6
3 2231 2232 2205
1 0 6
3 2233 2234 2235
1 0 6
3 2225 2226 2233
1 0 6
3 2076 2083 2224
1 0 6
3 2214 2236 2237
1 0 6
3 2237 2212 2238
1 0 6
3 2239 2240 2241
1 0 6
3 2242 2241 2108
1 0 6
3 2214 2243 2236
1 0 6
3 2215 2244 2216
1 0 6
3 2245 2246 2244
1 0 6
3 2247 2248 2249
1 0 6
3 2250 2248 2218
1 0 6
3 2245 2251 2246
1 0 6
3 2087 2085 2222
1 0 6
3 2108 2087 2252
1 0 6
3 2108 2252 2242
1 0 6
3 2246 2251 2253
1 0 6
3 2254 2255 2253
1 0 6
3 2256 2257 2258
1 0 6
3 2259 2260 2261
1 0 6
3 2262 2263 2264
1 0 6
3 2219 2263 2226
1 0 6
3 2218 2257 2219
1 0 6
3 2104 2108 2241
1 0 6
3 2239 2241 2242
1 0 6
3 2265 2266 2267
1 0 6
3 2222 2267 2252
1 0 6
3 2257 2268 2258
1 0 6
3 2251 2245 2225
1 0 6
3 2202 2209 2203
1 0 6
3 2269 2270 2203
1 0 6
3 2269 2203 2209
1 0 6
3 2259 2271 2260
1 0 6
3 2244 2260 2216
1 0 6
3 2259 2272 2271
1 0 6
3 2211 2238 2212
1 0 6
3 2221 2213 2212
1 0 6
3 2213 2084 2212
1 0 6
3 2235 2273 2233
1 0 6
3 2274 2275 2276
1 0 6
3 2277 2248 2278
1 0 6
3 2279 2277 2278
1 0 6
3 2280 2281 2282
1 0 6
3 2283 2280 2282
1 0 6
3 2281 2223 2282
1 0 6
3 2217 2284 2282
1 0 6
3 2269 2281 2270
1 0 6
3 2204 2203 2270
1 0 6
3 2250 2281 2278
1 0 6
3 2250 2270 2281
1 0 6
3 2283 2284 2201
1 0 6
3 2199 2201 2284
1 0 6
3 2283 2282 2284
1 0 6
3 2199 2284 2217
1 0 6
3 2215 2238 2227
1 0 6
3 2249 2248 2277
1 0 6
3 2250 2278 2248
1 0 6
3 2250 2218 2270
1 0 6
3 2226 2234 2233
1 0 6
3 2262 2235 2234
1 0 6
3 2226 2263 2234
1 0 6
3 2262 2234 2263
1 0 6
3 2231 2204 2220
1 0 6
3 2084 2099 2211
1 0 6
3 2252 2087 2222
1 0 6
3 2213 2222 2085
1 0 6
3 2279 2281 2280
1 0 6
3 2279 2278 2281
1 0 6
3 2214 2216 2243
1 0 6
3 2271 2243 2216
1 0 6
3 2233 2251 2225
1 0 6
3 2231 2225 2245
1 0 6
3 2246 2260 2244
1 0 6
3 2271 2216 2260
1 0 6
3 2214 2237 2238
1 0 6
3 2211 2227 2238
1 0 6
3 2214 2238 2215
1 0 6
3 2205 2204 2231
1 0 6
3 2220 2225 2231
1 0 6
3 2221 2212 2237
1 0 6
3 2236 2285 2237
1 0 6
3 2240 2198 2241
1 0 6
3 2104 2241 2198
1 0 6
3 2286 2285 2287
1 0 6
3 2261 2288 2255
1 0 6
3 2270 2218 2204
1 0 6
3 2218 2220 2204
1 0 6
3 2244 2232 2245
1 0 6
3 2215 2229 2244
1 0 6
3 2276 2289 2274
1 0 6
3 2285 2289 2237
1 0 6
3 2209 2223 2269
1 0 6
3 2209 2207 2223
1 0 6
3 2207 2206 2223
1 0 6
3 2269 2223 2281
1 0 6
3 2217 2282 2223
1 0 6
3 2290 2287 2291
1 0 6
3 2285 2291 2287
1 0 6
3 2245 2232 2231
1 0 6
3 2228 2205 2232
1 0 6
3 2267 2222 2292
1 0 6
3 2267 2292 2265
1 0 6
3 2273 2293 2233
1 0 6
3 2251 2233 2293
1 0 6
3 2273 2254 2293
1 0 6
3 2248 2268 2218
1 0 6
3 2257 2218 2268
1 0 6
3 2248 2247 2268
1 0 6
3 2247 2258 2268
1 0 6
3 2242 2252 2294
1 0 6
3 2267 2294 2252
1 0 6
3 2202 2295 2296
1 0 6
3 2224 2202 2296
1 0 6
3 2230 2123 2296
1 0 6
3 2208 2210 2082
1 0 6
3 2208 2207 2210
1 0 6
3 2224 2210 2209
1 0 6
3 2123 2297 2128
1 0 6
3 2227 2128 2297
1 0 6
3 2123 2230 2297
1 0 6
3 2227 2297 2230
1 0 6
3 2298 2264 2263
1 0 6
3 2257 2299 2219
1 0 6
3 2253 2255 2288
1 0 6
3 2246 2253 2288
1 0 6
3 2261 2260 2288
1 0 6
3 2246 2288 2260
1 0 6
3 2227 2230 2229
1 0 6
3 2215 2227 2229
1 0 6
3 2228 2232 2229
1 0 6
3 2232 2244 2229
1 0 6
3 2242 2300 2239
1 0 6
3 2301 2239 2300
1 0 6
3 2242 2294 2300
1 0 6
3 2301 2300 2294
1 0 6
3 2298 2299 2256
1 0 6
3 2257 2256 2299
1 0 6
3 2298 2263 2299
1 0 6
3 2263 2219 2299
1 0 6
3 2291 2236 2302
1 0 6
3 2290 2291 2302
1 0 6
3 2243 2271 2302
1 0 6
3 2224 2083 2210
1 0 6
3 2082 2210 2083
1 0 6
3 2285 2236 2291
1 0 6
3 2243 2302 2236
1 0 6
3 2237 2289 2221
1 0 6
3 2276 2221 2289
1 0 6
3 2254 2253 2293
1 0 6
3 2251 2293 2253
1 0 6
3 2290 2303 2272
1 0 6
3 2271 2272 2303
1 0 6
3 2290 2302 2303
1 0 6
3 2271 2303 2302
1 0 6
3 2276 2304 2292
1 0 6
3 2265 2292 2304
1 0 6
3 2276 2275 2304
1 0 6
3 2265 2304 2275
1 0 6
3 2301 2305 2266
1 0 6
3 2267 2266 2305
1 0 6
3 2301 2294 2305
1 0 6
3 2267 2305 2294
1 0 6
3 2274 2306 2286
1 0 6
3 2285 2286 2306
1 0 6
3 2274 2289 2306
1 0 6
3 2285 2306 2289
1 0 6
3 2224 2296 2076
1 0 6
3 2123 2076 2296
1 0 6
3 2230 2296 2295
1 0 6
3 2228 2230 2295
1 0 6
3 2202 2205 2295
1 0 6
3 2228 2295 2205
1 0 6
3 2276 2292 2221
1 0 6
3 2222 2221 2292
1 0 6
3 2192 2114 2198
1 0 6
3 2200 2199 2307
1 0 6
3 2154 2151 2308
1 0 6
3 2163 2133 2309
1 0 6
3 2310 2309 2133
1 0 6
3 2311 2312 2313
1 0 6
3 2314 2308 2315
1 0 6
3 2199 2206 2316
1 0 6
3 2317 2318 2319
1 0 6
3 2320 2317 2319
1 0 6
3 2321 2322 2323
1 0 6
3 2310 2312 2324
1 0 6
3 2239 2325 2240
1 0 6
3 2325 2326 2182
1 0 6
3 2149 2310 2133
1 0 6
3 2312 2327 2313
1 0 6
3 2328 2329 2327
1 0 6
3 2328 2330 2329
1 0 6
3 2183 2326 2331
1 0 6
3 2315 2332 2331
1 0 6
3 2183 2331 2153
1 0 6
3 2272 2333 2290
1 0 6
3 2334 2335 2336
1 0 6
3 2286 2287 2337
1 0 6
3 2329 2330 2337
1 0 6
3 2298 2338 2264
1 0 6
3 2298 2339 2338
1 0 6
3 2340 2336 2339
1 0 6
3 2324 2341 2342
1 0 6
3 2323 2341 2343
1 0 6
3 2320 2319 2344
1 0 6
3 2183 2182 2326
1 0 6
3 2239 2326 2325
1 0 6
3 2334 2345 2323
1 0 6
3 2345 2346 2323
1 0 6
3 2235 2262 2347
1 0 6
3 2336 2335 2347
1 0 6
3 2235 2347 2335
1 0 6
3 2348 2349 2350
1 0 6
3 2351 2349 2352
1 0 6
3 2265 2353 2266
1 0 6
3 2315 2331 2353
1 0 6
3 2344 2354 2346
1 0 6
3 2320 2344 2346
1 0 6
3 2342 2323 2346
1 0 6
3 2320 2346 2345
1 0 6
3 2334 2336 2340
1 0 6
3 2334 2340 2345
1 0 6
3 2345 2355 2320
1 0 6
3 2352 2317 2355
1 0 6
3 2320 2355 2317
1 0 6
3 2259 2356 2272
1 0 6
3 2273 2357 2254
1 0 6
3 2274 2358 2275
1 0 6
3 2138 2344 2139
1 0 6
3 2324 2354 2309
1 0 6
3 2310 2324 2309
1 0 6
3 2359 2360 2256
1 0 6
3 2298 2256 2360
1 0 6
3 2349 2339 2359
1 0 6
3 2298 2360 2339
1 0 6
3 2350 2349 2359
1 0 6
3 2351 2339 2349
1 0 6
3 2360 2359 2339
1 0 6
3 2351 2340 2339
1 0 6
3 2338 2339 2336
1 0 6
3 2342 2354 2324
1 0 6
3 2342 2346 2354
1 0 6
3 2316 2361 2362
1 0 6
3 2199 2316 2362
1 0 6
3 2363 2307 2362
1 0 6
3 2199 2362 2307
1 0 6
3 2364 2365 2366
1 0 6
3 2352 2367 2365
1 0 6
3 2363 2361 2368
1 0 6
3 2369 2370 2361
1 0 6
3 2363 2362 2361
1 0 6
3 2369 2361 2316
1 0 6
3 2369 2318 2317
1 0 6
3 2369 2316 2318
1 0 6
3 2352 2371 2317
1 0 6
3 2369 2317 2371
1 0 6
3 2352 2365 2371
1 0 6
3 2365 2370 2371
1 0 6
3 2314 2330 2372
1 0 6
3 2308 2314 2372
1 0 6
3 2328 2372 2330
1 0 6
3 2358 2330 2314
1 0 6
3 2366 2365 2367
1 0 6
3 2348 2366 2367
1 0 6
3 2352 2349 2367
1 0 6
3 2348 2367 2349
1 0 6
3 2151 2332 2308
1 0 6
3 2315 2308 2332
1 0 6
3 2151 2153 2332
1 0 6
3 2153 2331 2332
1 0 6
3 2368 2361 2370
1 0 6
3 2364 2368 2370
1 0 6
3 2369 2371 2370
1 0 6
3 2364 2370 2365
1 0 6
3 2311 2373 2343
1 0 6
3 2343 2374 2321
1 0 6
3 2321 2323 2343
1 0 6
3 2334 2322 2335
1 0 6
3 2357 2375 2322
1 0 6
3 2334 2323 2322
1 0 6
3 2357 2322 2321
1 0 6
3 2333 2376 2329
1 0 6
3 2325 2377 2240
1 0 6
3 2261 2255 2378
1 0 6
3 2261 2378 2373
1 0 6
3 2333 2337 2290
1 0 6
3 2372 2379 2308
1 0 6
3 2379 2380 2149
1 0 6
3 2310 2149 2380
1 0 6
3 2372 2380 2379
1 0 6
3 2353 2265 2381
1 0 6
3 2353 2381 2315
1 0 6
3 2254 2374 2255
1 0 6
3 2254 2357 2374
1 0 6
3 2310 2382 2312
1 0 6
3 2327 2312 2382
1 0 6
3 2310 2380 2382
1 0 6
3 2380 2328 2382
1 0 6
3 2265 2383 2381
1 0 6
3 2358 2381 2383
1 0 6
3 2265 2275 2383
1 0 6
3 2358 2383 2275
1 0 6
3 2357 2321 2374
1 0 6
3 2373 2374 2343
1 0 6
3 2326 2384 2331
1 0 6
3 2353 2331 2384
1 0 6
3 2286 2385 2274
1 0 6
3 2358 2274 2385
1 0 6
3 2358 2385 2330
1 0 6
3 2319 2386 2387
1 0 6
3 2344 2319 2387
1 0 6
3 2208 2082 2387
1 0 6
3 2358 2314 2381
1 0 6
3 2315 2381 2314
1 0 6
3 2149 2154 2379
1 0 6
3 2308 2379 2154
1 0 6
3 2235 2375 2273
1 0 6
3 2357 2273 2375
1 0 6
3 2235 2335 2375
1 0 6
3 2335 2322 2375
1 0 6
3 2309 2354 2344
1 0 6
3 2309 2344 2163
1 0 6
3 2356 2313 2376
1 0 6
3 2333 2272 2376
1 0 6
3 2356 2376 2272
1 0 6
3 2372 2328 2380
1 0 6
3 2327 2382 2328
1 0 6
3 2344 2387 2139
1 0 6
3 2082 2139 2387
1 0 6
3 2286 2388 2385
1 0 6
3 2330 2385 2388
1 0 6
3 2286 2337 2388
1 0 6
3 2330 2388 2337
1 0 6
3 2323 2342 2341
1 0 6
3 2311 2343 2341
1 0 6
3 2324 2312 2341
1 0 6
3 2311 2341 2312
1 0 6
3 2318 2316 2386
1 0 6
3 2208 2387 2386
1 0 6
3 2318 2386 2319
1 0 6
3 2301 2389 2239
1 0 6
3 2326 2239 2389
1 0 6
3 2301 2384 2389
1 0 6
3 2326 2389 2384
1 0 6
3 2353 2390 2266
1 0 6
3 2301 2266 2390
1 0 6
3 2353 2384 2390
1 0 6
3 2301 2390 2384
1 0 6
3 2287 2290 2337
1 0 6
3 2329 2337 2333
1 0 6
3 2356 2391 2392
1 0 6
3 2313 2356 2392
1 0 6
3 2373 2311 2392
1 0 6
3 2313 2392 2311
1 0 6
3 2163 2344 2138
1 0 6
3 2351 2352 2355
1 0 6
3 2340 2351 2355
1 0 6
3 2340 2355 2345
1 0 6
3 2255 2374 2378
1 0 6
3 2373 2378 2374
1 0 6
3 2327 2329 2376
1 0 6
3 2313 2327 2376
1 0 6
3 2373 2392 2391
1 0 6
3 2261 2373 2391
1 0 6
3 2356 2259 2391
1 0 6
3 2261 2391 2259
1 0 6
3 2338 2347 2264
1 0 6
3 2336 2347 2338
1 0 6
3 2262 2264 2347
1 0 6
3 2316 2206 2386
1 0 6
3 2208 2386 2206
1 0 6
3 2182 2377 2325
1 0 6
3 2198 2240 2377
1 0 6
3 2182 2192 2377
1 0 6
3 2198 2377 2192
1 0 6
3 2277 2279 2393
1 0 6
3 2394 2395 2396
1 0 6
3 2397 2256 2258
1 0 6
3 2397 2258 2247
1 0 6
3 2398 2399 2400
1 0 6
3 2397 2247 2401
1 0 6
3 2402 2403 2399
1 0 6
3 2400 2404 2405
1 0 6
3 2396 2399 2398
1 0 6
3 2201 2403 2283
1 0 6
3 2400 2403 2406
1 0 6
3 2400 2399 2403
1 0 6
3 2400 2405 2398
1 0 6
3 2402 2407 2408
1 0 6
3 2402 2408 2403
1 0 6
3 2277 2409 2249
1 0 6
3 2277 2393 2409
1 0 6
3 2410 2411 2409
1 0 6
3 2249 2409 2411
1 0 6
3 2410 2412 2411
1 0 6
3 2407 2402 2413
1 0 6
3 2414 2415 2413
1 0 6
3 2416 2417 2418
1 0 6
3 2393 2419 2417
1 0 6
3 2279 2280 2419
1 0 6
3 2407 2417 2419
1 0 6
3 2279 2419 2393
1 0 6
3 2410 2420 2421
1 0 6
3 2410 2409 2420
1 0 6
3 2393 2420 2409
1 0 6
3 2407 2422 2408
1 0 6
3 2280 2408 2422
1 0 6
3 2407 2419 2422
1 0 6
3 2280 2422 2419
1 0 6
3 2423 2424 2425
1 0 6
3 2201 2200 2425
1 0 6
3 2423 2425 2200
1 0 6
3 2403 2408 2283
1 0 6
3 2280 2283 2408
1 0 6
3 2412 2401 2426
1 0 6
3 2249 2411 2426
1 0 6
3 2412 2426 2411
1 0 6
3 2414 2427 2428
1 0 6
3 2402 2399 2427
1 0 6
3 2402 2427 2413
1 0 6
3 2414 2413 2427
1 0 6
3 2429 2424 2430
1 0 6
3 2249 2426 2247
1 0 6
3 2401 2247 2426
1 0 6
3 2424 2431 2404
1 0 6
3 2406 2424 2404
1 0 6
3 2432 2405 2404
1 0 6
3 2406 2404 2400
1 0 6
3 2415 2418 2433
1 0 6
3 2407 2413 2433
1 0 6
3 2415 2433 2413
1 0 6
3 2416 2421 2434
1 0 6
3 2393 2417 2434
1 0 6
3 2416 2434 2417
1 0 6
3 2399 2395 2427
1 0 6
3 2428 2427 2395
1 0 6
3 2399 2396 2395
1 0 6
3 2428 2395 2394
1 0 6
3 2407 2433 2417
1 0 6
3 2418 2417 2433
1 0 6
3 2201 2435 2403
1 0 6
3 2406 2403 2435
1 0 6
3 2201 2425 2435
1 0 6
3 2424 2406 2425
1 0 6
3 2393 2434 2420
1 0 6
3 2421 2420 2434
1 0 6
3 2430 2424 2423
1 0 6
3 2435 2425 2406
1 0 6
3 2432 2431 2436
1 0 6
3 2429 2436 2431
1 0 6
3 2432 2404 2431
1 0 6
3 2429 2431 2424
1 0 6
3 2397 2359 2256
1 0 6
3 2401 2350 2397
1 0 6
3 2421 2437 2410
1 0 6
3 2350 2359 2397
1 0 6
3 2436 2438 2439
1 0 6
3 2440 2441 2442
1 0 6
3 2438 2443 2444
1 0 6
3 2439 2438 2444
1 0 6
3 2445 2438 2429
1 0 6
3 2446 2443 2447
1 0 6
3 2363 2368 2448
1 0 6
3 2449 2448 2450
1 0 6
3 2451 2450 2448
1 0 6
3 2368 2451 2448
1 0 6
3 2414 2452 2415
1 0 6
3 2453 2452 2450
1 0 6
3 2453 2454 2418
1 0 6
3 2455 2454 2450
1 0 6
3 2450 2451 2455
1 0 6
3 2364 2451 2368
1 0 6
3 2442 2443 2456
1 0 6
3 2449 2442 2456
1 0 6
3 2457 2458 2456
1 0 6
3 2449 2456 2448
1 0 6
3 2423 2445 2430
1 0 6
3 2437 2459 2455
1 0 6
3 2437 2421 2459
1 0 6
3 2416 2459 2421
1 0 6
3 2437 2460 2410
1 0 6
3 2412 2410 2460
1 0 6
3 2457 2438 2445
1 0 6
3 2363 2458 2307
1 0 6
3 2363 2448 2458
1 0 6
3 2448 2456 2458
1 0 6
3 2423 2461 2445
1 0 6
3 2307 2458 2461
1 0 6
3 2423 2200 2461
1 0 6
3 2307 2461 2200
1 0 6
3 2412 2462 2401
1 0 6
3 2412 2460 2462
1 0 6
3 2460 2463 2462
1 0 6
3 2449 2440 2442
1 0 6
3 2348 2350 2462
1 0 6
3 2401 2462 2350
1 0 6
3 2414 2428 2440
1 0 6
3 2442 2447 2443
1 0 6
3 2457 2456 2443
1 0 6
3 2446 2444 2443
1 0 6
3 2457 2443 2438
1 0 6
3 2415 2453 2418
1 0 6
3 2447 2442 2441
1 0 6
3 2428 2441 2440
1 0 6
3 2445 2461 2457
1 0 6
3 2458 2457 2461
1 0 6
3 2437 2464 2366
1 0 6
3 2463 2437 2366
1 0 6
3 2430 2445 2429
1 0 6
3 2436 2429 2438
1 0 6
3 2348 2463 2366
1 0 6
3 2348 2462 2463
1 0 6
3 2437 2463 2460
1 0 6
3 2416 2454 2459
1 0 6
3 2455 2459 2454
1 0 6
3 2416 2418 2454
1 0 6
3 2453 2450 2454
1 0 6
3 2449 2450 2452
1 0 6
3 2440 2449 2452
1 0 6
3 2453 2415 2452
1 0 6
3 2440 2452 2414
1 0 6
3 2451 2464 2455
1 0 6
3 2437 2455 2464
1 0 6
3 2451 2364 2464
1 0 6
3 2364 2366 2464
1 0 6
3 2465 2466 2396
1 0 6
3 2398 2465 2396
1 0 6
3 2394 2466 2428
1 0 6
3 2466 2394 2396
1 0 6
3 2398 2405 2467
1 0 6
3 2432 2436 2468
1 0 6
3 2432 2468 2469
1 0 6
3 2467 2465 2398
1 0 6
3 2405 2469 2467
1 0 6
3 2405 2432 2469
1 0 6
3 2441 2428 2466
1 0 6
3 2447 2466 2465
1 0 6
3 2466 2447 2441
1 0 6
3 2447 2465 2446
1 0 6
3 2465 2467 2446
1 0 6
3 2444 2467 2469
1 0 6
3 2439 2469 2468
1 0 6
3 2469 2439 2444
1 0 6
3 2439 2468 2436
1 0 6
3 2467 2444 2446
1 0 7
3 2470 2471 2472
1 0 7
3 2473 2474 2475
1 0 7
3 2476 2477 2478
1 0 7
3 2479 2480 2481
1 0 7
3 2482 2483 2484
1 0 7
3 2485 2475 2474
1 0 7
3 2486 2487 2488
1 0 7
3 2489 2490 2482
1 0 7
3 2491 2492 2493
1 0 7
3 2494 2495 2496
1 0 7
3 2497 2498 2499
1 0 7
3 2484 2483 2500
1 0 7
3 2501 2502 2503
1 0 7
3 2504 2505 2506
1 0 7
3 2507 2508 2509
1 0 7
3 2510 2493 2511
1 0 7
3 2512 2513 2514
1 0 7
3 2515 2516 2495
1 0 7
3 2517 2518 2519
1 0 7
3 2520 2521 2522
1 0 7
3 2523 2506 2524
1 0 7
3 2525 2520 2522
1 0 7
3 2526 2527 2528
1 0 7
3 2529 2530 2531
1 0 7
3 2532 2516 2533
1 0 7
3 2519 2518 2521
1 0 7
3 2473 2534 2474
1 0 7
3 2532 2535 2495
1 0 7
3 2536 2537 2493
1 0 7
3 2491 2493 2510
1 0 7
3 2491 2538 2492
1 0 7
3 2536 2493 2492
1 0 7
3 2495 2539 2496
1 0 7
3 2495 2535 2539
1 0 7
3 2495 2516 2532
1 0 7
3 2532 2540 2535
1 0 7
3 2538 2491 2541
1 0 7
3 2511 2493 2540
1 0 7
3 2498 2539 2542
1 0 7
3 2543 2544 2484
1 0 7
3 2482 2484 2545
1 0 7
3 2546 2545 2544
1 0 7
3 2547 2548 2549
1 0 7
3 2550 2551 2552
1 0 7
3 2553 2554 2551
1 0 7
3 2555 2556 2557
1 0 7
3 2557 2558 2530
1 0 7
3 2559 2560 2546
1 0 7
3 2484 2500 2543
1 0 7
3 2561 2562 2563
1 0 7
3 2564 2565 2566
1 0 7
3 2567 2568 2502
1 0 7
3 2567 2569 2568
1 0 7
3 2570 2475 2571
1 0 7
3 2500 2572 2543
1 0 7
3 2573 2574 2569
1 0 7
3 2496 2498 2497
1 0 7
3 2497 2575 2496
1 0 7
3 2564 2576 2577
1 0 7
3 2578 2579 2580
1 0 7
3 2581 2582 2583
1 0 7
3 2584 2585 2586
1 0 7
3 2584 2576 2585
1 0 7
3 2576 2587 2585
1 0 7
3 2584 2588 2589
1 0 7
3 2577 2576 2589
1 0 7
3 2584 2589 2576
1 0 7
3 2475 2485 2590
1 0 7
3 2522 2571 2590
1 0 7
3 2475 2590 2571
1 0 7
3 2553 2591 2592
1 0 7
3 2553 2593 2591
1 0 7
3 2553 2594 2593
1 0 7
3 2553 2551 2594
1 0 7
3 2551 2595 2594
1 0 7
3 2538 2596 2597
1 0 7
3 2598 2599 2600
1 0 7
3 2598 2591 2599
1 0 7
3 2593 2599 2591
1 0 7
3 2601 2602 2603
1 0 7
3 2571 2513 2604
1 0 7
3 2512 2574 2604
1 0 7
3 2573 2604 2574
1 0 7
3 2592 2591 2528
1 0 7
3 2605 2575 2606
1 0 7
3 2482 2545 2504
1 0 7
3 2558 2556 2607
1 0 7
3 2607 2608 2609
1 0 7
3 2610 2611 2582
1 0 7
3 2612 2613 2614
1 0 7
3 2485 2525 2590
1 0 7
3 2522 2590 2525
1 0 7
3 2615 2561 2563
1 0 7
3 2616 2512 2514
1 0 7
3 2617 2514 2513
1 0 7
3 2574 2512 2616
1 0 7
3 2559 2618 2587
1 0 7
3 2601 2619 2548
1 0 7
3 2620 2619 2594
1 0 7
3 2564 2621 2587
1 0 7
3 2622 2560 2621
1 0 7
3 2564 2566 2621
1 0 7
3 2566 2623 2621
1 0 7
3 2624 2526 2528
1 0 7
3 2625 2528 2527
1 0 7
3 2564 2587 2576
1 0 7
3 2618 2585 2587
1 0 7
3 2610 2476 2478
1 0 7
3 2626 2478 2477
1 0 7
3 2477 2476 2561
1 0 7
3 2627 2628 2629
1 0 7
3 2630 2631 2629
1 0 7
3 2546 2632 2559
1 0 7
3 2546 2544 2632
1 0 7
3 2633 2507 2509
1 0 7
3 2616 2633 2509
1 0 7
3 2569 2574 2509
1 0 7
3 2616 2509 2574
1 0 7
3 2622 2546 2560
1 0 7
3 2559 2587 2560
1 0 7
3 2587 2621 2560
1 0 7
3 2538 2634 2492
1 0 7
3 2630 2492 2634
1 0 7
3 2538 2597 2634
1 0 7
3 2597 2631 2634
1 0 7
3 2573 2635 2604
1 0 7
3 2569 2636 2573
1 0 7
3 2567 2622 2623
1 0 7
3 2637 2499 2638
1 0 7
3 2639 2637 2638
1 0 7
3 2498 2542 2638
1 0 7
3 2542 2625 2638
1 0 7
3 2640 2481 2480
1 0 7
3 2490 2640 2480
1 0 7
3 2483 2482 2480
1 0 7
3 2490 2480 2482
1 0 7
3 2626 2479 2481
1 0 7
3 2483 2480 2479
1 0 7
3 2626 2477 2479
1 0 7
3 2477 2641 2479
1 0 7
3 2536 2642 2550
1 0 7
3 2577 2565 2564
1 0 7
3 2579 2578 2565
1 0 7
3 2489 2487 2486
1 0 7
3 2504 2488 2487
1 0 7
3 2489 2482 2487
1 0 7
3 2504 2487 2482
1 0 7
3 2643 2508 2507
1 0 7
3 2569 2509 2508
1 0 7
3 2643 2568 2508
1 0 7
3 2569 2508 2568
1 0 7
3 2530 2558 2531
1 0 7
3 2607 2531 2558
1 0 7
3 2582 2644 2583
1 0 7
3 2539 2535 2645
1 0 7
3 2641 2646 2500
1 0 7
3 2477 2561 2641
1 0 7
3 2500 2483 2641
1 0 7
3 2483 2479 2641
1 0 7
3 2610 2582 2476
1 0 7
3 2630 2642 2492
1 0 7
3 2536 2492 2642
1 0 7
3 2630 2629 2642
1 0 7
3 2647 2501 2503
1 0 7
3 2643 2503 2568
1 0 7
3 2648 2623 2566
1 0 7
3 2622 2621 2623
1 0 7
3 2522 2513 2571
1 0 7
3 2512 2604 2513
1 0 7
3 2638 2499 2498
1 0 7
3 2606 2497 2499
1 0 7
3 2488 2504 2506
1 0 7
3 2649 2524 2506
1 0 7
3 2488 2506 2523
1 0 7
3 2609 2608 2605
1 0 7
3 2502 2501 2649
1 0 7
3 2524 2649 2501
1 0 7
3 2568 2503 2502
1 0 7
3 2524 2501 2647
1 0 7
3 2617 2518 2517
1 0 7
3 2522 2521 2518
1 0 7
3 2617 2513 2518
1 0 7
3 2522 2518 2513
1 0 7
3 2553 2592 2542
1 0 7
3 2592 2625 2542
1 0 7
3 2639 2638 2625
1 0 7
3 2592 2528 2625
1 0 7
3 2639 2625 2527
1 0 7
3 2511 2570 2510
1 0 7
3 2511 2473 2570
1 0 7
3 2475 2570 2473
1 0 7
3 2515 2555 2557
1 0 7
3 2515 2495 2555
1 0 7
3 2494 2555 2495
1 0 7
3 2545 2484 2544
1 0 7
3 2613 2544 2543
1 0 7
3 2650 2629 2631
1 0 7
3 2651 2650 2631
1 0 7
3 2630 2634 2631
1 0 7
3 2651 2631 2597
1 0 7
3 2652 2572 2653
1 0 7
3 2593 2594 2603
1 0 7
3 2550 2595 2551
1 0 7
3 2620 2594 2595
1 0 7
3 2654 2655 2656
1 0 7
3 2657 2589 2588
1 0 7
3 2658 2659 2660
1 0 7
3 2661 2586 2585
1 0 7
3 2498 2496 2539
1 0 7
3 2645 2542 2539
1 0 7
3 2662 2663 2664
1 0 7
3 2561 2615 2646
1 0 7
3 2572 2500 2646
1 0 7
3 2561 2646 2641
1 0 7
3 2585 2618 2665
1 0 7
3 2585 2665 2661
1 0 7
3 2666 2667 2668
1 0 7
3 2650 2651 2662
1 0 7
3 2549 2669 2670
1 0 7
3 2666 2547 2670
1 0 7
3 2549 2670 2547
1 0 7
3 2645 2537 2552
1 0 7
3 2645 2535 2537
1 0 7
3 2540 2537 2535
1 0 7
3 2656 2632 2671
1 0 7
3 2613 2612 2671
1 0 7
3 2589 2672 2577
1 0 7
3 2589 2657 2672
1 0 7
3 2540 2493 2537
1 0 7
3 2581 2563 2562
1 0 7
3 2582 2581 2562
1 0 7
3 2561 2476 2562
1 0 7
3 2582 2562 2476
1 0 7
3 2673 2674 2658
1 0 7
3 2659 2658 2674
1 0 7
3 2541 2648 2596
1 0 7
3 2578 2597 2596
1 0 7
3 2541 2596 2538
1 0 7
3 2546 2505 2545
1 0 7
3 2546 2622 2505
1 0 7
3 2578 2596 2565
1 0 7
3 2649 2506 2505
1 0 7
3 2545 2505 2504
1 0 7
3 2651 2675 2663
1 0 7
3 2662 2651 2663
1 0 7
3 2676 2664 2663
1 0 7
3 2661 2677 2655
1 0 7
3 2656 2655 2677
1 0 7
3 2661 2665 2677
1 0 7
3 2656 2677 2665
1 0 7
3 2580 2678 2663
1 0 7
3 2676 2663 2678
1 0 7
3 2676 2678 2673
1 0 7
3 2665 2679 2656
1 0 7
3 2664 2680 2662
1 0 7
3 2615 2681 2646
1 0 7
3 2572 2646 2681
1 0 7
3 2615 2653 2681
1 0 7
3 2572 2681 2653
1 0 7
3 2552 2537 2550
1 0 7
3 2536 2550 2537
1 0 7
3 2577 2672 2565
1 0 7
3 2648 2682 2623
1 0 7
3 2635 2636 2682
1 0 7
3 2648 2541 2682
1 0 7
3 2541 2683 2682
1 0 7
3 2534 2473 2540
1 0 7
3 2534 2540 2533
1 0 7
3 2645 2554 2542
1 0 7
3 2553 2542 2554
1 0 7
3 2645 2552 2554
1 0 7
3 2552 2551 2554
1 0 7
3 2550 2628 2595
1 0 7
3 2627 2669 2628
1 0 7
3 2550 2642 2628
1 0 7
3 2642 2629 2628
1 0 7
3 2622 2684 2505
1 0 7
3 2649 2505 2684
1 0 7
3 2649 2684 2502
1 0 7
3 2635 2573 2636
1 0 7
3 2623 2682 2636
1 0 7
3 2569 2567 2636
1 0 7
3 2623 2636 2567
1 0 7
3 2668 2667 2680
1 0 7
3 2502 2684 2567
1 0 7
3 2622 2567 2684
1 0 7
3 2533 2540 2532
1 0 7
3 2613 2671 2544
1 0 7
3 2632 2544 2671
1 0 7
3 2685 2686 2652
1 0 7
3 2572 2652 2686
1 0 7
3 2572 2686 2543
1 0 7
3 2650 2687 2629
1 0 7
3 2627 2629 2687
1 0 7
3 2650 2667 2687
1 0 7
3 2667 2688 2687
1 0 7
3 2580 2579 2674
1 0 7
3 2659 2674 2579
1 0 7
3 2613 2689 2614
1 0 7
3 2685 2614 2689
1 0 7
3 2543 2689 2613
1 0 7
3 2656 2690 2654
1 0 7
3 2612 2654 2690
1 0 7
3 2656 2671 2690
1 0 7
3 2612 2690 2671
1 0 7
3 2685 2689 2686
1 0 7
3 2543 2686 2689
1 0 7
3 2491 2683 2541
1 0 7
3 2635 2682 2683
1 0 7
3 2491 2510 2683
1 0 7
3 2603 2619 2601
1 0 7
3 2549 2548 2619
1 0 7
3 2603 2594 2619
1 0 7
3 2549 2619 2620
1 0 7
3 2673 2678 2674
1 0 7
3 2580 2674 2678
1 0 7
3 2659 2579 2672
1 0 7
3 2579 2565 2672
1 0 7
3 2473 2511 2540
1 0 7
3 2632 2679 2559
1 0 7
3 2618 2559 2679
1 0 7
3 2632 2656 2679
1 0 7
3 2618 2679 2665
1 0 7
3 2648 2566 2596
1 0 7
3 2565 2596 2566
1 0 7
3 2570 2691 2510
1 0 7
3 2635 2691 2604
1 0 7
3 2604 2691 2571
1 0 7
3 2570 2571 2691
1 0 7
3 2657 2692 2672
1 0 7
3 2659 2672 2692
1 0 7
3 2657 2660 2692
1 0 7
3 2659 2692 2660
1 0 7
3 2494 2496 2575
1 0 7
3 2608 2494 2575
1 0 7
3 2497 2606 2575
1 0 7
3 2608 2575 2605
1 0 7
3 2595 2628 2669
1 0 7
3 2620 2595 2669
1 0 7
3 2627 2670 2669
1 0 7
3 2620 2669 2549
1 0 7
3 2602 2600 2599
1 0 7
3 2593 2603 2599
1 0 7
3 2602 2599 2603
1 0 7
3 2580 2675 2578
1 0 7
3 2597 2578 2675
1 0 7
3 2580 2663 2675
1 0 7
3 2597 2675 2651
1 0 7
3 2635 2683 2691
1 0 7
3 2510 2691 2683
1 0 7
3 2608 2607 2556
1 0 7
3 2494 2608 2556
1 0 7
3 2558 2557 2556
1 0 7
3 2494 2556 2555
1 0 7
3 2666 2688 2667
1 0 7
3 2627 2687 2688
1 0 7
3 2666 2670 2688
1 0 7
3 2627 2688 2670
1 0 7
3 2528 2693 2624
1 0 7
3 2598 2624 2693
1 0 7
3 2528 2591 2693
1 0 7
3 2598 2693 2591
1 0 7
3 2650 2694 2667
1 0 7
3 2680 2667 2694
1 0 7
3 2650 2662 2694
1 0 7
3 2680 2694 2662
1 0 7
3 2611 2644 2582
1 0 7
3 2472 2583 2644
1 0 7
3 2611 2470 2644
1 0 7
3 2472 2644 2470
1 0 7
3 2695 2696 2697
1 0 7
3 2698 2485 2695
1 0 7
3 2699 2472 2471
1 0 7
3 2700 2701 2702
1 0 7
3 2703 2472 2699
1 0 7
3 2704 2705 2706
1 0 7
3 2707 2708 2709
1 0 7
3 2710 2711 2712
1 0 7
3 2706 2713 2714
1 0 7
3 2515 2715 2516
1 0 7
3 2716 2717 2718
1 0 7
3 2719 2720 2721
1 0 7
3 2722 2723 2724
1 0 7
3 2706 2725 2726
1 0 7
3 2727 2728 2729
1 0 7
3 2727 2730 2731
1 0 7
3 2732 2733 2734
1 0 7
3 2714 2735 2704
1 0 7
3 2736 2737 2738
1 0 7
3 2739 2740 2724
1 0 7
3 2741 2742 2743
1 0 7
3 2744 2745 2717
1 0 7
3 2746 2747 2748
1 0 7
3 2525 2698 2749
1 0 7
3 2750 2751 2752
1 0 7
3 2753 2754 2755
1 0 7
3 2756 2757 2715
1 0 7
3 2758 2530 2529
1 0 7
3 2747 2557 2530
1 0 7
3 2515 2557 2759
1 0 7
3 2760 2696 2695
1 0 7
3 2749 2761 2762
1 0 7
3 2763 2713 2764
1 0 7
3 2749 2762 2520
1 0 7
3 2698 2695 2697
1 0 7
3 2714 2704 2706
1 0 7
3 2765 2762 2761
1 0 7
3 2749 2520 2525
1 0 7
3 2695 2485 2474
1 0 7
3 2718 2766 2756
1 0 7
3 2758 2747 2530
1 0 7
3 2534 2533 2767
1 0 7
3 2474 2760 2695
1 0 7
3 2747 2758 2748
1 0 7
3 2557 2747 2759
1 0 7
3 2697 2768 2769
1 0 7
3 2525 2485 2698
1 0 7
3 2700 2770 2701
1 0 7
3 2696 2770 2768
1 0 7
3 2770 2760 2767
1 0 7
3 2769 2768 2719
1 0 7
3 2768 2697 2696
1 0 7
3 2696 2760 2770
1 0 7
3 2697 2769 2771
1 0 7
3 2768 2700 2719
1 0 7
3 2770 2767 2701
1 0 7
3 2474 2534 2760
1 0 7
3 2721 2772 2769
1 0 7
3 2720 2773 2721
1 0 7
3 2729 2774 2773
1 0 7
3 2775 2767 2757
1 0 7
3 2757 2756 2775
1 0 7
3 2776 2777 2778
1 0 7
3 2775 2756 2778
1 0 7
3 2715 2718 2756
1 0 7
3 2533 2757 2767
1 0 7
3 2769 2772 2771
1 0 7
3 2768 2770 2700
1 0 7
3 2701 2767 2775
1 0 7
3 2721 2769 2719
1 0 7
3 2760 2534 2767
1 0 7
3 2515 2759 2715
1 0 7
3 2757 2516 2715
1 0 7
3 2757 2533 2516
1 0 7
3 2705 2704 2779
1 0 7
3 2780 2781 2702
1 0 7
3 2782 2739 2779
1 0 7
3 2705 2779 2739
1 0 7
3 2727 2729 2783
1 0 7
3 2727 2783 2763
1 0 7
3 2784 2785 2786
1 0 7
3 2784 2787 2785
1 0 7
3 2788 2789 2790
1 0 7
3 2763 2783 2714
1 0 7
3 2784 2791 2792
1 0 7
3 2583 2793 2581
1 0 7
3 2709 2793 2707
1 0 7
3 2794 2795 2796
1 0 7
3 2797 2798 2685
1 0 7
3 2799 2800 2735
1 0 7
3 2789 2801 2790
1 0 7
3 2772 2774 2795
1 0 7
3 2652 2653 2802
1 0 7
3 2548 2547 2803
1 0 7
3 2804 2786 2805
1 0 7
3 2781 2806 2702
1 0 7
3 2673 2807 2676
1 0 7
3 2673 2791 2807
1 0 7
3 2808 2807 2791
1 0 7
3 2624 2809 2810
1 0 7
3 2624 2598 2809
1 0 7
3 2668 2811 2666
1 0 7
3 2738 2812 2811
1 0 7
3 2664 2737 2680
1 0 7
3 2804 2738 2737
1 0 7
3 2548 2813 2601
1 0 7
3 2563 2814 2615
1 0 7
3 2815 2743 2742
1 0 7
3 2602 2741 2600
1 0 7
3 2813 2816 2742
1 0 7
3 2772 2817 2771
1 0 7
3 2753 2771 2817
1 0 7
3 2772 2795 2817
1 0 7
3 2818 2774 2729
1 0 7
3 2721 2773 2774
1 0 7
3 2818 2795 2774
1 0 7
3 2721 2774 2772
1 0 7
3 2743 2734 2809
1 0 7
3 2810 2809 2734
1 0 7
3 2739 2724 2819
1 0 7
3 2739 2819 2705
1 0 7
3 2712 2732 2766
1 0 7
3 2583 2820 2793
1 0 7
3 2707 2793 2820
1 0 7
3 2707 2820 2703
1 0 7
3 2705 2819 2821
1 0 7
3 2822 2821 2819
1 0 7
3 2823 2824 2746
1 0 7
3 2824 2744 2759
1 0 7
3 2759 2747 2824
1 0 7
3 2746 2824 2747
1 0 7
3 2586 2661 2825
1 0 7
3 2804 2808 2826
1 0 7
3 2784 2786 2826
1 0 7
3 2804 2826 2786
1 0 7
3 2753 2817 2754
1 0 7
3 2794 2754 2817
1 0 7
3 2794 2817 2795
1 0 7
3 2808 2791 2826
1 0 7
3 2784 2826 2791
1 0 7
3 2789 2788 2787
1 0 7
3 2729 2773 2783
1 0 7
3 2799 2783 2773
1 0 7
3 2778 2766 2776
1 0 7
3 2766 2827 2776
1 0 7
3 2781 2780 2828
1 0 7
3 2818 2751 2795
1 0 7
3 2796 2795 2751
1 0 7
3 2818 2728 2751
1 0 7
3 2796 2751 2750
1 0 7
3 2703 2820 2472
1 0 7
3 2583 2472 2820
1 0 7
3 2777 2701 2775
1 0 7
3 2719 2700 2786
1 0 7
3 2720 2719 2785
1 0 7
3 2815 2829 2776
1 0 7
3 2710 2717 2830
1 0 7
3 2716 2744 2717
1 0 7
3 2710 2712 2717
1 0 7
3 2712 2718 2717
1 0 7
3 2731 2728 2727
1 0 7
3 2818 2729 2728
1 0 7
3 2731 2752 2728
1 0 7
3 2752 2751 2728
1 0 7
3 2726 2713 2706
1 0 7
3 2763 2714 2713
1 0 7
3 2726 2831 2713
1 0 7
3 2831 2764 2713
1 0 7
3 2830 2717 2745
1 0 7
3 2823 2745 2744
1 0 7
3 2716 2759 2744
1 0 7
3 2823 2744 2824
1 0 7
3 2749 2832 2753
1 0 7
3 2771 2753 2832
1 0 7
3 2749 2698 2832
1 0 7
3 2828 2816 2833
1 0 7
3 2781 2828 2833
1 0 7
3 2764 2730 2763
1 0 7
3 2727 2763 2730
1 0 7
3 2764 2834 2730
1 0 7
3 2834 2731 2730
1 0 7
3 2835 2726 2725
1 0 7
3 2836 2835 2725
1 0 7
3 2706 2705 2725
1 0 7
3 2755 2761 2753
1 0 7
3 2749 2753 2761
1 0 7
3 2755 2837 2761
1 0 7
3 2837 2765 2761
1 0 7
3 2711 2732 2712
1 0 7
3 2734 2766 2732
1 0 7
3 2711 2733 2732
1 0 7
3 2810 2734 2733
1 0 7
3 2799 2735 2783
1 0 7
3 2714 2783 2735
1 0 7
3 2712 2766 2718
1 0 7
3 2778 2756 2766
1 0 7
3 2805 2786 2700
1 0 7
3 2702 2805 2700
1 0 7
3 2715 2759 2716
1 0 7
3 2715 2716 2718
1 0 7
3 2722 2838 2708
1 0 7
3 2709 2708 2838
1 0 7
3 2722 2724 2838
1 0 7
3 2724 2839 2838
1 0 7
3 2800 2840 2841
1 0 7
3 2790 2842 2841
1 0 7
3 2793 2843 2581
1 0 7
3 2786 2785 2719
1 0 7
3 2698 2697 2832
1 0 7
3 2771 2832 2697
1 0 7
3 2724 2723 2819
1 0 7
3 2822 2819 2723
1 0 7
3 2844 2800 2841
1 0 7
3 2612 2614 2845
1 0 7
3 2657 2588 2801
1 0 7
3 2789 2846 2801
1 0 7
3 2658 2660 2792
1 0 7
3 2777 2829 2780
1 0 7
3 2652 2847 2685
1 0 7
3 2836 2705 2821
1 0 7
3 2836 2725 2705
1 0 7
3 2740 2848 2802
1 0 7
3 2782 2797 2848
1 0 7
3 2740 2739 2848
1 0 7
3 2782 2848 2739
1 0 7
3 2845 2798 2782
1 0 7
3 2802 2848 2847
1 0 7
3 2652 2802 2847
1 0 7
3 2847 2848 2797
1 0 7
3 2797 2685 2847
1 0 7
3 2547 2666 2803
1 0 7
3 2833 2811 2812
1 0 7
3 2781 2833 2812
1 0 7
3 2738 2804 2812
1 0 7
3 2664 2676 2807
1 0 7
3 2782 2849 2845
1 0 7
3 2779 2850 2782
1 0 7
3 2833 2803 2811
1 0 7
3 2666 2811 2803
1 0 7
3 2787 2851 2789
1 0 7
3 2668 2680 2736
1 0 7
3 2738 2811 2736
1 0 7
3 2668 2736 2811
1 0 7
3 2740 2839 2724
1 0 7
3 2709 2838 2839
1 0 7
3 2740 2814 2839
1 0 7
3 2814 2843 2839
1 0 7
3 2815 2827 2743
1 0 7
3 2734 2743 2827
1 0 7
3 2815 2776 2827
1 0 7
3 2734 2827 2766
1 0 7
3 2787 2788 2852
1 0 7
3 2773 2720 2852
1 0 7
3 2844 2853 2849
1 0 7
3 2845 2849 2854
1 0 7
3 2801 2846 2657
1 0 7
3 2773 2852 2799
1 0 7
3 2825 2855 2841
1 0 7
3 2844 2841 2855
1 0 7
3 2825 2661 2855
1 0 7
3 2657 2846 2660
1 0 7
3 2792 2660 2846
1 0 7
3 2803 2833 2816
1 0 7
3 2548 2803 2816
1 0 7
3 2828 2742 2816
1 0 7
3 2548 2816 2813
1 0 7
3 2844 2850 2800
1 0 7
3 2828 2829 2742
1 0 7
3 2825 2842 2586
1 0 7
3 2584 2586 2842
1 0 7
3 2825 2841 2842
1 0 7
3 2584 2842 2790
1 0 7
3 2704 2850 2779
1 0 7
3 2849 2782 2850
1 0 7
3 2849 2850 2844
1 0 7
3 2792 2851 2784
1 0 7
3 2787 2784 2851
1 0 7
3 2792 2846 2851
1 0 7
3 2846 2789 2851
1 0 7
3 2799 2840 2800
1 0 7
3 2799 2852 2840
1 0 7
3 2788 2840 2852
1 0 7
3 2584 2856 2588
1 0 7
3 2801 2588 2856
1 0 7
3 2584 2790 2856
1 0 7
3 2801 2856 2790
1 0 7
3 2829 2777 2776
1 0 7
3 2775 2778 2777
1 0 7
3 2735 2800 2850
1 0 7
3 2704 2735 2850
1 0 7
3 2828 2780 2829
1 0 7
3 2815 2742 2829
1 0 7
3 2614 2685 2798
1 0 7
3 2845 2614 2798
1 0 7
3 2797 2782 2798
1 0 7
3 2658 2857 2673
1 0 7
3 2791 2673 2857
1 0 7
3 2658 2792 2857
1 0 7
3 2791 2857 2792
1 0 7
3 2844 2855 2655
1 0 7
3 2661 2655 2855
1 0 7
3 2709 2839 2843
1 0 7
3 2793 2709 2843
1 0 7
3 2814 2563 2843
1 0 7
3 2563 2581 2843
1 0 7
3 2845 2854 2612
1 0 7
3 2654 2612 2854
1 0 7
3 2602 2601 2813
1 0 7
3 2787 2852 2720
1 0 7
3 2787 2720 2785
1 0 7
3 2808 2804 2737
1 0 7
3 2807 2808 2737
1 0 7
3 2736 2680 2737
1 0 7
3 2807 2737 2664
1 0 7
3 2653 2615 2802
1 0 7
3 2805 2806 2804
1 0 7
3 2812 2804 2806
1 0 7
3 2805 2702 2806
1 0 7
3 2812 2806 2781
1 0 7
3 2615 2814 2802
1 0 7
3 2740 2802 2814
1 0 7
3 2741 2858 2600
1 0 7
3 2743 2858 2741
1 0 7
3 2598 2600 2858
1 0 7
3 2743 2809 2858
1 0 7
3 2598 2858 2809
1 0 7
3 2780 2701 2777
1 0 7
3 2780 2702 2701
1 0 7
3 2741 2859 2742
1 0 7
3 2813 2742 2859
1 0 7
3 2741 2602 2859
1 0 7
3 2813 2859 2602
1 0 7
3 2790 2841 2788
1 0 7
3 2840 2788 2841
1 0 7
3 2854 2849 2853
1 0 7
3 2654 2854 2853
1 0 7
3 2844 2655 2853
1 0 7
3 2654 2853 2655
1 0 7
3 2860 2639 2861
1 0 7
3 2637 2639 2860
1 0 7
3 2862 2606 2499
1 0 7
3 2863 2605 2606
1 0 7
3 2637 2864 2499
1 0 7
3 2639 2865 2861
1 0 7
3 2866 2526 2624
1 0 7
3 2867 2527 2526
1 0 7
3 2526 2866 2867
1 0 7
3 2867 2865 2527
1 0 7
3 2527 2865 2639
1 0 7
3 2868 2869 2607
1 0 7
3 2869 2531 2607
1 0 7
3 2607 2609 2868
1 0 7
3 2531 2869 2870
1 0 7
3 2870 2529 2531
1 0 7
3 2637 2860 2864
1 0 7
3 2605 2871 2609
1 0 7
3 2499 2864 2862
1 0 7
3 2863 2871 2605
1 0 7
3 2862 2872 2606
1 0 7
3 2872 2863 2606
1 0 7
3 2609 2871 2868
1 0 7
3 2624 2810 2866
1 0 7
3 2810 2867 2866
1 0 7
3 2733 2873 2867
1 0 7
3 2810 2733 2867
1 0 7
3 2711 2874 2873
1 0 7
3 2711 2710 2875
1 0 7
3 2711 2873 2733
1 0 7
3 2876 2710 2830
1 0 7
3 2830 2877 2876
1 0 7
3 2876 2875 2710
1 0 7
3 2874 2711 2875
1 0 7
3 2877 2745 2878
1 0 7
3 2745 2879 2878
1 0 7
3 2877 2830 2745
1 0 7
3 2823 2880 2879
1 0 7
3 2879 2745 2823
1 0 7
3 2823 2746 2880
1 0 7
3 2746 2748 2868
1 0 7
3 2868 2880 2746
1 0 7
3 2748 2869 2868
1 0 7
3 2869 2758 2870
1 0 7
3 2529 2870 2758
1 0 7
3 2869 2748 2758
1 0 7
3 2864 2860 2881
1 0 7
3 2862 2864 2882
1 0 7
3 2872 2862 2883
1 0 7
3 2865 2884 2861
1 0 7
3 2884 2865 2867
1 0 7
3 2860 2861 2885
1 0 7
3 2886 2861 2884
1 0 7
3 2872 2887 2863
1 0 7
3 2887 2872 2883
1 0 7
3 2863 2887 2888
1 0 7
3 2868 2871 2888
1 0 7
3 2861 2886 2885
1 0 7
3 2881 2860 2885
1 0 7
3 2882 2883 2862
1 0 7
3 2882 2864 2881
1 0 7
3 2863 2888 2871
1 0 7
3 2873 2884 2867
1 0 7
3 2884 2874 2886
1 0 7
3 2885 2886 2874
1 0 7
3 2873 2874 2884
1 0 7
3 2875 2876 2881
1 0 7
3 2875 2885 2874
1 0 7
3 2876 2882 2881
1 0 7
3 2881 2885 2875
1 0 7
3 2877 2883 2882
1 0 7
3 2882 2876 2877
1 0 7
3 2877 2878 2883
1 0 7
3 2878 2887 2883
1 0 7
3 2878 2879 2887
1 0 7
3 2888 2880 2868
1 0 7
3 2888 2879 2880
1 0 7
3 2887 2879 2888
1 0 8
3 2889 2890 2891
1 0 8
3 2891 2890 2892
1 0 8
3 2893 2894 2895
1 0 8
3 2896 2891 2892
1 0 8
3 2895 2897 2898
1 0 8
3 2898 2899 2895
1 0 8
3 2899 2900 2895
1 0 8
3 2893 2895 2901
1 0 8
3 2902 2893 2901
1 0 8
3 2895 2900 2901
1 0 8
3 2900 2899 2903
1 0 8
3 2904 2905 2906
1 0 8
3 2907 2905 2908
1 0 8
3 2909 2910 2907
1 0 8
3 2906 2910 2911
1 0 8
3 2912 2913 2909
1 0 8
3 2911 2913 2914
1 0 8
3 2915 2916 2912
1 0 8
3 2914 2916 2917
1 0 8
3 2918 2898 2897
1 0 8
3 2906 2905 2910
1 0 8
3 2907 2910 2905
1 0 8
3 2917 2919 2920
1 0 8
3 2921 2919 2915
1 0 8
3 2911 2922 2913
1 0 8
3 2909 2913 2922
1 0 8
3 2911 2910 2922
1 0 8
3 2909 2922 2910
1 0 8
3 2914 2913 2916
1 0 8
3 2912 2916 2913
1 0 8
3 2917 2923 2919
1 0 8
3 2915 2919 2923
1 0 8
3 2917 2916 2923
1 0 8
3 2915 2923 2916
1 0 8
3 2920 2924 2925
1 0 8
3 2926 2924 2921
1 0 8
3 2927 2928 2894
1 0 8
3 2895 2894 2928
1 0 8
3 2927 2897 2928
1 0 8
3 2895 2928 2897
1 0 8
3 2921 2929 2919
1 0 8
3 2920 2919 2929
1 0 8
3 2921 2924 2929
1 0 8
3 2920 2929 2924
1 0 8
3 2892 2925 2930
1 0 8
3 2926 2896 2930
1 0 8
3 2892 2930 2896
1 0 8
3 2926 2931 2924
1 0 8
3 2925 2924 2931
1 0 8
3 2926 2930 2931
1 0 8
3 2925 2931 2930
1 0 8
3 2927 2932 2897
1 0 8
3 2905 2897 2932
1 0 8
3 2927 2908 2932
1 0 8
3 2905 2932 2908
1 0 8
3 2897 2933 2918
1 0 8
3 2904 2918 2933
1 0 8
3 2897 2905 2933
1 0 8
3 2904 2933 2905
1 0 8
3 2889 2891 2934
1 0 8
3 2896 2935 2891
1 0 8
3 2934 2891 2935
1 0 8
3 2936 2937 2894
1 0 8
3 2894 2893 2936
1 0 8
3 2938 2939 2936
1 0 8
3 2893 2940 2936
1 0 8
3 2938 2936 2941
1 0 8
3 2942 2938 2941
1 0 8
3 2936 2940 2941
1 0 8
3 2940 2893 2902
1 0 8
3 2908 2943 2907
1 0 8
3 2944 2943 2945
1 0 8
3 2946 2947 2944
1 0 8
3 2907 2947 2909
1 0 8
3 2948 2949 2946
1 0 8
3 2909 2949 2912
1 0 8
3 2950 2951 2948
1 0 8
3 2912 2951 2915
1 0 8
3 2927 2894 2937
1 0 8
3 2907 2943 2947
1 0 8
3 2944 2947 2943
1 0 8
3 2915 2952 2921
1 0 8
3 2953 2952 2950
1 0 8
3 2909 2954 2949
1 0 8
3 2946 2949 2954
1 0 8
3 2909 2947 2954
1 0 8
3 2946 2954 2947
1 0 8
3 2912 2949 2951
1 0 8
3 2948 2951 2949
1 0 8
3 2915 2955 2952
1 0 8
3 2950 2952 2955
1 0 8
3 2915 2951 2955
1 0 8
3 2950 2955 2951
1 0 8
3 2921 2956 2926
1 0 8
3 2957 2956 2953
1 0 8
3 2958 2959 2939
1 0 8
3 2936 2939 2959
1 0 8
3 2958 2937 2959
1 0 8
3 2936 2959 2937
1 0 8
3 2953 2960 2952
1 0 8
3 2921 2952 2960
1 0 8
3 2953 2956 2960
1 0 8
3 2921 2960 2956
1 0 8
3 2926 2961 2896
1 0 8
3 2935 2896 2961
1 0 8
3 2935 2961 2957
1 0 8
3 2957 2962 2956
1 0 8
3 2926 2956 2962
1 0 8
3 2957 2961 2962
1 0 8
3 2926 2962 2961
1 0 8
3 2958 2963 2937
1 0 8
3 2943 2937 2963
1 0 8
3 2958 2945 2963
1 0 8
3 2943 2963 2945
1 0 8
3 2937 2964 2927
1 0 8
3 2908 2927 2964
1 0 8
3 2937 2943 2964
1 0 8
3 2908 2964 2943
1 0 8
3 2889 2934 2965
1 0 8
3 2934 150 2965
1 0 8
3 2966 150 2935
1 0 8
3 150 2934 2935
1 0 8
3 2966 2957 2967
1 0 8
3 2953 2950 159
1 0 8
3 2953 2967 2957
1 0 8
3 2935 2957 2966
1 0 8
3 2968 2950 2948
1 0 8
3 2953 159 2967
1 0 8
3 159 2950 2968
1 0 8
3 2969 2970 2971
1 0 8
3 2938 2971 2939
1 0 8
3 2972 2938 2942
1 0 8
3 2971 2973 2969
1 0 8
3 2971 2938 2972
1 0 8
3 2969 2973 137
1 0 8
3 2972 2973 2971
1 0 8
3 2939 2974 2958
1 0 8
3 2939 2971 2974
1 0 8
3 2975 2976 2977
1 0 8
3 2958 2976 2945
1 0 8
3 2978 2979 2975
1 0 8
3 2979 2980 2945
1 0 8
3 2958 2981 2976
1 0 8
3 2977 2976 2981
1 0 8
3 2958 2974 2981
1 0 8
3 2977 2981 2974
1 0 8
3 2982 2983 2978
1 0 8
3 2944 2983 2946
1 0 8
3 2945 2976 2979
1 0 8
3 2975 2979 2976
1 0 8
3 2944 2980 2983
1 0 8
3 2978 2983 2980
1 0 8
3 2944 2945 2980
1 0 8
3 2978 2980 2979
1 0 8
3 2984 2985 2982
1 0 8
3 2946 2985 2948
1 0 8
3 2946 2986 2985
1 0 8
3 2982 2985 2986
1 0 8
3 2946 2983 2986
1 0 8
3 2982 2986 2983
1 0 8
3 2948 2987 2968
1 0 8
3 2984 2968 2987
1 0 8
3 2948 2985 2987
1 0 8
3 2984 2987 2985
1 0 8
3 2971 2988 2974
1 0 8
3 2977 2974 2988
1 0 8
3 2971 2970 2988
1 0 8
3 2977 2988 2970
1 0 8
3 2889 2965 2890
1 0 8
3 2965 148 2890
1 0 8
3 148 2965 150
1 0 8
3 2892 2890 148
1 0 8
3 2892 148 2989
1 0 8
3 2925 2989 2990
1 0 8
3 2989 2925 2892
1 0 8
3 2991 2920 2990
1 0 8
3 2920 2925 2990
1 0 8
3 2920 2991 2917
1 0 8
3 2991 583 2917
1 0 8
3 2899 2992 2903
1 0 8
3 2993 2992 438
1 0 8
3 2899 2898 2994
1 0 8
3 2995 2996 2994
1 0 8
3 2898 2918 2997
1 0 8
3 2998 2995 2997
1 0 8
3 2999 2998 3000
1 0 8
3 2918 2904 3000
1 0 8
3 2999 3000 2904
1 0 8
3 2904 3001 2999
1 0 8
3 3002 2999 3001
1 0 8
3 2904 2906 3001
1 0 8
3 3002 3001 2906
1 0 8
3 2906 3003 3002
1 0 8
3 3004 3002 3003
1 0 8
3 2906 2911 3003
1 0 8
3 3004 3003 2911
1 0 8
3 3005 3006 2914
1 0 8
3 2911 2914 3006
1 0 8
3 3005 3004 3006
1 0 8
3 2911 3006 3004
1 0 8
3 2993 2903 2992
1 0 8
3 2996 438 2992
1 0 8
3 2899 2994 2992
1 0 8
3 2996 2992 2994
1 0 8
3 2898 3007 2994
1 0 8
3 2995 2994 3007
1 0 8
3 2898 2997 3007
1 0 8
3 2995 3007 2997
1 0 8
3 2998 3008 3000
1 0 8
3 2918 3000 3008
1 0 8
3 2998 2997 3008
1 0 8
3 2918 3008 2997
1 0 8
3 2914 3009 3005
1 0 8
3 583 3005 3009
1 0 8
3 2914 2917 3009
1 0 8
3 583 3009 2917
1 0 8
3 2903 3010 2900
1 0 8
3 2900 3010 3011
1 0 8
3 3012 3011 3010
1 0 8
3 2901 3013 2902
1 0 8
3 2900 3011 2901
1 0 8
3 3013 2901 3011
1 0 8
3 3014 3013 3011
1 0 8
3 3015 3016 3017
1 0 8
3 3018 3019 3017
1 0 8
3 3020 3021 3022
1 0 8
3 3023 3024 3022
1 0 8
3 3021 3020 3018
1 0 8
3 3025 3026 3023
1 0 8
3 3019 3018 3020
1 0 8
3 3027 3017 3019
1 0 8
3 3017 3027 3015
1 0 8
3 3024 3023 3026
1 0 8
3 3028 3022 3024
1 0 8
3 3028 3020 3022
1 0 8
3 3026 3025 3029
1 0 8
3 3030 3031 3032
1 0 8
3 3033 3031 3034
1 0 8
3 3035 3036 3030
1 0 8
3 3035 3037 3036
1 0 8
3 3034 3036 3037
1 0 8
3 3011 3012 3038
1 0 8
3 3032 3038 3012
1 0 8
3 3033 3039 3038
1 0 8
3 3011 3038 3039
1 0 8
3 3033 3014 3039
1 0 8
3 3011 3039 3014
1 0 8
3 3032 3040 3038
1 0 8
3 3033 3038 3040
1 0 8
3 3032 3031 3040
1 0 8
3 3033 3040 3031
1 0 8
3 3016 3041 3035
1 0 8
3 3037 3035 3041
1 0 8
3 3016 3015 3041
1 0 8
3 3037 3041 3015
1 0 8
3 3034 3042 3036
1 0 8
3 3030 3036 3042
1 0 8
3 3034 3031 3042
1 0 8
3 3030 3042 3031
1 0 8
3 2902 3013 2940
1 0 8
3 2940 3013 3043
1 0 8
3 3014 3043 3013
1 0 8
3 2941 3044 2942
1 0 8
3 2940 3043 2941
1 0 8
3 3044 2941 3043
1 0 8
3 3045 3044 3043
1 0 8
3 3046 3015 3027
1 0 8
3 3019 3047 3027
1 0 8
3 3028 3048 3020
1 0 8
3 3028 3024 3048
1 0 8
3 3019 3020 3049
1 0 8
3 3050 3024 3026
1 0 8
3 3051 3049 3020
1 0 8
3 3047 3019 3049
1 0 8
3 3027 3047 3046
1 0 8
3 3052 3050 3026
1 0 8
3 3048 3024 3050
1 0 8
3 3051 3020 3048
1 0 8
3 3052 3026 3029
1 0 8
3 3034 3053 3033
1 0 8
3 3054 3053 3055
1 0 8
3 3037 3056 3034
1 0 8
3 3037 3057 3056
1 0 8
3 3055 3056 3057
1 0 8
3 3043 3014 3058
1 0 8
3 3033 3058 3014
1 0 8
3 3054 3059 3058
1 0 8
3 3043 3058 3059
1 0 8
3 3054 3045 3059
1 0 8
3 3043 3059 3045
1 0 8
3 3033 3060 3058
1 0 8
3 3054 3058 3060
1 0 8
3 3033 3053 3060
1 0 8
3 3054 3060 3053
1 0 8
3 3015 3061 3037
1 0 8
3 3057 3037 3061
1 0 8
3 3015 3046 3061
1 0 8
3 3057 3061 3046
1 0 8
3 3055 3062 3056
1 0 8
3 3034 3056 3062
1 0 8
3 3055 3053 3062
1 0 8
3 3034 3062 3053
1 0 8
3 2942 3044 2972
1 0 8
3 2972 3044 3063
1 0 8
3 3063 3064 2973
1 0 8
3 2973 3064 137
1 0 8
3 3063 2973 2972
1 0 8
3 175 3064 3063
1 0 8
3 3044 3045 3063
1 0 8
3 3047 3065 3046
1 0 8
3 3049 3066 3047
1 0 8
3 3051 3067 3049
1 0 8
3 3068 3048 3050
1 0 8
3 3050 3052 3069
1 0 8
3 3051 3048 3068
1 0 8
3 3052 3029 3070
1 0 8
3 3065 3071 3046
1 0 8
3 3047 3066 3065
1 0 8
3 3069 3068 3050
1 0 8
3 3067 3051 3068
1 0 8
3 3067 3066 3049
1 0 8
3 3070 3069 3052
1 0 8
3 3054 3055 3072
1 0 8
3 3073 3074 3072
1 0 8
3 3074 175 3075
1 0 8
3 3063 3075 175
1 0 8
3 3054 3076 3045
1 0 8
3 3063 3045 3076
1 0 8
3 3054 3075 3076
1 0 8
3 3063 3076 3075
1 0 8
3 3077 3073 3078
1 0 8
3 3055 3057 3078
1 0 8
3 3077 3078 3057
1 0 8
3 3054 3079 3075
1 0 8
3 3074 3075 3079
1 0 8
3 3054 3072 3079
1 0 8
3 3074 3079 3072
1 0 8
3 3057 3080 3077
1 0 8
3 3071 3077 3080
1 0 8
3 3057 3046 3080
1 0 8
3 3071 3080 3046
1 0 8
3 3055 3081 3072
1 0 8
3 3073 3072 3081
1 0 8
3 3055 3078 3081
1 0 8
3 3073 3081 3078
1 0 8
3 175 3074 3082
1 0 8
3 3082 3074 3073
1 0 8
3 3083 3073 3077
1 0 8
3 3083 3077 3084
1 0 8
3 3035 3085 3086
1 0 8
3 3087 3085 3030
1 0 8
3 3083 3082 3073
1 0 8
3 438 3088 2993
1 0 8
3 2993 3010 2903
1 0 8
3 3010 2993 3088
1 0 8
3 3089 3090 3018
1 0 8
3 3021 3090 3067
1 0 8
3 3090 3089 3091
1 0 8
3 3012 3092 432
1 0 8
3 3030 3085 3035
1 0 8
3 3087 3030 3032
1 0 8
3 432 3032 3012
1 0 8
3 432 3087 3032
1 0 8
3 3067 3090 3093
1 0 8
3 3094 3089 3017
1 0 8
3 3021 3018 3090
1 0 8
3 3018 3017 3089
1 0 8
3 3084 3077 3071
1 0 8
3 177 3066 3093
1 0 8
3 3071 3065 3095
1 0 8
3 3096 3095 3065
1 0 8
3 3065 3066 3096
1 0 8
3 3095 3084 3071
1 0 8
3 3066 3067 3093
1 0 8
3 177 3093 3091
1 0 8
3 3069 3023 3068
1 0 8
3 3067 3068 3021
1 0 8
3 3025 3069 3070
1 0 8
3 3066 177 3096
1 0 8
3 3094 3017 3016
1 0 8
3 3094 3097 3089
1 0 8
3 3089 3097 3091
1 0 8
3 595 3091 3097
1 0 8
3 3094 3016 3086
1 0 8
3 3023 3022 3068
1 0 8
3 3021 3068 3022
1 0 8
3 595 177 3091
1 0 8
3 3090 3091 3093
1 0 8
3 3069 3025 3023
1 0 8
3 3070 3029 3025
1 0 8
3 3086 3016 3035
1 0 8
3 3092 3098 3088
1 0 8
3 3010 3088 3098
1 0 8
3 3092 3012 3098
1 0 8
3 3010 3098 3012
1 0 9
3 3099 3100 3101
1 0 9
3 3100 3102 3101
1 0 9
3 3103 3104 3105
1 0 9
3 3106 3102 3100
1 0 9
3 3107 3108 3109
1 0 9
3 3109 3104 3110
1 0 9
3 3110 3104 3111
1 0 9
3 3103 3112 3104
1 0 9
3 3113 3112 3103
1 0 9
3 3104 3112 3111
1 0 9
3 3111 3114 3110
1 0 9
3 3115 3116 3117
1 0 9
3 3118 3119 3117
1 0 9
3 3120 3118 3121
1 0 9
3 3116 3122 3121
1 0 9
3 3123 3120 3124
1 0 9
3 3122 3125 3124
1 0 9
3 3126 3123 3127
1 0 9
3 3125 3128 3127
1 0 9
3 3104 3109 3108
1 0 9
3 3118 3117 3121
1 0 9
3 3116 3121 3117
1 0 9
3 3128 3129 3130
1 0 9
3 3131 3126 3130
1 0 9
3 3120 3132 3124
1 0 9
3 3122 3124 3132
1 0 9
3 3120 3121 3132
1 0 9
3 3122 3132 3121
1 0 9
3 3123 3124 3127
1 0 9
3 3125 3127 3124
1 0 9
3 3126 3133 3130
1 0 9
3 3128 3130 3133
1 0 9
3 3126 3127 3133
1 0 9
3 3128 3133 3127
1 0 9
3 3129 3134 3135
1 0 9
3 3136 3131 3135
1 0 9
3 3104 3137 3105
1 0 9
3 3138 3105 3137
1 0 9
3 3104 3108 3137
1 0 9
3 3138 3137 3108
1 0 9
3 3129 3139 3130
1 0 9
3 3131 3130 3139
1 0 9
3 3129 3135 3139
1 0 9
3 3131 3139 3135
1 0 9
3 3136 3140 3106
1 0 9
3 3102 3106 3140
1 0 9
3 3102 3140 3134
1 0 9
3 3134 3141 3135
1 0 9
3 3136 3135 3141
1 0 9
3 3134 3140 3141
1 0 9
3 3136 3141 3140
1 0 9
3 3138 3142 3119
1 0 9
3 3117 3119 3142
1 0 9
3 3138 3108 3142
1 0 9
3 3117 3142 3108
1 0 9
3 3108 3143 3117
1 0 9
3 3115 3117 3143
1 0 9
3 3108 3107 3143
1 0 9
3 3115 3143 3107
1 0 9
3 3099 3144 3100
1 0 9
3 3144 3145 3100
1 0 9
3 3106 3100 3145
1 0 9
3 3138 3146 3105
1 0 9
3 3105 3147 3103
1 0 9
3 3148 3147 3149
1 0 9
3 3103 3147 3150
1 0 9
3 3148 3151 3147
1 0 9
3 3152 3151 3148
1 0 9
3 3147 3151 3150
1 0 9
3 3150 3113 3103
1 0 9
3 3119 3118 3153
1 0 9
3 3154 3155 3153
1 0 9
3 3156 3154 3157
1 0 9
3 3118 3120 3157
1 0 9
3 3158 3156 3159
1 0 9
3 3120 3123 3159
1 0 9
3 3160 3158 3161
1 0 9
3 3123 3126 3161
1 0 9
3 3147 3105 3146
1 0 9
3 3154 3153 3157
1 0 9
3 3118 3157 3153
1 0 9
3 3126 3131 3162
1 0 9
3 3163 3160 3162
1 0 9
3 3156 3164 3159
1 0 9
3 3120 3159 3164
1 0 9
3 3156 3157 3164
1 0 9
3 3120 3164 3157
1 0 9
3 3158 3159 3161
1 0 9
3 3123 3161 3159
1 0 9
3 3160 3165 3162
1 0 9
3 3126 3162 3165
1 0 9
3 3160 3161 3165
1 0 9
3 3126 3165 3161
1 0 9
3 3131 3136 3166
1 0 9
3 3167 3163 3166
1 0 9
3 3147 3168 3149
1 0 9
3 3169 3149 3168
1 0 9
3 3147 3146 3168
1 0 9
3 3169 3168 3146
1 0 9
3 3131 3170 3162
1 0 9
3 3163 3162 3170
1 0 9
3 3131 3166 3170
1 0 9
3 3163 3170 3166
1 0 9
3 3145 3171 3106
1 0 9
3 3136 3106 3171
1 0 9
3 3145 3167 3171
1 0 9
3 3136 3172 3166
1 0 9
3 3167 3166 3172
1 0 9
3 3136 3171 3172
1 0 9
3 3167 3172 3171
1 0 9
3 3169 3173 3155
1 0 9
3 3153 3155 3173
1 0 9
3 3169 3146 3173
1 0 9
3 3153 3173 3146
1 0 9
3 3146 3174 3153
1 0 9
3 3119 3153 3174
1 0 9
3 3146 3138 3174
1 0 9
3 3119 3174 3138
1 0 9
3 3099 3175 3144
1 0 9
3 3144 3175 751
1 0 9
3 3176 3145 751
1 0 9
3 751 3145 3144
1 0 9
3 3176 3177 3167
1 0 9
3 3163 757 3160
1 0 9
3 3163 3167 3177
1 0 9
3 3145 3176 3167
1 0 9
3 3178 3158 3160
1 0 9
3 3163 3177 757
1 0 9
3 757 3178 3160
1 0 9
3 3179 3180 3181
1 0 9
3 3148 3149 3180
1 0 9
3 3182 3152 3148
1 0 9
3 3180 3179 3183
1 0 9
3 3180 3182 3148
1 0 9
3 3179 755 3183
1 0 9
3 3182 3180 3183
1 0 9
3 3149 3169 3184
1 0 9
3 3149 3184 3180
1 0 9
3 3185 3186 3187
1 0 9
3 3169 3155 3187
1 0 9
3 3188 3185 3189
1 0 9
3 3154 3190 3155
1 0 9
3 3186 3191 3187
1 0 9
3 3169 3187 3191
1 0 9
3 3186 3184 3191
1 0 9
3 3169 3191 3184
1 0 9
3 3192 3188 3193
1 0 9
3 3154 3156 3193
1 0 9
3 3185 3187 3189
1 0 9
3 3155 3189 3187
1 0 9
3 3188 3190 3193
1 0 9
3 3154 3193 3190
1 0 9
3 3188 3189 3190
1 0 9
3 3189 3155 3190
1 0 9
3 3194 3192 3195
1 0 9
3 3156 3158 3195
1 0 9
3 3192 3196 3195
1 0 9
3 3156 3195 3196
1 0 9
3 3192 3193 3196
1 0 9
3 3156 3196 3193
1 0 9
3 3194 3197 3178
1 0 9
3 3158 3178 3197
1 0 9
3 3194 3195 3197
1 0 9
3 3158 3197 3195
1 0 9
3 3186 3198 3184
1 0 9
3 3180 3184 3198
1 0 9
3 3186 3181 3198
1 0 9
3 3180 3198 3181
1 0 9
3 3099 3101 3175
1 0 9
3 3175 3101 748
1 0 9
3 748 751 3175
1 0 9
3 3102 748 3101
1 0 9
3 3102 3199 748
1 0 9
3 3134 3200 3199
1 0 9
3 3199 3102 3134
1 0 9
3 3201 3200 3129
1 0 9
3 3129 3200 3134
1 0 9
3 3129 3128 3201
1 0 9
3 3201 3128 1007
1 0 9
3 3202 3203 3114
1 0 9
3 3204 3203 1003
1 0 9
3 3110 3205 3109
1 0 9
3 3206 3205 3204
1 0 9
3 3109 3207 3107
1 0 9
3 3208 3207 3206
1 0 9
3 3209 3210 3208
1 0 9
3 3209 3115 3210
1 0 9
3 3107 3210 3115
1 0 9
3 3211 3212 3209
1 0 9
3 3115 3209 3212
1 0 9
3 3211 3116 3212
1 0 9
3 3115 3212 3116
1 0 9
3 3213 3214 3211
1 0 9
3 3116 3211 3214
1 0 9
3 3213 3122 3214
1 0 9
3 3116 3214 3122
1 0 9
3 3122 3215 3125
1 0 9
3 3216 3125 3215
1 0 9
3 3122 3213 3215
1 0 9
3 3216 3215 3213
1 0 9
3 3202 1003 3203
1 0 9
3 3110 3114 3203
1 0 9
3 3204 3205 3203
1 0 9
3 3110 3203 3205
1 0 9
3 3206 3217 3205
1 0 9
3 3109 3205 3217
1 0 9
3 3206 3207 3217
1 0 9
3 3109 3217 3207
1 0 9
3 3107 3218 3210
1 0 9
3 3208 3210 3218
1 0 9
3 3107 3207 3218
1 0 9
3 3208 3218 3207
1 0 9
3 1007 3219 3216
1 0 9
3 3125 3216 3219
1 0 9
3 1007 3128 3219
1 0 9
3 3125 3219 3128
1 0 9
3 3114 3111 3220
1 0 9
3 3111 3221 3220
1 0 9
3 3222 3220 3221
1 0 9
3 3112 3113 3223
1 0 9
3 3111 3112 3221
1 0 9
3 3223 3221 3112
1 0 9
3 3224 3221 3223
1 0 9
3 3225 3226 3227
1 0 9
3 3228 3229 3226
1 0 9
3 3230 3231 3232
1 0 9
3 3233 3234 3231
1 0 9
3 3229 3230 3235
1 0 9
3 3234 3236 3237
1 0 9
3 3232 3235 3230
1 0 9
3 3235 3226 3229
1 0 9
3 3226 3225 3228
1 0 9
3 3238 3237 3236
1 0 9
3 3237 3231 3234
1 0 9
3 3233 3231 3230
1 0 9
3 3236 3239 3238
1 0 9
3 3240 3241 3242
1 0 9
3 3243 3244 3242
1 0 9
3 3245 3240 3246
1 0 9
3 3244 3247 3246
1 0 9
3 3245 3246 3247
1 0 9
3 3241 3222 3248
1 0 9
3 3221 3248 3222
1 0 9
3 3221 3249 3248
1 0 9
3 3243 3248 3249
1 0 9
3 3221 3224 3249
1 0 9
3 3243 3249 3224
1 0 9
3 3243 3250 3248
1 0 9
3 3241 3248 3250
1 0 9
3 3243 3242 3250
1 0 9
3 3241 3250 3242
1 0 9
3 3247 3251 3245
1 0 9
3 3227 3245 3251
1 0 9
3 3247 3225 3251
1 0 9
3 3227 3251 3225
1 0 9
3 3240 3252 3246
1 0 9
3 3244 3246 3252
1 0 9
3 3240 3242 3252
1 0 9
3 3244 3252 3242
1 0 9
3 3113 3150 3223
1 0 9
3 3150 3253 3223
1 0 9
3 3224 3223 3253
1 0 9
3 3151 3152 3254
1 0 9
3 3150 3151 3253
1 0 9
3 3254 3253 3151
1 0 9
3 3255 3253 3254
1 0 9
3 3256 3228 3225
1 0 9
3 3229 3228 3257
1 0 9
3 3258 3259 3230
1 0 9
3 3233 3259 3234
1 0 9
3 3229 3260 3230
1 0 9
3 3261 3236 3234
1 0 9
3 3258 3230 3260
1 0 9
3 3257 3260 3229
1 0 9
3 3228 3256 3257
1 0 9
3 3262 3236 3261
1 0 9
3 3259 3261 3234
1 0 9
3 3233 3230 3259
1 0 9
3 3262 3239 3236
1 0 9
3 3244 3243 3263
1 0 9
3 3264 3265 3263
1 0 9
3 3247 3244 3266
1 0 9
3 3265 3267 3266
1 0 9
3 3247 3266 3267
1 0 9
3 3243 3224 3268
1 0 9
3 3253 3268 3224
1 0 9
3 3253 3269 3268
1 0 9
3 3264 3268 3269
1 0 9
3 3253 3255 3269
1 0 9
3 3264 3269 3255
1 0 9
3 3264 3270 3268
1 0 9
3 3243 3268 3270
1 0 9
3 3264 3263 3270
1 0 9
3 3243 3270 3263
1 0 9
3 3267 3271 3247
1 0 9
3 3225 3247 3271
1 0 9
3 3267 3256 3271
1 0 9
3 3225 3271 3256
1 0 9
3 3244 3272 3266
1 0 9
3 3265 3266 3272
1 0 9
3 3244 3263 3272
1 0 9
3 3265 3272 3263
1 0 9
3 3152 3182 3254
1 0 9
3 3182 3273 3254
1 0 9
3 3273 3183 3274
1 0 9
3 3183 755 3274
1 0 9
3 3273 3182 3183
1 0 9
3 736 3273 3274
1 0 9
3 3254 3273 3255
1 0 9
3 3257 3256 3275
1 0 9
3 3260 3257 3276
1 0 9
3 3258 3260 3277
1 0 9
3 3278 3261 3259
1 0 9
3 3261 3279 3262
1 0 9
3 3258 3278 3259
1 0 9
3 3262 3280 3239
1 0 9
3 3275 3256 3281
1 0 9
3 3257 3275 3276
1 0 9
3 3279 3261 3278
1 0 9
3 3277 3278 3258
1 0 9
3 3277 3260 3276
1 0 9
3 3280 3262 3279
1 0 9
3 3264 3282 3265
1 0 9
3 3283 3282 3284
1 0 9
3 3273 736 3285
1 0 9
3 3284 3285 736
1 0 9
3 3273 3286 3255
1 0 9
3 3264 3255 3286
1 0 9
3 3273 3285 3286
1 0 9
3 3264 3286 3285
1 0 9
3 3287 3288 3283
1 0 9
3 3287 3267 3288
1 0 9
3 3265 3288 3267
1 0 9
3 3284 3289 3285
1 0 9
3 3264 3285 3289
1 0 9
3 3284 3282 3289
1 0 9
3 3264 3289 3282
1 0 9
3 3281 3290 3287
1 0 9
3 3267 3287 3290
1 0 9
3 3281 3256 3290
1 0 9
3 3267 3290 3256
1 0 9
3 3283 3291 3282
1 0 9
3 3265 3282 3291
1 0 9
3 3283 3288 3291
1 0 9
3 3265 3291 3288
1 0 9
3 736 3292 3284
1 0 9
3 3292 3283 3284
1 0 9
3 3293 3287 3283
1 0 9
3 3293 3294 3287
1 0 9
3 3245 3295 3296
1 0 9
3 3297 3240 3296
1 0 9
3 3293 3283 3292
1 0 9
3 1003 3202 3298
1 0 9
3 3202 3114 3220
1 0 9
3 3220 3298 3202
1 0 9
3 3299 3235 3300
1 0 9
3 3232 3277 3300
1 0 9
3 3300 3301 3299
1 0 9
3 3222 1018 3302
1 0 9
3 3240 3245 3296
1 0 9
3 3297 3241 3240
1 0 9
3 1018 3222 3241
1 0 9
3 1018 3241 3297
1 0 9
3 3277 3303 3300
1 0 9
3 3304 3226 3299
1 0 9
3 3232 3300 3235
1 0 9
3 3235 3299 3226
1 0 9
3 3294 3281 3287
1 0 9
3 743 3303 3276
1 0 9
3 3281 3305 3275
1 0 9
3 3306 3275 3305
1 0 9
3 3275 3306 3276
1 0 9
3 3305 3281 3294
1 0 9
3 3276 3303 3277
1 0 9
3 743 3301 3303
1 0 9
3 3279 3278 3237
1 0 9
3 3277 3232 3278
1 0 9
3 3238 3280 3279
1 0 9
3 743 3276 3306
1 0 9
3 3304 3227 3226
1 0 9
3 3304 3299 3307
1 0 9
3 3299 3301 3307
1 0 9
3 1182 3307 3301
1 0 9
3 3304 3295 3227
1 0 9
3 3237 3278 3231
1 0 9
3 3232 3231 3278
1 0 9
3 1182 3301 743
1 0 9
3 3300 3303 3301
1 0 9
3 3279 3237 3238
1 0 9
3 3280 3238 3239
1 0 9
3 3295 3245 3227
1 0 9
3 3220 3308 3298
1 0 9
3 3302 3298 3308
1 0 9
3 3220 3222 3308
1 0 9
3 3302 3308 3222
1 0 10
3 3309 3310 3311
1 0 10
3 3312 3313 3314
1 0 10
3 3315 3316 3317
1 0 10
3 3318 3319 3320
1 0 10
3 3321 3322 3323
1 0 10
3 3324 3325 3326
1 0 10
3 3327 3328 3329
1 0 10
3 3330 3331 3332
1 0 10
3 3333 3334 3335
1 0 10
3 3336 3335 3337
1 0 10
3 3338 3339 3340
1 0 10
3 3341 3342 3343
1 0 10
3 3344 3345 3346
1 0 10
3 3347 3348 3349
1 0 10
3 3350 3351 3352
1 0 10
3 3338 3353 3339
1 0 10
3 3354 3355 3356
1 0 10
3 3354 3356 3357
1 0 10
3 3358 3359 3312
1 0 10
3 3360 3361 3362
1 0 10
3 3363 3364 3365
1 0 10
3 3366 3367 3368
1 0 10
3 3369 3370 3339
1 0 10
3 3371 3372 3373
1 0 10
3 3374 3375 3371
1 0 10
3 3376 3377 3378
1 0 10
3 3379 3376 3380
1 0 10
3 3344 3381 3382
1 0 10
3 3332 3383 3384
1 0 10
3 3385 3386 3387
1 0 10
3 3388 3389 3390
1 0 10
3 3338 3391 3392
1 0 10
3 3338 3392 3393
1 0 10
3 3356 3394 3395
1 0 10
3 3357 3356 3395
1 0 10
3 3363 3365 3396
1 0 10
3 3331 3397 3332
1 0 10
3 3398 3399 3400
1 0 10
3 3385 3401 3402
1 0 10
3 3385 3402 3386
1 0 10
3 3403 3404 3405
1 0 10
3 3406 3407 3408
1 0 10
3 3409 3410 3406
1 0 10
3 3411 3412 3312
1 0 10
3 3352 3348 3413
1 0 10
3 3414 3404 3415
1 0 10
3 3416 3399 3417
1 0 10
3 3418 3419 3420
1 0 10
3 3421 3422 3423
1 0 10
3 3344 3346 3424
1 0 10
3 3425 3426 3427
1 0 10
3 3428 3429 3419
1 0 10
3 3337 3430 3400
1 0 10
3 3431 3400 3430
1 0 10
3 3431 3430 3432
1 0 10
3 3341 3343 3433
1 0 10
3 3433 3434 3435
1 0 10
3 3436 3437 3354
1 0 10
3 3438 3394 3439
1 0 10
3 3440 3439 3394
1 0 10
3 3441 3442 3443
1 0 10
3 3444 3442 3429
1 0 10
3 3445 3446 3447
1 0 10
3 3373 3372 3448
1 0 10
3 3372 3449 3448
1 0 10
3 3450 3451 3452
1 0 10
3 3453 3454 3452
1 0 10
3 3455 3456 3457
1 0 10
3 3458 3459 3460
1 0 10
3 3461 3462 3382
1 0 10
3 3463 3382 3462
1 0 10
3 3463 3462 3464
1 0 10
3 3465 3466 3467
1 0 10
3 3468 3469 3470
1 0 10
3 3431 3471 3472
1 0 10
3 3398 3400 3472
1 0 10
3 3431 3472 3400
1 0 10
3 3473 3474 3475
1 0 10
3 3476 3475 3477
1 0 10
3 3390 3389 3477
1 0 10
3 3476 3477 3389
1 0 10
3 3478 3474 3473
1 0 10
3 3367 3479 3480
1 0 10
3 3481 3480 3479
1 0 10
3 3482 3483 3484
1 0 10
3 3355 3394 3356
1 0 10
3 3485 3395 3394
1 0 10
3 3486 3353 3487
1 0 10
3 3353 3488 3489
1 0 10
3 3490 3321 3323
1 0 10
3 3490 3396 3321
1 0 10
3 3365 3321 3396
1 0 10
3 3491 3380 3492
1 0 10
3 3380 3493 3492
1 0 10
3 3494 3495 3496
1 0 10
3 3425 3497 3426
1 0 10
3 3385 3498 3497
1 0 10
3 3499 3364 3500
1 0 10
3 3341 3501 3500
1 0 10
3 3341 3500 3342
1 0 10
3 3448 3361 3502
1 0 10
3 3373 3448 3502
1 0 10
3 3360 3499 3502
1 0 10
3 3499 3501 3502
1 0 10
3 3312 3412 3313
1 0 10
3 3503 3504 3313
1 0 10
3 3504 3314 3313
1 0 10
3 3505 3506 3507
1 0 10
3 3508 3328 3327
1 0 10
3 3312 3314 3509
1 0 10
3 3510 3509 3314
1 0 10
3 3344 3382 3511
1 0 10
3 3444 3429 3511
1 0 10
3 3411 3512 3427
1 0 10
3 3513 3393 3374
1 0 10
3 3348 3352 3351
1 0 10
3 3349 3348 3351
1 0 10
3 3514 3515 3350
1 0 10
3 3516 3434 3496
1 0 10
3 3319 3318 3417
1 0 10
3 3517 3320 3319
1 0 10
3 3384 3318 3320
1 0 10
3 3489 3518 3326
1 0 10
3 3487 3489 3326
1 0 10
3 3519 3520 3326
1 0 10
3 3520 3324 3326
1 0 10
3 3325 3521 3487
1 0 10
3 3517 3319 3325
1 0 10
3 3487 3326 3325
1 0 10
3 3517 3325 3324
1 0 10
3 3372 3371 3375
1 0 10
3 3393 3375 3374
1 0 10
3 3425 3522 3494
1 0 10
3 3425 3427 3522
1 0 10
3 3523 3524 3437
1 0 10
3 3354 3437 3524
1 0 10
3 3354 3524 3355
1 0 10
3 3489 3487 3353
1 0 10
3 3486 3525 3353
1 0 10
3 3331 3526 3397
1 0 10
3 3526 3527 3397
1 0 10
3 3528 3529 3530
1 0 10
3 3498 3531 3532
1 0 10
3 3533 3534 3535
1 0 10
3 3536 3537 3538
1 0 10
3 3349 3539 3538
1 0 10
3 3363 3396 3540
1 0 10
3 3386 3402 3540
1 0 10
3 3363 3540 3541
1 0 10
3 3523 3542 3529
1 0 10
3 3543 3443 3493
1 0 10
3 3409 3492 3493
1 0 10
3 3544 3316 3315
1 0 10
3 3371 3317 3316
1 0 10
3 3544 3518 3316
1 0 10
3 3371 3316 3374
1 0 10
3 3447 3545 3445
1 0 10
3 3377 3546 3378
1 0 10
3 3543 3547 3546
1 0 10
3 3445 3317 3373
1 0 10
3 3346 3542 3424
1 0 10
3 3523 3424 3542
1 0 10
3 3543 3548 3443
1 0 10
3 3441 3443 3548
1 0 10
3 3441 3548 3549
1 0 10
3 3550 3410 3551
1 0 10
3 3444 3550 3551
1 0 10
3 3443 3442 3551
1 0 10
3 3444 3551 3442
1 0 10
3 3523 3529 3524
1 0 10
3 3513 3488 3393
1 0 10
3 3338 3393 3488
1 0 10
3 3513 3489 3488
1 0 10
3 3338 3488 3353
1 0 10
3 3312 3552 3358
1 0 10
3 3553 3554 3552
1 0 10
3 3312 3509 3552
1 0 10
3 3555 3315 3317
1 0 10
3 3545 3555 3317
1 0 10
3 3371 3373 3317
1 0 10
3 3545 3317 3445
1 0 10
3 3556 3554 3405
1 0 10
3 3376 3554 3553
1 0 10
3 3553 3557 3376
1 0 10
3 3377 3376 3557
1 0 10
3 3553 3558 3557
1 0 10
3 3497 3559 3401
1 0 10
3 3385 3497 3401
1 0 10
3 3343 3342 3401
1 0 10
3 3342 3402 3401
1 0 10
3 3436 3328 3560
1 0 10
3 3436 3560 3437
1 0 10
3 3347 3561 3348
1 0 10
3 3474 3322 3362
1 0 10
3 3390 3474 3362
1 0 10
3 3365 3360 3362
1 0 10
3 3366 3562 3563
1 0 10
3 3367 3366 3563
1 0 10
3 3398 3564 3563
1 0 10
3 3367 3563 3479
1 0 10
3 3367 3565 3368
1 0 10
3 3566 3567 3565
1 0 10
3 3367 3483 3565
1 0 10
3 3566 3568 3569
1 0 10
3 3369 3569 3568
1 0 10
3 3566 3570 3568
1 0 10
3 3340 3339 3370
1 0 10
3 3369 3571 3370
1 0 10
3 3340 3572 3338
1 0 10
3 3391 3338 3572
1 0 10
3 3340 3573 3572
1 0 10
3 3574 3420 3549
1 0 10
3 3357 3575 3576
1 0 10
3 3436 3354 3576
1 0 10
3 3357 3576 3354
1 0 10
3 3577 3421 3423
1 0 10
3 3444 3511 3578
1 0 10
3 3382 3578 3511
1 0 10
3 3556 3358 3554
1 0 10
3 3358 3552 3554
1 0 10
3 3499 3500 3501
1 0 10
3 3373 3502 3501
1 0 10
3 3433 3446 3341
1 0 10
3 3373 3501 3445
1 0 10
3 3426 3497 3498
1 0 10
3 3532 3426 3498
1 0 10
3 3385 3387 3498
1 0 10
3 3357 3579 3575
1 0 10
3 3580 3421 3579
1 0 10
3 3357 3395 3579
1 0 10
3 3580 3579 3395
1 0 10
3 3403 3379 3491
1 0 10
3 3403 3405 3379
1 0 10
3 3491 3379 3380
1 0 10
3 3378 3380 3376
1 0 10
3 3408 3581 3406
1 0 10
3 3377 3582 3546
1 0 10
3 3583 3336 3584
1 0 10
3 3337 3584 3336
1 0 10
3 3388 3585 3389
1 0 10
3 3378 3546 3547
1 0 10
3 3380 3378 3547
1 0 10
3 3543 3493 3547
1 0 10
3 3380 3547 3493
1 0 10
3 3461 3381 3560
1 0 10
3 3583 3584 3527
1 0 10
3 3416 3397 3527
1 0 10
3 3583 3527 3526
1 0 10
3 3586 3454 3514
1 0 10
3 3389 3585 3506
1 0 10
3 3587 3506 3585
1 0 10
3 3588 3589 3590
1 0 10
3 3492 3591 3491
1 0 10
3 3491 3589 3403
1 0 10
3 3428 3592 3346
1 0 10
3 3428 3593 3592
1 0 10
3 3594 3592 3593
1 0 10
3 3405 3554 3379
1 0 10
3 3376 3379 3554
1 0 10
3 3544 3519 3518
1 0 10
3 3513 3374 3518
1 0 10
3 3374 3316 3518
1 0 10
3 3513 3518 3489
1 0 10
3 3519 3326 3518
1 0 10
3 3393 3392 3595
1 0 10
3 3393 3595 3375
1 0 10
3 3596 3597 3414
1 0 10
3 3598 3438 3439
1 0 10
3 3435 3599 3433
1 0 10
3 3558 3600 3457
1 0 10
3 3552 3600 3553
1 0 10
3 3494 3496 3434
1 0 10
3 3343 3559 3434
1 0 10
3 3516 3435 3434
1 0 10
3 3343 3434 3433
1 0 10
3 3430 3601 3432
1 0 10
3 3464 3462 3508
1 0 10
3 3328 3602 3560
1 0 10
3 3587 3449 3595
1 0 10
3 3375 3595 3449
1 0 10
3 3587 3585 3449
1 0 10
3 3557 3456 3377
1 0 10
3 3455 3460 3582
1 0 10
3 3428 3345 3429
1 0 10
3 3428 3346 3345
1 0 10
3 3411 3359 3512
1 0 10
3 3556 3597 3359
1 0 10
3 3411 3312 3359
1 0 10
3 3556 3359 3358
1 0 10
3 3405 3414 3597
1 0 10
3 3556 3405 3597
1 0 10
3 3596 3512 3597
1 0 10
3 3512 3359 3597
1 0 10
3 3485 3394 3438
1 0 10
3 3596 3522 3512
1 0 10
3 3427 3512 3522
1 0 10
3 3349 3351 3539
1 0 10
3 3539 3515 3453
1 0 10
3 3360 3364 3499
1 0 10
3 3363 3500 3364
1 0 10
3 3360 3365 3364
1 0 10
3 3603 3604 3605
1 0 10
3 3540 3606 3386
1 0 10
3 3388 3361 3448
1 0 10
3 3360 3502 3361
1 0 10
3 3388 3390 3361
1 0 10
3 3390 3362 3361
1 0 10
3 3485 3607 3608
1 0 10
3 3580 3395 3608
1 0 10
3 3485 3608 3395
1 0 10
3 3388 3449 3585
1 0 10
3 3388 3448 3449
1 0 10
3 3375 3449 3372
1 0 10
3 3363 3541 3500
1 0 10
3 3342 3500 3541
1 0 10
3 3402 3541 3540
1 0 10
3 3342 3541 3402
1 0 10
3 3609 3610 3575
1 0 10
3 3611 3573 3468
1 0 10
3 3370 3469 3340
1 0 10
3 3344 3511 3345
1 0 10
3 3429 3345 3511
1 0 10
3 3424 3612 3381
1 0 10
3 3461 3382 3381
1 0 10
3 3424 3381 3344
1 0 10
3 3425 3559 3497
1 0 10
3 3343 3401 3559
1 0 10
3 3425 3494 3559
1 0 10
3 3494 3434 3559
1 0 10
3 3391 3572 3613
1 0 10
3 3614 3613 3615
1 0 10
3 3568 3466 3369
1 0 10
3 3465 3470 3571
1 0 10
3 3570 3616 3467
1 0 10
3 3483 3616 3565
1 0 10
3 3390 3477 3474
1 0 10
3 3477 3475 3474
1 0 10
3 3481 3564 3471
1 0 10
3 3617 3423 3422
1 0 10
3 3421 3580 3422
1 0 10
3 3549 3618 3441
1 0 10
3 3549 3420 3618
1 0 10
3 3618 3420 3419
1 0 10
3 3546 3619 3543
1 0 10
3 3478 3322 3474
1 0 10
3 3365 3362 3322
1 0 10
3 3478 3323 3322
1 0 10
3 3365 3322 3321
1 0 10
3 3569 3567 3566
1 0 10
3 3368 3565 3567
1 0 10
3 3486 3620 3569
1 0 10
3 3368 3567 3621
1 0 10
3 3406 3581 3409
1 0 10
3 3581 3591 3409
1 0 10
3 3536 3622 3623
1 0 10
3 3550 3444 3407
1 0 10
3 3624 3625 3407
1 0 10
3 3573 3626 3572
1 0 10
3 3613 3572 3626
1 0 10
3 3613 3626 3615
1 0 10
3 3452 3627 3453
1 0 10
3 3627 3622 3453
1 0 10
3 3575 3628 3609
1 0 10
3 3575 3579 3628
1 0 10
3 3421 3628 3579
1 0 10
3 3391 3629 3392
1 0 10
3 3391 3613 3629
1 0 10
3 3584 3630 3527
1 0 10
3 3584 3337 3630
1 0 10
3 3399 3630 3400
1 0 10
3 3337 3400 3630
1 0 10
3 3506 3629 3507
1 0 10
3 3623 3627 3451
1 0 10
3 3452 3451 3627
1 0 10
3 3548 3543 3619
1 0 10
3 3458 3631 3619
1 0 10
3 3571 3466 3465
1 0 10
3 3570 3467 3466
1 0 10
3 3571 3369 3466
1 0 10
3 3570 3466 3568
1 0 10
3 3444 3578 3632
1 0 10
3 3624 3407 3632
1 0 10
3 3444 3632 3407
1 0 10
3 3582 3456 3455
1 0 10
3 3558 3457 3456
1 0 10
3 3582 3377 3456
1 0 10
3 3558 3456 3557
1 0 10
3 3629 3587 3392
1 0 10
3 3534 3503 3633
1 0 10
3 3534 3633 3535
1 0 10
3 3529 3634 3524
1 0 10
3 3355 3524 3634
1 0 10
3 3635 3636 3634
1 0 10
3 3442 3618 3429
1 0 10
3 3419 3429 3618
1 0 10
3 3442 3441 3618
1 0 10
3 3538 3637 3349
1 0 10
3 3538 3537 3637
1 0 10
3 3454 3515 3514
1 0 10
3 3351 3350 3515
1 0 10
3 3454 3453 3515
1 0 10
3 3351 3515 3539
1 0 10
3 3550 3407 3406
1 0 10
3 3625 3408 3407
1 0 10
3 3638 3607 3598
1 0 10
3 3598 3413 3638
1 0 10
3 3506 3639 3389
1 0 10
3 3476 3389 3639
1 0 10
3 3506 3505 3639
1 0 10
3 3476 3639 3505
1 0 10
3 3309 3640 3641
1 0 10
3 3452 3642 3640
1 0 10
3 3309 3311 3640
1 0 10
3 3417 3366 3643
1 0 10
3 3621 3319 3643
1 0 10
3 3417 3643 3319
1 0 10
3 3561 3638 3348
1 0 10
3 3413 3348 3638
1 0 10
3 3427 3644 3411
1 0 10
3 3412 3411 3644
1 0 10
3 3427 3426 3644
1 0 10
3 3609 3628 3577
1 0 10
3 3421 3577 3628
1 0 10
3 3594 3530 3645
1 0 10
3 3542 3346 3645
1 0 10
3 3522 3495 3494
1 0 10
3 3646 3496 3495
1 0 10
3 3522 3596 3495
1 0 10
3 3596 3647 3495
1 0 10
3 3571 3469 3370
1 0 10
3 3573 3340 3469
1 0 10
3 3571 3470 3469
1 0 10
3 3573 3469 3468
1 0 10
3 3426 3532 3644
1 0 10
3 3412 3644 3532
1 0 10
3 3573 3611 3626
1 0 10
3 3615 3626 3611
1 0 10
3 3537 3648 3637
1 0 10
3 3649 3637 3648
1 0 10
3 3537 3617 3648
1 0 10
3 3646 3647 3415
1 0 10
3 3414 3415 3647
1 0 10
3 3646 3495 3647
1 0 10
3 3414 3647 3596
1 0 10
3 3397 3383 3332
1 0 10
3 3318 3384 3383
1 0 10
3 3397 3416 3383
1 0 10
3 3535 3633 3532
1 0 10
3 3412 3532 3633
1 0 10
3 3567 3569 3620
1 0 10
3 3621 3567 3620
1 0 10
3 3486 3487 3620
1 0 10
3 3501 3446 3445
1 0 10
3 3599 3447 3446
1 0 10
3 3501 3341 3446
1 0 10
3 3599 3446 3433
1 0 10
3 3621 3521 3319
1 0 10
3 3325 3319 3521
1 0 10
3 3621 3620 3521
1 0 10
3 3620 3487 3521
1 0 10
3 3595 3392 3587
1 0 10
3 3506 3587 3629
1 0 10
3 3527 3650 3416
1 0 10
3 3399 3416 3650
1 0 10
3 3527 3630 3650
1 0 10
3 3399 3650 3630
1 0 10
3 3339 3353 3525
1 0 10
3 3369 3339 3525
1 0 10
3 3486 3569 3525
1 0 10
3 3369 3525 3569
1 0 10
3 3463 3632 3382
1 0 10
3 3578 3382 3632
1 0 10
3 3463 3624 3632
1 0 10
3 3529 3651 3634
1 0 10
3 3635 3634 3651
1 0 10
3 3529 3528 3651
1 0 10
3 3635 3651 3528
1 0 10
3 3535 3652 3533
1 0 10
3 3653 3533 3652
1 0 10
3 3653 3652 3387
1 0 10
3 3438 3607 3485
1 0 10
3 3561 3608 3607
1 0 10
3 3438 3598 3607
1 0 10
3 3561 3607 3638
1 0 10
3 3482 3467 3616
1 0 10
3 3483 3482 3616
1 0 10
3 3570 3566 3616
1 0 10
3 3566 3565 3616
1 0 10
3 3493 3410 3409
1 0 10
3 3550 3406 3410
1 0 10
3 3493 3443 3410
1 0 10
3 3443 3551 3410
1 0 10
3 3318 3383 3417
1 0 10
3 3416 3417 3383
1 0 10
3 3454 3642 3452
1 0 10
3 3641 3640 3642
1 0 10
3 3454 3586 3642
1 0 10
3 3641 3642 3586
1 0 10
3 3530 3529 3645
1 0 10
3 3542 3645 3529
1 0 10
3 3549 3548 3654
1 0 10
3 3631 3574 3654
1 0 10
3 3549 3654 3574
1 0 10
3 3548 3619 3654
1 0 10
3 3631 3654 3619
1 0 10
3 3412 3633 3313
1 0 10
3 3503 3313 3633
1 0 10
3 3398 3563 3562
1 0 10
3 3399 3398 3562
1 0 10
3 3366 3417 3562
1 0 10
3 3399 3562 3417
1 0 10
3 3509 3600 3552
1 0 10
3 3558 3553 3600
1 0 10
3 3509 3510 3600
1 0 10
3 3510 3457 3600
1 0 10
3 3452 3640 3450
1 0 10
3 3311 3450 3640
1 0 10
3 3507 3655 3614
1 0 10
3 3613 3614 3655
1 0 10
3 3507 3629 3655
1 0 10
3 3613 3655 3629
1 0 10
3 3366 3656 3643
1 0 10
3 3621 3643 3656
1 0 10
3 3366 3368 3656
1 0 10
3 3621 3656 3368
1 0 10
3 3461 3560 3602
1 0 10
3 3462 3461 3602
1 0 10
3 3328 3508 3602
1 0 10
3 3462 3602 3508
1 0 10
3 3604 3657 3605
1 0 10
3 3604 3653 3657
1 0 10
3 3387 3657 3653
1 0 10
3 3605 3657 3386
1 0 10
3 3387 3386 3657
1 0 10
3 3539 3453 3622
1 0 10
3 3538 3539 3622
1 0 10
3 3627 3623 3622
1 0 10
3 3538 3622 3536
1 0 10
3 3561 3422 3608
1 0 10
3 3580 3608 3422
1 0 10
3 3483 3658 3484
1 0 10
3 3480 3484 3658
1 0 10
3 3483 3367 3658
1 0 10
3 3480 3658 3367
1 0 10
3 3561 3347 3422
1 0 10
3 3649 3422 3347
1 0 10
3 3396 3606 3540
1 0 10
3 3605 3386 3606
1 0 10
3 3396 3490 3606
1 0 10
3 3560 3612 3437
1 0 10
3 3523 3437 3612
1 0 10
3 3560 3381 3612
1 0 10
3 3523 3612 3424
1 0 10
3 3479 3564 3481
1 0 10
3 3472 3471 3564
1 0 10
3 3479 3563 3564
1 0 10
3 3472 3564 3398
1 0 10
3 3589 3491 3591
1 0 10
3 3590 3589 3591
1 0 10
3 3492 3409 3591
1 0 10
3 3590 3591 3581
1 0 10
3 3349 3637 3347
1 0 10
3 3649 3347 3637
1 0 10
3 3329 3659 3610
1 0 10
3 3575 3610 3659
1 0 10
3 3575 3659 3576
1 0 10
3 3593 3660 3418
1 0 10
3 3419 3418 3660
1 0 10
3 3593 3428 3660
1 0 10
3 3419 3660 3428
1 0 10
3 3346 3592 3645
1 0 10
3 3594 3645 3592
1 0 10
3 3617 3422 3648
1 0 10
3 3649 3648 3422
1 0 10
3 3588 3415 3404
1 0 10
3 3589 3588 3404
1 0 10
3 3414 3405 3404
1 0 10
3 3589 3404 3403
1 0 10
3 3546 3459 3619
1 0 10
3 3458 3619 3459
1 0 10
3 3546 3582 3459
1 0 10
3 3582 3460 3459
1 0 10
3 3355 3636 3394
1 0 10
3 3440 3394 3636
1 0 10
3 3355 3634 3636
1 0 10
3 3440 3636 3635
1 0 10
3 3605 3661 3603
1 0 10
3 3490 3603 3661
1 0 10
3 3605 3606 3661
1 0 10
3 3490 3661 3606
1 0 10
3 3387 3531 3498
1 0 10
3 3535 3532 3531
1 0 10
3 3387 3652 3531
1 0 10
3 3535 3531 3652
1 0 10
3 3436 3576 3659
1 0 10
3 3329 3328 3659
1 0 10
3 3436 3659 3328
1 0 10
3 3334 3601 3335
1 0 10
3 3337 3335 3601
1 0 10
3 3334 3432 3601
1 0 10
3 3337 3601 3430
1 0 10
3 3310 3309 3662
1 0 10
3 3505 3663 3476
1 0 10
3 3664 3665 3666
1 0 10
3 3667 3668 3534
1 0 10
3 1438 3669 3670
1 0 10
3 3671 3672 3478
1 0 10
3 3673 3674 3475
1 0 10
3 3480 3675 3484
1 0 10
3 3676 3677 3678
1 0 10
3 3679 3680 3681
1 0 10
3 3682 3683 3684
1 0 10
3 1491 1422 3685
1 0 10
3 3686 3334 3687
1 0 10
3 3688 3689 3690
1 0 10
3 3691 3692 3693
1 0 10
3 3694 3695 3696
1 0 10
3 3697 3694 3671
1 0 10
3 3698 3699 3675
1 0 10
3 3698 3700 3699
1 0 10
3 3689 3701 3690
1 0 10
3 3702 3703 3704
1 0 10
3 3705 3706 3707
1 0 10
3 3708 3709 3705
1 0 10
3 3705 3707 3710
1 0 10
3 3711 3712 3713
1 0 10
3 3714 3715 3716
1 0 10
3 3717 3667 3718
1 0 10
3 3719 3720 3721
1 0 10
3 3722 3723 3724
1 0 10
3 3593 3725 3594
1 0 10
3 3726 3727 3728
1 0 10
3 3439 3729 3598
1 0 10
3 3730 3731 3732
1 0 10
3 3733 3734 3735
1 0 10
3 3413 3736 3352
1 0 10
3 1422 3737 3685
1 0 10
3 3711 3729 3738
1 0 10
3 3711 3739 3712
1 0 10
3 3692 3740 3741
1 0 10
3 3693 3692 3741
1 0 10
3 3742 3743 3744
1 0 10
3 3717 3745 3667
1 0 10
3 3746 3747 3748
1 0 10
3 3749 3750 3751
1 0 10
3 3752 3750 3753
1 0 10
3 3754 3755 3420
1 0 10
3 3688 3756 3757
1 0 10
3 3688 3758 3756
1 0 10
3 3758 3759 3756
1 0 10
3 3760 3761 3762
1 0 10
3 3763 3764 3765
1 0 10
3 3766 3767 3765
1 0 10
3 3768 3749 3769
1 0 10
3 3722 3724 3770
1 0 10
3 3720 3719 3771
1 0 10
3 3772 3773 3774
1 0 10
3 3350 3352 3736
1 0 10
3 3775 3773 3776
1 0 10
3 3350 3773 3514
1 0 10
3 3777 3778 3779
1 0 10
3 3780 3781 3432
1 0 10
3 3782 3715 3780
1 0 10
3 3774 3736 3783
1 0 10
3 3713 3784 3783
1 0 10
3 3465 3467 3785
1 0 10
3 3786 3787 3615
1 0 10
3 3468 3788 3732
1 0 10
3 3468 3470 3788
1 0 10
3 3727 3789 3728
1 0 10
3 3790 3663 3507
1 0 10
3 3431 3791 3471
1 0 10
3 3714 3791 3715
1 0 10
3 3675 3480 3792
1 0 10
3 3481 3792 3480
1 0 10
3 3482 3484 3793
1 0 10
3 3675 3793 3484
1 0 10
3 3794 3665 3664
1 0 10
3 3720 3666 3665
1 0 10
3 3794 3721 3665
1 0 10
3 3720 3665 3721
1 0 10
3 3795 3796 3709
1 0 10
3 3797 3798 3796
1 0 10
3 3476 3673 3475
1 0 10
3 3476 3799 3673
1 0 10
3 3478 3800 3671
1 0 10
3 3478 3473 3800
1 0 10
3 3801 3784 3802
1 0 10
3 3691 3803 3804
1 0 10
3 3697 3804 3805
1 0 10
3 3323 3478 3672
1 0 10
3 3490 3323 3672
1 0 10
3 3768 3806 3807
1 0 10
3 3808 3807 3809
1 0 10
3 3768 3769 3806
1 0 10
3 3804 3810 3811
1 0 10
3 3691 3804 3811
1 0 10
3 3810 3692 3811
1 0 10
3 3691 3811 3692
1 0 10
3 3667 3745 3668
1 0 10
3 3504 3503 3668
1 0 10
3 3503 3534 3668
1 0 10
3 3776 3812 3775
1 0 10
3 3813 3814 3815
1 0 10
3 3719 3816 3771
1 0 10
3 3817 3771 3816
1 0 10
3 3719 3818 3816
1 0 10
3 3819 3820 3739
1 0 10
3 3712 3739 3820
1 0 10
3 3819 3821 3820
1 0 10
3 3802 3822 3821
1 0 10
3 3730 3759 3704
1 0 10
3 3823 3824 3759
1 0 10
3 3730 3756 3759
1 0 10
3 3823 3759 3758
1 0 10
3 3594 3825 3530
1 0 10
3 3817 3826 3825
1 0 10
3 3653 3827 3533
1 0 10
3 3766 3828 3829
1 0 10
3 3828 3830 3829
1 0 10
3 3831 3832 3833
1 0 10
3 3834 3832 3751
1 0 10
3 3533 3827 3835
1 0 10
3 3667 3534 3835
1 0 10
3 3533 3835 3534
1 0 10
3 3836 3666 3837
1 0 10
3 3720 3837 3666
1 0 10
3 3838 3681 3680
1 0 10
3 3839 3679 3681
1 0 10
3 3733 3840 3805
1 0 10
3 3694 3805 3840
1 0 10
3 3733 3735 3840
1 0 10
3 3735 3695 3840
1 0 10
3 3719 3721 3841
1 0 10
3 3842 3676 3843
1 0 10
3 3838 3680 3676
1 0 10
3 3842 3677 3676
1 0 10
3 3838 3676 3678
1 0 10
3 3756 3844 3757
1 0 10
3 1422 3677 3737
1 0 10
3 3842 3845 3677
1 0 10
3 1422 1515 3677
1 0 10
3 1515 3678 3677
1 0 10
3 3779 3846 3847
1 0 10
3 3693 3669 3691
1 0 10
3 3709 3796 3798
1 0 10
3 3797 3848 3798
1 0 10
3 3849 3798 3807
1 0 10
3 3817 3834 3771
1 0 10
3 3706 3850 3851
1 0 10
3 3707 3706 3851
1 0 10
3 3702 3852 3703
1 0 10
3 3853 3703 3741
1 0 10
3 3817 3816 3826
1 0 10
3 3818 3826 3816
1 0 10
3 3715 3782 3854
1 0 10
3 3855 3716 3854
1 0 10
3 3715 3854 3716
1 0 10
3 3705 3710 3856
1 0 10
3 3809 3754 3808
1 0 10
3 3849 3807 3808
1 0 10
3 3806 3809 3807
1 0 10
3 3314 3857 3510
1 0 10
3 3831 3858 3769
1 0 10
3 3859 3860 3857
1 0 10
3 3837 3861 3836
1 0 10
3 3847 3669 1438
1 0 10
3 3693 3862 3669
1 0 10
3 3847 3846 3669
1 0 10
3 3846 3691 3669
1 0 10
3 3863 3835 3827
1 0 10
3 3835 3864 3667
1 0 10
3 3688 3690 3865
1 0 10
3 3753 3836 3752
1 0 10
3 3866 3867 3800
1 0 10
3 3671 3800 3867
1 0 10
3 3866 3697 3867
1 0 10
3 3671 3867 3697
1 0 10
3 3761 3862 3762
1 0 10
3 3693 3852 3862
1 0 10
3 3761 3670 3862
1 0 10
3 3670 3669 3862
1 0 10
3 3868 3869 3870
1 0 10
3 3685 3683 3682
1 0 10
3 3855 3684 3683
1 0 10
3 3685 3737 3683
1 0 10
3 3855 3683 3737
1 0 10
3 3671 3694 3696
1 0 10
3 3728 3871 3696
1 0 10
3 3671 3696 3672
1 0 10
3 3726 3695 3872
1 0 10
3 3734 3872 3735
1 0 10
3 3792 3873 3874
1 0 10
3 3675 3792 3874
1 0 10
3 3714 3875 3874
1 0 10
3 3675 3874 3698
1 0 10
3 3866 3876 3810
1 0 10
3 3799 3740 3876
1 0 10
3 3866 3673 3876
1 0 10
3 3799 3876 3673
1 0 10
3 3699 3690 3701
1 0 10
3 3675 3699 3701
1 0 10
3 3689 3877 3701
1 0 10
3 3675 3701 3793
1 0 10
3 3689 3878 3785
1 0 10
3 3689 3688 3878
1 0 10
3 3757 3878 3688
1 0 10
3 3879 3880 3790
1 0 10
3 3879 3881 3880
1 0 10
3 3853 3740 3880
1 0 10
3 3829 3882 3767
1 0 10
3 3766 3829 3767
1 0 10
3 3724 3723 3767
1 0 10
3 3723 3765 3767
1 0 10
3 3731 3883 3786
1 0 10
3 3790 3787 3879
1 0 10
3 3768 3884 3749
1 0 10
3 3885 3886 3869
1 0 10
3 3574 3754 3420
1 0 10
3 3854 3887 3855
1 0 10
3 3738 3888 3889
1 0 10
3 3711 3738 3889
1 0 10
3 3711 3889 3739
1 0 10
3 3698 3875 3843
1 0 10
3 3843 3875 3845
1 0 10
3 3859 3857 3745
1 0 10
3 3859 3830 3890
1 0 10
3 3805 3804 3803
1 0 10
3 3733 3805 3803
1 0 10
3 3691 3846 3803
1 0 10
3 3737 3677 3845
1 0 10
3 3855 3737 3845
1 0 10
3 3842 3843 3845
1 0 10
3 3855 3845 3716
1 0 10
3 3731 3891 3883
1 0 10
3 3879 3883 3892
1 0 10
3 3704 3703 3892
1 0 10
3 3831 3833 3858
1 0 10
3 3893 3894 3884
1 0 10
3 3635 3742 3440
1 0 10
3 3724 3718 3895
1 0 10
3 3863 3770 3895
1 0 10
3 3724 3895 3770
1 0 10
3 3774 3783 3784
1 0 10
3 3712 3784 3713
1 0 10
3 3896 3708 3897
1 0 10
3 3896 3795 3708
1 0 10
3 3706 3705 3709
1 0 10
3 3795 3709 3708
1 0 10
3 3744 3888 3738
1 0 10
3 3885 3889 3888
1 0 10
3 3744 3898 3888
1 0 10
3 3885 3888 3841
1 0 10
3 3899 3900 3797
1 0 10
3 3768 3807 3848
1 0 10
3 3807 3798 3848
1 0 10
3 3726 3901 3727
1 0 10
3 3863 3901 3770
1 0 10
3 3841 3888 3898
1 0 10
3 3719 3841 3898
1 0 10
3 3744 3818 3898
1 0 10
3 3719 3898 3818
1 0 10
3 3902 3899 3903
1 0 10
3 3684 3887 3904
1 0 10
3 3782 3686 3887
1 0 10
3 3684 3855 3887
1 0 10
3 3782 3887 3854
1 0 10
3 3709 3850 3706
1 0 10
3 3849 3851 3850
1 0 10
3 3709 3798 3850
1 0 10
3 3849 3850 3798
1 0 10
3 3863 3827 3901
1 0 10
3 3727 3901 3827
1 0 10
3 3812 3905 3815
1 0 10
3 3762 3862 3852
1 0 10
3 3702 3762 3852
1 0 10
3 3693 3741 3852
1 0 10
3 3741 3703 3852
1 0 10
3 3797 3796 3899
1 0 10
3 3702 3824 3762
1 0 10
3 3823 3906 3824
1 0 10
3 3702 3704 3824
1 0 10
3 3704 3759 3824
1 0 10
3 3869 3907 3885
1 0 10
3 3897 3890 3828
1 0 10
3 3897 3908 3890
1 0 10
3 3859 3890 3856
1 0 10
3 3716 3875 3714
1 0 10
3 3698 3874 3875
1 0 10
3 3716 3845 3875
1 0 10
3 3746 3909 3896
1 0 10
3 3795 3896 3909
1 0 10
3 3746 3910 3909
1 0 10
3 3859 3856 3860
1 0 10
3 3710 3860 3856
1 0 10
3 3748 3911 3764
1 0 10
3 3856 3890 3908
1 0 10
3 3705 3856 3908
1 0 10
3 3897 3708 3908
1 0 10
3 3705 3908 3708
1 0 10
3 3766 3765 3911
1 0 10
3 3432 3334 3780
1 0 10
3 3514 3775 3586
1 0 10
3 3717 3882 3829
1 0 10
3 3724 3767 3882
1 0 10
3 3717 3718 3882
1 0 10
3 3724 3882 3718
1 0 10
3 3726 3872 3901
1 0 10
3 3809 3806 3858
1 0 10
3 3769 3858 3806
1 0 10
3 3455 3912 3460
1 0 10
3 3885 3841 3886
1 0 10
3 3721 3886 3841
1 0 10
3 3707 3851 3912
1 0 10
3 3697 3805 3694
1 0 10
3 3728 3696 3695
1 0 10
3 3726 3728 3695
1 0 10
3 3694 3840 3695
1 0 10
3 3735 3872 3695
1 0 10
3 3762 3824 3906
1 0 10
3 3760 3762 3906
1 0 10
3 3760 3906 3839
1 0 10
3 3697 3810 3804
1 0 10
3 3697 3866 3810
1 0 10
3 3810 3740 3692
1 0 10
3 3853 3741 3740
1 0 10
3 3810 3876 3740
1 0 10
3 3799 3880 3740
1 0 10
3 3672 3696 3871
1 0 10
3 3490 3672 3871
1 0 10
3 3490 3871 3603
1 0 10
3 3752 3861 3751
1 0 10
3 3611 3786 3615
1 0 10
3 3614 3790 3507
1 0 10
3 3482 3877 3467
1 0 10
3 3481 3471 3873
1 0 10
3 3714 3874 3873
1 0 10
3 3481 3873 3792
1 0 10
3 3858 3755 3809
1 0 10
3 3754 3809 3755
1 0 10
3 3884 3750 3749
1 0 10
3 3752 3751 3750
1 0 10
3 3884 3894 3750
1 0 10
3 3894 3753 3750
1 0 10
3 3755 3858 3913
1 0 10
3 3418 3420 3913
1 0 10
3 3913 3420 3755
1 0 10
3 3812 3776 3905
1 0 10
3 3772 3905 3776
1 0 10
3 3905 3772 3914
1 0 10
3 3772 3776 3773
1 0 10
3 3736 3774 3773
1 0 10
3 3775 3514 3773
1 0 10
3 3736 3773 3350
1 0 10
3 3769 3832 3831
1 0 10
3 3769 3749 3832
1 0 10
3 3749 3751 3832
1 0 10
3 3825 3725 3817
1 0 10
3 3746 3896 3747
1 0 10
3 3911 3747 3896
1 0 10
3 3825 3594 3725
1 0 10
3 3911 3748 3747
1 0 10
3 3765 3764 3911
1 0 10
3 3734 3915 3722
1 0 10
3 3736 3916 3783
1 0 10
3 3736 3413 3916
1 0 10
3 3729 3917 3738
1 0 10
3 3742 3918 3440
1 0 10
3 3914 3919 3905
1 0 10
3 3920 3919 3914
1 0 10
3 3815 3905 3919
1 0 10
3 3899 3902 3900
1 0 10
3 3848 3797 3900
1 0 10
3 3734 3722 3872
1 0 10
3 3729 3439 3917
1 0 10
3 3440 3917 3439
1 0 10
3 3839 3906 3823
1 0 10
3 3758 3679 3823
1 0 10
3 3839 3823 3679
1 0 10
3 3812 3815 3814
1 0 10
3 3662 3814 3813
1 0 10
3 3921 3922 3923
1 0 10
3 3733 3922 3734
1 0 10
3 3883 3879 3787
1 0 10
3 3786 3883 3787
1 0 10
3 3790 3614 3787
1 0 10
3 3614 3615 3787
1 0 10
3 3725 3593 3833
1 0 10
3 3720 3861 3837
1 0 10
3 3752 3836 3861
1 0 10
3 3834 3751 3861
1 0 10
3 3765 3924 3763
1 0 10
3 3921 3763 3924
1 0 10
3 3765 3925 3924
1 0 10
3 3926 3915 3924
1 0 10
3 3458 3927 3631
1 0 10
3 3593 3418 3913
1 0 10
3 3858 3833 3913
1 0 10
3 3593 3913 3833
1 0 10
3 3722 3770 3872
1 0 10
3 3901 3872 3770
1 0 10
3 3801 3928 3784
1 0 10
3 3801 3920 3928
1 0 10
3 3828 3766 3897
1 0 10
3 3857 3860 3510
1 0 10
3 3710 3929 3860
1 0 10
3 3510 3860 3929
1 0 10
3 3710 3457 3929
1 0 10
3 3510 3929 3457
1 0 10
3 3413 3930 3916
1 0 10
3 3729 3931 3930
1 0 10
3 3413 3598 3930
1 0 10
3 3729 3930 3598
1 0 10
3 3333 3687 3334
1 0 10
3 3780 3334 3686
1 0 10
3 3780 3686 3782
1 0 10
3 3641 3932 3814
1 0 10
3 3812 3814 3932
1 0 10
3 3812 3932 3775
1 0 10
3 3834 3817 3933
1 0 10
3 3833 3832 3933
1 0 10
3 3834 3933 3832
1 0 10
3 3775 3934 3586
1 0 10
3 3641 3586 3934
1 0 10
3 3775 3932 3934
1 0 10
3 3641 3934 3932
1 0 10
3 3722 3925 3723
1 0 10
3 3765 3723 3925
1 0 10
3 3722 3926 3925
1 0 10
3 3926 3924 3925
1 0 10
3 3916 3930 3931
1 0 10
3 3783 3916 3931
1 0 10
3 3783 3931 3713
1 0 10
3 3889 3885 3907
1 0 10
3 3739 3889 3907
1 0 10
3 3869 3868 3907
1 0 10
3 3897 3766 3896
1 0 10
3 3911 3896 3766
1 0 10
3 3902 3935 3900
1 0 10
3 3884 3936 3935
1 0 10
3 3902 3893 3935
1 0 10
3 3884 3935 3893
1 0 10
3 3717 3829 3830
1 0 10
3 3745 3717 3830
1 0 10
3 3828 3890 3830
1 0 10
3 3745 3830 3859
1 0 10
3 3834 3937 3771
1 0 10
3 3720 3771 3937
1 0 10
3 3834 3861 3937
1 0 10
3 3720 3937 3861
1 0 10
3 3803 3778 3733
1 0 10
3 3803 3846 3778
1 0 10
3 3846 3779 3778
1 0 10
3 3865 3938 3688
1 0 10
3 3758 3688 3938
1 0 10
3 3758 3938 3679
1 0 10
3 3772 3939 3928
1 0 10
3 3784 3928 3939
1 0 10
3 3772 3774 3939
1 0 10
3 3784 3939 3774
1 0 10
3 3868 3940 3907
1 0 10
3 3739 3907 3940
1 0 10
3 3868 3819 3940
1 0 10
3 3739 3940 3819
1 0 10
3 3690 3700 3865
1 0 10
3 3843 3941 3700
1 0 10
3 3690 3699 3700
1 0 10
3 3843 3700 3698
1 0 10
3 3857 3942 3745
1 0 10
3 3857 3314 3942
1 0 10
3 3504 3942 3314
1 0 10
3 3662 3943 3814
1 0 10
3 3641 3814 3943
1 0 10
3 3662 3309 3943
1 0 10
3 3641 3943 3309
1 0 10
3 3900 3935 3936
1 0 10
3 3848 3900 3936
1 0 10
3 3884 3768 3936
1 0 10
3 3848 3936 3768
1 0 10
3 3818 3743 3528
1 0 10
3 3635 3528 3743
1 0 10
3 3818 3744 3743
1 0 10
3 3635 3743 3742
1 0 10
3 3458 3944 3927
1 0 10
3 3851 3945 3944
1 0 10
3 3851 3944 3912
1 0 10
3 3923 3946 3777
1 0 10
3 3528 3947 3818
1 0 10
3 3528 3530 3947
1 0 10
3 3825 3947 3530
1 0 10
3 3910 3948 3909
1 0 10
3 3796 3948 3899
1 0 10
3 3825 3826 3947
1 0 10
3 3818 3947 3826
1 0 10
3 3754 3949 3808
1 0 10
3 3713 3931 3711
1 0 10
3 3729 3711 3931
1 0 10
3 3794 3950 3721
1 0 10
3 3886 3721 3950
1 0 10
3 3886 3950 3869
1 0 10
3 3869 3950 3870
1 0 10
3 3794 3870 3950
1 0 10
3 3631 3949 3574
1 0 10
3 3754 3574 3949
1 0 10
3 3631 3927 3949
1 0 10
3 3927 3808 3949
1 0 10
3 3799 3476 3663
1 0 10
3 3880 3799 3663
1 0 10
3 3505 3507 3663
1 0 10
3 3880 3663 3790
1 0 10
3 3504 3951 3942
1 0 10
3 3745 3942 3951
1 0 10
3 3504 3668 3951
1 0 10
3 3745 3951 3668
1 0 10
3 3910 3903 3948
1 0 10
3 3899 3948 3903
1 0 10
3 3926 3722 3915
1 0 10
3 3921 3924 3915
1 0 10
3 3734 3922 3915
1 0 10
3 3921 3915 3922
1 0 10
3 3927 3944 3945
1 0 10
3 3808 3927 3945
1 0 10
3 3851 3849 3945
1 0 10
3 3808 3945 3849
1 0 10
3 3680 3941 3676
1 0 10
3 3843 3676 3941
1 0 10
3 3680 3865 3941
1 0 10
3 3865 3700 3941
1 0 10
3 3710 3952 3457
1 0 10
3 3455 3457 3952
1 0 10
3 3455 3952 3912
1 0 10
3 3786 3953 3731
1 0 10
3 3732 3731 3953
1 0 10
3 3786 3611 3953
1 0 10
3 3817 3725 3933
1 0 10
3 3833 3933 3725
1 0 10
3 3710 3707 3952
1 0 10
3 3912 3952 3707
1 0 10
3 3611 3468 3953
1 0 10
3 3732 3953 3468
1 0 10
3 3871 3728 3789
1 0 10
3 3603 3871 3789
1 0 10
3 3727 3604 3789
1 0 10
3 3603 3789 3604
1 0 10
3 3470 3954 3788
1 0 10
3 3757 3788 3954
1 0 10
3 3470 3465 3954
1 0 10
3 3878 3757 3954
1 0 10
3 3465 3785 3954
1 0 10
3 3878 3954 3785
1 0 10
3 3853 3880 3881
1 0 10
3 3703 3853 3881
1 0 10
3 3879 3892 3881
1 0 10
3 3703 3881 3892
1 0 10
3 3712 3822 3784
1 0 10
3 3802 3784 3822
1 0 10
3 3712 3820 3822
1 0 10
3 3820 3821 3822
1 0 10
3 3772 3928 3914
1 0 10
3 3920 3914 3928
1 0 10
3 3471 3791 3873
1 0 10
3 3714 3873 3791
1 0 10
3 3865 3680 3938
1 0 10
3 3679 3938 3680
1 0 10
3 3738 3918 3744
1 0 10
3 3742 3744 3918
1 0 10
3 3738 3917 3918
1 0 10
3 3917 3440 3918
1 0 10
3 3778 3777 3946
1 0 10
3 3733 3778 3946
1 0 10
3 3923 3922 3946
1 0 10
3 3733 3946 3922
1 0 10
3 3732 3844 3730
1 0 10
3 3756 3730 3844
1 0 10
3 3732 3788 3844
1 0 10
3 3788 3757 3844
1 0 10
3 3912 3955 3460
1 0 10
3 3458 3460 3955
1 0 10
3 3912 3944 3955
1 0 10
3 3458 3955 3944
1 0 10
3 3796 3795 3948
1 0 10
3 3909 3948 3795
1 0 10
3 3604 3956 3653
1 0 10
3 3827 3653 3956
1 0 10
3 3604 3727 3956
1 0 10
3 3827 3956 3727
1 0 10
3 3687 3904 3686
1 0 10
3 3904 3887 3686
1 0 10
3 3895 3864 3863
1 0 10
3 3835 3863 3864
1 0 10
3 3895 3718 3864
1 0 10
3 3718 3667 3864
1 0 10
3 3892 3883 3891
1 0 10
3 3704 3892 3891
1 0 10
3 3731 3730 3891
1 0 10
3 3704 3891 3730
1 0 10
3 3785 3877 3689
1 0 10
3 3793 3701 3877
1 0 10
3 3785 3467 3877
1 0 10
3 3793 3877 3482
1 0 10
3 3715 3781 3780
1 0 10
3 3431 3432 3781
1 0 10
3 3715 3791 3781
1 0 10
3 3431 3781 3791
1 0 10
3 3866 3674 3673
1 0 10
3 3473 3475 3674
1 0 10
3 3866 3800 3674
1 0 10
3 3473 3674 3800
1 0 10
3 3310 3662 3957
1 0 10
3 3664 3666 3958
1 0 10
3 3959 3960 3794
1 0 10
3 3777 3961 3923
1 0 10
3 3962 3963 3964
1 0 10
3 3965 3966 3967
1 0 10
3 3968 3969 3970
1 0 10
3 1443 3779 3971
1 0 10
3 1443 3972 3779
1 0 10
3 3971 3847 3973
1 0 10
3 3847 3971 3779
1 0 10
3 1438 3973 3847
1 0 10
3 3974 3975 3970
1 0 10
3 3976 3975 3977
1 0 10
3 3977 3978 3979
1 0 10
3 3978 3977 3980
1 0 10
3 3979 3978 3981
1 0 10
3 1443 3982 3974
1 0 10
3 3983 3961 3984
1 0 10
3 3981 3985 3986
1 0 10
3 3981 3986 3979
1 0 10
3 3985 3987 3986
1 0 10
3 3963 3988 3989
1 0 10
3 3990 3991 3992
1 0 10
3 3993 3994 3995
1 0 10
3 3996 3997 3998
1 0 10
3 3999 4000 3959
1 0 10
3 4001 4002 4003
1 0 10
3 4004 4005 4006
1 0 10
3 4007 4008 4009
1 0 10
3 4010 4011 4012
1 0 10
3 3910 4013 3903
1 0 10
3 4014 4015 4016
1 0 10
3 4017 4018 4019
1 0 10
3 4020 4021 4022
1 0 10
3 4023 4024 4025
1 0 10
3 4023 4026 4024
1 0 10
3 4003 4027 4028
1 0 10
3 4026 4029 4028
1 0 10
3 4030 4024 4028
1 0 10
3 4026 4028 4024
1 0 10
3 3999 4031 4000
1 0 10
3 3995 4000 4031
1 0 10
3 3999 3997 4031
1 0 10
3 3997 4032 4031
1 0 10
3 3821 3819 4033
1 0 10
3 4026 4023 4034
1 0 10
3 4035 4036 4034
1 0 10
3 4037 4038 4039
1 0 10
3 3815 4022 3813
1 0 10
3 4040 3989 4041
1 0 10
3 4042 4043 4044
1 0 10
3 4004 4002 4045
1 0 10
3 4046 4047 4045
1 0 10
3 4004 4045 4005
1 0 10
3 4048 4043 4025
1 0 10
3 3894 4049 3753
1 0 10
3 3894 4050 4049
1 0 10
3 4050 4051 4049
1 0 10
3 4026 4034 4052
1 0 10
3 3965 4053 4052
1 0 10
3 4054 4055 4056
1 0 10
3 4007 4057 4016
1 0 10
3 4058 4059 4060
1 0 10
3 4058 4006 4059
1 0 10
3 4061 4062 4063
1 0 10
3 3999 4064 4065
1 0 10
3 4066 4067 4018
1 0 10
3 4068 4019 4069
1 0 10
3 4018 4069 4019
1 0 10
3 3999 4065 4070
1 0 10
3 4068 4070 4065
1 0 10
3 3868 3870 3960
1 0 10
3 3870 3794 3960
1 0 10
3 3664 3958 4071
1 0 10
3 3959 3794 4071
1 0 10
3 3664 4071 3794
1 0 10
3 3764 4072 3748
1 0 10
3 4073 4074 3991
1 0 10
3 4040 4074 3989
1 0 10
3 4068 4069 4075
1 0 10
3 4076 4077 4075
1 0 10
3 4078 4012 4011
1 0 10
3 3836 4079 3666
1 0 10
3 3958 3666 4079
1 0 10
3 4072 4080 4081
1 0 10
3 4030 4072 4081
1 0 10
3 4025 4024 4081
1 0 10
3 4030 4081 4024
1 0 10
3 4082 4062 4083
1 0 10
3 4072 4084 3748
1 0 10
3 4068 4065 4085
1 0 10
3 4086 4019 4085
1 0 10
3 4068 4085 4019
1 0 10
3 4087 4088 4089
1 0 10
3 4090 4091 4088
1 0 10
3 3777 3972 3961
1 0 10
3 3777 3779 3972
1 0 10
3 3974 3972 1443
1 0 10
3 4073 4092 4074
1 0 10
3 3964 3989 4074
1 0 10
3 3958 4085 4065
1 0 10
3 3958 4079 4085
1 0 10
3 4068 4093 4070
1 0 10
3 3999 4070 4094
1 0 10
3 3999 4094 3997
1 0 10
3 4005 4047 4095
1 0 10
3 4006 4005 4095
1 0 10
3 4096 4059 4095
1 0 10
3 4006 4095 4059
1 0 10
3 3964 4097 3962
1 0 10
3 4082 3962 4097
1 0 10
3 4041 3989 3988
1 0 10
3 3964 3963 3989
1 0 10
3 4098 4099 4048
1 0 10
3 4063 4100 4061
1 0 10
3 4058 4060 4101
1 0 10
3 4060 4091 4101
1 0 10
3 4102 4097 4103
1 0 10
3 4104 4091 4060
1 0 10
3 4090 4101 4091
1 0 10
3 4104 4089 4091
1 0 10
3 4089 4088 4091
1 0 10
3 4012 4105 4010
1 0 10
3 3958 4064 4071
1 0 10
3 3959 4071 4064
1 0 10
3 3958 4065 4064
1 0 10
3 3959 4064 3999
1 0 10
3 4004 4106 4002
1 0 10
3 4106 4084 4030
1 0 10
3 4107 4035 4108
1 0 10
3 4042 4107 4108
1 0 10
3 4023 4025 4108
1 0 10
3 4002 4027 4003
1 0 10
3 4030 4028 4027
1 0 10
3 4002 4106 4027
1 0 10
3 4030 4027 4106
1 0 10
3 3819 3868 4033
1 0 10
3 3968 3984 3961
1 0 10
3 4109 3983 3984
1 0 10
3 3746 4110 3910
1 0 10
3 4013 4110 4006
1 0 10
3 4111 4010 4112
1 0 10
3 3923 4113 3921
1 0 10
3 4114 3921 4098
1 0 10
3 3923 3961 4113
1 0 10
3 4025 4080 4048
1 0 10
3 3763 4080 3764
1 0 10
3 4115 4116 4117
1 0 10
3 3961 3983 4113
1 0 10
3 4111 4112 4118
1 0 10
3 3920 4118 3919
1 0 10
3 4025 4081 4080
1 0 10
3 3764 4080 4072
1 0 10
3 3974 3969 3972
1 0 10
3 3961 3972 3969
1 0 10
3 3974 3970 3969
1 0 10
3 3961 3969 3968
1 0 10
3 4090 4119 4101
1 0 10
3 4120 4121 4090
1 0 10
3 4017 4050 4120
1 0 10
3 3959 4122 3960
1 0 10
3 4033 4123 4124
1 0 10
3 3959 4000 4122
1 0 10
3 4000 4125 4122
1 0 10
3 4040 3992 4074
1 0 10
3 3991 4074 3992
1 0 10
3 4124 4125 4126
1 0 10
3 3995 4126 4125
1 0 10
3 4124 4122 4125
1 0 10
3 3995 4125 4000
1 0 10
3 4098 4048 4114
1 0 10
3 3763 3921 4114
1 0 10
3 4113 4098 3921
1 0 10
3 4127 4056 4128
1 0 10
3 4049 4129 3753
1 0 10
3 4079 4129 4085
1 0 10
3 4096 4095 4047
1 0 10
3 4005 4045 4047
1 0 10
3 4060 4059 4096
1 0 10
3 4089 4037 4087
1 0 10
3 4017 4051 4050
1 0 10
3 4086 4049 4051
1 0 10
3 4017 4019 4051
1 0 10
3 4086 4051 4019
1 0 10
3 4039 4130 4037
1 0 10
3 4130 4087 4037
1 0 10
3 4088 4131 4132
1 0 10
3 4090 4088 4132
1 0 10
3 4017 4120 4132
1 0 10
3 4090 4132 4120
1 0 10
3 4003 4028 4029
1 0 10
3 4001 4003 4029
1 0 10
3 4026 4052 4029
1 0 10
3 4001 4029 4128
1 0 10
3 3980 3977 3975
1 0 10
3 3982 3980 3975
1 0 10
3 3976 3970 3975
1 0 10
3 3982 3975 3974
1 0 10
3 3995 4032 3993
1 0 10
3 3996 3993 4032
1 0 10
3 3995 4031 4032
1 0 10
3 3996 4032 3997
1 0 10
3 4087 4066 4018
1 0 10
3 4087 4130 4066
1 0 10
3 4133 4066 4130
1 0 10
3 4014 3994 3993
1 0 10
3 4126 3995 3994
1 0 10
3 4087 4131 4088
1 0 10
3 4017 4132 4131
1 0 10
3 4009 4134 4007
1 0 10
3 4126 4016 4057
1 0 10
3 3983 4135 4113
1 0 10
3 4099 4135 4044
1 0 10
3 4128 4055 4001
1 0 10
3 4128 4056 4055
1 0 10
3 4102 4063 4062
1 0 10
3 4097 4102 4062
1 0 10
3 4061 4083 4062
1 0 10
3 4097 4062 4082
1 0 10
3 4035 4136 4108
1 0 10
3 4023 4108 4136
1 0 10
3 4035 4034 4136
1 0 10
3 4023 4136 4034
1 0 10
3 4013 4137 3903
1 0 10
3 4101 4138 4058
1 0 10
3 4126 4057 4124
1 0 10
3 3903 4137 4139
1 0 10
3 3903 4139 3902
1 0 10
3 4093 4140 4094
1 0 10
3 4075 4077 4093
1 0 10
3 4057 4007 4134
1 0 10
3 4124 4057 4134
1 0 10
3 4124 4134 4033
1 0 10
3 4141 4142 4143
1 0 10
3 4009 4008 4144
1 0 10
3 4046 4142 4047
1 0 10
3 4141 4145 4142
1 0 10
3 4141 4146 4145
1 0 10
3 4033 4134 3821
1 0 10
3 4118 4147 3919
1 0 10
3 3815 3919 4147
1 0 10
3 4118 4112 4147
1 0 10
3 4010 4148 4112
1 0 10
3 4010 4105 4148
1 0 10
3 4020 4148 4105
1 0 10
3 4013 3910 4110
1 0 10
3 4106 4004 4110
1 0 10
3 4004 4006 4110
1 0 10
3 4077 4140 4093
1 0 10
3 3997 4094 4140
1 0 10
3 4077 3998 4140
1 0 10
3 3997 4140 3998
1 0 10
3 4142 4145 4047
1 0 10
3 4096 4047 4145
1 0 10
3 4037 4089 4038
1 0 10
3 4117 4116 4038
1 0 10
3 4116 4039 4038
1 0 10
3 4145 4149 4150
1 0 10
3 4096 4145 4150
1 0 10
3 4117 4104 4150
1 0 10
3 4058 4137 4006
1 0 10
3 4013 4006 4137
1 0 10
3 4151 4083 4061
1 0 10
3 4100 4152 4061
1 0 10
3 4152 4153 4061
1 0 10
3 4048 4080 4114
1 0 10
3 3763 4114 4080
1 0 10
3 4097 3964 4154
1 0 10
3 4092 4103 4154
1 0 10
3 4097 4154 4103
1 0 10
3 3893 4119 4155
1 0 10
3 4050 3894 4155
1 0 10
3 3893 4155 3894
1 0 10
3 4075 4093 4068
1 0 10
3 4094 4070 4093
1 0 10
3 4133 4067 4066
1 0 10
3 4069 4018 4067
1 0 10
3 4133 4076 4067
1 0 10
3 4089 4104 4038
1 0 10
3 4117 4038 4104
1 0 10
3 4046 4156 4055
1 0 10
3 4001 4055 4156
1 0 10
3 4156 4157 4001
1 0 10
3 4034 3966 4052
1 0 10
3 3965 4052 3966
1 0 10
3 4034 4036 3966
1 0 10
3 4036 3967 3966
1 0 10
3 4143 4142 4054
1 0 10
3 4099 4044 4043
1 0 10
3 4048 4099 4043
1 0 10
3 4042 4108 4043
1 0 10
3 4108 4025 4043
1 0 10
3 3821 4158 3802
1 0 10
3 4009 3802 4158
1 0 10
3 3821 4134 4158
1 0 10
3 4009 4158 4134
1 0 10
3 4146 4149 4145
1 0 10
3 4117 4150 4149
1 0 10
3 4146 4115 4149
1 0 10
3 4117 4149 4115
1 0 10
3 4046 4055 4142
1 0 10
3 4054 4142 4055
1 0 10
3 3801 4159 4144
1 0 10
3 4009 4144 4159
1 0 10
3 3801 3802 4159
1 0 10
3 4009 4159 3802
1 0 10
3 4072 4030 4084
1 0 10
3 3746 3748 4084
1 0 10
3 4106 4110 4084
1 0 10
3 3746 4084 4110
1 0 10
3 4137 4138 4139
1 0 10
3 4119 4139 4138
1 0 10
3 4137 4058 4138
1 0 10
3 4119 4138 4101
1 0 10
3 4069 4067 4075
1 0 10
3 4076 4075 4067
1 0 10
3 4104 4060 4150
1 0 10
3 4096 4150 4060
1 0 10
3 4002 4157 4045
1 0 10
3 4046 4045 4157
1 0 10
3 4002 4001 4157
1 0 10
3 4046 4157 4156
1 0 10
3 4010 4160 4011
1 0 10
3 4008 4011 4160
1 0 10
3 4010 4111 4160
1 0 10
3 4111 4161 4160
1 0 10
3 3815 4162 4022
1 0 10
3 4112 4022 4162
1 0 10
3 3815 4147 4162
1 0 10
3 4112 4162 4147
1 0 10
3 3964 4074 4154
1 0 10
3 4092 4154 4074
1 0 10
3 3957 4163 4021
1 0 10
3 4022 4021 4163
1 0 10
3 3957 3662 4163
1 0 10
3 4144 4161 4164
1 0 10
3 3801 4144 4164
1 0 10
3 4118 3920 4164
1 0 10
3 3801 4164 3920
1 0 10
3 3662 3813 4163
1 0 10
3 4022 4163 3813
1 0 10
3 4119 4121 4155
1 0 10
3 4050 4155 4121
1 0 10
3 4119 4090 4121
1 0 10
3 4050 4121 4120
1 0 10
3 4016 4165 4166
1 0 10
3 4007 4016 4166
1 0 10
3 4011 4008 4166
1 0 10
3 4007 4166 4008
1 0 10
3 4126 3994 4016
1 0 10
3 4014 4016 3994
1 0 10
3 3902 4139 3893
1 0 10
3 4119 3893 4139
1 0 10
3 4020 4167 4148
1 0 10
3 4112 4148 4167
1 0 10
3 4020 4022 4167
1 0 10
3 4112 4167 4022
1 0 10
3 4086 4085 4129
1 0 10
3 4049 4086 4129
1 0 10
3 4079 3836 4129
1 0 10
3 3836 3753 4129
1 0 10
3 4015 4165 4016
1 0 10
3 4011 4166 4165
1 0 10
3 4015 4078 4165
1 0 10
3 4011 4165 4078
1 0 10
3 4122 4124 4123
1 0 10
3 3960 4122 4123
1 0 10
3 4033 3868 4123
1 0 10
3 3960 4123 3868
1 0 10
3 4118 4161 4111
1 0 10
3 4008 4160 4161
1 0 10
3 4118 4164 4161
1 0 10
3 4008 4161 4144
1 0 10
3 4098 4113 4135
1 0 10
3 4099 4098 4135
1 0 10
3 3983 4109 4135
1 0 10
3 4109 4044 4135
1 0 10
3 4128 4168 4127
1 0 10
3 4053 4127 4168
1 0 10
3 4053 4168 4052
1 0 10
3 4128 4029 4168
1 0 10
3 4052 4168 4029
1 0 10
3 4017 4131 4018
1 0 10
3 4087 4018 4131
1 0 10
3 4151 4153 3985
1 0 10
3 3987 3985 4153
1 0 10
3 4151 4061 4153
1 0 10
3 3987 4153 4152
1 0 10
3 3311 3310 3957
1 0 10
3 4169 4170 4171
1 0 10
3 4172 4173 4174
1 0 10
3 3508 4175 3464
1 0 10
3 4176 4177 3967
1 0 10
3 4178 3599 3435
1 0 10
3 3599 4179 3447
1 0 10
3 4180 4181 4182
1 0 10
3 4183 4184 4185
1 0 10
3 4186 4187 4188
1 0 10
3 4189 3545 3447
1 0 10
3 4190 4187 4191
1 0 10
3 4192 4193 4191
1 0 10
3 4191 4193 4190
1 0 10
3 4192 4194 4195
1 0 10
3 4196 4197 4194
1 0 10
3 3545 4198 3555
1 0 10
3 3545 4189 4198
1 0 10
3 4192 4195 4193
1 0 10
3 4199 4200 4196
1 0 10
3 4197 4195 4194
1 0 10
3 4196 4200 4197
1 0 10
3 4201 4202 4203
1 0 10
3 4204 4205 4206
1 0 10
3 4207 4208 4209
1 0 10
3 4173 4172 4210
1 0 10
3 4211 4172 4174
1 0 10
3 4183 4181 4188
1 0 10
3 4189 3447 4185
1 0 10
3 4212 3996 4213
1 0 10
3 4214 4215 4216
1 0 10
3 3998 4217 4213
1 0 10
3 3998 4077 4217
1 0 10
3 4218 4219 4220
1 0 10
3 4221 4222 4223
1 0 10
3 4224 4225 4226
1 0 10
3 3537 4225 3617
1 0 10
3 3590 3581 4227
1 0 10
3 4078 4015 4228
1 0 10
3 4224 4226 4228
1 0 10
3 3451 4229 3623
1 0 10
3 4230 4231 4232
1 0 10
3 4233 4234 4020
1 0 10
3 4105 4235 4020
1 0 10
3 4236 4237 4238
1 0 10
3 4209 4237 4176
1 0 10
3 4239 4240 4241
1 0 10
3 4141 4143 4242
1 0 10
3 4243 4244 3415
1 0 10
3 4222 4221 4245
1 0 10
3 4246 4247 4248
1 0 10
3 4213 4248 4247
1 0 10
3 4249 4250 4251
1 0 10
3 3588 4252 3415
1 0 10
3 4220 4253 4254
1 0 10
3 4218 4220 4254
1 0 10
3 4255 4230 4254
1 0 10
3 4218 4254 4230
1 0 10
3 3965 4256 4053
1 0 10
3 4236 4256 4237
1 0 10
3 4221 4257 4245
1 0 10
3 4258 4245 4257
1 0 10
3 4258 4257 4259
1 0 10
3 4238 4208 4260
1 0 10
3 4238 4261 4236
1 0 10
3 4238 4260 4261
1 0 10
3 4262 4263 3329
1 0 10
3 4264 4265 4219
1 0 10
3 4264 4266 4265
1 0 10
3 4267 4268 4245
1 0 10
3 4076 4133 4259
1 0 10
3 4248 4269 4270
1 0 10
3 4246 4248 4270
1 0 10
3 4221 4223 4270
1 0 10
3 4236 4271 4256
1 0 10
3 4221 4217 4272
1 0 10
3 4272 4273 4257
1 0 10
3 4221 4272 4257
1 0 10
3 4222 4175 4223
1 0 10
3 3327 4223 4175
1 0 10
3 4222 3464 4175
1 0 10
3 3327 4175 3508
1 0 10
3 4274 4275 4261
1 0 10
3 4236 4261 4275
1 0 10
3 4274 4276 4275
1 0 10
3 4232 4271 4275
1 0 10
3 4277 4278 4279
1 0 10
3 3408 3625 4280
1 0 10
3 4274 4281 4243
1 0 10
3 4260 4282 4281
1 0 10
3 4274 4261 4281
1 0 10
3 4260 4281 4261
1 0 10
3 4283 4206 4284
1 0 10
3 4211 4174 4284
1 0 10
3 4201 4285 4286
1 0 10
3 4286 4170 4201
1 0 10
3 4185 3447 4179
1 0 10
3 4183 4185 4179
1 0 10
3 3599 4178 4179
1 0 10
3 4219 4287 4220
1 0 10
3 4288 4253 4287
1 0 10
3 4219 4265 4287
1 0 10
3 4288 4287 4265
1 0 10
3 4218 4230 4289
1 0 10
3 4274 4243 4289
1 0 10
3 4290 4286 4291
1 0 10
3 4292 4293 4249
1 0 10
3 4054 4242 4143
1 0 10
3 3623 4294 3536
1 0 10
3 4208 4250 4260
1 0 10
3 4295 4208 4207
1 0 10
3 4258 4296 4245
1 0 10
3 4297 4298 4280
1 0 10
3 4241 4266 4297
1 0 10
3 3577 4299 3609
1 0 10
3 4300 4180 4182
1 0 10
3 4301 4300 4182
1 0 10
3 4218 4227 4219
1 0 10
3 3435 4302 4178
1 0 10
3 3435 3516 4302
1 0 10
3 3516 4303 4302
1 0 10
3 4304 4169 4171
1 0 10
3 4202 4170 4169
1 0 10
3 4304 4305 4169
1 0 10
3 4174 4306 4169
1 0 10
3 4227 4252 3590
1 0 10
3 4307 4308 4267
1 0 10
3 3463 4308 3624
1 0 10
3 4290 4170 4286
1 0 10
3 4202 4201 4170
1 0 10
3 4290 4309 4170
1 0 10
3 4309 4171 4170
1 0 10
3 4297 4278 4241
1 0 10
3 4297 4310 4278
1 0 10
3 4231 4311 4312
1 0 10
3 4242 4311 4255
1 0 10
3 4312 4232 4231
1 0 10
3 4255 4231 4230
1 0 10
3 3496 3646 4282
1 0 10
3 4293 4313 4260
1 0 10
3 4200 4314 4285
1 0 10
3 4315 4316 4115
1 0 10
3 4178 4302 4182
1 0 10
3 4317 4299 4318
1 0 10
3 4317 4318 4216
1 0 10
3 4310 4319 4307
1 0 10
3 3996 4212 3993
1 0 10
3 4320 4212 4247
1 0 10
3 4180 4188 4181
1 0 10
3 4178 4182 4181
1 0 10
3 4183 4179 4181
1 0 10
3 4178 4181 4179
1 0 10
3 4203 4306 4173
1 0 10
3 4174 4173 4306
1 0 10
3 4203 4202 4306
1 0 10
3 4202 4169 4306
1 0 10
3 4277 4279 4321
1 0 10
3 4277 4321 4322
1 0 10
3 3993 4212 4214
1 0 10
3 4320 4214 4212
1 0 10
3 3329 3610 4262
1 0 10
3 4246 4323 4262
1 0 10
3 4230 4276 4289
1 0 10
3 4274 4289 4276
1 0 10
3 4230 4232 4276
1 0 10
3 4232 4275 4276
1 0 10
3 4206 4205 4284
1 0 10
3 4211 4284 4205
1 0 10
3 4240 4265 4266
1 0 10
3 4241 4240 4266
1 0 10
3 4264 4298 4266
1 0 10
3 4298 4297 4266
1 0 10
3 3496 4303 3516
1 0 10
3 4292 4302 4303
1 0 10
3 4303 4313 4292
1 0 10
3 4317 4324 4299
1 0 10
3 4262 4325 4246
1 0 10
3 4221 4269 4217
1 0 10
3 4213 4217 4269
1 0 10
3 4221 4270 4269
1 0 10
3 4213 4269 4248
1 0 10
3 4127 4326 4056
1 0 10
3 4246 4270 4323
1 0 10
3 4223 4323 4270
1 0 10
3 4220 4287 4253
1 0 10
3 4255 4254 4253
1 0 10
3 4255 4253 4242
1 0 10
3 4240 4288 4265
1 0 10
3 4324 4215 4327
1 0 10
3 4246 4324 4327
1 0 10
3 4320 4247 4327
1 0 10
3 4246 4327 4247
1 0 10
3 4320 4215 4214
1 0 10
3 4317 4216 4215
1 0 10
3 4320 4327 4215
1 0 10
3 4317 4215 4324
1 0 10
3 4174 4305 4284
1 0 10
3 4283 4284 4305
1 0 10
3 4174 4169 4305
1 0 10
3 4283 4305 4304
1 0 10
3 4183 4188 4187
1 0 10
3 4184 4183 4187
1 0 10
3 4186 4191 4187
1 0 10
3 4184 4187 4190
1 0 10
3 4280 4319 4297
1 0 10
3 4326 4328 4312
1 0 10
3 4236 4275 4271
1 0 10
3 4312 4271 4232
1 0 10
3 4014 4329 4216
1 0 10
3 4214 4216 4329
1 0 10
3 4014 3993 4329
1 0 10
3 4214 4329 3993
1 0 10
3 4247 4212 4213
1 0 10
3 3998 4213 3996
1 0 10
3 4228 4330 4224
1 0 10
3 4216 4318 4331
1 0 10
3 4224 4331 4318
1 0 10
3 4301 4332 4249
1 0 10
3 4251 4301 4249
1 0 10
3 4209 4333 4237
1 0 10
3 4238 4237 4333
1 0 10
3 4209 4208 4333
1 0 10
3 4238 4333 4208
1 0 10
3 4294 4229 4334
1 0 10
3 4294 3623 4229
1 0 10
3 4335 4336 3581
1 0 10
3 4226 4334 4337
1 0 10
3 4259 4133 4338
1 0 10
3 4338 4339 4321
1 0 10
3 4243 4252 4289
1 0 10
3 4243 3415 4252
1 0 10
3 3588 3590 4252
1 0 10
3 3311 4234 3450
1 0 10
3 3311 3957 4234
1 0 10
3 4242 4054 4311
1 0 10
3 4326 4312 4311
1 0 10
3 4231 4255 4311
1 0 10
3 4299 4340 4318
1 0 10
3 4133 4339 4338
1 0 10
3 4339 4341 4321
1 0 10
3 4133 4130 4339
1 0 10
3 4012 4235 4105
1 0 10
3 4233 4020 4235
1 0 10
3 4012 4337 4235
1 0 10
3 4324 4246 4325
1 0 10
3 4299 4324 4325
1 0 10
3 4262 3610 4325
1 0 10
3 4021 4020 4234
1 0 10
3 3957 4021 4234
1 0 10
3 4308 4319 3624
1 0 10
3 4308 4307 4319
1 0 10
3 4310 4297 4319
1 0 10
3 4225 3537 4342
1 0 10
3 4294 4334 4342
1 0 10
3 4267 4296 4307
1 0 10
3 4278 4310 4279
1 0 10
3 4141 4242 4343
1 0 10
3 4141 4343 4146
1 0 10
3 3581 3408 4335
1 0 10
3 4344 4335 3408
1 0 10
3 4280 4344 3408
1 0 10
3 4331 4224 4330
1 0 10
3 4216 4331 4330
1 0 10
3 4228 4015 4330
1 0 10
3 4288 4345 4253
1 0 10
3 4242 4253 4345
1 0 10
3 4288 4343 4345
1 0 10
3 4242 4345 4343
1 0 10
3 4334 4226 4342
1 0 10
3 4225 4342 4226
1 0 10
3 4264 4336 4335
1 0 10
3 4227 3581 4336
1 0 10
3 4264 4219 4336
1 0 10
3 4227 4336 4219
1 0 10
3 4015 4346 4330
1 0 10
3 4216 4330 4346
1 0 10
3 4015 4014 4346
1 0 10
3 4216 4346 4014
1 0 10
3 4217 4077 4273
1 0 10
3 4259 4257 4273
1 0 10
3 4217 4273 4272
1 0 10
3 4289 4347 4218
1 0 10
3 4227 4218 4347
1 0 10
3 4289 4252 4347
1 0 10
3 4227 4347 4252
1 0 10
3 4321 4279 4338
1 0 10
3 4299 4348 3609
1 0 10
3 3610 3609 4348
1 0 10
3 4299 4325 4348
1 0 10
3 3610 4348 4325
1 0 10
3 4239 4315 4349
1 0 10
3 4288 4240 4349
1 0 10
3 4239 4349 4240
1 0 10
3 4116 4350 4039
1 0 10
3 4322 4341 4350
1 0 10
3 4322 4350 4239
1 0 10
3 4012 4351 4337
1 0 10
3 4012 4078 4351
1 0 10
3 4228 4351 4078
1 0 10
3 4326 4352 4056
1 0 10
3 4054 4056 4352
1 0 10
3 4326 4311 4352
1 0 10
3 4054 4352 4311
1 0 10
3 4337 4334 4353
1 0 10
3 4233 4235 4353
1 0 10
3 4337 4353 4235
1 0 10
3 4222 4268 3464
1 0 10
3 4222 4245 4268
1 0 10
3 4308 4268 4267
1 0 10
3 4233 4354 4234
1 0 10
3 3450 4234 4354
1 0 10
3 3450 4354 3451
1 0 10
3 4264 4335 4298
1 0 10
3 3537 4355 4342
1 0 10
3 4294 4342 4355
1 0 10
3 3537 3536 4355
1 0 10
3 4294 4355 3536
1 0 10
3 4259 4338 4258
1 0 10
3 4279 4258 4338
1 0 10
3 4337 4356 4226
1 0 10
3 4228 4226 4356
1 0 10
3 4337 4351 4356
1 0 10
3 4228 4356 4351
1 0 10
3 3496 4313 4303
1 0 10
3 4293 4292 4313
1 0 10
3 3496 4282 4313
1 0 10
3 4282 4260 4313
1 0 10
3 4340 4357 4358
1 0 10
3 4318 4340 4358
1 0 10
3 4225 4224 4358
1 0 10
3 4318 4358 4224
1 0 10
3 4288 4349 4343
1 0 10
3 4315 4359 4349
1 0 10
3 4241 4277 4239
1 0 10
3 4322 4239 4277
1 0 10
3 4241 4278 4277
1 0 10
3 3965 4177 4256
1 0 10
3 4237 4256 4177
1 0 10
3 3965 3967 4177
1 0 10
3 4237 4177 4176
1 0 10
3 4077 4360 4273
1 0 10
3 4259 4273 4360
1 0 10
3 4077 4076 4360
1 0 10
3 4259 4360 4076
1 0 10
3 4292 4249 4332
1 0 10
3 4302 4292 4332
1 0 10
3 4301 4182 4332
1 0 10
3 4302 4332 4182
1 0 10
3 3423 4357 4340
1 0 10
3 4225 4358 4357
1 0 10
3 3423 3617 4357
1 0 10
3 4225 4357 3617
1 0 10
3 4299 4361 4340
1 0 10
3 3423 4340 4361
1 0 10
3 4299 3577 4361
1 0 10
3 3423 4361 3577
1 0 10
3 4328 4362 4256
1 0 10
3 4256 4271 4328
1 0 10
3 4271 4312 4328
1 0 10
3 4293 4250 4249
1 0 10
3 4295 4251 4250
1 0 10
3 4293 4260 4250
1 0 10
3 4295 4250 4208
1 0 10
3 4326 4362 4328
1 0 10
3 4053 4256 4362
1 0 10
3 4326 4127 4362
1 0 10
3 4053 4362 4127
1 0 10
3 4233 4353 4229
1 0 10
3 4334 4229 4353
1 0 10
3 3451 4354 4229
1 0 10
3 4233 4229 4354
1 0 10
3 3646 3415 4244
1 0 10
3 4282 3646 4244
1 0 10
3 4243 4281 4244
1 0 10
3 4282 4244 4281
1 0 10
3 4130 4341 4339
1 0 10
3 4322 4321 4341
1 0 10
3 4130 4039 4341
1 0 10
3 4039 4350 4341
1 0 10
3 4116 4316 4350
1 0 10
3 4239 4350 4316
1 0 10
3 4116 4115 4316
1 0 10
3 4239 4316 4315
1 0 10
3 4286 4314 4291
1 0 10
3 4199 4291 4314
1 0 10
3 4286 4285 4314
1 0 10
3 4199 4314 4200
1 0 10
3 4280 4298 4344
1 0 10
3 4335 4344 4298
1 0 10
3 4310 4307 4296
1 0 10
3 4279 4310 4296
1 0 10
3 4267 4245 4296
1 0 10
3 4279 4296 4258
1 0 10
3 4308 4363 4268
1 0 10
3 3464 4268 4363
1 0 10
3 4308 3463 4363
1 0 10
3 3464 4363 3463
1 0 10
3 4280 3625 4319
1 0 10
3 3624 4319 3625
1 0 10
3 4323 4263 4262
1 0 10
3 3327 3329 4263
1 0 10
3 4323 4223 4263
1 0 10
3 3327 4263 4223
1 0 10
3 4146 4359 4115
1 0 10
3 4315 4115 4359
1 0 10
3 4146 4343 4359
1 0 10
3 4343 4349 4359
1 0 10
3 4364 4365 4366
1 0 10
3 4367 4368 4369
1 0 10
3 4370 4371 4372
1 0 10
3 4373 4374 4375
1 0 10
3 4376 4377 4378
1 0 10
3 4377 4379 4366
1 0 10
3 4380 4381 4382
1 0 10
3 4383 4384 4385
1 0 10
3 4386 4387 4388
1 0 10
3 4389 4390 4368
1 0 10
3 4391 4392 4393
1 0 10
3 4394 4395 4396
1 0 10
3 4397 4385 4384
1 0 10
3 4398 4389 4399
1 0 10
3 4400 3333 3335
1 0 10
3 4401 4402 4403
1 0 10
3 3336 3583 4404
1 0 10
3 4405 4406 4407
1 0 10
3 4400 3336 4408
1 0 10
3 4389 4398 4409
1 0 10
3 4368 4399 4389
1 0 10
3 4410 4411 4383
1 0 10
3 4412 4413 4414
1 0 10
3 4372 4415 4416
1 0 10
3 4417 4418 4419
1 0 10
3 4420 3333 4400
1 0 10
3 4421 4422 4423
1 0 10
3 4400 4367 4420
1 0 10
3 4424 4376 4371
1 0 10
3 4425 4422 4365
1 0 10
3 4366 4422 4426
1 0 10
3 4364 4366 4379
1 0 10
3 4366 4365 4422
1 0 10
3 4369 4427 4367
1 0 10
3 4390 4428 4369
1 0 10
3 4423 4428 4390
1 0 10
3 4429 4380 4382
1 0 10
3 4430 4424 4371
1 0 10
3 4370 4430 4371
1 0 10
3 4370 4431 4432
1 0 10
3 4392 4433 4404
1 0 10
3 4376 4379 4377
1 0 10
3 4434 4435 4388
1 0 10
3 4436 4401 4437
1 0 10
3 4386 4435 4397
1 0 10
3 4438 4432 4439
1 0 10
3 4364 4379 4440
1 0 10
3 4431 4401 4432
1 0 10
3 4385 4402 4383
1 0 10
3 4419 4405 4441
1 0 10
3 4406 4373 4375
1 0 10
3 4373 4442 4443
1 0 10
3 4423 4389 4409
1 0 10
3 4444 4445 4446
1 0 10
3 3336 4404 4408
1 0 10
3 4430 4370 4438
1 0 10
3 4371 4447 4372
1 0 10
3 4448 4449 4450
1 0 10
3 4449 4448 4451
1 0 10
3 4451 4452 4449
1 0 10
3 4423 4390 4389
1 0 10
3 4453 4421 4409
1 0 10
3 4376 4440 4379
1 0 10
3 3526 4393 3583
1 0 10
3 4390 4369 4368
1 0 10
3 4440 4376 4424
1 0 10
3 4376 4447 4371
1 0 10
3 4437 4403 4435
1 0 10
3 4426 4422 4421
1 0 10
3 4370 4432 4438
1 0 10
3 4454 4383 4402
1 0 10
3 4455 4378 4456
1 0 10
3 4421 4453 4456
1 0 10
3 4420 4367 4427
1 0 10
3 4408 4368 4367
1 0 10
3 4382 4412 4457
1 0 10
3 4381 4458 4459
1 0 10
3 4399 4392 4398
1 0 10
3 4433 4368 4408
1 0 10
3 4391 3526 3331
1 0 10
3 4399 4433 4392
1 0 10
3 4382 4413 4412
1 0 10
3 4460 4461 4462
1 0 10
3 4463 4398 4464
1 0 10
3 3331 4396 4391
1 0 10
3 3583 4393 4404
1 0 10
3 4404 4393 4392
1 0 10
3 4368 4433 4399
1 0 10
3 4408 4404 4433
1 0 10
3 4457 4462 4382
1 0 10
3 4454 4402 4416
1 0 10
3 4415 4455 4380
1 0 10
3 4409 4398 4463
1 0 10
3 4464 4398 4392
1 0 10
3 4464 4392 4391
1 0 10
3 4463 4453 4409
1 0 10
3 4409 4421 4423
1 0 10
3 4465 4463 4464
1 0 10
3 4366 4426 4377
1 0 10
3 4453 4466 4456
1 0 10
3 4466 4458 4456
1 0 10
3 4391 4393 3526
1 0 10
3 4457 4467 4462
1 0 10
3 4460 4462 4467
1 0 10
3 4468 4469 4470
1 0 10
3 4382 4462 4461
1 0 10
3 4429 4382 4461
1 0 10
3 4470 4460 4468
1 0 10
3 4454 4416 4429
1 0 10
3 4372 4416 4431
1 0 10
3 4461 4410 4454
1 0 10
3 4403 4402 4385
1 0 10
3 4370 4372 4431
1 0 10
3 4415 4372 4447
1 0 10
3 4401 4431 4402
1 0 10
3 4416 4402 4431
1 0 10
3 4460 4470 4410
1 0 10
3 4384 4411 4471
1 0 10
3 4472 4417 4473
1 0 10
3 4441 4407 4474
1 0 10
3 4475 4384 4471
1 0 10
3 4461 4454 4429
1 0 10
3 4383 4454 4410
1 0 10
3 4411 4476 4477
1 0 10
3 4441 4405 4407
1 0 10
3 4386 4397 4474
1 0 10
3 4411 4384 4383
1 0 10
3 4397 4384 4475
1 0 10
3 4411 4477 4471
1 0 10
3 4419 4441 4478
1 0 10
3 4474 4397 4475
1 0 10
3 4397 4435 4403
1 0 10
3 4474 4475 4441
1 0 10
3 4474 4407 4386
1 0 10
3 4475 4471 4478
1 0 10
3 4417 4419 4478
1 0 10
3 4388 4435 4386
1 0 10
3 4418 4417 4472
1 0 10
3 4475 4478 4441
1 0 10
3 4418 4479 4419
1 0 10
3 4471 4477 4478
1 0 10
3 4478 4477 4417
1 0 10
3 4461 4460 4410
1 0 10
3 4467 4468 4460
1 0 10
3 4476 4470 4469
1 0 10
3 4477 4476 4417
1 0 10
3 4480 4473 4476
1 0 10
3 4473 4480 4481
1 0 10
3 4476 4473 4417
1 0 10
3 4472 4473 4482
1 0 10
3 4482 4473 4481
1 0 10
3 4367 4400 4408
1 0 10
3 3336 4400 3335
1 0 10
3 4405 4483 4406
1 0 10
3 4373 4406 4483
1 0 10
3 4374 4373 4443
1 0 10
3 4387 4484 4374
1 0 10
3 4406 4375 4407
1 0 10
3 4397 4403 4385
1 0 10
3 4437 4435 4434
1 0 10
3 4436 4437 4434
1 0 10
3 4401 4403 4437
1 0 10
3 4413 4382 4381
1 0 10
3 4459 4413 4381
1 0 10
3 4380 4455 4458
1 0 10
3 4378 4455 4447
1 0 10
3 4421 4456 4426
1 0 10
3 4377 4426 4456
1 0 10
3 4458 4466 4459
1 0 10
3 4466 4463 4459
1 0 10
3 4465 4485 4459
1 0 10
3 4458 4381 4380
1 0 10
3 4453 4463 4466
1 0 10
3 4486 4485 4465
1 0 10
3 4413 4459 4485
1 0 10
3 4463 4465 4459
1 0 10
3 4456 4458 4455
1 0 10
3 4455 4415 4447
1 0 10
3 4429 4416 4415
1 0 10
3 4469 4480 4476
1 0 10
3 4487 4488 4489
1 0 10
3 4482 4490 4472
1 0 10
3 4481 4489 4482
1 0 10
3 4485 4414 4413
1 0 10
3 4415 4380 4429
1 0 10
3 4376 4378 4447
1 0 10
3 4456 4378 4377
1 0 10
3 3331 3330 4396
1 0 10
3 4394 4396 3330
1 0 10
3 4491 4492 4493
1 0 10
3 4494 4495 4444
1 0 10
3 4491 4442 4496
1 0 10
3 4497 4498 4499
1 0 10
3 4418 4490 4500
1 0 10
3 4418 4472 4490
1 0 10
3 4482 4489 4490
1 0 10
3 4500 4501 4418
1 0 10
3 4500 4499 4501
1 0 10
3 4483 4479 4501
1 0 10
3 4418 4501 4479
1 0 10
3 4483 4405 4479
1 0 10
3 4405 4419 4479
1 0 10
3 4502 4503 4504
1 0 10
3 4505 4506 4507
1 0 10
3 4504 4508 4509
1 0 10
3 4510 4511 4512
1 0 10
3 4513 4514 4512
1 0 10
3 4515 4503 4507
1 0 10
3 4516 4517 4518
1 0 10
3 4487 4509 4519
1 0 10
3 4515 4507 4506
1 0 10
3 4509 4508 4519
1 0 10
3 4508 4520 4519
1 0 10
3 4521 4522 4523
1 0 10
3 4524 4525 4526
1 0 10
3 4527 4528 4529
1 0 10
3 4530 4446 4445
1 0 10
3 4531 4530 4445
1 0 10
3 4444 4532 4445
1 0 10
3 4532 4533 4445
1 0 10
3 4534 4525 4524
1 0 10
3 4534 4514 4525
1 0 10
3 4514 4535 4525
1 0 10
3 4536 4537 4538
1 0 10
3 4527 4539 4540
1 0 10
3 4532 4444 4495
1 0 10
3 4541 4495 4494
1 0 10
3 4536 4510 4542
1 0 10
3 4541 4543 4542
1 0 10
3 4493 4442 4491
1 0 10
3 4483 4496 4442
1 0 10
3 4493 4544 4442
1 0 10
3 4528 4545 4529
1 0 10
3 4546 4547 4529
1 0 10
3 4538 4539 4547
1 0 10
3 4546 4548 4547
1 0 10
3 4538 4547 4518
1 0 10
3 4499 4496 4501
1 0 10
3 4483 4501 4496
1 0 10
3 4537 4540 4539
1 0 10
3 4538 4537 4539
1 0 10
3 4527 4529 4539
1 0 10
3 4529 4547 4539
1 0 10
3 4516 4549 4515
1 0 10
3 4531 4445 4533
1 0 10
3 4534 4531 4533
1 0 10
3 4534 4533 4514
1 0 10
3 4550 4551 4552
1 0 10
3 4553 4550 4552
1 0 10
3 4553 4552 4545
1 0 10
3 4540 4537 4543
1 0 10
3 4545 4552 4529
1 0 10
3 4546 4529 4552
1 0 10
3 4536 4542 4537
1 0 10
3 4542 4543 4537
1 0 10
3 4490 4489 4488
1 0 10
3 4500 4490 4488
1 0 10
3 4487 4519 4488
1 0 10
3 4519 4554 4488
1 0 10
3 4516 4518 4555
1 0 10
3 4516 4555 4549
1 0 10
3 4553 4492 4550
1 0 10
3 4553 4556 4492
1 0 10
3 4556 4493 4492
1 0 10
3 4541 4557 4495
1 0 10
3 4510 4558 4557
1 0 10
3 4541 4542 4557
1 0 10
3 4510 4557 4542
1 0 10
3 4518 4547 4548
1 0 10
3 4559 4520 4548
1 0 10
3 4518 4548 4555
1 0 10
3 4559 4554 4519
1 0 10
3 4500 4488 4554
1 0 10
3 4500 4554 4499
1 0 10
3 4523 4560 4521
1 0 10
3 4523 4506 4560
1 0 10
3 4505 4560 4506
1 0 10
3 4497 4550 4498
1 0 10
3 4491 4496 4498
1 0 10
3 4496 4499 4498
1 0 10
3 4522 4526 4525
1 0 10
3 4523 4522 4525
1 0 10
3 4476 4411 4470
1 0 10
3 4411 4410 4470
1 0 10
3 4555 4548 4520
1 0 10
3 4549 4555 4520
1 0 10
3 4559 4519 4520
1 0 10
3 4549 4520 4508
1 0 10
3 4521 4560 4561
1 0 10
3 4505 4561 4560
1 0 10
3 4497 4551 4550
1 0 10
3 4546 4552 4551
1 0 10
3 4497 4562 4551
1 0 10
3 4550 4492 4498
1 0 10
3 4491 4498 4492
1 0 10
3 4559 4562 4554
1 0 10
3 4499 4554 4562
1 0 10
3 4559 4563 4562
1 0 10
3 4499 4562 4497
1 0 10
3 4546 4563 4548
1 0 10
3 4559 4548 4563
1 0 10
3 4546 4551 4563
1 0 10
3 4551 4562 4563
1 0 10
3 4536 4511 4510
1 0 10
3 4513 4512 4511
1 0 10
3 4516 4564 4511
1 0 10
3 4495 4557 4558
1 0 10
3 4532 4495 4558
1 0 10
3 4510 4512 4558
1 0 10
3 4512 4565 4558
1 0 10
3 4401 4566 4432
1 0 10
3 4439 4432 4566
1 0 10
3 4401 4436 4566
1 0 10
3 4439 4566 4436
1 0 10
3 4514 4565 4512
1 0 10
3 4532 4558 4565
1 0 10
3 4514 4533 4565
1 0 10
3 4532 4565 4533
1 0 10
3 4486 4395 4394
1 0 10
3 4391 4396 4395
1 0 10
3 4391 4395 4464
1 0 10
3 4464 4395 4465
1 0 10
3 4486 4465 4395
1 0 10
3 4513 4511 4564
1 0 10
3 4506 4513 4564
1 0 10
3 4516 4515 4564
1 0 10
3 4506 4564 4515
1 0 10
3 4526 4522 4567
1 0 10
3 4521 4567 4522
1 0 10
3 4513 4535 4514
1 0 10
3 4523 4525 4535
1 0 10
3 4513 4506 4535
1 0 10
3 4523 4535 4506
1 0 10
3 4508 4504 4503
1 0 10
3 4549 4508 4503
1 0 10
3 4502 4507 4503
1 0 10
3 4549 4503 4515
1 0 10
3 4536 4517 4511
1 0 10
3 4516 4511 4517
1 0 10
3 4536 4538 4517
1 0 10
3 4538 4518 4517
1 0 10
3 4544 4443 4442
1 0 10
3 4483 4442 4373
1 0 10
3 4375 4374 4484
1 0 10
3 4407 4375 4484
1 0 10
3 4387 4386 4484
1 0 10
3 4407 4484 4386
1 0 10
3 4423 4568 4428
1 0 10
3 4425 4428 4568
1 0 10
3 4423 4422 4568
1 0 10
3 4425 4568 4422
1 0 11
3 4569 4570 4571
1 0 11
3 4572 4573 4574
1 0 11
3 4570 4572 4571
1 0 11
3 4571 4575 4569
1 0 11
3 4576 4577 4578
1 0 11
3 4571 4578 4575
1 0 11
3 4579 4580 4577
1 0 11
3 4581 4582 4579
1 0 11
3 4583 4582 4584
1 0 11
3 4585 4583 4586
1 0 11
3 4585 4587 4588
1 0 11
3 4586 4587 4585
1 0 11
3 4589 4583 4584
1 0 11
3 4582 4581 4590
1 0 11
3 4591 4592 4593
1 0 11
3 4594 4595 4596
1 0 11
3 4594 4597 4598
1 0 11
3 4599 4598 4597
1 0 11
3 4598 4600 4595
1 0 11
3 4599 4597 4601
1 0 11
3 4601 4602 4599
1 0 11
3 4601 4603 4602
1 0 11
3 4604 4602 4603
1 0 11
3 4603 4605 4604
1 0 11
3 4606 4607 4608
1 0 11
3 4607 4606 4605
1 0 11
3 4605 4606 4604
1 0 11
3 4608 4609 4610
1 0 11
3 4608 4607 4609
1 0 11
3 4610 4611 4612
1 0 11
3 4610 4609 4611
1 0 11
3 4612 4611 4613
1 0 11
3 4572 4570 4573
1 0 11
3 4569 4573 4570
1 0 11
3 4580 4569 4575
1 0 11
3 4575 4578 4577
1 0 11
3 4575 4577 4580
1 0 11
3 4576 4581 4577
1 0 11
3 4590 4581 4614
1 0 11
3 4576 4614 4581
1 0 11
3 4579 4577 4581
1 0 11
3 4614 4615 4590
1 0 11
3 4589 4584 4615
1 0 11
3 4615 4616 4589
1 0 11
3 4614 4616 4615
1 0 11
3 4616 4587 4589
1 0 11
3 4582 4590 4584
1 0 11
3 4584 4590 4615
1 0 11
3 4616 4617 4587
1 0 11
3 4583 4589 4586
1 0 11
3 4587 4586 4589
1 0 11
3 4588 4587 4617
1 0 11
3 4617 4618 4588
1 0 11
3 4619 4588 4618
1 0 11
3 4585 4588 4620
1 0 11
3 4618 4621 4619
1 0 11
3 4588 4619 4620
1 0 11
3 4622 4619 4621
1 0 11
3 4620 4619 4623
1 0 11
3 4621 4624 4622
1 0 11
3 4592 4623 4622
1 0 11
3 4625 4622 4624
1 0 11
3 4619 4622 4623
1 0 11
3 4624 4626 4625
1 0 11
3 4625 4593 4592
1 0 11
3 4622 4625 4592
1 0 11
3 4593 4625 4626
1 0 11
3 4626 4627 4593
1 0 11
3 4596 4591 4627
1 0 11
3 4600 4591 4596
1 0 11
3 4593 4627 4591
1 0 11
3 4600 4596 4595
1 0 11
3 4598 4595 4594
1 0 11
3 4628 4629 4630
1 0 11
3 4631 4632 4633
1 0 11
3 4634 4635 4636
1 0 11
3 4637 4635 4634
1 0 11
3 4610 4638 4639
1 0 11
3 4640 4641 4642
1 0 11
3 4643 4644 4645
1 0 11
3 4646 4647 4648
1 0 11
3 4649 4650 4651
1 0 11
3 4652 4648 4653
1 0 11
3 4652 4646 4648
1 0 11
3 4654 4655 4638
1 0 11
3 4612 4638 4610
1 0 11
3 4602 4656 4599
1 0 11
3 4604 4606 4657
1 0 11
3 4599 4656 4658
1 0 11
3 4659 4660 4608
1 0 11
3 4604 4657 4661
1 0 11
3 4602 4662 4656
1 0 11
3 4639 4663 4659
1 0 11
3 4639 4664 4663
1 0 11
3 4665 4666 4667
1 0 11
3 4668 4669 4592
1 0 11
3 4670 4671 4672
1 0 11
3 4670 4672 4673
1 0 11
3 4674 4675 4676
1 0 11
3 4676 4677 4678
1 0 11
3 4600 4679 4591
1 0 11
3 4670 4673 4680
1 0 11
3 4623 4669 4681
1 0 11
3 4623 4681 4620
1 0 11
3 4639 4682 4664
1 0 11
3 4683 4644 4684
1 0 11
3 4685 4686 4687
1 0 11
3 4688 4689 4640
1 0 11
3 4599 4690 4598
1 0 11
3 4599 4658 4690
1 0 11
3 4691 4692 4693
1 0 11
3 4694 4675 4695
1 0 11
3 4694 4695 4688
1 0 11
3 4667 4696 4697
1 0 11
3 4674 4676 4628
1 0 11
3 4670 4692 4671
1 0 11
3 4691 4698 4692
1 0 11
3 4670 4699 4692
1 0 11
3 4628 4700 4701
1 0 11
3 4628 4701 4674
1 0 11
3 4635 4637 4702
1 0 11
3 4656 4703 4704
1 0 11
3 4569 4705 4573
1 0 11
3 4706 4707 4700
1 0 11
3 4708 4709 4673
1 0 11
3 4701 4710 4711
1 0 11
3 4674 4701 4711
1 0 11
3 4674 4711 4712
1 0 11
3 4713 4707 4714
1 0 11
3 4707 4715 4714
1 0 11
3 4688 4695 4716
1 0 11
3 4695 4717 4716
1 0 11
3 4674 4718 4675
1 0 11
3 4674 4712 4718
1 0 11
3 4719 4702 4720
1 0 11
3 4721 4702 4719
1 0 11
3 4637 4720 4702
1 0 11
3 4600 4598 4722
1 0 11
3 4723 4724 4650
1 0 11
3 4724 4651 4650
1 0 11
3 4620 4725 4585
1 0 11
3 4726 4727 4725
1 0 11
3 4649 4728 4650
1 0 11
3 4646 4729 4728
1 0 11
3 4730 4644 4731
1 0 11
3 4649 4651 4731
1 0 11
3 4730 4731 4651
1 0 11
3 4685 4643 4645
1 0 11
3 4730 4645 4644
1 0 11
3 4685 4687 4643
1 0 11
3 4644 4643 4684
1 0 11
3 4732 4642 4641
1 0 11
3 4686 4732 4641
1 0 11
3 4640 4733 4641
1 0 11
3 4686 4641 4687
1 0 11
3 4633 4694 4734
1 0 11
3 4640 4642 4734
1 0 11
3 4633 4734 4642
1 0 11
3 4735 4632 4631
1 0 11
3 4694 4633 4632
1 0 11
3 4694 4632 4675
1 0 11
3 4620 4681 4725
1 0 11
3 4681 4736 4725
1 0 11
3 4737 4630 4629
1 0 11
3 4678 4737 4629
1 0 11
3 4628 4676 4629
1 0 11
3 4678 4629 4676
1 0 11
3 4738 4739 4630
1 0 11
3 4628 4630 4739
1 0 11
3 4628 4739 4700
1 0 11
3 4640 4689 4733
1 0 11
3 4740 4687 4733
1 0 11
3 4687 4641 4733
1 0 11
3 4713 4714 4668
1 0 11
3 4591 4668 4592
1 0 11
3 4741 4719 4720
1 0 11
3 4742 4743 4741
1 0 11
3 4744 4713 4679
1 0 11
3 4591 4679 4668
1 0 11
3 4580 4745 4569
1 0 11
3 4746 4655 4654
1 0 11
3 4639 4638 4655
1 0 11
3 4746 4682 4655
1 0 11
3 4639 4655 4682
1 0 11
3 4569 4745 4705
1 0 11
3 4747 4748 4745
1 0 11
3 4670 4727 4699
1 0 11
3 4670 4680 4727
1 0 11
3 4749 4736 4681
1 0 11
3 4726 4725 4736
1 0 11
3 4749 4715 4736
1 0 11
3 4726 4736 4750
1 0 11
3 4735 4677 4632
1 0 11
3 4675 4632 4677
1 0 11
3 4735 4678 4677
1 0 11
3 4675 4677 4676
1 0 11
3 4721 4719 4751
1 0 11
3 4738 4752 4739
1 0 11
3 4700 4739 4752
1 0 11
3 4738 4697 4752
1 0 11
3 4722 4753 4754
1 0 11
3 4600 4722 4754
1 0 11
3 4712 4679 4754
1 0 11
3 4600 4754 4679
1 0 11
3 4706 4755 4750
1 0 11
3 4756 4757 4755
1 0 11
3 4706 4696 4755
1 0 11
3 4696 4666 4755
1 0 11
3 4598 4758 4722
1 0 11
3 4759 4722 4758
1 0 11
3 4598 4690 4758
1 0 11
3 4690 4760 4758
1 0 11
3 4644 4761 4731
1 0 11
3 4649 4731 4761
1 0 11
3 4644 4683 4761
1 0 11
3 4683 4762 4761
1 0 11
3 4759 4760 4716
1 0 11
3 4759 4758 4760
1 0 11
3 4658 4760 4690
1 0 11
3 4705 4745 4748
1 0 11
3 4721 4705 4748
1 0 11
3 4747 4763 4748
1 0 11
3 4721 4748 4702
1 0 11
3 4675 4717 4695
1 0 11
3 4759 4716 4717
1 0 11
3 4675 4718 4717
1 0 11
3 4759 4717 4718
1 0 11
3 4640 4764 4688
1 0 11
3 4694 4688 4764
1 0 11
3 4640 4734 4764
1 0 11
3 4694 4764 4734
1 0 11
3 4765 4574 4751
1 0 11
3 4700 4710 4701
1 0 11
3 4713 4711 4710
1 0 11
3 4700 4707 4710
1 0 11
3 4713 4710 4707
1 0 11
3 4746 4647 4682
1 0 11
3 4646 4682 4647
1 0 11
3 4746 4766 4647
1 0 11
3 4766 4648 4647
1 0 11
3 4635 4698 4636
1 0 11
3 4691 4636 4698
1 0 11
3 4635 4671 4698
1 0 11
3 4671 4692 4698
1 0 11
3 4702 4748 4763
1 0 11
3 4635 4702 4763
1 0 11
3 4635 4763 4671
1 0 11
3 4712 4744 4679
1 0 11
3 4668 4679 4713
1 0 11
3 4712 4711 4744
1 0 11
3 4713 4744 4711
1 0 11
3 4574 4573 4751
1 0 11
3 4646 4767 4682
1 0 11
3 4664 4682 4767
1 0 11
3 4646 4728 4767
1 0 11
3 4728 4762 4767
1 0 11
3 4756 4699 4757
1 0 11
3 4726 4750 4757
1 0 11
3 4750 4755 4757
1 0 11
3 4760 4658 4716
1 0 11
3 4759 4753 4722
1 0 11
3 4712 4754 4753
1 0 11
3 4759 4718 4753
1 0 11
3 4712 4753 4718
1 0 11
3 4573 4705 4751
1 0 11
3 4721 4751 4705
1 0 11
3 4661 4704 4703
1 0 11
3 4659 4663 4768
1 0 11
3 4762 4683 4663
1 0 11
3 4747 4769 4763
1 0 11
3 4671 4763 4769
1 0 11
3 4747 4745 4769
1 0 11
3 4671 4769 4672
1 0 11
3 4664 4762 4663
1 0 11
3 4649 4761 4762
1 0 11
3 4582 4708 4579
1 0 11
3 4608 4770 4659
1 0 11
3 4639 4659 4770
1 0 11
3 4608 4610 4770
1 0 11
3 4639 4770 4610
1 0 11
3 4665 4693 4666
1 0 11
3 4756 4755 4666
1 0 11
3 4696 4667 4666
1 0 11
3 4664 4767 4762
1 0 11
3 4649 4762 4728
1 0 11
3 4650 4728 4729
1 0 11
3 4723 4650 4729
1 0 11
3 4646 4652 4729
1 0 11
3 4723 4729 4652
1 0 11
3 4661 4662 4604
1 0 11
3 4602 4604 4662
1 0 11
3 4661 4703 4662
1 0 11
3 4703 4656 4662
1 0 11
3 4716 4689 4688
1 0 11
3 4716 4658 4689
1 0 11
3 4684 4771 4683
1 0 11
3 4657 4771 4661
1 0 11
3 4708 4673 4772
1 0 11
3 4708 4772 4579
1 0 11
3 4684 4740 4771
1 0 11
3 4771 4740 4661
1 0 11
3 4704 4661 4740
1 0 11
3 4704 4689 4656
1 0 11
3 4658 4656 4689
1 0 11
3 4771 4657 4768
1 0 11
3 4663 4683 4768
1 0 11
3 4771 4768 4683
1 0 11
3 4585 4773 4583
1 0 11
3 4680 4583 4773
1 0 11
3 4585 4725 4773
1 0 11
3 4672 4774 4673
1 0 11
3 4745 4580 4772
1 0 11
3 4579 4772 4580
1 0 11
3 4700 4775 4706
1 0 11
3 4696 4706 4775
1 0 11
3 4700 4752 4775
1 0 11
3 4776 4743 4742
1 0 11
3 4719 4741 4743
1 0 11
3 4719 4743 4751
1 0 11
3 4772 4673 4774
1 0 11
3 4745 4772 4774
1 0 11
3 4672 4769 4774
1 0 11
3 4745 4774 4769
1 0 11
3 4725 4727 4773
1 0 11
3 4680 4773 4727
1 0 11
3 4680 4709 4583
1 0 11
3 4582 4583 4709
1 0 11
3 4680 4673 4709
1 0 11
3 4582 4709 4708
1 0 11
3 4699 4727 4757
1 0 11
3 4726 4757 4727
1 0 11
3 4751 4777 4765
1 0 11
3 4776 4765 4777
1 0 11
3 4751 4743 4777
1 0 11
3 4776 4777 4743
1 0 11
3 4696 4775 4697
1 0 11
3 4752 4697 4775
1 0 11
3 4692 4699 4756
1 0 11
3 4666 4693 4756
1 0 11
3 4692 4756 4693
1 0 11
3 4750 4736 4715
1 0 11
3 4706 4750 4715
1 0 11
3 4749 4714 4715
1 0 11
3 4706 4715 4707
1 0 11
3 4689 4704 4733
1 0 11
3 4740 4733 4704
1 0 11
3 4768 4660 4659
1 0 11
3 4606 4608 4660
1 0 11
3 4768 4657 4660
1 0 11
3 4606 4660 4657
1 0 11
3 4749 4681 4669
1 0 11
3 4714 4749 4669
1 0 11
3 4623 4592 4669
1 0 11
3 4714 4669 4668
1 0 11
3 4643 4778 4684
1 0 11
3 4740 4684 4778
1 0 11
3 4643 4687 4778
1 0 11
3 4740 4778 4687
1 0 11
3 4634 4779 4780
1 0 11
3 4636 4779 4634
1 0 11
3 4732 4781 4642
1 0 11
3 4782 4783 4633
1 0 11
3 4724 4784 4651
1 0 11
3 4785 4786 4652
1 0 11
3 4787 4788 4785
1 0 11
3 4653 4785 4652
1 0 11
3 4789 4790 4791
1 0 11
3 4791 4790 4792
1 0 11
3 4792 4793 4791
1 0 11
3 4665 4794 4693
1 0 11
3 4792 4795 4796
1 0 11
3 4792 4797 4795
1 0 11
3 4798 4794 4667
1 0 11
3 4799 4800 4801
1 0 11
3 4799 4801 4802
1 0 11
3 4803 4804 4805
1 0 11
3 4735 4806 4678
1 0 11
3 4799 4807 4800
1 0 11
3 4808 4809 4810
1 0 11
3 4808 4810 4811
1 0 11
3 4792 4796 4812
1 0 11
3 4797 4813 4814
1 0 11
3 4813 4815 4816
1 0 11
3 4817 4818 4819
1 0 11
3 4820 4821 4822
1 0 11
3 4820 4822 4823
1 0 11
3 4824 4825 4693
1 0 11
3 4826 4827 4828
1 0 11
3 4826 4829 4827
1 0 11
3 4782 4828 4830
1 0 11
3 4782 4830 4805
1 0 11
3 4737 4678 4804
1 0 11
3 4831 4832 4685
1 0 11
3 4833 4829 4831
1 0 11
3 4667 4697 4798
1 0 11
3 4834 4835 4798
1 0 11
3 4802 4836 4825
1 0 11
3 4799 4802 4825
1 0 11
3 4691 4693 4825
1 0 11
3 4799 4825 4824
1 0 11
3 4820 4837 4838
1 0 11
3 4820 4823 4837
1 0 11
3 4779 4839 4780
1 0 11
3 4840 4841 4827
1 0 11
3 4828 4827 4841
1 0 11
3 4807 4842 4800
1 0 11
3 4833 4843 4829
1 0 11
3 4844 4838 4845
1 0 11
3 4844 4845 4846
1 0 11
3 4847 4848 4849
1 0 11
3 4828 4850 4830
1 0 11
3 4851 4852 4850
1 0 11
3 4803 4805 4853
1 0 11
3 4851 4854 4853
1 0 11
3 4851 4855 4854
1 0 11
3 4856 4857 4855
1 0 11
3 4856 4855 4821
1 0 11
3 4833 4858 4843
1 0 11
3 4723 4784 4724
1 0 11
3 4819 4651 4784
1 0 11
3 4859 4860 4861
1 0 11
3 4819 4784 4862
1 0 11
3 4784 4863 4862
1 0 11
3 4819 4864 4651
1 0 11
3 4730 4651 4864
1 0 11
3 4819 4818 4864
1 0 11
3 4730 4864 4818
1 0 11
3 4826 4781 4829
1 0 11
3 4826 4642 4781
1 0 11
3 4686 4781 4732
1 0 11
3 4865 4839 4866
1 0 11
3 4633 4867 4782
1 0 11
3 4633 4642 4867
1 0 11
3 4826 4867 4642
1 0 11
3 4782 4805 4783
1 0 11
3 4735 4631 4783
1 0 11
3 4631 4633 4783
1 0 11
3 4809 4868 4869
1 0 11
3 4870 4871 4869
1 0 11
3 4809 4869 4810
1 0 11
3 4799 4824 4872
1 0 11
3 4873 4872 4824
1 0 11
3 4874 4875 4876
1 0 11
3 4859 4875 4877
1 0 11
3 4685 4645 4831
1 0 11
3 4840 4827 4843
1 0 11
3 4829 4843 4827
1 0 11
3 4878 4791 4793
1 0 11
3 4879 4878 4793
1 0 11
3 4792 4812 4793
1 0 11
3 4879 4793 4812
1 0 11
3 4859 4880 4860
1 0 11
3 4881 4882 4880
1 0 11
3 4859 4877 4880
1 0 11
3 4799 4883 4807
1 0 11
3 4799 4872 4883
1 0 11
3 4872 4884 4883
1 0 11
3 4630 4885 4738
1 0 11
3 4865 4886 4839
1 0 11
3 4780 4839 4886
1 0 11
3 4805 4806 4783
1 0 11
3 4735 4783 4806
1 0 11
3 4805 4804 4806
1 0 11
3 4804 4678 4806
1 0 11
3 4877 4887 4888
1 0 11
3 4810 4869 4871
1 0 11
3 4811 4810 4871
1 0 11
3 4870 4889 4871
1 0 11
3 4811 4871 4889
1 0 11
3 4890 4891 4881
1 0 11
3 4869 4892 4870
1 0 11
3 4888 4890 4880
1 0 11
3 4877 4888 4880
1 0 11
3 4837 4893 4894
1 0 11
3 4838 4837 4894
1 0 11
3 4840 4845 4894
1 0 11
3 4838 4894 4845
1 0 11
3 4800 4848 4801
1 0 11
3 4846 4858 4895
1 0 11
3 4858 4896 4895
1 0 11
3 4889 4884 4835
1 0 11
3 4834 4889 4835
1 0 11
3 4873 4798 4835
1 0 11
3 4821 4897 4822
1 0 11
3 4851 4898 4897
1 0 11
3 4821 4855 4897
1 0 11
3 4851 4897 4855
1 0 11
3 4850 4899 4898
1 0 11
3 4851 4850 4898
1 0 11
3 4823 4822 4898
1 0 11
3 4822 4897 4898
1 0 11
3 4860 4880 4882
1 0 11
3 4803 4860 4882
1 0 11
3 4803 4882 4804
1 0 11
3 4840 4843 4858
1 0 11
3 4846 4845 4858
1 0 11
3 4840 4858 4845
1 0 11
3 4830 4850 4852
1 0 11
3 4805 4830 4852
1 0 11
3 4851 4853 4852
1 0 11
3 4805 4852 4853
1 0 11
3 4877 4875 4887
1 0 11
3 4808 4900 4874
1 0 11
3 4840 4893 4841
1 0 11
3 4823 4899 4893
1 0 11
3 4840 4894 4893
1 0 11
3 4823 4893 4837
1 0 11
3 4826 4901 4867
1 0 11
3 4782 4867 4901
1 0 11
3 4826 4828 4901
1 0 11
3 4782 4901 4828
1 0 11
3 4861 4860 4854
1 0 11
3 4879 4788 4787
1 0 11
3 4786 4785 4788
1 0 11
3 4879 4812 4788
1 0 11
3 4786 4788 4812
1 0 11
3 4902 4903 4865
1 0 11
3 4779 4836 4802
1 0 11
3 4691 4825 4836
1 0 11
3 4779 4636 4836
1 0 11
3 4691 4836 4636
1 0 11
3 4779 4904 4839
1 0 11
3 4779 4802 4904
1 0 11
3 4834 4798 4890
1 0 11
3 4881 4880 4890
1 0 11
3 4834 4890 4888
1 0 11
3 4817 4896 4818
1 0 11
3 4817 4895 4896
1 0 11
3 4833 4896 4858
1 0 11
3 4861 4857 4875
1 0 11
3 4859 4861 4875
1 0 11
3 4803 4853 4860
1 0 11
3 4854 4860 4853
1 0 11
3 4786 4905 4862
1 0 11
3 4796 4862 4905
1 0 11
3 4786 4812 4905
1 0 11
3 4796 4905 4812
1 0 11
3 4870 4884 4889
1 0 11
3 4873 4835 4884
1 0 11
3 4870 4883 4884
1 0 11
3 4873 4884 4872
1 0 11
3 4828 4899 4850
1 0 11
3 4823 4898 4899
1 0 11
3 4828 4841 4899
1 0 11
3 4841 4893 4899
1 0 11
3 4887 4811 4888
1 0 11
3 4881 4885 4882
1 0 11
3 4846 4816 4844
1 0 11
3 4815 4844 4816
1 0 11
3 4846 4906 4816
1 0 11
3 4801 4907 4908
1 0 11
3 4802 4801 4908
1 0 11
3 4907 4904 4908
1 0 11
3 4802 4908 4904
1 0 11
3 4903 4909 4865
1 0 11
3 4831 4910 4833
1 0 11
3 4876 4875 4857
1 0 11
3 4856 4876 4857
1 0 11
3 4861 4854 4857
1 0 11
3 4854 4855 4857
1 0 11
3 4817 4819 4911
1 0 11
3 4796 4795 4911
1 0 11
3 4795 4912 4911
1 0 11
3 4817 4912 4895
1 0 11
3 4814 4906 4912
1 0 11
3 4817 4911 4912
1 0 11
3 4814 4912 4795
1 0 11
3 4829 4832 4831
1 0 11
3 4686 4685 4832
1 0 11
3 4829 4781 4832
1 0 11
3 4686 4832 4781
1 0 11
3 4913 4849 4914
1 0 11
3 4909 4915 4865
1 0 11
3 4915 4886 4865
1 0 11
3 4814 4795 4797
1 0 11
3 4816 4814 4813
1 0 11
3 4792 4790 4797
1 0 11
3 4813 4797 4790
1 0 11
3 4873 4794 4798
1 0 11
3 4665 4667 4794
1 0 11
3 4873 4824 4794
1 0 11
3 4824 4693 4794
1 0 11
3 4819 4916 4911
1 0 11
3 4796 4911 4916
1 0 11
3 4819 4862 4916
1 0 11
3 4796 4916 4862
1 0 11
3 4814 4816 4906
1 0 11
3 4846 4895 4906
1 0 11
3 4895 4912 4906
1 0 11
3 4723 4863 4784
1 0 11
3 4786 4862 4863
1 0 11
3 4723 4652 4863
1 0 11
3 4786 4863 4652
1 0 11
3 4811 4889 4888
1 0 11
3 4834 4888 4889
1 0 11
3 4900 4887 4874
1 0 11
3 4875 4874 4887
1 0 11
3 4808 4811 4900
1 0 11
3 4887 4900 4811
1 0 11
3 4914 4848 4800
1 0 11
3 4907 4801 4848
1 0 11
3 4914 4849 4848
1 0 11
3 4798 4891 4890
1 0 11
3 4885 4881 4891
1 0 11
3 4798 4697 4891
1 0 11
3 4885 4917 4738
1 0 11
3 4697 4738 4917
1 0 11
3 4885 4891 4917
1 0 11
3 4697 4917 4891
1 0 11
3 4885 4918 4882
1 0 11
3 4804 4882 4918
1 0 11
3 4804 4918 4737
1 0 11
3 4868 4919 4869
1 0 11
3 4868 4920 4919
1 0 11
3 4807 4919 4920
1 0 11
3 4865 4866 4921
1 0 11
3 4922 4902 4921
1 0 11
3 4865 4921 4902
1 0 11
3 4818 4923 4730
1 0 11
3 4645 4730 4923
1 0 11
3 4923 4910 4645
1 0 11
3 4818 4910 4923
1 0 11
3 4831 4645 4910
1 0 11
3 4818 4896 4910
1 0 11
3 4896 4833 4910
1 0 11
3 4866 4924 4907
1 0 11
3 4904 4907 4924
1 0 11
3 4866 4839 4924
1 0 11
3 4904 4924 4839
1 0 11
3 4866 4907 4925
1 0 11
3 4926 4927 4925
1 0 11
3 4866 4925 4927
1 0 11
3 4866 4927 4921
1 0 11
3 4922 4921 4927
1 0 11
3 4885 4928 4918
1 0 11
3 4737 4918 4928
1 0 11
3 4885 4630 4928
1 0 11
3 4737 4928 4630
1 0 11
3 4883 4870 4892
1 0 11
3 4807 4883 4892
1 0 11
3 4869 4919 4892
1 0 11
3 4807 4892 4919
1 0 11
3 4926 4929 4847
1 0 11
3 4926 4925 4929
1 0 11
3 4907 4929 4925
1 0 11
3 4914 4800 4842
1 0 11
3 4913 4914 4842
1 0 11
3 4807 4920 4842
1 0 11
3 4913 4842 4920
1 0 11
3 4907 4848 4929
1 0 11
3 4847 4929 4848
1 0 11
3 4930 4789 4931
1 0 11
3 4932 4933 4934
1 0 11
3 4935 4936 4937
1 0 11
3 4938 4935 4939
1 0 11
3 4934 4933 4940
1 0 11
3 4932 4934 4941
1 0 11
3 4941 4942 4932
1 0 11
3 4938 4936 4935
1 0 11
3 4933 4937 4940
1 0 11
3 4936 4940 4937
1 0 11
3 4943 4938 4939
1 0 11
3 4944 4945 4946
1 0 11
3 4946 4947 4944
1 0 11
3 4946 4943 4947
1 0 11
3 4943 4939 4947
1 0 11
3 4613 4948 4612
1 0 11
3 4949 4950 4951
1 0 11
3 4952 4953 4949
1 0 11
3 4952 4949 4951
1 0 11
3 4953 4952 4954
1 0 11
3 4950 4955 4951
1 0 11
3 4956 4955 4950
1 0 11
3 4956 4957 4958
1 0 11
3 4955 4956 4958
1 0 11
3 4958 4957 4959
1 0 11
3 4960 4961 4962
1 0 11
3 4962 4961 4963
1 0 11
3 4960 4962 4959
1 0 11
3 4960 4959 4957
1 0 11
3 4964 4963 4961
1 0 11
3 4612 4948 4965
1 0 11
3 4966 4967 2703
1 0 11
3 4968 4969 4970
1 0 11
3 4963 4964 4971
1 0 11
3 4972 4973 4974
1 0 11
3 4975 4976 4977
1 0 11
3 4978 4962 4979
1 0 11
3 4980 4981 4982
1 0 11
3 4983 4984 4985
1 0 11
3 4986 4987 4988
1 0 11
3 4989 4990 4654
1 0 11
3 4991 4975 4992
1 0 11
3 4976 4975 4991
1 0 11
3 4965 4993 4994
1 0 11
3 4995 4996 4997
1 0 11
3 4998 4999 5000
1 0 11
3 5001 4998 5002
1 0 11
3 5003 5004 5001
1 0 11
3 4992 4995 4991
1 0 11
3 5005 5006 5007
1 0 11
3 5008 5009 4988
1 0 11
3 5010 5011 5012
1 0 11
3 5013 5014 5015
1 0 11
3 5016 5017 5018
1 0 11
3 5019 5020 5021
1 0 11
3 5022 5023 5024
1 0 11
3 5025 5026 5009
1 0 11
3 5027 5013 5028
1 0 11
3 5029 5030 4971
1 0 11
3 4984 4983 4978
1 0 11
3 5002 4998 5000
1 0 11
3 5031 5032 5033
1 0 11
3 5034 5035 5036
1 0 11
3 5036 5037 5038
1 0 11
3 5039 5040 5041
1 0 11
3 5037 5036 5042
1 0 11
3 5043 5044 5008
1 0 11
3 5017 4954 4952
1 0 11
3 5045 5046 5047
1 0 11
3 5048 4979 5030
1 0 11
3 5049 5002 5050
1 0 11
3 4638 4989 4654
1 0 11
3 4766 5051 4648
1 0 11
3 5052 5053 5051
1 0 11
3 5054 5055 5056
1 0 11
3 5057 5058 4972
1 0 11
3 5050 5059 5060
1 0 11
3 5061 5062 5063
1 0 11
3 5064 5065 5066
1 0 11
3 5060 5059 5065
1 0 11
3 5067 5055 5054
1 0 11
3 5068 5021 5069
1 0 11
3 4991 4995 5070
1 0 11
3 4987 4973 5071
1 0 11
3 5008 5071 5058
1 0 11
3 5072 5055 5067
1 0 11
3 5073 5074 5075
1 0 11
3 5076 5077 5078
1 0 11
3 5079 4653 4648
1 0 11
3 5080 5052 5081
1 0 11
3 5074 5073 5068
1 0 11
3 5082 5083 5084
1 0 11
3 5051 5053 5079
1 0 11
3 5012 5011 5085
1 0 11
3 5086 5087 5088
1 0 11
3 5077 5080 5078
1 0 11
3 5083 5082 5089
1 0 11
3 5074 5068 5087
1 0 11
3 5090 5082 5091
1 0 11
3 4967 5092 2703
1 0 11
3 5093 5094 5095
1 0 11
3 5049 5096 5097
1 0 11
3 5098 5099 5026
1 0 11
3 5100 5101 5102
1 0 11
3 5103 5099 5104
1 0 11
3 5105 4986 5031
1 0 11
3 5106 5107 5063
1 0 11
3 5063 5108 5106
1 0 11
3 5109 5083 5089
1 0 11
3 5110 5111 5108
1 0 11
3 5112 5113 5037
1 0 11
3 5114 5112 5115
1 0 11
3 5116 5117 5118
1 0 11
3 5119 5120 5121
1 0 11
3 5122 5123 5124
1 0 11
3 4746 5125 4766
1 0 11
3 5033 5105 5031
1 0 11
3 5044 5126 5025
1 0 11
3 4986 4988 5031
1 0 11
3 4951 5018 4952
1 0 11
3 5071 4988 4987
1 0 11
3 5127 5123 5128
1 0 11
3 5129 5130 5131
1 0 11
3 5132 2723 5048
1 0 11
3 4978 4959 4962
1 0 11
3 5133 5134 5135
1 0 11
3 5136 5130 5137
1 0 11
3 5104 5099 5138
1 0 11
3 5139 5140 5048
1 0 11
3 5141 5039 5119
1 0 11
3 5100 5134 5101
1 0 11
3 2723 5139 5048
1 0 11
3 5077 5142 5080
1 0 11
3 5066 5143 5144
1 0 11
3 5145 5044 5043
1 0 11
3 5100 5135 5134
1 0 11
3 2699 2471 5146
1 0 11
3 4612 4965 4638
1 0 11
3 5147 5018 4951
1 0 11
3 5070 4995 5007
1 0 11
3 5148 5045 5149
1 0 11
3 5029 4964 5150
1 0 11
3 4979 4962 4963
1 0 11
3 5029 4971 4964
1 0 11
3 4965 4989 4638
1 0 11
3 4958 4959 4983
1 0 11
3 5151 5152 4966
1 0 11
3 5148 5149 5150
1 0 11
3 4983 4985 4958
1 0 11
3 4963 4971 4979
1 0 11
3 5153 2822 5154
1 0 11
3 5003 5155 5004
1 0 11
3 5020 5019 5047
1 0 11
3 5020 5047 5046
1 0 11
3 5156 5157 5158
1 0 11
3 5069 5159 5158
1 0 11
3 5149 5014 5154
1 0 11
3 5069 5158 5157
1 0 11
3 5032 5031 4988
1 0 11
3 5160 5161 4969
1 0 11
3 5160 5093 5095
1 0 11
3 5028 5019 5073
1 0 11
3 5154 5029 5149
1 0 11
3 5047 5028 5015
1 0 11
3 4995 4992 4996
1 0 11
3 5162 5094 5093
1 0 11
3 5163 5164 5165
1 0 11
3 5163 5094 5162
1 0 11
3 5028 5013 5015
1 0 11
3 5014 5013 2836
1 0 11
3 5166 5101 5033
1 0 11
3 5133 5105 5033
1 0 11
3 5153 5014 2836
1 0 11
3 5167 5168 5169
1 0 11
3 5070 5170 4991
1 0 11
3 5165 5164 5171
1 0 11
3 5092 4967 5172
1 0 11
3 4984 5140 5172
1 0 11
3 4966 2699 5146
1 0 11
3 4967 4984 5172
1 0 11
3 2836 5013 5027
1 0 11
3 2723 5132 2822
1 0 11
3 2822 5132 5154
1 0 11
3 5014 5153 5154
1 0 11
3 5139 5173 5140
1 0 11
3 5017 5174 4954
1 0 11
3 4966 2703 2699
1 0 11
3 5175 5055 5176
1 0 11
3 5177 5178 5179
1 0 11
3 4979 4971 5030
1 0 11
3 5154 5030 5029
1 0 11
3 5098 5180 5181
1 0 11
3 5140 4984 4978
1 0 11
3 5109 5024 5023
1 0 11
3 5182 5146 2471
1 0 11
3 5068 5069 5088
1 0 11
3 4981 5094 5183
1 0 11
3 5168 5184 5169
1 0 11
3 5094 4981 4980
1 0 11
3 5102 5185 5137
1 0 11
3 5163 5183 5094
1 0 11
3 5075 5027 5028
1 0 11
3 5186 5187 5188
1 0 11
3 5030 5132 5048
1 0 11
3 5048 5140 4978
1 0 11
3 5189 5056 5175
1 0 11
3 5190 5169 5191
1 0 11
3 5192 5106 5108
1 0 11
3 5008 4988 5071
1 0 11
3 5114 5193 5124
1 0 11
3 5154 5132 5030
1 0 11
3 5185 5136 5137
1 0 11
3 5147 5179 5018
1 0 11
3 5010 5012 5194
1 0 11
3 5072 5011 5010
1 0 11
3 5006 5083 5007
1 0 11
3 5012 5084 5194
1 0 11
3 5028 5073 5075
1 0 11
3 5068 5073 5019
1 0 11
3 5068 5019 5021
1 0 11
3 5068 5088 5087
1 0 11
3 4978 4983 4959
1 0 11
3 4978 4979 5048
1 0 11
3 5147 4951 4955
1 0 11
3 5018 5179 5016
1 0 11
3 5052 5080 5142
1 0 11
3 5078 5080 5187
1 0 11
3 5128 5130 5136
1 0 11
3 5033 5032 5166
1 0 11
3 5133 5033 5134
1 0 11
3 5045 5047 5015
1 0 11
3 5046 5195 5020
1 0 11
3 4997 4996 5196
1 0 11
3 5083 5109 5197
1 0 11
3 4976 4991 5170
1 0 11
3 4994 5198 5186
1 0 11
3 5194 5006 5199
1 0 11
3 5010 5055 5072
1 0 11
3 4955 4958 4985
1 0 11
3 5152 5151 5147
1 0 11
3 5178 5107 5200
1 0 11
3 5036 5174 5201
1 0 11
3 5053 5052 5142
1 0 11
3 5051 5188 5081
1 0 11
3 5078 5187 5022
1 0 11
3 5128 5136 5120
1 0 11
3 5032 5026 5166
1 0 11
3 5138 5118 5104
1 0 11
3 5149 5045 5015
1 0 11
3 5046 5045 5148
1 0 11
3 5014 5149 5015
1 0 11
3 5150 5149 5029
1 0 11
3 5152 4984 4967
1 0 11
3 4955 4985 5147
1 0 11
3 5018 5017 4952
1 0 11
3 5174 5017 5016
1 0 11
3 5032 5009 5026
1 0 11
3 5166 5103 5101
1 0 11
3 5025 5180 5098
1 0 11
3 5103 5166 5026
1 0 11
3 5099 5098 5181
1 0 11
3 5025 5098 5026
1 0 11
3 5138 5099 5181
1 0 11
3 5026 5099 5103
1 0 11
3 4653 5079 5053
1 0 11
3 4648 5051 5079
1 0 11
3 5164 5163 5162
1 0 11
3 5183 5163 5165
1 0 11
3 5191 4980 4982
1 0 11
3 5094 4980 5095
1 0 11
3 5190 5191 4982
1 0 11
3 5184 4968 4970
1 0 11
3 4980 5191 5095
1 0 11
3 5184 4970 5191
1 0 11
3 5160 5095 5161
1 0 11
3 4970 5095 5191
1 0 11
3 4969 5161 4970
1 0 11
3 4970 5161 5095
1 0 11
3 4969 4968 5202
1 0 11
3 5140 5173 5172
1 0 11
3 5092 5172 5173
1 0 11
3 5146 5177 4966
1 0 11
3 5177 5179 5151
1 0 11
3 5145 5043 5203
1 0 11
3 5058 5059 5043
1 0 11
3 5060 5096 5049
1 0 11
3 5174 5035 4954
1 0 11
3 5192 5037 5042
1 0 11
3 5120 5127 5128
1 0 11
3 5120 5136 5121
1 0 11
3 5121 5136 5185
1 0 11
3 5120 5119 5204
1 0 11
3 5141 5121 5116
1 0 11
3 5101 5104 5205
1 0 11
3 4993 4965 4948
1 0 11
3 4989 4965 4994
1 0 11
3 5206 4993 4977
1 0 11
3 5170 5198 4976
1 0 11
3 5071 4973 4972
1 0 11
3 5059 5058 5057
1 0 11
3 5071 4972 5058
1 0 11
3 5059 5057 5065
1 0 11
3 5043 5059 5203
1 0 11
3 5000 5145 5203
1 0 11
3 5058 5043 5008
1 0 11
3 5126 5044 4999
1 0 11
3 5145 4999 5044
1 0 11
3 5106 5192 5042
1 0 11
3 5115 5112 5192
1 0 11
3 5201 5200 5106
1 0 11
3 5061 5063 5107
1 0 11
3 5004 5155 5207
1 0 11
3 5208 5199 5006
1 0 11
3 5084 5006 5194
1 0 11
3 5083 5006 5084
1 0 11
3 5007 4995 5005
1 0 11
3 5155 4997 5196
1 0 11
3 5175 5176 5199
1 0 11
3 5070 5007 5197
1 0 11
3 5024 5078 5022
1 0 11
3 5024 5109 5089
1 0 11
3 5197 5109 5170
1 0 11
3 5186 5022 5187
1 0 11
3 5198 5022 5186
1 0 11
3 5055 5010 5176
1 0 11
3 5010 5194 5199
1 0 11
3 5201 5174 5016
1 0 11
3 5036 5035 5174
1 0 11
3 5200 5201 5016
1 0 11
3 5036 5201 5042
1 0 11
3 5179 5200 5016
1 0 11
3 5200 5107 5106
1 0 11
3 5102 5137 5100
1 0 11
3 5118 5117 5104
1 0 11
3 5205 5104 5117
1 0 11
3 4988 5009 5032
1 0 11
3 5025 5009 5008
1 0 11
3 4982 5209 5190
1 0 11
3 5169 5190 5209
1 0 11
3 5167 5169 5209
1 0 11
3 5184 5191 5169
1 0 11
3 5146 5061 5178
1 0 11
3 5151 5179 5147
1 0 11
3 5179 5178 5200
1 0 11
3 5146 5178 5177
1 0 11
3 5147 4985 5152
1 0 11
3 4966 5177 5151
1 0 11
3 5050 5002 5203
1 0 11
3 5003 5002 5097
1 0 11
3 5145 5000 4999
1 0 11
3 5002 5000 5203
1 0 11
3 5002 5003 5001
1 0 11
3 5155 5003 5097
1 0 11
3 5189 5097 5096
1 0 11
3 5208 4997 5210
1 0 11
3 5041 5119 5039
1 0 11
3 5037 5113 5038
1 0 11
3 5204 5041 5113
1 0 11
3 5205 5185 5102
1 0 11
3 5185 5117 5121
1 0 11
3 5116 5121 5117
1 0 11
3 5119 5121 5141
1 0 11
3 4977 4976 5206
1 0 11
3 5198 5206 4976
1 0 11
3 5180 5025 5126
1 0 11
3 5025 5008 5044
1 0 11
3 5041 5040 5038
1 0 11
3 5204 5113 5127
1 0 11
3 5038 5113 5041
1 0 11
3 5108 5111 5115
1 0 11
3 5037 5192 5112
1 0 11
3 5108 5115 5192
1 0 11
3 5111 5193 5115
1 0 11
3 5193 5114 5115
1 0 11
3 5124 5123 5114
1 0 11
3 5106 5042 5201
1 0 11
3 5061 5107 5178
1 0 11
3 5062 5110 5063
1 0 11
3 5108 5063 5110
1 0 11
3 5146 5182 5061
1 0 11
3 5062 5061 5182
1 0 11
3 4997 5005 4995
1 0 11
3 5006 5005 5208
1 0 11
3 5170 5070 5197
1 0 11
3 5198 5170 5023
1 0 11
3 5083 5197 5007
1 0 11
3 5023 5170 5109
1 0 11
3 5187 5081 5188
1 0 11
3 5198 4994 5206
1 0 11
3 5023 5022 5198
1 0 11
3 5185 5205 5117
1 0 11
3 5205 5102 5101
1 0 11
3 4984 5152 4985
1 0 11
3 4967 4966 5152
1 0 11
3 5059 5050 5203
1 0 11
3 5049 5050 5060
1 0 11
3 5096 5060 5064
1 0 11
3 5097 5002 5049
1 0 11
3 5056 5096 5064
1 0 11
3 5189 5175 5210
1 0 11
3 4997 5208 5005
1 0 11
3 5120 5204 5127
1 0 11
3 5119 5041 5204
1 0 11
3 5040 5034 5038
1 0 11
3 5036 5038 5034
1 0 11
3 5188 5125 4990
1 0 11
3 5186 5188 4990
1 0 11
3 5125 5188 5051
1 0 11
3 4654 4990 4746
1 0 11
3 4994 5186 4989
1 0 11
3 4990 4989 5186
1 0 11
3 5054 5056 5064
1 0 11
3 5175 5056 5055
1 0 11
3 5067 5054 5211
1 0 11
3 5196 5207 5155
1 0 11
3 5189 5210 5155
1 0 11
3 5208 5210 5175
1 0 11
3 5080 5081 5187
1 0 11
3 5051 5081 5052
1 0 11
3 4766 5125 5051
1 0 11
3 4746 4990 5125
1 0 11
3 5212 5168 5167
1 0 11
3 5057 5143 5066
1 0 11
3 5064 5060 5065
1 0 11
3 5057 5066 5065
1 0 11
3 5195 5159 5021
1 0 11
3 5028 5047 5019
1 0 11
3 5195 5021 5020
1 0 11
3 5159 5069 5021
1 0 11
3 5101 5134 5033
1 0 11
3 5101 5103 5104
1 0 11
3 5206 4994 4993
1 0 11
3 5175 5199 5208
1 0 11
3 5010 5199 5176
1 0 11
3 5210 4997 5155
1 0 11
3 5097 5189 5155
1 0 11
3 5056 5189 5096
1 0 11
3 5157 5213 5214
1 0 11
3 4968 5213 5202
1 0 11
3 5168 5215 5214
1 0 11
3 5088 5214 5215
1 0 11
3 5168 5212 5215
1 0 11
3 5184 5168 4968
1 0 11
3 5213 4968 5168
1 0 11
3 5214 5213 5168
1 0 11
3 5024 5089 5216
1 0 11
3 5217 5076 5216
1 0 11
3 5076 5078 5216
1 0 11
3 5024 5216 5078
1 0 11
3 5084 5218 5082
1 0 11
3 5091 5082 5218
1 0 11
3 5091 5218 5085
1 0 11
3 5127 5113 5123
1 0 11
3 5114 5123 5113
1 0 11
3 5114 5113 5112
1 0 11
3 5088 5215 5086
1 0 11
3 5212 5086 5215
1 0 11
3 5157 5156 5213
1 0 11
3 5202 5213 5156
1 0 11
3 5089 5219 5216
1 0 11
3 5217 5216 5219
1 0 11
3 5217 5219 5090
1 0 11
3 5137 5220 5221
1 0 11
3 5129 5221 5220
1 0 11
3 5137 5130 5220
1 0 11
3 5129 5220 5130
1 0 11
3 5089 5082 5219
1 0 11
3 5090 5219 5082
1 0 11
3 5085 5218 5012
1 0 11
3 5084 5012 5218
1 0 11
3 5122 5131 5222
1 0 11
3 5128 5123 5222
1 0 11
3 5122 5222 5123
1 0 11
3 5054 5223 5211
1 0 11
3 5144 5211 5223
1 0 11
3 5054 5064 5223
1 0 11
3 5100 5224 5135
1 0 11
3 5221 5135 5224
1 0 11
3 5100 5137 5224
1 0 11
3 5221 5224 5137
1 0 11
3 5069 5225 5088
1 0 11
3 5214 5088 5225
1 0 11
3 5069 5157 5225
1 0 11
3 5214 5225 5157
1 0 11
3 5131 5130 5222
1 0 11
3 5128 5222 5130
1 0 11
3 5057 5226 5143
1 0 11
3 4974 5143 5226
1 0 11
3 5057 4972 5226
1 0 11
3 4974 5226 4972
1 0 11
3 5064 5066 5223
1 0 11
3 5144 5223 5066
1 0 11
3 5011 5072 5227
1 0 11
3 5228 5229 5090
1 0 11
3 5227 5230 5231
1 0 11
3 5232 5233 5234
1 0 11
3 5235 5236 5237
1 0 11
3 5238 5239 5240
1 0 11
3 2611 5241 2470
1 0 11
3 5067 5211 5242
1 0 11
3 5243 5244 4986
1 0 11
3 5245 4947 5246
1 0 11
3 5239 5247 5240
1 0 11
3 5248 5249 5250
1 0 11
3 5251 5252 5253
1 0 11
3 5254 5255 4785
1 0 11
3 5254 4653 5053
1 0 11
3 5255 4787 4785
1 0 11
3 5256 5257 5258
1 0 11
3 5259 5260 5261
1 0 11
3 5261 5260 5262
1 0 11
3 5053 5142 5263
1 0 11
3 5240 5143 4974
1 0 11
3 5264 5237 5265
1 0 11
3 5266 5267 5268
1 0 11
3 5077 5076 5269
1 0 11
3 5270 5269 5271
1 0 11
3 5272 5273 5274
1 0 11
3 5091 5228 5090
1 0 11
3 5275 5276 5271
1 0 11
3 5277 5077 5269
1 0 11
3 5229 5275 5271
1 0 11
3 4973 4987 5278
1 0 11
3 5231 5230 5279
1 0 11
3 4933 5280 4937
1 0 11
3 5281 5282 5283
1 0 11
3 5284 5285 5286
1 0 11
3 5287 5288 5289
1 0 11
3 5290 4945 5291
1 0 11
3 5110 5292 5111
1 0 11
3 5062 5182 5293
1 0 11
3 5076 5271 5269
1 0 11
3 5294 5295 5296
1 0 11
3 5297 5298 5292
1 0 11
3 5299 5297 5300
1 0 11
3 5301 5302 5303
1 0 11
3 5304 5305 5306
1 0 11
3 5110 5307 5292
1 0 11
3 5308 5309 5310
1 0 11
3 5311 5312 5085
1 0 11
3 5105 5243 4986
1 0 11
3 4787 5255 5256
1 0 11
3 5278 4987 5244
1 0 11
3 5284 5133 5135
1 0 11
3 5246 4939 5313
1 0 11
3 5314 5315 5316
1 0 11
3 5317 5318 5319
1 0 11
3 5221 5285 5135
1 0 11
3 5317 5320 5321
1 0 11
3 5315 5301 5321
1 0 11
3 5322 5323 5324
1 0 11
3 5246 5325 5326
1 0 11
3 5327 5293 5182
1 0 11
3 5315 5321 5320
1 0 11
3 5328 5318 5329
1 0 11
3 5310 5309 5330
1 0 11
3 5252 5251 5331
1 0 11
3 5332 5333 5334
1 0 11
3 5331 5335 5252
1 0 11
3 5267 5266 5331
1 0 11
3 5336 5337 5266
1 0 11
3 5338 5339 5340
1 0 11
3 5341 5342 5343
1 0 11
3 5344 5250 5345
1 0 11
3 5338 5259 5261
1 0 11
3 4878 5346 4791
1 0 11
3 5255 5254 5263
1 0 11
3 4791 5347 4789
1 0 11
3 5348 4945 4944
1 0 11
3 5277 5349 5257
1 0 11
3 5011 5227 5350
1 0 11
3 5351 5341 5352
1 0 11
3 4935 4937 5353
1 0 11
3 5354 5355 5356
1 0 11
3 4931 5347 5357
1 0 11
3 2481 2640 5296
1 0 11
3 5358 5359 5360
1 0 11
3 5361 5316 5362
1 0 11
3 5363 5351 5352
1 0 11
3 5144 5143 5364
1 0 11
3 5365 5366 5239
1 0 11
3 5367 5314 5368
1 0 11
3 5369 5370 5371
1 0 11
3 5241 5372 5327
1 0 11
3 5253 5275 5228
1 0 11
3 5336 5266 5268
1 0 11
3 5373 5374 5375
1 0 11
3 5365 5238 5278
1 0 11
3 5376 5326 5325
1 0 11
3 5067 5377 5072
1 0 11
3 5323 5378 5379
1 0 11
3 5325 5246 5359
1 0 11
3 5271 5076 5217
1 0 11
3 5380 5133 5284
1 0 11
3 5381 5337 5382
1 0 11
3 4933 5283 5280
1 0 11
3 5341 5330 5352
1 0 11
3 5383 5371 5384
1 0 11
3 2471 5327 5182
1 0 11
3 5232 5334 5233
1 0 11
3 5385 5386 5387
1 0 11
3 5245 5246 5326
1 0 11
3 2486 5375 5388
1 0 11
3 5291 5348 5295
1 0 11
3 5252 5276 5275
1 0 11
3 5389 5308 5390
1 0 11
3 5333 5233 5334
1 0 11
3 5270 5277 5269
1 0 11
3 5391 5392 5241
1 0 11
3 5392 5391 5280
1 0 11
3 5388 5393 2486
1 0 11
3 5296 2640 5294
1 0 11
3 5387 2486 5393
1 0 11
3 5376 5394 2481
1 0 11
3 5291 5295 5395
1 0 11
3 5281 5283 4932
1 0 11
3 5377 5242 5396
1 0 11
3 5392 5372 5241
1 0 11
3 5385 5295 5294
1 0 11
3 5326 5376 5296
1 0 11
3 5232 5251 5334
1 0 11
3 5336 5268 5397
1 0 11
3 5266 5335 5331
1 0 11
3 5398 5399 5400
1 0 11
3 5401 5402 5403
1 0 11
3 5248 5404 5249
1 0 11
3 5405 5406 5407
1 0 11
3 5408 5406 5405
1 0 11
3 5393 5388 5236
1 0 11
3 5234 5267 5331
1 0 11
3 5376 2481 5296
1 0 11
3 5395 5409 5290
1 0 11
3 5410 5235 5411
1 0 11
3 5290 5291 5395
1 0 11
3 5385 5294 5386
1 0 11
3 5274 5412 5403
1 0 11
3 5273 5265 5274
1 0 11
3 5111 5298 5193
1 0 11
3 5305 5413 5414
1 0 11
3 5313 4939 4935
1 0 11
3 4932 5283 4933
1 0 11
3 5327 2470 5241
1 0 11
3 5415 5358 5416
1 0 11
3 5217 5090 5229
1 0 11
3 5346 4878 5258
1 0 11
3 5359 5246 5313
1 0 11
3 5359 5358 5325
1 0 11
3 4944 5245 5348
1 0 11
3 5348 5291 4945
1 0 11
3 5343 5243 5417
1 0 11
3 5296 5348 5326
1 0 11
3 4947 4939 5246
1 0 11
3 2640 5386 5294
1 0 11
3 5391 5359 5353
1 0 11
3 5348 5296 5295
1 0 11
3 5405 5407 5418
1 0 11
3 5356 5404 5418
1 0 11
3 4791 5346 5347
1 0 11
3 4789 5347 4931
1 0 11
3 5410 5395 5393
1 0 11
3 5295 5385 5395
1 0 11
3 5419 5420 5421
1 0 11
3 5062 5293 5307
1 0 11
3 5355 5422 5420
1 0 11
3 5285 5322 5286
1 0 11
3 5221 5129 5378
1 0 11
3 5258 4878 4879
1 0 11
3 5248 5408 5404
1 0 11
3 5423 5297 5292
1 0 11
3 5346 5357 5347
1 0 11
3 5407 5406 5424
1 0 11
3 5299 5425 5298
1 0 11
3 5374 5373 5412
1 0 11
3 5327 2471 2470
1 0 11
3 5410 5393 5236
1 0 11
3 5221 5378 5285
1 0 11
3 5281 4932 4942
1 0 11
3 5280 5283 5282
1 0 11
3 5396 5242 5259
1 0 11
3 5251 5232 5331
1 0 11
3 5232 5234 5331
1 0 11
3 5340 5332 5230
1 0 11
3 4931 5357 5397
1 0 11
3 5426 5258 5257
1 0 11
3 5370 4942 5384
1 0 11
3 5423 5427 5297
1 0 11
3 5392 5280 5282
1 0 11
3 5280 5353 4937
1 0 11
3 5262 5260 5364
1 0 11
3 5259 5242 5260
1 0 11
3 5259 5338 5340
1 0 11
3 5377 5227 5072
1 0 11
3 5251 5279 5334
1 0 11
3 5392 5282 5372
1 0 11
3 5391 5241 5360
1 0 11
3 5261 5262 5428
1 0 11
3 5413 5338 5414
1 0 11
3 5242 5377 5067
1 0 11
3 5227 5377 5396
1 0 11
3 5281 5429 5282
1 0 11
3 5427 5423 5429
1 0 11
3 5261 5428 5414
1 0 11
3 5413 5304 5430
1 0 11
3 5430 5431 5339
1 0 11
3 5372 5432 5327
1 0 11
3 5429 5432 5282
1 0 11
3 5414 5338 5261
1 0 11
3 5332 5340 5339
1 0 11
3 5259 5340 5396
1 0 11
3 5332 5431 5333
1 0 11
3 5273 5272 5433
1 0 11
3 5274 5265 5237
1 0 11
3 5388 5374 5236
1 0 11
3 5375 5374 5388
1 0 11
3 5237 5374 5412
1 0 11
3 5274 5237 5412
1 0 11
3 5264 5411 5235
1 0 11
3 4653 5254 4785
1 0 11
3 5263 5254 5053
1 0 11
3 5142 5077 5277
1 0 11
3 5263 5142 5277
1 0 11
3 5277 5270 5349
1 0 11
3 5263 5277 5257
1 0 11
3 5363 5306 5434
1 0 11
3 5418 5404 5405
1 0 11
3 5408 5405 5404
1 0 11
3 5355 5404 5356
1 0 11
3 5249 5404 5355
1 0 11
3 5354 5422 5355
1 0 11
3 5420 5345 5355
1 0 11
3 5250 5249 5345
1 0 11
3 5355 5345 5249
1 0 11
3 5354 5421 5422
1 0 11
3 5422 5421 5420
1 0 11
3 5419 5421 5435
1 0 11
3 5436 5345 5420
1 0 11
3 5436 5420 5419
1 0 11
3 5348 5245 5326
1 0 11
3 4947 5245 4944
1 0 11
3 4935 5353 5313
1 0 11
3 5359 5313 5353
1 0 11
3 5275 5229 5228
1 0 11
3 5217 5229 5271
1 0 11
3 5319 5328 5324
1 0 11
3 5323 5361 5324
1 0 11
3 5287 5316 5288
1 0 11
3 5383 5303 5367
1 0 11
3 5427 5429 5369
1 0 11
3 5329 5308 5328
1 0 11
3 5390 5437 5389
1 0 11
3 5091 5312 5228
1 0 11
3 5279 5230 5332
1 0 11
3 5342 5438 5365
1 0 11
3 5262 5364 5247
1 0 11
3 5427 5371 5300
1 0 11
3 5425 5124 5193
1 0 11
3 5193 5298 5425
1 0 11
3 5111 5292 5298
1 0 11
3 5361 5323 5379
1 0 11
3 5322 5285 5323
1 0 11
3 5379 5378 5129
1 0 11
3 5285 5378 5323
1 0 11
3 5316 5361 5379
1 0 11
3 5361 5362 5324
1 0 11
3 5362 5320 5319
1 0 11
3 5328 5322 5324
1 0 11
3 5322 5389 5286
1 0 11
3 5380 5105 5133
1 0 11
3 5417 5380 5437
1 0 11
3 5243 5105 5380
1 0 11
3 5285 5284 5135
1 0 11
3 5380 5284 5437
1 0 11
3 5387 5393 5385
1 0 11
3 5395 5385 5393
1 0 11
3 5409 5410 5411
1 0 11
3 5335 5337 5276
1 0 11
3 5253 5252 5275
1 0 11
3 5357 5336 5397
1 0 11
3 5262 5247 5366
1 0 11
3 5438 5351 5434
1 0 11
3 5413 5305 5304
1 0 11
3 5305 5414 5428
1 0 11
3 5339 5413 5430
1 0 11
3 5338 5413 5339
1 0 11
3 5332 5339 5431
1 0 11
3 5062 5307 5110
1 0 11
3 5423 5307 5439
1 0 11
3 5432 5293 5327
1 0 11
3 5293 5439 5307
1 0 11
3 5307 5423 5292
1 0 11
3 5429 5423 5439
1 0 11
3 5432 5429 5439
1 0 11
3 5429 5281 5369
1 0 11
3 5432 5439 5293
1 0 11
3 5282 5432 5372
1 0 11
3 5281 4942 5370
1 0 11
3 5427 5369 5371
1 0 11
3 5251 5253 5279
1 0 11
3 5349 5381 5426
1 0 11
3 5440 5336 5357
1 0 11
3 5351 5363 5434
1 0 11
3 5341 5351 5438
1 0 11
3 5342 5341 5438
1 0 11
3 5341 5310 5330
1 0 11
3 5316 5315 5362
1 0 11
3 5302 5315 5314
1 0 11
3 5320 5317 5319
1 0 11
3 5315 5320 5362
1 0 11
3 5315 5302 5301
1 0 11
3 5367 5302 5314
1 0 11
3 5309 5308 5329
1 0 11
3 5308 5310 5390
1 0 11
3 5085 5011 5350
1 0 11
3 5279 5253 5441
1 0 11
3 5240 5247 5364
1 0 11
3 5247 5239 5366
1 0 11
3 5300 5297 5427
1 0 11
3 5298 5297 5299
1 0 11
3 5371 5383 5367
1 0 11
3 5368 5300 5367
1 0 11
3 5314 5316 5287
1 0 11
3 5299 5300 5368
1 0 11
3 5328 5319 5318
1 0 11
3 5319 5324 5362
1 0 11
3 5389 5322 5328
1 0 11
3 5284 5286 5437
1 0 11
3 5395 5410 5409
1 0 11
3 5235 5410 5236
1 0 11
3 5366 5428 5262
1 0 11
3 5305 5428 5434
1 0 11
3 5305 5434 5306
1 0 11
3 5371 5370 5384
1 0 11
3 5281 5370 5369
1 0 11
3 5332 5334 5279
1 0 11
3 5441 5231 5279
1 0 11
3 5350 5231 5311
1 0 11
3 5381 5349 5270
1 0 11
3 5257 5349 5426
1 0 11
3 5270 5271 5276
1 0 11
3 5381 5276 5337
1 0 11
3 5426 5440 5258
1 0 11
3 5257 5255 5263
1 0 11
3 5335 5276 5252
1 0 11
3 5270 5276 5381
1 0 11
3 5366 5365 5438
1 0 11
3 5343 5390 5310
1 0 11
3 5417 5390 5343
1 0 11
3 5085 5312 5091
1 0 11
3 5253 5312 5441
1 0 11
3 5231 5441 5311
1 0 11
3 5367 5303 5302
1 0 11
3 5371 5367 5300
1 0 11
3 5266 5337 5335
1 0 11
3 5336 5440 5382
1 0 11
3 4787 5256 4879
1 0 11
3 5286 5389 5437
1 0 11
3 5308 5389 5328
1 0 11
3 5341 5343 5310
1 0 11
3 5342 5442 5343
1 0 11
3 5380 5417 5243
1 0 11
3 5437 5390 5417
1 0 11
3 5257 5256 5255
1 0 11
3 4879 5256 5258
1 0 11
3 4986 5244 4987
1 0 11
3 5440 5357 5346
1 0 11
3 5258 5440 5346
1 0 11
3 5440 5426 5382
1 0 11
3 5381 5382 5426
1 0 11
3 5336 5382 5337
1 0 11
3 5316 5379 5288
1 0 11
3 5359 5391 5360
1 0 11
3 5280 5391 5353
1 0 11
3 5374 5237 5236
1 0 11
3 5264 5235 5237
1 0 11
3 5143 5240 5364
1 0 11
3 4974 4973 5238
1 0 11
3 4974 5238 5240
1 0 11
3 4973 5278 5238
1 0 11
3 5434 5366 5438
1 0 11
3 5434 5428 5366
1 0 11
3 5238 5365 5239
1 0 11
3 5342 5365 5278
1 0 11
3 5231 5350 5227
1 0 11
3 5085 5350 5311
1 0 11
3 5314 5287 5368
1 0 11
3 5272 5443 5399
1 0 11
3 5419 5435 5399
1 0 11
3 5399 5444 5400
1 0 11
3 5399 5443 5444
1 0 11
3 5403 5444 5443
1 0 11
3 5419 5399 5436
1 0 11
3 5403 5402 5444
1 0 11
3 5400 5444 5402
1 0 11
3 5272 5399 5433
1 0 11
3 5435 5433 5399
1 0 11
3 5260 5445 5364
1 0 11
3 5144 5364 5445
1 0 11
3 5144 5445 5211
1 0 11
3 5299 5368 5425
1 0 11
3 5289 5425 5368
1 0 11
3 5289 5368 5287
1 0 11
3 5398 5344 5446
1 0 11
3 5436 5399 5446
1 0 11
3 5398 5446 5399
1 0 11
3 5360 5447 5358
1 0 11
3 5416 5358 5447
1 0 11
3 5416 5447 2611
1 0 11
3 5211 5445 5242
1 0 11
3 5260 5242 5445
1 0 11
3 5344 5345 5446
1 0 11
3 5436 5446 5345
1 0 11
3 5228 5312 5253
1 0 11
3 5311 5441 5312
1 0 11
3 5360 5241 5447
1 0 11
3 2611 5447 5241
1 0 11
3 5325 5448 5376
1 0 11
3 5394 5376 5448
1 0 11
3 5394 5448 5415
1 0 11
3 5274 5443 5272
1 0 11
3 5274 5403 5443
1 0 11
3 5122 5449 5131
1 0 11
3 5288 5449 5289
1 0 11
3 5379 5450 5288
1 0 11
3 5325 5358 5448
1 0 11
3 5415 5448 5358
1 0 11
3 5412 5451 5403
1 0 11
3 5401 5403 5451
1 0 11
3 5412 5373 5451
1 0 11
3 5401 5451 5373
1 0 11
3 5396 5452 5227
1 0 11
3 5230 5227 5452
1 0 11
3 5396 5340 5452
1 0 11
3 5230 5452 5340
1 0 11
3 5124 5453 5122
1 0 11
3 5124 5425 5453
1 0 11
3 5289 5453 5425
1 0 11
3 5122 5453 5449
1 0 11
3 5289 5449 5453
1 0 11
3 5244 5442 5278
1 0 11
3 5342 5278 5442
1 0 11
3 5244 5243 5442
1 0 11
3 5243 5343 5442
1 0 11
3 5131 5450 5129
1 0 11
3 5379 5129 5450
1 0 11
3 5131 5449 5450
1 0 11
3 5449 5288 5450
1 0 12
3 5454 5455 5456
1 0 12
3 5457 4446 5458
1 0 12
3 5459 5460 5461
1 0 12
3 5462 5463 5464
1 0 12
3 5465 5466 5467
1 0 12
3 5468 5469 5470
1 0 12
3 5471 5472 5473
1 0 12
3 5454 5456 5474
1 0 12
3 5475 5476 5456
1 0 12
3 5471 5477 5472
1 0 12
3 5478 5479 4567
1 0 12
3 5480 5481 5462
1 0 12
3 5481 5463 5462
1 0 12
3 5482 5483 5465
1 0 12
3 5471 5484 5477
1 0 12
3 5485 5486 5487
1 0 12
3 5488 5489 5490
1 0 12
3 5491 5492 5493
1 0 12
3 5486 5494 5487
1 0 12
3 5495 5487 5494
1 0 12
3 5496 5488 5497
1 0 12
3 5498 5497 5499
1 0 12
3 5495 5499 5497
1 0 12
3 5500 5501 5502
1 0 12
3 5503 5504 5505
1 0 12
3 5492 5506 5507
1 0 12
3 5508 5492 5486
1 0 12
3 5509 5510 5511
1 0 12
3 5488 5512 5489
1 0 12
3 5488 5496 5513
1 0 12
3 5488 5513 5512
1 0 12
3 5514 5509 5511
1 0 12
3 5515 5516 5517
1 0 12
3 5518 5519 5520
1 0 12
3 5485 5508 5486
1 0 12
3 5459 5521 5512
1 0 12
3 5489 5512 5521
1 0 12
3 5459 5461 5521
1 0 12
3 5461 5522 5521
1 0 12
3 5523 5519 5524
1 0 12
3 5525 5526 5527
1 0 12
3 5518 5528 5519
1 0 12
3 5493 5508 5529
1 0 12
3 5467 5468 5530
1 0 12
3 5472 5531 5473
1 0 12
3 5477 5532 5533
1 0 12
3 5534 5535 5536
1 0 12
3 5485 5537 5508
1 0 12
3 5473 5538 5539
1 0 12
3 5540 5541 5538
1 0 12
3 5473 5531 5538
1 0 12
3 5540 5538 5531
1 0 12
3 5507 5486 5492
1 0 12
3 5493 5492 5508
1 0 12
3 5542 5543 5544
1 0 12
3 5545 5546 5547
1 0 12
3 5500 5548 5501
1 0 12
3 5545 5549 5550
1 0 12
3 5551 5552 5524
1 0 12
3 5551 5548 5552
1 0 12
3 5553 5554 5555
1 0 12
3 5553 5516 5554
1 0 12
3 5516 5541 5554
1 0 12
3 5486 5556 5494
1 0 12
3 5557 5558 5556
1 0 12
3 5486 5507 5556
1 0 12
3 5507 5559 5556
1 0 12
3 5553 5560 5516
1 0 12
3 5561 5562 5550
1 0 12
3 5561 5550 5460
1 0 12
3 5463 5563 5464
1 0 12
3 5463 5500 5563
1 0 12
3 5481 5552 5463
1 0 12
3 5500 5463 5552
1 0 12
3 5500 5552 5548
1 0 12
3 5504 5537 5505
1 0 12
3 5485 5505 5537
1 0 12
3 5504 5564 5537
1 0 12
3 5460 5565 5561
1 0 12
3 5566 5567 5565
1 0 12
3 5460 5459 5565
1 0 12
3 5566 5565 5459
1 0 12
3 5568 5558 5569
1 0 12
3 5555 5499 5568
1 0 12
3 5495 5568 5499
1 0 12
3 5487 5495 5490
1 0 12
3 5481 5480 5570
1 0 12
3 5571 5523 5570
1 0 12
3 5469 5572 5573
1 0 12
3 5469 5468 5572
1 0 12
3 5467 5572 5468
1 0 12
3 5560 5574 5516
1 0 12
3 5517 5516 5574
1 0 12
3 5517 5574 5575
1 0 12
3 5467 5466 5572
1 0 12
3 5495 5558 5568
1 0 12
3 5557 5569 5558
1 0 12
3 5495 5494 5558
1 0 12
3 5494 5556 5558
1 0 12
3 5576 5577 5571
1 0 12
3 5523 5571 5577
1 0 12
3 5466 5578 5572
1 0 12
3 5573 5572 5578
1 0 12
3 5573 5578 5579
1 0 12
3 5501 5580 5502
1 0 12
3 5581 5582 5580
1 0 12
3 5566 5583 5533
1 0 12
3 5566 5459 5583
1 0 12
3 5495 5497 5490
1 0 12
3 5488 5490 5497
1 0 12
3 5468 5470 5584
1 0 12
3 5585 5584 5470
1 0 12
3 5576 5571 5586
1 0 12
3 5481 5587 5552
1 0 12
3 5503 5588 5589
1 0 12
3 5503 5505 5588
1 0 12
3 5489 5521 5522
1 0 12
3 5590 5591 5533
1 0 12
3 5465 5590 5466
1 0 12
3 5515 5592 5541
1 0 12
3 5593 5554 5541
1 0 12
3 5515 5541 5516
1 0 12
3 5465 5591 5590
1 0 12
3 5566 5533 5591
1 0 12
3 5465 5483 5591
1 0 12
3 5460 5594 5595
1 0 12
3 5461 5460 5595
1 0 12
3 5596 5597 5595
1 0 12
3 5597 5522 5595
1 0 12
3 5598 5599 5600
1 0 12
3 5576 5601 5577
1 0 12
3 5482 5602 5601
1 0 12
3 5576 5483 5601
1 0 12
3 5482 5601 5483
1 0 12
3 5477 5603 5532
1 0 12
3 5604 5532 5603
1 0 12
3 5477 5484 5603
1 0 12
3 5604 5603 5484
1 0 12
3 5605 5509 5606
1 0 12
3 5525 5607 5606
1 0 12
3 5605 5606 5608
1 0 12
3 5577 5601 5602
1 0 12
3 5523 5577 5602
1 0 12
3 5523 5602 5519
1 0 12
3 5608 5609 5610
1 0 12
3 5605 5608 5610
1 0 12
3 5551 5611 5610
1 0 12
3 5612 5605 5528
1 0 12
3 5613 5614 5615
1 0 12
3 5553 5569 5600
1 0 12
3 5557 5600 5569
1 0 12
3 5553 5555 5569
1 0 12
3 5555 5568 5569
1 0 12
3 5554 5616 5555
1 0 12
3 5604 5579 5578
1 0 12
3 5466 5532 5578
1 0 12
3 5604 5578 5532
1 0 12
3 5608 5606 5607
1 0 12
3 5501 5608 5607
1 0 12
3 5525 5580 5607
1 0 12
3 5501 5607 5580
1 0 12
3 5617 5618 5560
1 0 12
3 5574 5618 5575
1 0 12
3 5464 5563 5619
1 0 12
3 5620 5619 5563
1 0 12
3 5483 5567 5591
1 0 12
3 5566 5591 5567
1 0 12
3 5483 5562 5567
1 0 12
3 5561 5565 5567
1 0 12
3 5621 5544 5622
1 0 12
3 5528 5610 5611
1 0 12
3 5519 5528 5611
1 0 12
3 5551 5524 5611
1 0 12
3 5519 5611 5524
1 0 12
3 5477 5623 5472
1 0 12
3 5624 5625 5623
1 0 12
3 5477 5533 5623
1 0 12
3 5523 5524 5587
1 0 12
3 5481 5570 5587
1 0 12
3 5523 5587 5570
1 0 12
3 5482 5530 5520
1 0 12
3 5482 5465 5530
1 0 12
3 5467 5530 5465
1 0 12
3 5557 5559 5600
1 0 12
3 5557 5556 5559
1 0 12
3 5626 5559 5507
1 0 12
3 5512 5513 5459
1 0 12
3 5586 5571 5627
1 0 12
3 5480 5627 5628
1 0 12
3 5571 5570 5628
1 0 12
3 5480 5628 5570
1 0 12
3 5518 5612 5528
1 0 12
3 5610 5528 5605
1 0 12
3 5605 5612 5509
1 0 12
3 5596 5595 5594
1 0 12
3 5549 5596 5594
1 0 12
3 5460 5550 5594
1 0 12
3 5549 5594 5550
1 0 12
3 5624 5629 5583
1 0 12
3 5533 5583 5629
1 0 12
3 5624 5623 5629
1 0 12
3 5533 5629 5623
1 0 12
3 5540 5593 5541
1 0 12
3 5592 5539 5541
1 0 12
3 5539 5538 5541
1 0 12
3 5496 5625 5513
1 0 12
3 5624 5513 5625
1 0 12
3 5472 5623 5625
1 0 12
3 5588 5489 5522
1 0 12
3 5589 5588 5522
1 0 12
3 5461 5595 5522
1 0 12
3 5589 5522 5597
1 0 12
3 5586 5546 5576
1 0 12
3 5561 5567 5562
1 0 12
3 5576 5562 5483
1 0 12
3 5613 5617 5614
1 0 12
3 5598 5614 5599
1 0 12
3 5519 5602 5520
1 0 12
3 5482 5520 5602
1 0 12
3 5540 5630 5593
1 0 12
3 5499 5555 5616
1 0 12
3 5593 5616 5554
1 0 12
3 5613 5535 5617
1 0 12
3 5560 5599 5617
1 0 12
3 5599 5614 5617
1 0 12
3 5499 5630 5498
1 0 12
3 5540 5498 5630
1 0 12
3 5499 5616 5630
1 0 12
3 5616 5593 5630
1 0 12
3 5496 5497 5498
1 0 12
3 5540 5531 5498
1 0 12
3 5631 5496 5531
1 0 12
3 5524 5552 5587
1 0 12
3 5501 5609 5608
1 0 12
3 5551 5610 5609
1 0 12
3 5501 5548 5609
1 0 12
3 5551 5609 5548
1 0 12
3 5459 5513 5583
1 0 12
3 5624 5583 5513
1 0 12
3 5628 5627 5571
1 0 12
3 5547 5586 5627
1 0 12
3 5466 5632 5532
1 0 12
3 5533 5532 5632
1 0 12
3 5466 5590 5632
1 0 12
3 5533 5632 5590
1 0 12
3 5581 5633 5527
1 0 12
3 5525 5527 5633
1 0 12
3 5581 5580 5633
1 0 12
3 5525 5633 5580
1 0 12
3 5496 5631 5625
1 0 12
3 5472 5625 5631
1 0 12
3 5498 5531 5496
1 0 12
3 5472 5631 5531
1 0 12
3 5560 5553 5599
1 0 12
3 5553 5600 5599
1 0 12
3 5563 5634 5620
1 0 12
3 5620 5543 5542
1 0 12
3 5543 5582 5544
1 0 12
3 5620 5634 5543
1 0 12
3 5478 5635 5479
1 0 12
3 5479 5636 5637
1 0 12
3 5479 5635 5636
1 0 12
3 5615 5636 5635
1 0 12
3 5626 5506 5638
1 0 12
3 5639 5640 5638
1 0 12
3 5640 5641 5638
1 0 12
3 5505 5485 5642
1 0 12
3 5490 5489 5642
1 0 12
3 5563 5500 5634
1 0 12
3 5502 5634 5500
1 0 12
3 5615 5614 5643
1 0 12
3 5644 5645 5646
1 0 12
3 5626 5638 5646
1 0 12
3 5644 5646 5638
1 0 12
3 5508 5647 5529
1 0 12
3 5564 5529 5647
1 0 12
3 5508 5537 5647
1 0 12
3 5564 5647 5537
1 0 12
3 5476 5648 5514
1 0 12
3 5476 5475 5648
1 0 12
3 5527 5649 5581
1 0 12
3 5622 5581 5649
1 0 12
3 5622 5649 5621
1 0 12
3 5534 5575 5618
1 0 12
3 5535 5534 5618
1 0 12
3 5574 5560 5618
1 0 12
3 5535 5618 5617
1 0 12
3 5644 5650 5643
1 0 12
3 5651 5652 5650
1 0 12
3 5651 5650 5458
1 0 12
3 5585 5510 5584
1 0 12
3 5612 5653 5510
1 0 12
3 5585 5511 5510
1 0 12
3 5612 5510 5509
1 0 12
3 5654 5636 5652
1 0 12
3 5651 5654 5652
1 0 12
3 5615 5643 5652
1 0 12
3 5643 5650 5652
1 0 12
3 5650 5641 5458
1 0 12
3 5614 5645 5643
1 0 12
3 5644 5643 5645
1 0 12
3 5614 5598 5645
1 0 12
3 5598 5646 5645
1 0 12
3 5562 5576 5546
1 0 12
3 5550 5562 5546
1 0 12
3 5586 5547 5546
1 0 12
3 5550 5546 5545
1 0 12
3 5527 5655 5649
1 0 12
3 5621 5649 5655
1 0 12
3 5527 5455 5655
1 0 12
3 5621 5655 5656
1 0 12
3 5490 5642 5487
1 0 12
3 5485 5487 5642
1 0 12
3 5634 5582 5543
1 0 12
3 5622 5544 5582
1 0 12
3 5634 5502 5582
1 0 12
3 5478 5657 5635
1 0 12
3 5535 5635 5657
1 0 12
3 5478 5536 5657
1 0 12
3 5535 5657 5536
1 0 12
3 5502 5580 5582
1 0 12
3 5622 5582 5581
1 0 12
3 5514 5648 5509
1 0 12
3 5606 5509 5648
1 0 12
3 5475 5456 5455
1 0 12
3 5527 5475 5455
1 0 12
3 5454 5656 5455
1 0 12
3 5656 5655 5455
1 0 12
3 5535 5613 5635
1 0 12
3 5615 5635 5613
1 0 12
3 5530 5658 5520
1 0 12
3 5518 5520 5658
1 0 12
3 5530 5468 5658
1 0 12
3 5468 5653 5658
1 0 12
3 5644 5641 5650
1 0 12
3 5457 5458 5641
1 0 12
3 5644 5638 5641
1 0 12
3 5457 5641 5640
1 0 12
3 5598 5659 5646
1 0 12
3 5626 5646 5659
1 0 12
3 5598 5600 5659
1 0 12
3 5518 5653 5612
1 0 12
3 5584 5510 5653
1 0 12
3 5518 5658 5653
1 0 12
3 5584 5653 5468
1 0 12
3 5489 5588 5642
1 0 12
3 5505 5642 5588
1 0 12
3 5626 5659 5559
1 0 12
3 5600 5559 5659
1 0 12
3 5606 5526 5525
1 0 12
3 5475 5527 5526
1 0 12
3 5606 5648 5526
1 0 12
3 5475 5526 5648
1 0 12
3 5615 5652 5636
1 0 12
3 5637 5636 5654
1 0 12
3 5639 5638 5506
1 0 12
3 5491 5639 5506
1 0 12
3 5626 5507 5506
1 0 12
3 5491 5506 5492
1 0 12
3 5660 5462 5661
1 0 12
3 5662 4446 5457
1 0 12
3 5464 5661 5462
1 0 12
3 5663 5664 5665
1 0 12
3 5666 5667 5663
1 0 12
3 5665 5668 5663
1 0 12
3 5669 5670 5671
1 0 12
3 5462 5660 5480
1 0 12
3 5672 5673 5674
1 0 12
3 5675 5676 5677
1 0 12
3 5678 5679 5680
1 0 12
3 5681 5682 5683
1 0 12
3 5677 5676 5684
1 0 12
3 5685 5684 5676
1 0 12
3 5491 5493 5686
1 0 12
3 5673 5687 5674
1 0 12
3 5685 5688 5687
1 0 12
3 5689 5690 5691
1 0 12
3 5685 5687 5692
1 0 12
3 5673 5693 5694
1 0 12
3 5695 5677 5686
1 0 12
3 5696 5690 5697
1 0 12
3 5503 5698 5504
1 0 12
3 5699 5700 5701
1 0 12
3 5702 5703 5704
1 0 12
3 5705 5706 5703
1 0 12
3 5705 5703 5707
1 0 12
3 5708 5709 5694
1 0 12
3 5710 5711 5709
1 0 12
3 5708 5712 5709
1 0 12
3 5627 5713 5547
1 0 12
3 5480 5714 5627
1 0 12
3 5715 5716 5717
1 0 12
3 5718 5707 5703
1 0 12
3 5480 5660 5714
1 0 12
3 5719 5720 5714
1 0 12
3 5721 5722 5547
1 0 12
3 5723 5665 5724
1 0 12
3 5725 5726 5727
1 0 12
3 5725 5728 5729
1 0 12
3 5718 5730 5731
1 0 12
3 5718 5703 5730
1 0 12
3 5675 5677 5695
1 0 12
3 5665 5723 5732
1 0 12
3 5733 5732 5723
1 0 12
3 5734 5735 5736
1 0 12
3 5737 5738 5739
1 0 12
3 5740 5741 5739
1 0 12
3 5696 5742 5690
1 0 12
3 5691 5690 5742
1 0 12
3 5696 5743 5742
1 0 12
3 5743 5744 5742
1 0 12
3 5493 5695 5686
1 0 12
3 5745 5686 5677
1 0 12
3 5493 5529 5695
1 0 12
3 5682 5681 5746
1 0 12
3 5639 5747 5640
1 0 12
3 5504 5748 5564
1 0 12
3 5675 5695 5748
1 0 12
3 5661 5464 5749
1 0 12
3 5750 5743 5751
1 0 12
3 5696 5752 5743
1 0 12
3 5753 5754 5755
1 0 12
3 5684 5756 5757
1 0 12
3 5677 5684 5757
1 0 12
3 5758 5759 5757
1 0 12
3 5677 5757 5745
1 0 12
3 5760 5761 5762
1 0 12
3 5763 5764 5761
1 0 12
3 5504 5698 5748
1 0 12
3 5675 5748 5698
1 0 12
3 5765 5766 5767
1 0 12
3 5675 5698 5768
1 0 12
3 5769 5676 5768
1 0 12
3 5675 5768 5676
1 0 12
3 5702 5770 5771
1 0 12
3 5758 5771 5772
1 0 12
3 5773 5774 5775
1 0 12
3 5700 5678 5775
1 0 12
3 5691 5742 5744
1 0 12
3 5776 5777 5744
1 0 12
3 5743 5750 5744
1 0 12
3 5778 5721 5720
1 0 12
3 5719 5779 5720
1 0 12
3 5778 5720 5755
1 0 12
3 5729 5780 5781
1 0 12
3 5729 5728 5780
1 0 12
3 5728 5782 5780
1 0 12
3 5689 5783 5784
1 0 12
3 5672 5785 5783
1 0 12
3 5689 5691 5783
1 0 12
3 5672 5783 5691
1 0 12
3 5786 5787 5788
1 0 12
3 5753 5786 5788
1 0 12
3 5789 5727 5788
1 0 12
3 5727 5790 5788
1 0 12
3 5733 5791 5792
1 0 12
3 5793 5791 5678
1 0 12
3 5789 5728 5727
1 0 12
3 5772 5794 5759
1 0 12
3 5758 5772 5759
1 0 12
3 5795 5745 5759
1 0 12
3 5745 5757 5759
1 0 12
3 5796 5797 5767
1 0 12
3 5724 5780 5773
1 0 12
3 5723 5724 5773
1 0 12
3 5723 5773 5775
1 0 12
3 5503 5589 5798
1 0 12
3 5503 5798 5698
1 0 12
3 5798 5799 5784
1 0 12
3 5689 5800 5690
1 0 12
3 5689 5799 5800
1 0 12
3 5596 5800 5597
1 0 12
3 5710 5801 5692
1 0 12
3 5771 5692 5801
1 0 12
3 5710 5702 5801
1 0 12
3 5702 5771 5801
1 0 12
3 5802 5780 5724
1 0 12
3 5803 5773 5780
1 0 12
3 5802 5781 5780
1 0 12
3 5694 5709 5711
1 0 12
3 5673 5694 5711
1 0 12
3 5673 5711 5687
1 0 12
3 5665 5664 5724
1 0 12
3 5802 5724 5664
1 0 12
3 5795 5804 5745
1 0 12
3 5750 5716 5805
1 0 12
3 5716 5806 5805
1 0 12
3 5806 5693 5805
1 0 12
3 5786 5779 5807
1 0 12
3 5699 5786 5807
1 0 12
3 5719 5808 5807
1 0 12
3 5699 5807 5809
1 0 12
3 5810 5811 5749
1 0 12
3 5661 5749 5811
1 0 12
3 5661 5811 5812
1 0 12
3 5740 5734 5762
1 0 12
3 5733 5792 5746
1 0 12
3 5810 5682 5792
1 0 12
3 5810 5792 5793
1 0 12
3 5765 5813 5814
1 0 12
3 5754 5814 5751
1 0 12
3 5710 5692 5711
1 0 12
3 5687 5711 5692
1 0 12
3 5762 5761 5764
1 0 12
3 5740 5762 5764
1 0 12
3 5763 5704 5764
1 0 12
3 5691 5744 5777
1 0 12
3 5672 5691 5777
1 0 12
3 5777 5815 5672
1 0 12
3 5596 5697 5800
1 0 12
3 5690 5800 5697
1 0 12
3 5596 5549 5697
1 0 12
3 5694 5693 5806
1 0 12
3 5776 5805 5693
1 0 12
3 5731 5730 5712
1 0 12
3 5816 5746 5817
1 0 12
3 5758 5756 5771
1 0 12
3 5685 5692 5756
1 0 12
3 5771 5756 5692
1 0 12
3 5743 5818 5751
1 0 12
3 5754 5751 5818
1 0 12
3 5743 5752 5818
1 0 12
3 5754 5818 5752
1 0 12
3 5701 5774 5782
1 0 12
3 5789 5787 5782
1 0 12
3 5803 5780 5782
1 0 12
3 5789 5782 5728
1 0 12
3 5660 5819 5809
1 0 12
3 5812 5820 5819
1 0 12
3 5660 5661 5819
1 0 12
3 5812 5819 5661
1 0 12
3 5597 5800 5799
1 0 12
3 5589 5597 5799
1 0 12
3 5689 5784 5799
1 0 12
3 5589 5799 5798
1 0 12
3 5754 5821 5755
1 0 12
3 5778 5755 5821
1 0 12
3 5754 5752 5821
1 0 12
3 5752 5822 5821
1 0 12
3 5753 5790 5754
1 0 12
3 5710 5709 5730
1 0 12
3 5709 5712 5730
1 0 12
3 5701 5782 5787
1 0 12
3 5699 5701 5787
1 0 12
3 5789 5788 5787
1 0 12
3 5699 5787 5786
1 0 12
3 5750 5813 5716
1 0 12
3 5750 5751 5813
1 0 12
3 5751 5814 5813
1 0 12
3 5810 5680 5811
1 0 12
3 5812 5811 5680
1 0 12
3 5810 5793 5680
1 0 12
3 5793 5678 5680
1 0 12
3 5704 5706 5741
1 0 12
3 5740 5764 5741
1 0 12
3 5704 5741 5764
1 0 12
3 5755 5720 5779
1 0 12
3 5753 5755 5779
1 0 12
3 5719 5807 5779
1 0 12
3 5753 5779 5786
1 0 12
3 5758 5757 5756
1 0 12
3 5685 5756 5684
1 0 12
3 5660 5808 5714
1 0 12
3 5719 5714 5808
1 0 12
3 5660 5809 5808
1 0 12
3 5809 5807 5808
1 0 12
3 5464 5619 5749
1 0 12
3 5683 5749 5619
1 0 12
3 5776 5823 5805
1 0 12
3 5750 5805 5823
1 0 12
3 5776 5744 5823
1 0 12
3 5750 5823 5744
1 0 12
3 5809 5819 5820
1 0 12
3 5699 5809 5820
1 0 12
3 5699 5820 5700
1 0 12
3 5772 5771 5770
1 0 12
3 5763 5772 5770
1 0 12
3 5702 5704 5770
1 0 12
3 5763 5770 5704
1 0 12
3 5769 5688 5676
1 0 12
3 5685 5676 5688
1 0 12
3 5769 5674 5688
1 0 12
3 5674 5687 5688
1 0 12
3 5776 5815 5777
1 0 12
3 5673 5672 5815
1 0 12
3 5776 5693 5815
1 0 12
3 5673 5815 5693
1 0 12
3 5749 5683 5682
1 0 12
3 5810 5749 5682
1 0 12
3 5817 5746 5681
1 0 12
3 5746 5792 5682
1 0 12
3 5814 5754 5790
1 0 12
3 5753 5788 5790
1 0 12
3 5824 5790 5727
1 0 12
3 5763 5794 5772
1 0 12
3 5795 5759 5794
1 0 12
3 5700 5679 5678
1 0 12
3 5812 5680 5679
1 0 12
3 5700 5820 5679
1 0 12
3 5812 5679 5820
1 0 12
3 5696 5822 5752
1 0 12
3 5778 5821 5822
1 0 12
3 5778 5822 5721
1 0 12
3 5784 5783 5785
1 0 12
3 5769 5825 5785
1 0 12
3 5672 5674 5785
1 0 12
3 5769 5785 5674
1 0 12
3 5803 5774 5773
1 0 12
3 5700 5775 5774
1 0 12
3 5803 5782 5774
1 0 12
3 5700 5774 5701
1 0 12
3 5760 5747 5761
1 0 12
3 5639 5804 5747
1 0 12
3 5727 5726 5824
1 0 12
3 5728 5725 5727
1 0 12
3 5767 5826 5765
1 0 12
3 5716 5827 5717
1 0 12
3 5734 5740 5828
1 0 12
3 5671 5670 5828
1 0 12
3 5740 5739 5828
1 0 12
3 5545 5547 5722
1 0 12
3 5721 5822 5722
1 0 12
3 5734 5829 5762
1 0 12
3 5760 5762 5829
1 0 12
3 5671 5830 5738
1 0 12
3 5739 5738 5830
1 0 12
3 5671 5828 5830
1 0 12
3 5739 5830 5828
1 0 12
3 5716 5813 5827
1 0 12
3 5765 5827 5813
1 0 12
3 5831 5736 5735
1 0 12
3 5670 5831 5735
1 0 12
3 5734 5828 5735
1 0 12
3 5670 5735 5828
1 0 12
3 5832 5833 5816
1 0 12
3 5746 5816 5833
1 0 12
3 5832 5732 5833
1 0 12
3 5827 5765 5826
1 0 12
3 5717 5827 5826
1 0 12
3 5767 5797 5826
1 0 12
3 5717 5826 5797
1 0 12
3 5564 5834 5529
1 0 12
3 5695 5529 5834
1 0 12
3 5564 5748 5834
1 0 12
3 5695 5834 5748
1 0 12
3 5763 5761 5794
1 0 12
3 5769 5768 5825
1 0 12
3 5798 5784 5825
1 0 12
3 5784 5785 5825
1 0 12
3 5822 5835 5722
1 0 12
3 5697 5836 5835
1 0 12
3 5822 5696 5835
1 0 12
3 5697 5835 5696
1 0 12
3 5721 5547 5713
1 0 12
3 5720 5721 5713
1 0 12
3 5627 5714 5713
1 0 12
3 5720 5713 5714
1 0 12
3 5732 5837 5833
1 0 12
3 5746 5833 5837
1 0 12
3 5732 5733 5837
1 0 12
3 5746 5837 5733
1 0 12
3 5734 5838 5829
1 0 12
3 5839 5840 5838
1 0 12
3 5734 5736 5838
1 0 12
3 5839 5838 5736
1 0 12
3 5716 5841 5806
1 0 12
3 5842 5843 5841
1 0 12
3 5716 5715 5841
1 0 12
3 5842 5841 5715
1 0 12
3 5829 5838 5840
1 0 12
3 5760 5829 5840
1 0 12
3 5839 5662 5840
1 0 12
3 5704 5703 5706
1 0 12
3 5739 5741 5706
1 0 12
3 5705 5737 5706
1 0 12
3 5739 5706 5737
1 0 12
3 5806 5841 5843
1 0 12
3 5694 5806 5843
1 0 12
3 5842 5708 5843
1 0 12
3 5694 5843 5708
1 0 12
3 5662 5457 5840
1 0 12
3 5775 5791 5723
1 0 12
3 5733 5723 5791
1 0 12
3 5775 5678 5791
1 0 12
3 5793 5792 5791
1 0 12
3 5732 5668 5665
1 0 12
3 5666 5663 5668
1 0 12
3 5732 5832 5668
1 0 12
3 5666 5668 5832
1 0 12
3 5768 5698 5825
1 0 12
3 5798 5825 5698
1 0 12
3 5795 5844 5747
1 0 12
3 5761 5747 5844
1 0 12
3 5795 5794 5844
1 0 12
3 5761 5844 5794
1 0 12
3 5760 5845 5747
1 0 12
3 5640 5747 5845
1 0 12
3 5640 5845 5457
1 0 12
3 5710 5846 5702
1 0 12
3 5703 5702 5846
1 0 12
3 5710 5730 5846
1 0 12
3 5703 5846 5730
1 0 12
3 5760 5840 5845
1 0 12
3 5457 5845 5840
1 0 12
3 5824 5766 5790
1 0 12
3 5814 5790 5766
1 0 12
3 5824 5767 5766
1 0 12
3 5814 5766 5765
1 0 12
3 5545 5836 5549
1 0 12
3 5697 5549 5836
1 0 12
3 5545 5722 5836
1 0 12
3 5722 5835 5836
1 0 12
3 5726 5847 5824
1 0 12
3 5767 5824 5847
1 0 12
3 5726 5796 5847
1 0 12
3 5767 5847 5796
1 0 12
3 5686 5745 5804
1 0 12
3 5491 5686 5804
1 0 12
3 5795 5747 5804
1 0 12
3 5491 5804 5639
1 0 12
3 5848 5454 5474
1 0 12
3 5849 5850 5620
1 0 12
3 5619 5620 5850
1 0 12
3 5851 5852 5853
1 0 12
3 5854 5454 5848
1 0 12
3 5542 5855 5620
1 0 12
3 5856 5619 5850
1 0 12
3 5857 5856 5850
1 0 12
3 5850 5849 5857
1 0 12
3 5858 5859 5860
1 0 12
3 1768 1766 5861
1 0 12
3 1774 5861 5862
1 0 12
3 1774 1768 5861
1 0 12
3 1774 5862 1791
1 0 12
3 5863 5864 5858
1 0 12
3 1750 5865 5866
1 0 12
3 1750 5866 5867
1 0 12
3 1791 5865 1750
1 0 12
3 1792 1750 5867
1 0 12
3 1792 5867 1726
1 0 12
3 5868 1726 5867
1 0 12
3 5865 1791 5862
1 0 12
3 5869 5854 5848
1 0 12
3 5870 1726 5868
1 0 12
3 5853 5871 5872
1 0 12
3 5857 5873 5874
1 0 12
3 5853 5875 5860
1 0 12
3 5871 5853 5852
1 0 12
3 5864 5859 5858
1 0 12
3 5874 5856 5857
1 0 12
3 5875 5853 5872
1 0 12
3 5876 5877 5860
1 0 12
3 5853 5860 5877
1 0 12
3 5858 5860 5875
1 0 12
3 5860 5859 5876
1 0 12
3 5878 5863 5879
1 0 12
3 5880 5859 5864
1 0 12
3 5881 5882 5883
1 0 12
3 5881 5884 5882
1 0 12
3 5885 5886 5887
1 0 12
3 5888 5879 5882
1 0 12
3 5882 5879 5883
1 0 12
3 5889 5890 5891
1 0 12
3 5890 5892 5887
1 0 12
3 5883 5879 5893
1 0 12
3 5894 5873 5857
1 0 12
3 5852 5851 5895
1 0 12
3 5890 5887 5891
1 0 12
3 5893 5896 5883
1 0 12
3 5881 5883 5896
1 0 12
3 5897 5874 5873
1 0 12
3 5898 5897 5873
1 0 12
3 5890 5899 5892
1 0 12
3 5900 5892 5899
1 0 12
3 5901 5897 5898
1 0 12
3 5902 5903 5904
1 0 12
3 5870 5905 1726
1 0 12
3 5906 5907 5908
1 0 12
3 5895 5909 5910
1 0 12
3 5911 1668 5912
1 0 12
3 1668 5913 5912
1 0 12
3 5904 5914 5915
1 0 12
3 5916 5885 5917
1 0 12
3 1723 1724 5918
1 0 12
3 5919 5920 5918
1 0 12
3 5911 5921 5922
1 0 12
3 5923 5924 1719
1 0 12
3 5919 5924 5925
1 0 12
3 5926 5851 5927
1 0 12
3 5928 5929 5930
1 0 12
3 5902 5931 5928
1 0 12
3 5885 5887 5932
1 0 12
3 5933 5934 5935
1 0 12
3 5936 5909 5937
1 0 12
3 5938 5939 5940
1 0 12
3 5941 5942 5943
1 0 12
3 5911 5912 5921
1 0 12
3 5944 5922 5921
1 0 12
3 5945 5939 5946
1 0 12
3 5880 5864 5878
1 0 12
3 5947 5948 5949
1 0 12
3 5892 5950 5887
1 0 12
3 5951 5952 5953
1 0 12
3 5954 5955 5956
1 0 12
3 5957 5958 5959
1 0 12
3 5958 5960 5959
1 0 12
3 5961 5962 5963
1 0 12
3 5964 5965 5894
1 0 12
3 5964 5966 5965
1 0 12
3 5967 5968 5965
1 0 12
3 5931 5969 5965
1 0 12
3 5894 5965 5969
1 0 12
3 5970 5971 5972
1 0 12
3 5973 5972 5971
1 0 12
3 5974 5975 5976
1 0 12
3 5656 5975 5621
1 0 12
3 5869 5977 5978
1 0 12
3 5979 5978 5977
1 0 12
3 5980 5981 5982
1 0 12
3 5983 5978 5979
1 0 12
3 5854 5869 5978
1 0 12
3 5984 5985 5986
1 0 12
3 5987 5988 5884
1 0 12
3 5989 5990 5991
1 0 12
3 5992 5990 5993
1 0 12
3 5914 5904 5903
1 0 12
3 5943 5914 5903
1 0 12
3 5983 5994 5978
1 0 12
3 5995 5996 5994
1 0 12
3 5983 5997 5994
1 0 12
3 5931 5965 5968
1 0 12
3 5997 5968 5967
1 0 12
3 5998 5999 6000
1 0 12
3 6001 6002 6000
1 0 12
3 6001 6000 6003
1 0 12
3 6004 5998 6005
1 0 12
3 5998 6002 6005
1 0 12
3 5880 6006 6007
1 0 12
3 5880 5878 6006
1 0 12
3 6008 6009 6010
1 0 12
3 6011 5984 6012
1 0 12
3 6013 5959 5960
1 0 12
3 6014 5990 6015
1 0 12
3 6016 6017 5877
1 0 12
3 6018 6019 6020
1 0 12
3 6021 5988 6022
1 0 12
3 5961 6023 5988
1 0 12
3 6021 5884 5988
1 0 12
3 5961 5988 5987
1 0 12
3 5979 6024 6025
1 0 12
3 6026 6027 6028
1 0 12
3 6029 6030 6031
1 0 12
3 6032 6033 6027
1 0 12
3 6011 6012 6034
1 0 12
3 6011 6034 5957
1 0 12
3 5970 6035 6006
1 0 12
3 6007 6006 6035
1 0 12
3 5970 5972 6035
1 0 12
3 5970 6036 6037
1 0 12
3 5960 6038 6039
1 0 12
3 6013 5960 6039
1 0 12
3 5942 6013 5915
1 0 12
3 6040 6041 5935
1 0 12
3 6042 6041 6043
1 0 12
3 5870 6044 5955
1 0 12
3 6014 6015 6045
1 0 12
3 6026 6028 6045
1 0 12
3 6040 5935 6046
1 0 12
3 6047 6048 5949
1 0 12
3 6049 6048 6012
1 0 12
3 5942 6050 6051
1 0 12
3 6013 5942 6051
1 0 12
3 6013 6051 5959
1 0 12
3 1723 6052 5938
1 0 12
3 6053 6052 5920
1 0 12
3 5951 5987 6054
1 0 12
3 6055 6045 6015
1 0 12
3 6056 5985 6011
1 0 12
3 6057 6056 5957
1 0 12
3 1726 5905 6058
1 0 12
3 1726 6058 5982
1 0 12
3 6054 5886 5916
1 0 12
3 5951 6054 5916
1 0 12
3 5932 5917 5885
1 0 12
3 5542 5544 6059
1 0 12
3 5974 6060 6059
1 0 12
3 1719 6061 1724
1 0 12
3 1719 5924 6061
1 0 12
3 5919 6061 5924
1 0 12
3 6007 6062 6063
1 0 12
3 6064 6018 6065
1 0 12
3 6066 5930 6065
1 0 12
3 6064 6065 5930
1 0 12
3 6067 6068 6069
1 0 12
3 6070 6062 6069
1 0 12
3 5945 5946 6069
1 0 12
3 6070 6069 5946
1 0 12
3 5923 1713 6071
1 0 12
3 5923 6071 5924
1 0 12
3 1724 6061 5918
1 0 12
3 5919 5918 6061
1 0 12
3 5910 6072 6073
1 0 12
3 6043 5922 6042
1 0 12
3 5933 5935 6042
1 0 12
3 5922 5944 6042
1 0 12
3 1723 6074 6052
1 0 12
3 5920 6052 6074
1 0 12
3 1723 5918 6074
1 0 12
3 5920 6074 5918
1 0 12
3 6075 6076 6002
1 0 12
3 6001 6075 6002
1 0 12
3 6077 6005 6002
1 0 12
3 5998 6000 6002
1 0 12
3 5954 6078 5955
1 0 12
3 6079 6080 6081
1 0 12
3 5939 6082 5940
1 0 12
3 6083 6084 6071
1 0 12
3 5924 6071 6084
1 0 12
3 6083 5925 6084
1 0 12
3 5924 6084 5925
1 0 12
3 6083 6071 6085
1 0 12
3 5947 6004 6086
1 0 12
3 6055 6015 6087
1 0 12
3 6053 6088 6052
1 0 12
3 5938 6052 6088
1 0 12
3 5938 6088 5939
1 0 12
3 5919 5925 6089
1 0 12
3 5926 6089 5925
1 0 12
3 6090 6068 6067
1 0 12
3 5945 6069 6068
1 0 12
3 5913 6082 6068
1 0 12
3 6091 6085 5980
1 0 12
3 6077 6092 6005
1 0 12
3 6093 6005 6092
1 0 12
3 6077 6028 6092
1 0 12
3 5967 5965 5966
1 0 12
3 5891 5887 5886
1 0 12
3 6054 5891 5886
1 0 12
3 5885 5916 5886
1 0 12
3 5943 6094 5941
1 0 12
3 5893 5879 5863
1 0 12
3 5864 5863 5878
1 0 12
3 5879 5888 5878
1 0 12
3 5906 6046 5934
1 0 12
3 5935 5934 6046
1 0 12
3 5902 6095 5931
1 0 12
3 5902 5904 6095
1 0 12
3 6096 6097 6098
1 0 12
3 5989 6099 6100
1 0 12
3 5915 6039 6101
1 0 12
3 5904 5915 6101
1 0 12
3 5881 5891 6054
1 0 12
3 5881 5896 5891
1 0 12
3 5889 5891 5896
1 0 12
3 5908 6102 5906
1 0 12
3 6021 6022 6102
1 0 12
3 6032 6103 6033
1 0 12
3 6093 6027 6033
1 0 12
3 6104 6105 6033
1 0 12
3 6093 6033 6086
1 0 12
3 6106 6107 6097
1 0 12
3 5926 5937 5909
1 0 12
3 5926 5925 5937
1 0 12
3 6083 5937 5925
1 0 12
3 6022 5988 6023
1 0 12
3 6106 6022 6023
1 0 12
3 5961 6108 6023
1 0 12
3 6106 6023 6107
1 0 12
3 6007 6035 6067
1 0 12
3 6090 6067 6035
1 0 12
3 6090 6035 5972
1 0 12
3 5948 6105 6109
1 0 12
3 5978 5994 5996
1 0 12
3 5854 5978 5996
1 0 12
3 5995 5976 5996
1 0 12
3 5976 6110 5996
1 0 12
3 5963 6111 6112
1 0 12
3 6113 5963 6112
1 0 12
3 6055 6087 6112
1 0 12
3 6087 6098 6112
1 0 12
3 5941 6050 5942
1 0 12
3 6114 6051 6050
1 0 12
3 5917 6103 6032
1 0 12
3 6104 6033 6103
1 0 12
3 5917 5932 6103
1 0 12
3 6104 6103 5932
1 0 12
3 5884 6054 5987
1 0 12
3 5884 5881 6054
1 0 12
3 5930 6066 5928
1 0 12
3 6077 6002 6076
1 0 12
3 6115 6076 6075
1 0 12
3 5968 6116 5929
1 0 12
3 5931 5968 5929
1 0 12
3 6117 5930 5929
1 0 12
3 5931 5929 5928
1 0 12
3 6095 5873 5969
1 0 12
3 6049 5999 6048
1 0 12
3 5982 6058 5980
1 0 12
3 5908 6118 6102
1 0 12
3 6021 5882 5884
1 0 12
3 5939 6088 5946
1 0 12
3 6053 5946 6088
1 0 12
3 5983 6119 5997
1 0 12
3 6117 5929 6116
1 0 12
3 5997 6116 5968
1 0 12
3 5966 6060 6120
1 0 12
3 5995 5966 6120
1 0 12
3 5974 5976 6120
1 0 12
3 5995 6120 5976
1 0 12
3 5958 5957 6121
1 0 12
3 5971 5970 6037
1 0 12
3 6093 6122 6005
1 0 12
3 6004 6005 6122
1 0 12
3 6093 6086 6122
1 0 12
3 6004 6122 6086
1 0 12
3 5957 6034 6121
1 0 12
3 6123 6047 6034
1 0 12
3 5957 5959 6057
1 0 12
3 6114 6056 6057
1 0 12
3 6011 5957 6056
1 0 12
3 6116 5997 6119
1 0 12
3 6117 6116 6119
1 0 12
3 5983 6025 6119
1 0 12
3 6117 6119 6025
1 0 12
3 6113 6112 6098
1 0 12
3 6100 6098 6087
1 0 12
3 5902 5928 5903
1 0 12
3 5995 5994 5966
1 0 12
3 5967 5966 5994
1 0 12
3 5967 5994 5997
1 0 12
3 6124 6038 5960
1 0 12
3 5894 6125 5964
1 0 12
3 5899 5901 5900
1 0 12
3 5977 6126 5979
1 0 12
3 5983 5979 6025
1 0 12
3 6064 6127 6025
1 0 12
3 6117 6025 6127
1 0 12
3 6064 5930 6127
1 0 12
3 6117 6127 5930
1 0 12
3 6037 6128 5971
1 0 12
3 5933 6128 5934
1 0 12
3 5851 5853 5927
1 0 12
3 5877 5927 5853
1 0 12
3 6109 6129 6124
1 0 12
3 6081 6096 6079
1 0 12
3 6004 5999 5998
1 0 12
3 6049 6000 5999
1 0 12
3 6026 6032 6027
1 0 12
3 6125 5855 6060
1 0 12
3 5964 6125 6060
1 0 12
3 5974 6120 6060
1 0 12
3 5964 6060 5966
1 0 12
3 6003 6009 6008
1 0 12
3 5984 6009 6012
1 0 12
3 5971 6128 5973
1 0 12
3 5931 6095 5969
1 0 12
3 6076 5993 6130
1 0 12
3 6077 6076 6130
1 0 12
3 6077 6130 6028
1 0 12
3 6083 5936 5937
1 0 12
3 6083 6085 5936
1 0 12
3 5951 6131 5952
1 0 12
3 5917 6032 6131
1 0 12
3 5951 5916 6131
1 0 12
3 5917 6131 5916
1 0 12
3 5952 6131 6032
1 0 12
3 6026 5952 6032
1 0 12
3 5973 6128 6132
1 0 12
3 5933 6132 6128
1 0 12
3 6090 5972 6133
1 0 12
3 5986 6010 5984
1 0 12
3 6107 6023 6108
1 0 12
3 6113 6107 6108
1 0 12
3 5961 5963 6108
1 0 12
3 6113 6108 5963
1 0 12
3 5947 6105 5948
1 0 12
3 6104 6109 6105
1 0 12
3 5947 6086 6105
1 0 12
3 6086 6033 6105
1 0 12
3 5973 6134 6133
1 0 12
3 5912 6133 6134
1 0 12
3 5973 5921 6134
1 0 12
3 5912 6134 5921
1 0 12
3 5880 6007 6063
1 0 12
3 5859 5880 5876
1 0 12
3 6063 5876 5880
1 0 12
3 6115 5993 6076
1 0 12
3 6014 6130 5993
1 0 12
3 6115 5992 5993
1 0 12
3 5857 5849 5894
1 0 12
3 6125 5894 5849
1 0 12
3 5914 5942 5915
1 0 12
3 6039 5915 6013
1 0 12
3 5914 5943 5942
1 0 12
3 6012 6123 6034
1 0 12
3 6121 6034 6047
1 0 12
3 6012 6048 6123
1 0 12
3 6047 6123 6048
1 0 12
3 6100 6087 5989
1 0 12
3 5991 6135 5989
1 0 12
3 5973 6133 5972
1 0 12
3 6093 6092 6027
1 0 12
3 6028 6027 6092
1 0 12
3 6067 6069 6062
1 0 12
3 6007 6067 6062
1 0 12
3 6070 6136 6062
1 0 12
3 5955 6137 5956
1 0 12
3 6031 6020 6138
1 0 12
3 5933 5944 6132
1 0 12
3 5933 6042 5944
1 0 12
3 6091 5980 6058
1 0 12
3 6000 6009 6003
1 0 12
3 5984 6010 6009
1 0 12
3 6000 6049 6009
1 0 12
3 6049 6012 6009
1 0 12
3 6080 6043 6041
1 0 12
3 6081 6080 6041
1 0 12
3 6042 5935 6041
1 0 12
3 6081 6041 6040
1 0 12
3 5985 6030 5986
1 0 12
3 5984 6011 5985
1 0 12
3 5912 5913 6139
1 0 12
3 6090 6133 6139
1 0 12
3 5912 6139 6133
1 0 12
3 6114 6050 6140
1 0 12
3 6056 6114 6140
1 0 12
3 6020 6031 6140
1 0 12
3 5877 5876 6016
1 0 12
3 5979 6126 6024
1 0 12
3 6141 6024 6126
1 0 12
3 6024 6141 6142
1 0 12
3 6143 6142 6141
1 0 12
3 5932 5887 5950
1 0 12
3 5900 5950 5892
1 0 12
3 6142 6025 6024
1 0 12
3 5950 5900 6129
1 0 12
3 6038 6129 5900
1 0 12
3 6038 6124 6129
1 0 12
3 6129 6109 5950
1 0 12
3 6097 6144 6106
1 0 12
3 6046 6144 6040
1 0 12
3 6040 6144 6081
1 0 12
3 5928 6066 5903
1 0 12
3 5898 6145 6101
1 0 12
3 5898 5873 6145
1 0 12
3 5949 6146 6047
1 0 12
3 5960 6146 6124
1 0 12
3 5900 6147 6038
1 0 12
3 6101 6147 5898
1 0 12
3 5989 6135 6099
1 0 12
3 6096 6098 6099
1 0 12
3 6098 6100 6099
1 0 12
3 6047 6146 6121
1 0 12
3 6025 6142 6064
1 0 12
3 6143 6019 6142
1 0 12
3 6124 6146 6109
1 0 12
3 6059 6148 5974
1 0 12
3 5975 5974 6148
1 0 12
3 5975 6148 5621
1 0 12
3 1681 6079 6096
1 0 12
3 6135 1681 6099
1 0 12
3 6099 1681 6096
1 0 12
3 5905 6149 6058
1 0 12
3 5905 6078 6149
1 0 12
3 6078 6150 6149
1 0 12
3 6022 6106 6151
1 0 12
3 6151 5906 6022
1 0 12
3 6085 6091 5936
1 0 12
3 6021 6102 6118
1 0 12
3 5882 6021 6118
1 0 12
3 5908 5888 6118
1 0 12
3 5882 6118 5888
1 0 12
3 6038 6147 6039
1 0 12
3 6101 6039 6147
1 0 12
3 6046 5906 6151
1 0 12
3 6102 6022 5906
1 0 12
3 6152 6153 6017
1 0 12
3 6016 6152 6017
1 0 12
3 5927 5877 6017
1 0 12
3 6106 6144 6151
1 0 12
3 6046 6151 6144
1 0 12
3 6154 6136 6070
1 0 12
3 6063 6062 6136
1 0 12
3 6154 6016 6136
1 0 12
3 6152 6155 5920
1 0 12
3 6053 5920 6155
1 0 12
3 6053 6155 6154
1 0 12
3 5656 6110 5975
1 0 12
3 5656 5454 6110
1 0 12
3 5854 6110 5454
1 0 12
3 6059 5855 5542
1 0 12
3 5849 5620 5855
1 0 12
3 6059 6060 5855
1 0 12
3 5849 5855 6125
1 0 12
3 6091 6072 6156
1 0 12
3 5909 5936 6156
1 0 12
3 6091 6156 5936
1 0 12
3 6045 6157 6026
1 0 12
3 5952 6026 6157
1 0 12
3 6045 6055 6157
1 0 12
3 5854 5996 6110
1 0 12
3 5975 6110 5976
1 0 12
3 6109 6158 5950
1 0 12
3 5932 5950 6158
1 0 12
3 6109 6104 6158
1 0 12
3 5932 6158 6104
1 0 12
3 6004 5947 5999
1 0 12
3 5908 6037 6036
1 0 12
3 5888 5908 6036
1 0 12
3 5888 6036 5878
1 0 12
3 5903 6159 5943
1 0 12
3 6094 5943 6159
1 0 12
3 5903 6066 6159
1 0 12
3 6094 6159 6066
1 0 12
3 6097 6096 6144
1 0 12
3 6081 6144 6096
1 0 12
3 5970 6006 6036
1 0 12
3 5878 6036 6006
1 0 12
3 5953 6111 5963
1 0 12
3 6055 6112 6111
1 0 12
3 5952 6160 5953
1 0 12
3 6089 6017 6153
1 0 12
3 5919 6089 6153
1 0 12
3 6152 5920 6153
1 0 12
3 5919 6153 5920
1 0 12
3 6095 5904 6145
1 0 12
3 6101 6145 5904
1 0 12
3 6037 5907 6128
1 0 12
3 5934 6128 5907
1 0 12
3 6037 5908 5907
1 0 12
3 5934 5907 5906
1 0 12
3 6130 6161 6028
1 0 12
3 6045 6028 6161
1 0 12
3 6130 6014 6161
1 0 12
3 6045 6161 6014
1 0 12
3 6111 5953 6160
1 0 12
3 6055 6111 6160
1 0 12
3 5952 6157 6160
1 0 12
3 6055 6160 6157
1 0 12
3 5949 5948 6146
1 0 12
3 6109 6146 5948
1 0 12
3 5987 5962 5961
1 0 12
3 5953 5963 5962
1 0 12
3 5987 5951 5962
1 0 12
3 5953 5962 5951
1 0 12
3 6072 6150 6073
1 0 12
3 5954 6073 6150
1 0 12
3 6072 6149 6150
1 0 12
3 5954 6150 6078
1 0 12
3 5945 6068 6082
1 0 12
3 5939 5945 6082
1 0 12
3 5913 1668 6082
1 0 12
3 1668 5940 6082
1 0 12
3 6089 5926 5927
1 0 12
3 6089 5927 6017
1 0 12
3 6087 6015 5990
1 0 12
3 5989 6087 5990
1 0 12
3 6014 5993 5990
1 0 12
3 5992 5991 5990
1 0 12
3 6154 6162 6053
1 0 12
3 5946 6053 6162
1 0 12
3 6154 6070 6162
1 0 12
3 5946 6162 6070
1 0 12
3 6048 6163 5949
1 0 12
3 5947 5949 6163
1 0 12
3 6048 5999 6163
1 0 12
3 5947 6163 5999
1 0 12
3 6020 6164 6018
1 0 12
3 6094 6018 6164
1 0 12
3 6020 5941 6164
1 0 12
3 6094 6164 5941
1 0 12
3 6059 5544 6148
1 0 12
3 5621 6148 5544
1 0 12
3 6154 6155 6016
1 0 12
3 6152 6016 6155
1 0 12
3 6085 5981 5980
1 0 12
3 1713 5982 5981
1 0 12
3 6085 6071 5981
1 0 12
3 1713 5981 6071
1 0 12
3 5955 6165 5870
1 0 12
3 5905 5870 6165
1 0 12
3 5955 6078 6165
1 0 12
3 5905 6165 6078
1 0 12
3 6072 6091 6149
1 0 12
3 6058 6149 6091
1 0 12
3 5909 5895 5851
1 0 12
3 5909 5851 5926
1 0 12
3 5909 6156 5910
1 0 12
3 6072 5910 6156
1 0 12
3 6166 5956 6137
1 0 12
3 6167 6166 6137
1 0 12
3 5955 6044 6137
1 0 12
3 6167 6137 6044
1 0 12
3 6113 6168 6107
1 0 12
3 6097 6107 6168
1 0 12
3 6113 6098 6168
1 0 12
3 6097 6168 6098
1 0 12
3 6063 6136 5876
1 0 12
3 6016 5876 6136
1 0 12
3 5894 5969 5873
1 0 12
3 6095 6145 5873
1 0 12
3 5944 5921 6132
1 0 12
3 5973 6132 5921
1 0 12
3 6056 6030 5985
1 0 12
3 6029 5986 6030
1 0 12
3 6056 6140 6030
1 0 12
3 6140 6031 6030
1 0 12
3 5913 6068 6139
1 0 12
3 6090 6139 6068
1 0 12
3 6066 6065 6094
1 0 12
3 6018 6094 6065
1 0 12
3 6064 6142 6019
1 0 12
3 6018 6064 6019
1 0 12
3 6143 6138 6019
1 0 12
3 6138 6020 6019
1 0 12
3 6020 6169 5941
1 0 12
3 6050 5941 6169
1 0 12
3 6020 6140 6169
1 0 12
3 6050 6169 6140
1 0 12
3 5959 6051 6057
1 0 12
3 6114 6057 6051
1 0 12
3 6121 6146 5958
1 0 12
3 5960 5958 6146
1 0 12
3 6147 6170 5898
1 0 12
3 5901 5898 6170
1 0 12
3 6147 5900 6170
1 0 12
3 5901 6170 5900
1 0 12
3 5897 6171 6172
1 0 12
3 5666 6173 5667
1 0 12
3 6174 5899 5890
1 0 12
3 5896 6175 5889
1 0 12
3 6176 5817 5681
1 0 12
3 6177 5863 6178
1 0 12
3 6179 5871 6180
1 0 12
3 6181 6178 5858
1 0 12
3 6179 6180 6182
1 0 12
3 2130 6183 6184
1 0 12
3 6185 6186 5856
1 0 12
3 6187 6188 2145
1 0 12
3 6188 6189 2177
1 0 12
3 6189 6188 6187
1 0 12
3 6189 2196 2177
1 0 12
3 6190 2145 2147
1 0 12
3 6184 6191 2130
1 0 12
3 2194 2130 6191
1 0 12
3 6185 5856 5874
1 0 12
3 2147 2194 6191
1 0 12
3 2147 6192 6190
1 0 12
3 6192 2147 6191
1 0 12
3 2145 6190 6187
1 0 12
3 5872 5871 6179
1 0 12
3 6193 6171 6194
1 0 12
3 6172 6185 5874
1 0 12
3 6180 6195 6182
1 0 12
3 6196 6197 6198
1 0 12
3 6199 6200 6177
1 0 12
3 6199 6177 6178
1 0 12
3 6198 6177 6196
1 0 12
3 5863 6177 5893
1 0 12
3 5897 6172 5874
1 0 12
3 6201 6181 5858
1 0 12
3 5890 5889 6202
1 0 12
3 5858 5875 6201
1 0 12
3 6203 6175 6197
1 0 12
3 6198 5893 6177
1 0 12
3 6198 6175 5896
1 0 12
3 6175 6198 6197
1 0 12
3 5896 5893 6198
1 0 12
3 5858 6178 5863
1 0 12
3 6204 6174 6202
1 0 12
3 6203 6205 6175
1 0 12
3 5889 6175 6205
1 0 12
3 6172 6171 6206
1 0 12
3 6194 6171 5897
1 0 12
3 5897 5901 6194
1 0 12
3 6207 6194 5901
1 0 12
3 6171 6193 6206
1 0 12
3 6205 6202 5889
1 0 12
3 2075 6208 2073
1 0 12
3 6209 6210 6211
1 0 12
3 6212 6213 6214
1 0 12
3 6215 6216 6217
1 0 12
3 6217 6216 6218
1 0 12
3 6219 6220 6221
1 0 12
3 6219 6221 6182
1 0 12
3 6222 6223 6224
1 0 12
3 6225 6226 6227
1 0 12
3 2122 6228 6229
1 0 12
3 6230 6231 6225
1 0 12
3 6230 2073 6231
1 0 12
3 6182 6232 6219
1 0 12
3 2073 6208 6231
1 0 12
3 6226 6233 6234
1 0 12
3 6220 6233 6235
1 0 12
3 6236 6237 6238
1 0 12
3 6239 6240 6241
1 0 12
3 6239 6241 6238
1 0 12
3 6242 6243 6244
1 0 12
3 6245 6246 6247
1 0 12
3 6248 6249 6208
1 0 12
3 6250 6251 6252
1 0 12
3 6239 6253 6254
1 0 12
3 6211 6240 6254
1 0 12
3 6239 6254 6240
1 0 12
3 6197 6255 6203
1 0 12
3 6256 6257 6251
1 0 12
3 6258 6251 6257
1 0 12
3 6256 6259 6257
1 0 12
3 6258 6257 6260
1 0 12
3 6186 6261 6176
1 0 12
3 6222 6262 6261
1 0 12
3 6250 6252 6263
1 0 12
3 6264 6265 6266
1 0 12
3 6267 6268 6269
1 0 12
3 6214 6270 6271
1 0 12
3 6212 6214 6271
1 0 12
3 6272 6273 6271
1 0 12
3 6212 6271 6274
1 0 12
3 6275 6276 6277
1 0 12
3 6278 6255 6279
1 0 12
3 6255 6280 6279
1 0 12
3 5666 6281 6173
1 0 12
3 6282 6283 6284
1 0 12
3 6285 6286 6287
1 0 12
3 6176 6261 6262
1 0 12
3 6288 6289 6284
1 0 12
3 6290 6223 6291
1 0 12
3 6290 6291 6274
1 0 12
3 6292 6293 6294
1 0 12
3 6295 6294 6296
1 0 12
3 6297 6298 6299
1 0 12
3 6300 6301 6302
1 0 12
3 6211 6302 6209
1 0 12
3 6303 6203 6304
1 0 12
3 6222 6261 6305
1 0 12
3 6306 6305 6261
1 0 12
3 6307 6308 6309
1 0 12
3 6310 6311 6312
1 0 12
3 6239 6312 6253
1 0 12
3 6250 6313 6314
1 0 12
3 6278 6313 6315
1 0 12
3 6316 6317 6318
1 0 12
3 6275 6246 6319
1 0 12
3 6275 6319 6276
1 0 12
3 6320 6321 6322
1 0 12
3 6323 6324 6322
1 0 12
3 6282 6325 6260
1 0 12
3 6326 6321 6327
1 0 12
3 6320 6327 6321
1 0 12
3 6326 6323 6321
1 0 12
3 6323 6322 6321
1 0 12
3 6328 6269 6329
1 0 12
3 6320 6330 6327
1 0 12
3 6331 6330 6332
1 0 12
3 6333 6308 6334
1 0 12
3 6335 6336 6337
1 0 12
3 6336 6338 6337
1 0 12
3 6237 6339 6238
1 0 12
3 6239 6238 6312
1 0 12
3 6340 6341 6342
1 0 12
3 6333 6343 2093
1 0 12
3 2130 6344 6345
1 0 12
3 2130 2109 6344
1 0 12
3 6346 6311 6347
1 0 12
3 6348 6349 6294
1 0 12
3 6292 6294 6349
1 0 12
3 5875 6350 6201
1 0 12
3 6212 6274 6351
1 0 12
3 6352 6353 6354
1 0 12
3 6352 6354 6204
1 0 12
3 6355 6356 6357
1 0 12
3 6358 6359 6332
1 0 12
3 6335 6359 6336
1 0 12
3 6360 6200 6361
1 0 12
3 6360 6196 6200
1 0 12
3 6196 6177 6200
1 0 12
3 6331 6332 6359
1 0 12
3 6341 6362 6335
1 0 12
3 6213 6363 6214
1 0 12
3 6364 6270 6363
1 0 12
3 6365 6366 6367
1 0 12
3 6368 6369 6367
1 0 12
3 6365 6367 6370
1 0 12
3 6315 6304 6203
1 0 12
3 6205 6203 6303
1 0 12
3 6205 6303 6202
1 0 12
3 6229 6371 2111
1 0 12
3 6267 6269 6372
1 0 12
3 6363 6373 6374
1 0 12
3 6364 6363 6374
1 0 12
3 6348 6294 6374
1 0 12
3 6364 6374 6294
1 0 12
3 6375 6336 6376
1 0 12
3 6358 6377 6376
1 0 12
3 6375 6376 6377
1 0 12
3 6378 6379 6380
1 0 12
3 6378 6380 6381
1 0 12
3 6217 6382 6244
1 0 12
3 6343 6383 6384
1 0 12
3 6385 6354 6377
1 0 12
3 6353 6377 6354
1 0 12
3 6223 6290 6386
1 0 12
3 6387 6224 6386
1 0 12
3 6223 6386 6224
1 0 12
3 6388 6389 6379
1 0 12
3 6380 6389 6245
1 0 12
3 6316 6318 6361
1 0 12
3 6390 6361 6318
1 0 12
3 6391 6392 6371
1 0 12
3 2111 6371 6392
1 0 12
3 6393 6394 6395
1 0 12
3 6334 6394 6276
1 0 12
3 6396 6397 6218
1 0 12
3 6355 6218 6397
1 0 12
3 6396 6398 6397
1 0 12
3 6355 6397 6356
1 0 12
3 6368 6344 6392
1 0 12
3 6387 6399 6281
1 0 12
3 6173 6281 6399
1 0 12
3 6173 6399 6400
1 0 12
3 6401 6275 6279
1 0 12
3 6278 6279 6277
1 0 12
3 6209 6302 6301
1 0 12
3 6300 6402 6301
1 0 12
3 6403 6301 6404
1 0 12
3 6405 6406 6299
1 0 12
3 6215 6407 6216
1 0 12
3 6405 6408 6406
1 0 12
3 6226 6225 6409
1 0 12
3 6410 6411 6412
1 0 12
3 6249 6248 6412
1 0 12
3 6236 6373 6213
1 0 12
3 6238 6413 6236
1 0 12
3 6172 6414 6185
1 0 12
3 6306 6185 6414
1 0 12
3 6172 6206 6414
1 0 12
3 6415 6247 6360
1 0 12
3 6196 6360 6280
1 0 12
3 6196 6280 6197
1 0 12
3 6300 6416 6327
1 0 12
3 6326 6327 6416
1 0 12
3 6300 6302 6416
1 0 12
3 6326 6416 6302
1 0 12
3 6305 6417 6418
1 0 12
3 6222 6305 6418
1 0 12
3 6222 6418 6223
1 0 12
3 6337 6289 6335
1 0 12
3 6341 6289 6342
1 0 12
3 6314 6419 6420
1 0 12
3 6256 6314 6420
1 0 12
3 6393 6395 6420
1 0 12
3 6395 6259 6420
1 0 12
3 6251 6258 6421
1 0 12
3 6375 6422 6252
1 0 12
3 6251 6421 6252
1 0 12
3 6306 6417 6305
1 0 12
3 6423 6418 6417
1 0 12
3 6306 6414 6417
1 0 12
3 6310 6339 6193
1 0 12
3 6193 6194 6310
1 0 12
3 6232 6370 6424
1 0 12
3 6219 6232 6424
1 0 12
3 6258 6338 6421
1 0 12
3 6375 6421 6338
1 0 12
3 6258 6337 6338
1 0 12
3 6375 6338 6336
1 0 12
3 6353 6425 6263
1 0 12
3 6352 6202 6303
1 0 12
3 6356 6397 6398
1 0 12
3 6426 6427 6398
1 0 12
3 6396 6317 6398
1 0 12
3 6317 6428 6398
1 0 12
3 6182 6221 6179
1 0 12
3 6410 6412 6357
1 0 12
3 6248 6357 6412
1 0 12
3 6290 6273 6265
1 0 12
3 6272 6429 6273
1 0 12
3 6290 6274 6273
1 0 12
3 6274 6271 6273
1 0 12
3 6399 6430 6400
1 0 12
3 6265 6430 6386
1 0 12
3 5683 6186 5681
1 0 12
3 6316 6361 6199
1 0 12
3 6361 6200 6199
1 0 12
3 6402 6431 6432
1 0 12
3 6280 6360 6247
1 0 12
3 6245 6247 6415
1 0 12
3 6245 6415 6380
1 0 12
3 5681 6186 6176
1 0 12
3 6227 6228 6225
1 0 12
3 6227 6371 6228
1 0 12
3 6371 6229 6228
1 0 12
3 6287 6433 6281
1 0 12
3 6387 6281 6433
1 0 12
3 6287 6224 6433
1 0 12
3 6387 6433 6224
1 0 12
3 6202 6352 6204
1 0 12
3 5890 6202 6174
1 0 12
3 6318 6434 6408
1 0 12
3 6396 6408 6434
1 0 12
3 6318 6317 6434
1 0 12
3 6396 6434 6317
1 0 12
3 5899 6207 5901
1 0 12
3 6247 6401 6279
1 0 12
3 6277 6279 6275
1 0 12
3 6247 6246 6401
1 0 12
3 6275 6401 6246
1 0 12
3 6316 6428 6317
1 0 12
3 6426 6398 6428
1 0 12
3 6287 6435 6224
1 0 12
3 6222 6224 6435
1 0 12
3 6287 6262 6435
1 0 12
3 6222 6435 6262
1 0 12
3 6290 6265 6386
1 0 12
3 6316 6199 6428
1 0 12
3 6348 6436 6349
1 0 12
3 6240 6437 6436
1 0 12
3 6348 6413 6436
1 0 12
3 6240 6436 6241
1 0 12
3 6235 6438 6220
1 0 12
3 6439 6440 6438
1 0 12
3 6412 6411 6438
1 0 12
3 6207 6310 6194
1 0 12
3 6214 6363 6270
1 0 12
3 6272 6271 6270
1 0 12
3 6364 6441 6270
1 0 12
3 6270 6441 6272
1 0 12
3 5816 6285 5832
1 0 12
3 6278 6203 6255
1 0 12
3 6278 6315 6203
1 0 12
3 6235 6409 6231
1 0 12
3 6225 6231 6409
1 0 12
3 6300 6442 6402
1 0 12
3 6432 6404 6402
1 0 12
3 6404 6301 6402
1 0 12
3 6247 6279 6280
1 0 12
3 6197 6280 6255
1 0 12
3 6391 6424 6370
1 0 12
3 6405 6443 6408
1 0 12
3 6318 6408 6443
1 0 12
3 6405 6444 6443
1 0 12
3 6423 6445 6291
1 0 12
3 6274 6291 6445
1 0 12
3 6423 6351 6445
1 0 12
3 6274 6445 6351
1 0 12
3 6235 6231 6249
1 0 12
3 6208 6249 6231
1 0 12
3 6237 6193 6339
1 0 12
3 6310 6312 6339
1 0 12
3 6312 6238 6339
1 0 12
3 6410 6427 6411
1 0 12
3 6439 6438 6411
1 0 12
3 6391 6446 6424
1 0 12
3 6227 6234 6446
1 0 12
3 6391 6371 6446
1 0 12
3 6227 6446 6371
1 0 12
3 6212 6447 6213
1 0 12
3 6236 6213 6447
1 0 12
3 6423 6448 6351
1 0 12
3 6449 6450 6448
1 0 12
3 6423 6417 6448
1 0 12
3 6414 6451 6417
1 0 12
3 6331 6402 6442
1 0 12
3 6300 6327 6442
1 0 12
3 6227 6226 6234
1 0 12
3 6219 6424 6234
1 0 12
3 6424 6446 6234
1 0 12
3 6390 6360 6361
1 0 12
3 6421 6375 6252
1 0 12
3 6336 6359 6376
1 0 12
3 6358 6376 6359
1 0 12
3 5872 6350 5875
1 0 12
3 6292 6437 6211
1 0 12
3 6240 6211 6437
1 0 12
3 6292 6349 6437
1 0 12
3 6349 6436 6437
1 0 12
3 6296 6293 6452
1 0 12
3 6213 6373 6363
1 0 12
3 6348 6374 6373
1 0 12
3 6242 6453 6243
1 0 12
3 2075 6244 6243
1 0 12
3 6248 6208 6243
1 0 12
3 2075 6243 6208
1 0 12
3 6225 6454 6230
1 0 12
3 2122 6230 6454
1 0 12
3 6225 6228 6454
1 0 12
3 2122 6454 6228
1 0 12
3 2093 6309 6333
1 0 12
3 6223 6418 6291
1 0 12
3 6423 6291 6418
1 0 12
3 6204 6354 6347
1 0 12
3 6373 6236 6413
1 0 12
3 6348 6373 6413
1 0 12
3 6238 6241 6413
1 0 12
3 6241 6436 6413
1 0 12
3 6216 6455 6218
1 0 12
3 6396 6218 6455
1 0 12
3 6396 6455 6408
1 0 12
3 6384 2093 6343
1 0 12
3 6248 6453 6357
1 0 12
3 6355 6357 6453
1 0 12
3 6248 6243 6453
1 0 12
3 6355 6453 6242
1 0 12
3 6221 6440 6350
1 0 12
3 6179 6221 6350
1 0 12
3 6456 6201 6350
1 0 12
3 6179 6350 5872
1 0 12
3 6277 6457 6278
1 0 12
3 6313 6278 6457
1 0 12
3 6277 6458 6457
1 0 12
3 6176 6262 5817
1 0 12
3 6319 6389 6388
1 0 12
3 6380 6379 6389
1 0 12
3 6319 6246 6389
1 0 12
3 6246 6245 6389
1 0 12
3 6394 6458 6276
1 0 12
3 6277 6276 6458
1 0 12
3 6394 6393 6458
1 0 12
3 6393 6457 6458
1 0 12
3 6441 6364 6295
1 0 12
3 6441 6459 6272
1 0 12
3 6295 6460 6441
1 0 12
3 6460 6459 6441
1 0 12
3 6333 6334 6461
1 0 12
3 6319 6388 6461
1 0 12
3 6378 6462 6379
1 0 12
3 6463 6384 6383
1 0 12
3 6299 6298 6464
1 0 12
3 6463 6464 6298
1 0 12
3 6333 6461 6343
1 0 12
3 6388 6343 6461
1 0 12
3 6201 6465 6181
1 0 12
3 6456 6466 6201
1 0 12
3 6334 6276 6461
1 0 12
3 6319 6461 6276
1 0 12
3 6456 6439 6466
1 0 12
3 6426 6465 6466
1 0 12
3 6465 6201 6466
1 0 12
3 6330 6320 6467
1 0 12
3 6426 6428 6465
1 0 12
3 6311 6468 6347
1 0 12
3 6311 6310 6468
1 0 12
3 6207 6468 6310
1 0 12
3 6469 6308 6307
1 0 12
3 6333 6309 6308
1 0 12
3 6469 6395 6308
1 0 12
3 6318 6443 6390
1 0 12
3 6307 6283 6469
1 0 12
3 6307 6470 6283
1 0 12
3 6470 6284 6283
1 0 12
3 6345 6471 6372
1 0 12
3 6367 6472 6471
1 0 12
3 6345 6344 6471
1 0 12
3 6370 6473 6365
1 0 12
3 6195 6365 6473
1 0 12
3 6370 6232 6473
1 0 12
3 6383 6379 6462
1 0 12
3 6463 6383 6462
1 0 12
3 6378 6464 6462
1 0 12
3 6463 6462 6464
1 0 12
3 6285 6474 5832
1 0 12
3 5666 5832 6474
1 0 12
3 5666 6474 6281
1 0 12
3 6193 6475 6206
1 0 12
3 6449 6451 6475
1 0 12
3 6193 6237 6475
1 0 12
3 6394 6334 6308
1 0 12
3 6395 6394 6308
1 0 12
3 6357 6427 6410
1 0 12
3 6426 6466 6427
1 0 12
3 6357 6356 6427
1 0 12
3 6356 6398 6427
1 0 12
3 6178 6465 6199
1 0 12
3 6428 6199 6465
1 0 12
3 6178 6181 6465
1 0 12
3 6392 6476 2111
1 0 12
3 2109 2111 6476
1 0 12
3 6392 6344 6476
1 0 12
3 2109 6476 6344
1 0 12
3 6364 6294 6295
1 0 12
3 6293 6296 6294
1 0 12
3 6360 6390 6415
1 0 12
3 6379 6383 6388
1 0 12
3 6343 6388 6383
1 0 12
3 6341 6335 6289
1 0 12
3 6288 6342 6289
1 0 12
3 6282 6284 6289
1 0 12
3 6442 6477 6331
1 0 12
3 6330 6331 6477
1 0 12
3 6442 6327 6477
1 0 12
3 6330 6477 6327
1 0 12
3 6304 6478 6263
1 0 12
3 6250 6263 6478
1 0 12
3 6304 6315 6478
1 0 12
3 6311 6324 6312
1 0 12
3 6253 6312 6324
1 0 12
3 6253 6324 6323
1 0 12
3 6303 6425 6352
1 0 12
3 6353 6352 6425
1 0 12
3 6303 6304 6425
1 0 12
3 6304 6263 6425
1 0 12
3 6411 6427 6466
1 0 12
3 6439 6411 6466
1 0 12
3 6344 6368 6471
1 0 12
3 6367 6471 6368
1 0 12
3 6340 6431 6341
1 0 12
3 6340 6432 6431
1 0 12
3 6331 6431 6402
1 0 12
3 6385 6322 6346
1 0 12
3 6354 6385 6347
1 0 12
3 6346 6347 6385
1 0 12
3 6347 6479 6204
1 0 12
3 6174 6204 6479
1 0 12
3 6347 6468 6479
1 0 12
3 6211 6480 6302
1 0 12
3 6326 6302 6480
1 0 12
3 6211 6254 6480
1 0 12
3 6326 6480 6254
1 0 12
3 6313 6419 6314
1 0 12
3 6393 6420 6419
1 0 12
3 6313 6457 6419
1 0 12
3 6393 6419 6457
1 0 12
3 6281 6474 6287
1 0 12
3 6285 6287 6474
1 0 12
3 6195 6473 6182
1 0 12
3 6232 6182 6473
1 0 12
3 5619 6481 5683
1 0 12
3 6186 5683 6481
1 0 12
3 5619 5856 6481
1 0 12
3 6186 6481 5856
1 0 12
3 6370 6369 6391
1 0 12
3 6392 6391 6369
1 0 12
3 6370 6367 6369
1 0 12
3 6392 6369 6368
1 0 12
3 6299 6407 6297
1 0 12
3 6215 6297 6407
1 0 12
3 6299 6406 6407
1 0 12
3 6406 6216 6407
1 0 12
3 6299 6464 6482
1 0 12
3 6378 6482 6464
1 0 12
3 6331 6362 6431
1 0 12
3 6341 6431 6362
1 0 12
3 6331 6359 6362
1 0 12
3 6359 6335 6362
1 0 12
3 6260 6259 6483
1 0 12
3 6282 6260 6483
1 0 12
3 6469 6283 6483
1 0 12
3 6282 6483 6283
1 0 12
3 6267 6472 6366
1 0 12
3 6367 6366 6472
1 0 12
3 6267 6372 6472
1 0 12
3 6372 6471 6472
1 0 12
3 6311 6346 6324
1 0 12
3 6346 6322 6324
1 0 12
3 6448 6417 6451
1 0 12
3 6449 6448 6451
1 0 12
3 6414 6206 6451
1 0 12
3 6206 6475 6451
1 0 12
3 6269 6484 6372
1 0 12
3 6345 6372 6484
1 0 12
3 6269 6328 6484
1 0 12
3 6452 6485 6403
1 0 12
3 6301 6403 6485
1 0 12
3 6452 6210 6485
1 0 12
3 6301 6485 6209
1 0 12
3 6381 6486 6487
1 0 12
3 6444 6381 6487
1 0 12
3 6390 6443 6487
1 0 12
3 6444 6487 6443
1 0 12
3 6385 6467 6322
1 0 12
3 6320 6322 6467
1 0 12
3 6235 6488 6438
1 0 12
3 6412 6438 6488
1 0 12
3 6235 6249 6488
1 0 12
3 6412 6488 6249
1 0 12
3 6390 6486 6415
1 0 12
3 6380 6415 6486
1 0 12
3 6390 6487 6486
1 0 12
3 6380 6486 6381
1 0 12
3 6456 6440 6439
1 0 12
3 6220 6438 6440
1 0 12
3 6456 6350 6440
1 0 12
3 6220 6440 6221
1 0 12
3 6409 6235 6233
1 0 12
3 6226 6409 6233
1 0 12
3 6220 6219 6233
1 0 12
3 6219 6234 6233
1 0 12
3 6236 6489 6237
1 0 12
3 6250 6490 6251
1 0 12
3 6256 6251 6490
1 0 12
3 6250 6314 6490
1 0 12
3 6256 6490 6314
1 0 12
3 6387 6430 6399
1 0 12
3 6264 6400 6430
1 0 12
3 6387 6386 6430
1 0 12
3 6264 6430 6265
1 0 12
3 6250 6478 6313
1 0 12
3 6315 6313 6478
1 0 12
3 6263 6252 6422
1 0 12
3 6353 6263 6422
1 0 12
3 6375 6377 6422
1 0 12
3 6353 6422 6377
1 0 12
3 6293 6210 6452
1 0 12
3 6209 6485 6210
1 0 12
3 6293 6292 6210
1 0 12
3 6292 6211 6210
1 0 12
3 6207 6479 6468
1 0 12
3 6207 5899 6479
1 0 12
3 6174 6479 5899
1 0 12
3 6253 6491 6254
1 0 12
3 6326 6254 6491
1 0 12
3 6253 6323 6491
1 0 12
3 6326 6491 6323
1 0 12
3 6447 6450 6489
1 0 12
3 6236 6447 6489
1 0 12
3 6449 6475 6489
1 0 12
3 6475 6237 6489
1 0 12
3 5816 6286 6285
1 0 12
3 6262 6287 6286
1 0 12
3 5816 5817 6286
1 0 12
3 6262 6286 5817
1 0 12
3 6306 6492 6185
1 0 12
3 6186 6185 6492
1 0 12
3 6306 6261 6492
1 0 12
3 6186 6492 6261
1 0 12
3 6242 6382 6355
1 0 12
3 6218 6355 6382
1 0 12
3 6242 6244 6382
1 0 12
3 6218 6382 6217
1 0 12
3 6459 6429 6272
1 0 12
3 6265 6273 6429
1 0 12
3 6459 6266 6429
1 0 12
3 6265 6429 6266
1 0 12
3 6358 6493 6377
1 0 12
3 6385 6377 6493
1 0 12
3 6358 6494 6493
1 0 12
3 6385 6493 6467
1 0 12
3 6337 6325 6289
1 0 12
3 6282 6289 6325
1 0 12
3 6337 6258 6325
1 0 12
3 6258 6260 6325
1 0 12
3 6467 6493 6494
1 0 12
3 6330 6467 6494
1 0 12
3 6358 6332 6494
1 0 12
3 6330 6494 6332
1 0 12
3 6495 6496 6497
1 0 12
3 6495 6329 6496
1 0 12
3 6269 6496 6329
1 0 12
3 6260 6257 6259
1 0 12
3 6469 6483 6259
1 0 12
3 6256 6420 6259
1 0 12
3 6469 6259 6395
1 0 12
3 6444 6498 6482
1 0 12
3 6299 6482 6498
1 0 12
3 6444 6405 6498
1 0 12
3 6299 6498 6405
1 0 12
3 6351 6448 6450
1 0 12
3 6212 6351 6450
1 0 12
3 6449 6489 6450
1 0 12
3 6212 6450 6447
1 0 12
3 6378 6499 6482
1 0 12
3 6444 6482 6499
1 0 12
3 6378 6381 6499
1 0 12
3 6444 6499 6381
1 0 12
3 6328 6183 6484
1 0 12
3 6345 6484 6183
1 0 12
3 6328 6184 6183
1 0 12
3 6345 6183 2130
1 0 12
3 6497 6496 6268
1 0 12
3 6269 6268 6496
1 0 12
3 6408 6455 6406
1 0 12
3 6216 6406 6455
1 0 13
3 6500 6501 5162
1 0 13
3 6502 6503 6504
1 0 13
3 6505 6506 6507
1 0 13
3 6508 6509 6510
1 0 13
3 6511 6512 6513
1 0 13
3 6514 6515 6516
1 0 13
3 6517 6518 5046
1 0 13
3 6518 6517 6519
1 0 13
3 6520 4969 5202
1 0 13
3 6521 6522 6523
1 0 13
3 6524 6525 6526
1 0 13
3 6527 6528 6525
1 0 13
3 6529 6530 6510
1 0 13
3 6531 6532 6533
1 0 13
3 6534 6535 6536
1 0 13
3 6537 6538 6539
1 0 13
3 6540 6541 6542
1 0 13
3 6543 6544 6545
1 0 13
3 6541 6546 6547
1 0 13
3 6548 6549 6550
1 0 13
3 6551 6552 6553
1 0 13
3 6518 6554 6555
1 0 13
3 6556 6557 6558
1 0 13
3 6558 6559 6560
1 0 13
3 6561 6562 6563
1 0 13
3 6564 6565 6566
1 0 13
3 6567 6516 6568
1 0 13
3 6546 6568 6516
1 0 13
3 6569 6555 6554
1 0 13
3 6556 6560 6565
1 0 13
3 6570 6571 6572
1 0 13
3 6573 6574 6575
1 0 13
3 6576 6577 6564
1 0 13
3 6578 6579 6580
1 0 13
3 4969 6544 5160
1 0 13
3 4964 6581 6580
1 0 13
3 6582 6583 6518
1 0 13
3 6584 6579 6519
1 0 13
3 5046 6583 5195
1 0 13
3 6583 6582 6585
1 0 13
3 5195 6583 6586
1 0 13
3 6587 5156 5158
1 0 13
3 6572 6571 6588
1 0 13
3 6589 6586 6585
1 0 13
3 6584 6519 6517
1 0 13
3 6588 5156 6587
1 0 13
3 6590 6539 6538
1 0 13
3 4964 6580 6579
1 0 13
3 6591 6592 6593
1 0 13
3 6594 6595 6596
1 0 13
3 2520 6597 6598
1 0 13
3 6500 5160 6543
1 0 13
3 2520 6595 6597
1 0 13
3 6592 6599 6600
1 0 13
3 6601 6602 6603
1 0 13
3 6603 6604 6605
1 0 13
3 6606 6607 6608
1 0 13
3 6609 6606 6610
1 0 13
3 6611 6612 6613
1 0 13
3 6614 6615 6616
1 0 13
3 6612 6617 6618
1 0 13
3 6595 6594 6597
1 0 13
3 6619 6620 6621
1 0 13
3 6608 6607 6622
1 0 13
3 6623 6624 6625
1 0 13
3 6626 6623 6625
1 0 13
3 6623 6626 6627
1 0 13
3 6524 6562 6509
1 0 13
3 6551 6628 6526
1 0 13
3 6551 6553 6628
1 0 13
3 6629 6627 6551
1 0 13
3 6630 6554 6579
1 0 13
3 6631 6628 6553
1 0 13
3 6632 6633 6634
1 0 13
3 6635 6636 6637
1 0 13
3 6518 6519 6554
1 0 13
3 6638 6639 6640
1 0 13
3 6641 6642 6532
1 0 13
3 6643 6600 6599
1 0 13
3 6584 4964 6579
1 0 13
3 6576 6564 6566
1 0 13
3 6644 6645 6646
1 0 13
3 6628 6563 6526
1 0 13
3 6544 6647 6545
1 0 13
3 6598 6597 6648
1 0 13
3 6649 6639 6638
1 0 13
3 6633 6529 6562
1 0 13
3 6545 6650 6651
1 0 13
3 6652 5162 6653
1 0 13
3 6572 6587 6654
1 0 13
3 6524 6563 6562
1 0 13
3 6655 5158 5159
1 0 13
3 6620 6619 6550
1 0 13
3 6632 6506 6633
1 0 13
3 6627 6626 6552
1 0 13
3 6550 6656 6620
1 0 13
3 6657 6652 6658
1 0 13
3 6549 6659 6656
1 0 13
3 6616 6548 6550
1 0 13
3 6550 6619 6660
1 0 13
3 6573 6661 6662
1 0 13
3 6643 6599 6663
1 0 13
3 6633 6505 6530
1 0 13
3 6664 6665 6581
1 0 13
3 6666 6667 6668
1 0 13
3 6529 6633 6530
1 0 13
3 6561 6669 6670
1 0 13
3 6591 6599 6592
1 0 13
3 6578 6630 6579
1 0 13
3 6667 6666 6671
1 0 13
3 6604 6672 6673
1 0 13
3 6563 6524 6526
1 0 13
3 6658 6595 6674
1 0 13
3 2520 6674 6595
1 0 13
3 6527 6508 6671
1 0 13
3 6658 6652 6653
1 0 13
3 6675 6574 6676
1 0 13
3 6610 6677 6678
1 0 13
3 6658 6674 6679
1 0 13
3 6680 6681 6575
1 0 13
3 6675 6575 6574
1 0 13
3 6607 6682 6622
1 0 13
3 6683 6617 6611
1 0 13
3 6554 6519 6579
1 0 13
3 5046 6518 6583
1 0 13
3 6576 6566 6684
1 0 13
3 6564 6577 6556
1 0 13
3 6526 6525 6629
1 0 13
3 6551 6627 6552
1 0 13
3 6527 6524 6509
1 0 13
3 6524 6527 6525
1 0 13
3 6683 6625 6624
1 0 13
3 6617 6685 6618
1 0 13
3 6686 6558 6557
1 0 13
3 6630 6557 6569
1 0 13
3 6513 6684 6540
1 0 13
3 6576 6512 6555
1 0 13
3 6569 6556 6577
1 0 13
3 6578 6557 6630
1 0 13
3 6687 6571 6570
1 0 13
3 6547 6570 6688
1 0 13
3 6658 6679 6657
1 0 13
3 6689 6690 6593
1 0 13
3 6511 6688 6654
1 0 13
3 6542 6513 6540
1 0 13
3 6544 6520 6571
1 0 13
3 6522 6521 6644
1 0 13
3 6617 6645 6685
1 0 13
3 6505 6633 6506
1 0 13
3 6582 6555 6512
1 0 13
3 6589 6654 6655
1 0 13
3 6648 6675 6676
1 0 13
3 6510 6509 6529
1 0 13
3 6562 6529 6509
1 0 13
3 6673 6605 6604
1 0 13
3 6691 6660 6619
1 0 13
3 6508 6527 6509
1 0 13
3 6666 6527 6671
1 0 13
3 6629 6523 6627
1 0 13
3 6692 6614 6685
1 0 13
3 6550 6660 6616
1 0 13
3 6555 6569 6577
1 0 13
3 6554 6630 6569
1 0 13
3 6576 6555 6577
1 0 13
3 6555 6582 6518
1 0 13
3 6557 6578 6686
1 0 13
3 6569 6557 6556
1 0 13
3 6567 6568 6693
1 0 13
3 6547 6516 6515
1 0 13
3 6514 6694 6695
1 0 13
3 6696 6687 6515
1 0 13
3 6570 6547 6515
1 0 13
3 6547 6697 6542
1 0 13
3 6500 6543 6501
1 0 13
3 6594 6698 6699
1 0 13
3 6542 6541 6547
1 0 13
3 6513 6542 6697
1 0 13
3 6513 6697 6511
1 0 13
3 6513 6576 6684
1 0 13
3 6687 6647 6571
1 0 13
3 6571 6520 6588
1 0 13
3 6522 6627 6523
1 0 13
3 6623 6646 6624
1 0 13
3 6646 6623 6522
1 0 13
3 6627 6522 6623
1 0 13
3 6645 6692 6685
1 0 13
3 6617 6683 6624
1 0 13
3 6645 6644 6692
1 0 13
3 6646 6645 6624
1 0 13
3 6624 6645 6617
1 0 13
3 6615 6692 6521
1 0 13
3 6692 6615 6614
1 0 13
3 6511 6585 6582
1 0 13
3 6589 6655 6586
1 0 13
3 6655 6654 6587
1 0 13
3 6511 6654 6589
1 0 13
3 6700 6699 6698
1 0 13
3 6594 6701 6597
1 0 13
3 6672 6621 6673
1 0 13
3 6660 6691 6702
1 0 13
3 6617 6612 6611
1 0 13
3 6606 6612 6607
1 0 13
3 6682 6618 6685
1 0 13
3 6612 6618 6607
1 0 13
3 6694 6567 6693
1 0 13
3 6516 6567 6514
1 0 13
3 6570 6515 6687
1 0 13
3 6688 6570 6572
1 0 13
3 6516 6547 6546
1 0 13
3 6501 6596 6653
1 0 13
3 6594 6596 6698
1 0 13
3 6537 6650 6696
1 0 13
3 6596 6501 6698
1 0 13
3 6544 6543 5160
1 0 13
3 6501 6543 6651
1 0 13
3 6511 6697 6688
1 0 13
3 6585 6511 6589
1 0 13
3 6522 6644 6646
1 0 13
3 6521 6692 6644
1 0 13
3 6616 6615 6548
1 0 13
3 6702 6703 6660
1 0 13
3 6685 6614 6682
1 0 13
3 6648 6597 6701
1 0 13
3 6704 6672 6604
1 0 13
3 6607 6618 6682
1 0 13
3 6696 6515 6514
1 0 13
3 6544 6571 6647
1 0 13
3 6572 6654 6688
1 0 13
3 6547 6688 6697
1 0 13
3 6650 6545 6647
1 0 13
3 6651 6543 6545
1 0 13
3 6705 6695 6694
1 0 13
3 6651 6539 6706
1 0 13
3 6696 6650 6647
1 0 13
3 6651 6650 6537
1 0 13
3 6687 6696 6647
1 0 13
3 6696 6514 6695
1 0 13
3 6501 6651 6706
1 0 13
3 6501 6653 5162
1 0 13
3 6521 6523 6503
1 0 13
3 6668 6502 6504
1 0 13
3 6615 6707 6548
1 0 13
3 6668 6708 6502
1 0 13
3 6707 6615 6521
1 0 13
3 6703 6616 6660
1 0 13
3 6682 6614 6703
1 0 13
3 6680 6701 6709
1 0 13
3 6701 6594 6709
1 0 13
3 6672 6619 6621
1 0 13
3 6710 6702 6704
1 0 13
3 6704 6691 6672
1 0 13
3 6672 6691 6619
1 0 13
3 6604 6603 6602
1 0 13
3 6711 6622 6712
1 0 13
3 6704 6702 6691
1 0 13
3 6702 6713 6703
1 0 13
3 6703 6713 6712
1 0 13
3 6616 6703 6614
1 0 13
3 6706 6700 6698
1 0 13
3 6501 6706 6698
1 0 13
3 6651 6537 6539
1 0 13
3 6538 6537 6695
1 0 13
3 6593 6690 6591
1 0 13
3 6709 6594 6699
1 0 13
3 6575 6675 6680
1 0 13
3 6701 6675 6648
1 0 13
3 6600 6533 6592
1 0 13
3 6574 6573 6662
1 0 13
3 6714 6603 6605
1 0 13
3 6715 6716 6717
1 0 13
3 6704 6604 6602
1 0 13
3 6610 6678 6609
1 0 13
3 6718 6705 6719
1 0 13
3 6720 6721 6719
1 0 13
3 6590 6722 6539
1 0 13
3 6712 6622 6682
1 0 13
3 6608 6622 6711
1 0 13
3 6703 6712 6682
1 0 13
3 6710 6723 6713
1 0 13
3 6711 6724 6725
1 0 13
3 6606 6609 6613
1 0 13
3 6537 6696 6695
1 0 13
3 6538 6718 6590
1 0 13
3 6567 6694 6514
1 0 13
3 6695 6705 6538
1 0 13
3 6693 6726 6694
1 0 13
3 6705 6694 6726
1 0 13
3 6718 6719 6721
1 0 13
3 6727 6636 6649
1 0 13
3 6728 6531 6729
1 0 13
3 6730 6592 6533
1 0 13
3 6593 6730 6689
1 0 13
3 6564 6556 6565
1 0 13
3 4969 6520 6544
1 0 13
3 5156 6588 5202
1 0 13
3 6572 6588 6587
1 0 13
3 5202 6588 6520
1 0 13
3 5158 6655 6587
1 0 13
3 5195 6586 5159
1 0 13
3 6585 6586 6583
1 0 13
3 5159 6586 6655
1 0 13
3 6526 6629 6551
1 0 13
3 6558 6560 6556
1 0 13
3 6686 6731 6558
1 0 13
3 6648 6676 6598
1 0 13
3 6513 6512 6576
1 0 13
3 6582 6512 6511
1 0 13
3 6521 6503 6707
1 0 13
3 6502 6707 6503
1 0 13
3 6666 6504 6528
1 0 13
3 6504 6666 6668
1 0 13
3 6666 6528 6527
1 0 13
3 6732 6668 6667
1 0 13
3 6659 6708 6732
1 0 13
3 6668 6732 6708
1 0 13
3 6550 6549 6656
1 0 13
3 6659 6549 6708
1 0 13
3 6502 6708 6549
1 0 13
3 6730 6593 6592
1 0 13
3 6689 6720 6690
1 0 13
3 6677 6733 6734
1 0 13
3 6723 6712 6713
1 0 13
3 6603 6714 6717
1 0 13
3 6735 6736 6737
1 0 13
3 6715 6661 6738
1 0 13
3 6601 6739 6740
1 0 13
3 6711 6723 6724
1 0 13
3 6601 6741 6739
1 0 13
3 6608 6742 6610
1 0 13
3 6610 6742 6677
1 0 13
3 6711 6742 6608
1 0 13
3 6742 6743 6677
1 0 13
3 6734 6678 6677
1 0 13
3 6606 6613 6612
1 0 13
3 6610 6606 6608
1 0 13
3 6744 6745 6700
1 0 13
3 6726 6719 6705
1 0 13
3 6718 6538 6705
1 0 13
3 6689 6746 6720
1 0 13
3 6729 6600 6643
1 0 13
3 6531 6600 6729
1 0 13
3 6747 6733 6748
1 0 13
3 6641 6728 6749
1 0 13
3 6533 6600 6531
1 0 13
3 6532 6642 6533
1 0 13
3 6641 6531 6728
1 0 13
3 6689 6730 6750
1 0 13
3 6701 6680 6675
1 0 13
3 6681 6751 6575
1 0 13
3 6752 6573 6575
1 0 13
3 6738 6753 6716
1 0 13
3 6752 6575 6751
1 0 13
3 6749 6754 6751
1 0 13
3 6603 6741 6601
1 0 13
3 6573 6738 6661
1 0 13
3 6738 6573 6752
1 0 13
3 6752 6753 6738
1 0 13
3 6717 6741 6603
1 0 13
3 6753 6752 6755
1 0 13
3 6715 6738 6716
1 0 13
3 6756 6753 6755
1 0 13
3 6753 6756 6757
1 0 13
3 6752 6754 6755
1 0 13
3 6756 6737 6739
1 0 13
3 6641 6751 6681
1 0 13
3 6751 6641 6749
1 0 13
3 6715 6717 6714
1 0 13
3 6717 6716 6741
1 0 13
3 6757 6716 6753
1 0 13
3 6741 6757 6739
1 0 13
3 6642 6641 6681
1 0 13
3 6531 6641 6532
1 0 13
3 6752 6751 6754
1 0 13
3 6740 6724 6758
1 0 13
3 6702 6710 6713
1 0 13
3 6724 6723 6758
1 0 13
3 6711 6712 6723
1 0 13
3 6740 6602 6601
1 0 13
3 6710 6602 6758
1 0 13
3 6743 6742 6725
1 0 13
3 6743 6733 6677
1 0 13
3 6759 6760 6663
1 0 13
3 6759 6747 6748
1 0 13
3 6733 6761 6762
1 0 13
3 6755 6763 6756
1 0 13
3 6764 6761 6743
1 0 13
3 6739 6757 6756
1 0 13
3 6716 6757 6741
1 0 13
3 6735 6765 6761
1 0 13
3 6765 6735 6749
1 0 13
3 6763 6754 6735
1 0 13
3 6724 6740 6739
1 0 13
3 6602 6740 6758
1 0 13
3 6764 6766 6739
1 0 13
3 6766 6743 6725
1 0 13
3 6711 6725 6742
1 0 13
3 6766 6725 6724
1 0 13
3 6739 6766 6724
1 0 13
3 6766 6764 6743
1 0 13
3 6602 6710 6704
1 0 13
3 6723 6710 6758
1 0 13
3 6747 6734 6733
1 0 13
3 6761 6733 6743
1 0 13
3 6762 6748 6733
1 0 13
3 6736 6761 6764
1 0 13
3 6737 6736 6764
1 0 13
3 6736 6735 6761
1 0 13
3 6739 6737 6764
1 0 13
3 6737 6756 6763
1 0 13
3 6754 6749 6735
1 0 13
3 6728 6729 6765
1 0 13
3 6749 6728 6765
1 0 13
3 6754 6763 6755
1 0 13
3 6737 6763 6735
1 0 13
3 6767 6768 6769
1 0 13
3 6770 6768 6771
1 0 13
3 6535 6772 6773
1 0 13
3 6525 6528 6774
1 0 13
3 6525 6774 6629
1 0 13
3 6769 6535 6534
1 0 13
3 6773 6536 6535
1 0 13
3 6727 6507 6775
1 0 13
3 6727 6775 6636
1 0 13
3 6637 6776 6777
1 0 13
3 6637 6636 6776
1 0 13
3 6778 6771 6779
1 0 13
3 6780 6779 6771
1 0 13
3 6778 6781 6771
1 0 13
3 6781 6770 6771
1 0 13
3 6503 6523 6774
1 0 13
3 6629 6774 6523
1 0 13
3 6634 6782 6632
1 0 13
3 6634 6783 6782
1 0 13
3 6777 6782 6783
1 0 13
3 6535 6768 6770
1 0 13
3 6780 6771 6768
1 0 13
3 6535 6769 6768
1 0 13
3 6780 6768 6767
1 0 13
3 6781 6731 6784
1 0 13
3 6686 6578 6784
1 0 13
3 6580 6784 6578
1 0 13
3 6580 6665 6784
1 0 13
3 6781 6784 6770
1 0 13
3 6729 6762 6765
1 0 13
3 6761 6765 6762
1 0 13
3 6549 6785 6502
1 0 13
3 6707 6502 6785
1 0 13
3 6549 6548 6785
1 0 13
3 6707 6785 6548
1 0 13
3 6777 6776 6782
1 0 13
3 6632 6782 6776
1 0 13
3 6561 6786 6787
1 0 13
3 6562 6561 6787
1 0 13
3 6634 6633 6787
1 0 13
3 6562 6787 6633
1 0 13
3 6528 6504 6774
1 0 13
3 6503 6774 6504
1 0 13
3 6507 6506 6775
1 0 13
3 6632 6775 6506
1 0 13
3 6563 6788 6561
1 0 13
3 6669 6561 6788
1 0 13
3 6669 6788 6631
1 0 13
3 6709 6789 6680
1 0 13
3 6681 6680 6789
1 0 13
3 6709 6642 6789
1 0 13
3 6681 6789 6642
1 0 13
3 6632 6790 6775
1 0 13
3 6636 6775 6790
1 0 13
3 6632 6776 6790
1 0 13
3 6636 6790 6776
1 0 13
3 6778 6731 6781
1 0 13
3 6686 6784 6731
1 0 13
3 6778 6559 6731
1 0 13
3 6559 6558 6731
1 0 13
3 6791 6665 6664
1 0 13
3 6580 6581 6665
1 0 13
3 6791 6773 6772
1 0 13
3 6665 6791 6772
1 0 13
3 6535 6770 6772
1 0 13
3 6642 6792 6533
1 0 13
3 6533 6792 6730
1 0 13
3 6744 6793 6750
1 0 13
3 6744 6722 6793
1 0 13
3 6718 6793 6590
1 0 13
3 6750 6730 6792
1 0 13
3 6744 6750 6792
1 0 13
3 6642 6709 6792
1 0 13
3 6699 6700 6745
1 0 13
3 6709 6699 6745
1 0 13
3 6744 6792 6745
1 0 13
3 6709 6745 6792
1 0 13
3 6770 6794 6772
1 0 13
3 6665 6772 6794
1 0 13
3 6770 6784 6794
1 0 13
3 6665 6794 6784
1 0 13
3 6595 6658 6596
1 0 13
3 6653 6596 6658
1 0 13
3 6750 6793 6689
1 0 13
3 6706 6539 6722
1 0 13
3 6700 6706 6722
1 0 13
3 6590 6793 6722
1 0 13
3 6700 6722 6744
1 0 13
3 6718 6746 6793
1 0 13
3 6689 6793 6746
1 0 13
3 6718 6721 6746
1 0 13
3 6721 6720 6746
1 0 13
3 6639 6795 6635
1 0 13
3 6636 6635 6795
1 0 13
3 6639 6649 6795
1 0 13
3 6636 6795 6649
1 0 13
3 6563 6628 6788
1 0 13
3 6631 6788 6628
1 0 13
3 6762 6760 6748
1 0 13
3 6762 6729 6760
1 0 13
3 6643 6760 6729
1 0 13
3 6634 6786 6783
1 0 13
3 6670 6783 6786
1 0 13
3 6634 6787 6786
1 0 13
3 6670 6786 6561
1 0 13
3 6748 6760 6759
1 0 13
3 6643 6663 6760
1 0 13
3 6796 6797 6798
1 0 13
3 6799 6800 6801
1 0 13
3 6802 6803 6804
1 0 13
3 6805 6806 6807
1 0 13
3 6808 5411 6809
1 0 13
3 6810 5433 6811
1 0 13
3 6812 6667 6671
1 0 13
3 6813 6814 6815
1 0 13
3 6816 6817 6818
1 0 13
3 6819 6820 6821
1 0 13
3 6822 5411 5264
1 0 13
3 6815 6809 6822
1 0 13
3 6823 6824 6732
1 0 13
3 6825 6826 6827
1 0 13
3 6828 6829 6830
1 0 13
3 5265 5273 6831
1 0 13
3 6832 6833 6834
1 0 13
3 6835 6836 6837
1 0 13
3 6838 6839 6840
1 0 13
3 5433 5435 6811
1 0 13
3 6841 6842 6843
1 0 13
3 6844 6843 6842
1 0 13
3 6845 6846 6847
1 0 13
3 6848 5354 6849
1 0 13
3 6842 6841 6850
1 0 13
3 6851 6852 6853
1 0 13
3 6854 6845 6855
1 0 13
3 6810 5273 5433
1 0 13
3 6854 5421 5354
1 0 13
3 6803 6856 6857
1 0 13
3 6804 6858 2520
1 0 13
3 6859 6807 6836
1 0 13
3 6860 6676 6861
1 0 13
3 6802 6804 6862
1 0 13
3 6803 6863 6856
1 0 13
3 6676 6574 6861
1 0 13
3 6812 6859 6836
1 0 13
3 6864 6865 6866
1 0 13
3 6803 6858 6804
1 0 13
3 6837 6806 6796
1 0 13
3 6867 6868 6869
1 0 13
3 6870 6871 6872
1 0 13
3 6873 6861 6874
1 0 13
3 6875 6876 6877
1 0 13
3 6863 6803 6878
1 0 13
3 6863 6878 6879
1 0 13
3 6880 6881 6882
1 0 13
3 6883 6884 6885
1 0 13
3 6799 6886 6887
1 0 13
3 6620 6884 6621
1 0 13
3 6841 6843 6809
1 0 13
3 6808 6809 6888
1 0 13
3 6884 6620 6889
1 0 13
3 6890 6891 6889
1 0 13
3 6887 6892 6893
1 0 13
3 6732 6667 6823
1 0 13
3 6656 6824 6890
1 0 13
3 6894 6885 6889
1 0 13
3 6732 6824 6659
1 0 13
3 6891 6895 6896
1 0 13
3 6605 6673 6880
1 0 13
3 6810 6897 6898
1 0 13
3 6899 6900 6901
1 0 13
3 6671 6859 6812
1 0 13
3 6902 6903 6904
1 0 13
3 6905 6806 6805
1 0 13
3 4945 6867 6904
1 0 13
3 6906 6907 6908
1 0 13
3 6843 6888 6809
1 0 13
3 6888 6868 6909
1 0 13
3 6869 6868 6844
1 0 13
3 6844 6842 6910
1 0 13
3 6815 6822 6831
1 0 13
3 6911 6908 6907
1 0 13
3 6912 6814 6913
1 0 13
3 6914 6845 6854
1 0 13
3 6898 6831 5273
1 0 13
3 6852 6915 6853
1 0 13
3 6852 6916 6917
1 0 13
3 6918 6919 6877
1 0 13
3 6920 6853 6915
1 0 13
3 6841 6814 6912
1 0 13
3 6807 6837 6836
1 0 13
3 6840 6921 6922
1 0 13
3 6923 6924 6925
1 0 13
3 6926 6846 6927
1 0 13
3 6837 6807 6806
1 0 13
3 6510 6530 6805
1 0 13
3 6812 6928 6823
1 0 13
3 6806 6905 6929
1 0 13
3 6797 6930 6931
1 0 13
3 6874 6574 6662
1 0 13
3 6929 6830 6931
1 0 13
3 6932 6933 6934
1 0 13
3 6934 6935 6936
1 0 13
3 6874 6861 6574
1 0 13
3 6887 6893 6937
1 0 13
3 6938 6939 6940
1 0 13
3 6941 6881 6942
1 0 13
3 6942 6883 6885
1 0 13
3 6943 6944 6945
1 0 13
3 6818 6946 6816
1 0 13
3 6929 6930 6806
1 0 13
3 6947 6946 6948
1 0 13
3 6949 6950 6951
1 0 13
3 6620 6656 6889
1 0 13
3 6887 6952 6800
1 0 13
3 6835 6953 6954
1 0 13
3 6929 6931 6930
1 0 13
3 6951 6955 6943
1 0 13
3 6671 6508 6859
1 0 13
3 6855 5435 5421
1 0 13
3 6956 6957 6958
1 0 13
3 6959 6960 6961
1 0 13
3 6892 6886 6962
1 0 13
3 6887 6937 6952
1 0 13
3 6812 6823 6667
1 0 13
3 6836 6835 6928
1 0 13
3 6953 6837 6796
1 0 13
3 6837 6953 6835
1 0 13
3 6835 6963 6928
1 0 13
3 6928 6833 6823
1 0 13
3 6817 6923 6925
1 0 13
3 6954 6953 6923
1 0 13
3 6916 6852 6851
1 0 13
3 6845 6847 6811
1 0 13
3 6803 6857 6858
1 0 13
3 6802 6878 6803
1 0 13
3 6826 6825 6921
1 0 13
3 6920 6915 6964
1 0 13
3 6914 6919 6927
1 0 13
3 6832 6891 6890
1 0 13
3 6841 6809 6815
1 0 13
3 6830 6929 6828
1 0 13
3 6862 6860 6965
1 0 13
3 6845 6914 6846
1 0 13
3 6855 6811 5435
1 0 13
3 6838 6964 6839
1 0 13
3 6926 6966 6967
1 0 13
3 6854 6855 5421
1 0 13
3 6811 6855 6845
1 0 13
3 6927 6846 6914
1 0 13
3 6847 6846 6926
1 0 13
3 6877 6919 6968
1 0 13
3 6927 6969 6970
1 0 13
3 6967 6847 6926
1 0 13
3 6811 6847 6897
1 0 13
3 6826 6921 6971
1 0 13
3 6927 6919 6969
1 0 13
3 6968 6914 6854
1 0 13
3 6919 6918 6971
1 0 13
3 6848 6854 5354
1 0 13
3 6968 6919 6914
1 0 13
3 6875 6877 6972
1 0 13
3 6875 6972 6973
1 0 13
3 6974 6975 6876
1 0 13
3 6848 6972 6968
1 0 13
3 6848 6976 6972
1 0 13
3 6797 6796 6930
1 0 13
3 6806 6930 6796
1 0 13
3 6889 6885 6884
1 0 13
3 6883 6977 6884
1 0 13
3 6912 6850 6841
1 0 13
3 6888 6843 6868
1 0 13
3 6850 6900 6842
1 0 13
3 4945 6909 6868
1 0 13
3 6808 6888 6909
1 0 13
3 6866 6978 6979
1 0 13
3 6980 6981 6893
1 0 13
3 6982 6983 6947
1 0 13
3 6916 6851 6984
1 0 13
3 6852 6917 6915
1 0 13
3 6984 6908 6911
1 0 13
3 6911 6850 6912
1 0 13
3 6850 6911 6907
1 0 13
3 6984 6911 6916
1 0 13
3 6967 6915 6917
1 0 13
3 6964 6966 6970
1 0 13
3 6838 6920 6964
1 0 13
3 6839 6969 6921
1 0 13
3 6966 6964 6915
1 0 13
3 6964 6970 6839
1 0 13
3 6971 6969 6919
1 0 13
3 6985 6975 6974
1 0 13
3 6826 6918 6975
1 0 13
3 6969 6971 6921
1 0 13
3 6832 6823 6833
1 0 13
3 6823 6832 6824
1 0 13
3 6954 6816 6983
1 0 13
3 6952 6982 6947
1 0 13
3 6860 6861 6965
1 0 13
3 6802 6862 6986
1 0 13
3 6848 6968 6854
1 0 13
3 6877 6968 6972
1 0 13
3 6987 6894 6988
1 0 13
3 6894 6987 6885
1 0 13
3 6979 6939 6938
1 0 13
3 6977 6621 6884
1 0 13
3 6941 6938 6940
1 0 13
3 6989 6987 6981
1 0 13
3 6883 6942 6881
1 0 13
3 6942 6885 6987
1 0 13
3 6883 6881 6977
1 0 13
3 6987 6989 6942
1 0 13
3 6989 6938 6941
1 0 13
3 6977 6881 6880
1 0 13
3 6621 6977 6673
1 0 13
3 6892 6887 6886
1 0 13
3 6990 6981 6980
1 0 13
3 6988 6981 6987
1 0 13
3 6937 6893 6981
1 0 13
3 6864 6892 6962
1 0 13
3 6893 6892 6980
1 0 13
3 6887 6800 6799
1 0 13
3 6948 6800 6947
1 0 13
3 6800 6952 6947
1 0 13
3 6814 6841 6815
1 0 13
3 6916 6911 6912
1 0 13
3 6967 6966 6915
1 0 13
3 6926 6927 6970
1 0 13
3 6969 6839 6970
1 0 13
3 6926 6970 6966
1 0 13
3 6860 6598 6676
1 0 13
3 6991 6992 6993
1 0 13
3 6978 6994 6995
1 0 13
3 6996 6714 6605
1 0 13
3 6881 6941 6882
1 0 13
3 6880 6996 6605
1 0 13
3 6896 6997 6894
1 0 13
3 6937 6981 6988
1 0 13
3 6815 6898 6813
1 0 13
3 6813 6913 6814
1 0 13
3 6998 6897 6967
1 0 13
3 6916 6913 6917
1 0 13
3 6989 6941 6942
1 0 13
3 6940 6999 6882
1 0 13
3 6891 6896 6894
1 0 13
3 6937 6997 6952
1 0 13
3 6982 6896 6895
1 0 13
3 6895 7000 6834
1 0 13
3 6946 6818 6948
1 0 13
3 6946 6947 6983
1 0 13
3 6923 6816 6954
1 0 13
3 6817 6816 6923
1 0 13
3 6983 6816 6946
1 0 13
3 7001 6991 6993
1 0 13
3 6990 6989 6981
1 0 13
3 6989 6990 6938
1 0 13
3 6940 6939 7002
1 0 13
3 7003 6871 6996
1 0 13
3 6889 6891 6894
1 0 13
3 6965 6986 6862
1 0 13
3 6993 6986 7004
1 0 13
3 7005 6958 6957
1 0 13
3 6974 6991 6985
1 0 13
3 6991 7001 6985
1 0 13
3 6866 6980 6864
1 0 13
3 6990 6980 6866
1 0 13
3 6940 6882 6941
1 0 13
3 6889 6656 6890
1 0 13
3 6824 6656 6659
1 0 13
3 6832 6890 6824
1 0 13
3 6985 6958 7006
1 0 13
3 6958 6985 7001
1 0 13
3 6975 6985 7006
1 0 13
3 7001 7007 6958
1 0 13
3 6975 6918 6876
1 0 13
3 6918 6826 6971
1 0 13
3 7006 7005 6827
1 0 13
3 7008 7009 6865
1 0 13
3 6865 7009 6866
1 0 13
3 7004 6986 6965
1 0 13
3 6965 7010 7004
1 0 13
3 7009 6994 6978
1 0 13
3 7011 7004 7010
1 0 13
3 6961 6950 7007
1 0 13
3 6958 7005 7006
1 0 13
3 7012 7005 6957
1 0 13
3 6825 7012 6922
1 0 13
3 6975 6827 6826
1 0 13
3 7006 6827 6975
1 0 13
3 6825 6827 7005
1 0 13
3 7012 6825 7005
1 0 13
3 6825 6922 6921
1 0 13
3 6979 6938 6990
1 0 13
3 7002 6939 6995
1 0 13
3 7013 7003 6999
1 0 13
3 7014 6932 7015
1 0 13
3 6810 6898 5273
1 0 13
3 6811 6897 6810
1 0 13
3 6870 7016 6715
1 0 13
3 7017 6902 6869
1 0 13
3 6902 6904 6867
1 0 13
3 6868 6867 4945
1 0 13
3 6902 6867 6869
1 0 13
3 6836 6928 6812
1 0 13
3 6963 6835 6954
1 0 13
3 5411 6822 6809
1 0 13
3 6831 5264 5265
1 0 13
3 6998 6967 6917
1 0 13
3 6847 6967 6897
1 0 13
3 6913 6998 6917
1 0 13
3 6998 6813 6898
1 0 13
3 6839 6921 6840
1 0 13
3 6977 6880 6673
1 0 13
3 6880 7003 6996
1 0 13
3 6882 7003 6880
1 0 13
3 6995 7018 7002
1 0 13
3 6715 7016 6661
1 0 13
3 7003 6882 6999
1 0 13
3 6870 6872 7019
1 0 13
3 7020 6870 6715
1 0 13
3 7021 6874 7022
1 0 13
3 7019 7016 6870
1 0 13
3 6715 6714 7020
1 0 13
3 7020 6714 6996
1 0 13
3 7019 7023 7016
1 0 13
3 6998 6898 6897
1 0 13
3 6913 6916 6912
1 0 13
3 6998 6913 6813
1 0 13
3 6818 6801 6948
1 0 13
3 6948 6801 6800
1 0 13
3 6834 6982 6895
1 0 13
3 6963 6833 6928
1 0 13
3 6954 6983 6963
1 0 13
3 6963 6983 6834
1 0 13
3 6918 6877 6876
1 0 13
3 6974 6876 6875
1 0 13
3 6892 6864 6980
1 0 13
3 6865 6864 6962
1 0 13
3 6994 7008 7024
1 0 13
3 6995 6939 6979
1 0 13
3 6866 7009 6978
1 0 13
3 7008 6994 7009
1 0 13
3 6995 6994 7018
1 0 13
3 7025 7026 7011
1 0 13
3 6961 7027 6959
1 0 13
3 6861 6873 7010
1 0 13
3 7028 6959 7026
1 0 13
3 7027 7026 6959
1 0 13
3 7026 7025 7028
1 0 13
3 6873 7029 7010
1 0 13
3 7030 6872 7031
1 0 13
3 7028 7025 7030
1 0 13
3 7019 7030 7023
1 0 13
3 7010 6965 6861
1 0 13
3 6949 6956 7007
1 0 13
3 7021 6873 6874
1 0 13
3 7022 6874 6662
1 0 13
3 7030 7021 7023
1 0 13
3 7030 7025 7021
1 0 13
3 6960 6950 6961
1 0 13
3 5264 6831 6822
1 0 13
3 6815 6831 6898
1 0 13
3 6940 7002 6999
1 0 13
3 7002 7032 7033
1 0 13
3 7033 7013 6999
1 0 13
3 7018 7032 7002
1 0 13
3 6963 6834 6833
1 0 13
3 6982 6834 6983
1 0 13
3 7034 6994 7024
1 0 13
3 7034 7035 7018
1 0 13
3 7032 7018 7035
1 0 13
3 7033 7032 7036
1 0 13
3 6994 7034 7018
1 0 13
3 7032 7035 7036
1 0 13
3 6999 7002 7033
1 0 13
3 7031 7037 7030
1 0 13
3 7038 7036 7035
1 0 13
3 6662 6661 7022
1 0 13
3 7023 7021 7022
1 0 13
3 7016 7022 6661
1 0 13
3 7019 6872 7030
1 0 13
3 7033 6872 7013
1 0 13
3 7024 7039 7034
1 0 13
3 7038 7035 7034
1 0 13
3 6945 7040 7039
1 0 13
3 6844 6910 7017
1 0 13
3 6869 6844 7017
1 0 13
3 6844 6868 6843
1 0 13
3 6866 6979 6990
1 0 13
3 6995 6979 6978
1 0 13
3 7022 7016 7023
1 0 13
3 6910 6899 7017
1 0 13
3 7041 6899 6901
1 0 13
3 7042 6821 6820
1 0 13
3 7043 7042 6820
1 0 13
3 6899 7044 7017
1 0 13
3 6902 7017 7045
1 0 13
3 6505 6507 7046
1 0 13
3 7047 6905 7046
1 0 13
3 6505 7046 6905
1 0 13
3 6933 7046 6507
1 0 13
3 6932 7048 6933
1 0 13
3 7014 7049 6932
1 0 13
3 7014 6829 7049
1 0 13
3 7050 7051 7052
1 0 13
3 7053 7052 7051
1 0 13
3 7045 7017 7044
1 0 13
3 7053 7054 7044
1 0 13
3 6899 7041 7044
1 0 13
3 7053 7044 7041
1 0 13
3 7045 7044 7054
1 0 13
3 7055 7045 7054
1 0 13
3 7053 7051 7054
1 0 13
3 7055 7056 6820
1 0 13
3 7043 6820 7056
1 0 13
3 7043 7056 7057
1 0 13
3 7058 7059 6903
1 0 13
3 7060 7061 6903
1 0 13
3 7061 6904 6903
1 0 13
3 6832 6834 7000
1 0 13
3 6895 6891 7000
1 0 13
3 6832 7000 6891
1 0 13
3 7050 7057 7056
1 0 13
3 6902 7058 6903
1 0 13
3 7050 7056 7051
1 0 13
3 6829 6828 7049
1 0 13
3 7047 7049 6828
1 0 13
3 6902 7045 7058
1 0 13
3 7055 7058 7045
1 0 13
3 6982 6997 6896
1 0 13
3 6988 6894 6997
1 0 13
3 6982 6952 6997
1 0 13
3 6988 6997 6937
1 0 13
3 7007 6956 6958
1 0 13
3 6950 6949 7007
1 0 13
3 7036 7038 7062
1 0 13
3 6959 7028 7062
1 0 13
3 7055 7059 7058
1 0 13
3 7060 6903 7059
1 0 13
3 7055 6820 7059
1 0 13
3 7027 6961 7001
1 0 13
3 7007 7001 6961
1 0 13
3 6973 6878 7063
1 0 13
3 6973 7063 6875
1 0 13
3 6944 7064 7040
1 0 13
3 6945 6944 7040
1 0 13
3 7038 7034 7040
1 0 13
3 7034 7039 7040
1 0 13
3 6993 7004 7065
1 0 13
3 7027 7001 7065
1 0 13
3 6993 7065 7001
1 0 13
3 7027 7065 7026
1 0 13
3 6850 6907 6900
1 0 13
3 6899 6910 6900
1 0 13
3 6910 6842 6900
1 0 13
3 6973 6976 6878
1 0 13
3 6879 6878 6976
1 0 13
3 6879 6976 6849
1 0 13
3 6878 6802 7063
1 0 13
3 6986 7063 6802
1 0 13
3 7062 7064 6959
1 0 13
3 7004 7011 7065
1 0 13
3 7026 7065 7011
1 0 13
3 6907 6906 6900
1 0 13
3 6906 6901 6900
1 0 13
3 7021 7029 6873
1 0 13
3 7011 7010 7029
1 0 13
3 7021 7025 7029
1 0 13
3 7011 7029 7025
1 0 13
3 7036 7031 7033
1 0 13
3 6872 7033 7031
1 0 13
3 7028 7037 7062
1 0 13
3 7036 7062 7037
1 0 13
3 7028 7030 7037
1 0 13
3 7036 7037 7031
1 0 13
3 7020 6996 6871
1 0 13
3 6870 7020 6871
1 0 13
3 7003 7013 6871
1 0 13
3 7013 6872 6871
1 0 13
3 6905 7066 6505
1 0 13
3 6530 6505 7066
1 0 13
3 6905 6805 7066
1 0 13
3 6530 7066 6805
1 0 13
3 7055 7054 7056
1 0 13
3 7051 7056 7054
1 0 13
3 6860 7067 6598
1 0 13
3 6860 6862 7067
1 0 13
3 6804 7067 6862
1 0 13
3 6875 6992 6974
1 0 13
3 6875 7063 6992
1 0 13
3 6986 6992 7063
1 0 13
3 6807 7068 6805
1 0 13
3 6510 6805 7068
1 0 13
3 6510 7068 6508
1 0 13
3 6960 7064 6944
1 0 13
3 7038 7040 7064
1 0 13
3 6960 6959 7064
1 0 13
3 7038 7064 7062
1 0 13
3 6960 6955 6950
1 0 13
3 6951 6950 6955
1 0 13
3 6960 6944 6955
1 0 13
3 6944 6943 6955
1 0 13
3 7015 7069 6936
1 0 13
3 6934 6936 7069
1 0 13
3 7015 6932 7069
1 0 13
3 6934 7069 6932
1 0 13
3 6986 6993 6992
1 0 13
3 6974 6992 6991
1 0 13
3 7047 7048 7049
1 0 13
3 6932 7049 7048
1 0 13
3 7047 7046 7048
1 0 13
3 7046 6933 7048
1 0 13
3 6798 6924 6796
1 0 13
3 6953 6796 6924
1 0 13
3 6798 6925 6924
1 0 13
3 6953 6924 6923
1 0 13
3 6807 6859 7068
1 0 13
3 6508 7068 6859
1 0 13
3 6820 7070 7059
1 0 13
3 7060 7059 7070
1 0 13
3 6820 6819 7070
1 0 13
3 7060 7070 6819
1 0 13
3 6849 6976 6848
1 0 13
3 6973 6972 6976
1 0 13
3 6905 7071 6929
1 0 13
3 6828 6929 7071
1 0 13
3 6905 7047 7071
1 0 13
3 6828 7071 7047
1 0 13
3 6598 7067 2520
1 0 13
3 6804 2520 7067
1 0 14
3 4301 7072 7073
1 0 14
3 7074 7072 7075
1 0 14
3 7072 7074 7073
1 0 14
3 7075 7076 7074
1 0 14
3 7076 7075 7077
1 0 14
3 7076 7077 7078
1 0 14
3 7079 7080 7081
1 0 14
3 7081 7078 7079
1 0 14
3 7080 7082 7081
1 0 14
3 7079 7078 7077
1 0 14
3 7080 7083 7082
1 0 14
3 7084 7082 7083
1 0 14
3 7084 7083 7085
1 0 14
3 7086 7085 4199
1 0 14
3 7085 7086 7084
1 0 14
3 4109 7087 7088
1 0 14
3 7088 7089 7090
1 0 14
3 7089 7088 7087
1 0 14
3 7090 7089 7091
1 0 14
3 7091 7092 7093
1 0 14
3 7094 7093 7092
1 0 14
3 7094 7092 7095
1 0 14
3 7091 7093 7090
1 0 14
3 7096 7097 7098
1 0 14
3 7097 7096 7095
1 0 14
3 7098 7097 7099
1 0 14
3 7100 7101 4152
1 0 14
3 7101 7100 7099
1 0 14
3 7099 7100 7098
1 0 14
3 7095 7096 7094
1 0 14
3 7102 7103 7104
1 0 14
3 3967 7105 7106
1 0 14
3 7107 7094 7096
1 0 14
3 7108 7109 7110
1 0 14
3 7111 7112 7113
1 0 14
3 7114 3990 7115
1 0 14
3 7116 7117 7118
1 0 14
3 7119 7107 7120
1 0 14
3 7121 7102 7122
1 0 14
3 7121 7122 7120
1 0 14
3 7121 7123 7102
1 0 14
3 7121 7124 7123
1 0 14
3 7125 7126 7127
1 0 14
3 4109 7128 7129
1 0 14
3 7130 7131 7132
1 0 14
3 7133 7134 7135
1 0 14
3 7133 7135 7136
1 0 14
3 7137 7138 7136
1 0 14
3 7139 7140 7141
1 0 14
3 7139 7110 7142
1 0 14
3 7143 7144 7130
1 0 14
3 4103 7145 7146
1 0 14
3 7147 7148 7149
1 0 14
3 7150 7115 7151
1 0 14
3 7116 7152 7151
1 0 14
3 7153 7154 7141
1 0 14
3 7155 7154 7156
1 0 14
3 7154 7153 7156
1 0 14
3 7124 7157 7123
1 0 14
3 7096 7158 7107
1 0 14
3 7137 7107 7158
1 0 14
3 7137 7158 7159
1 0 14
3 7160 7125 7127
1 0 14
3 7161 7125 7112
1 0 14
3 7139 7142 7162
1 0 14
3 7139 7162 7163
1 0 14
3 7096 7098 7158
1 0 14
3 4092 7143 4103
1 0 14
3 7155 7110 7154
1 0 14
3 7164 7165 7166
1 0 14
3 7159 7138 7137
1 0 14
3 7133 7136 7138
1 0 14
3 7159 7167 7138
1 0 14
3 7133 7138 7156
1 0 14
3 7168 7169 7132
1 0 14
3 7168 7170 7169
1 0 14
3 7171 7172 7173
1 0 14
3 7135 7134 7173
1 0 14
3 7171 7173 7134
1 0 14
3 7100 4152 7174
1 0 14
3 7175 7176 7177
1 0 14
3 7178 7104 7103
1 0 14
3 7179 7178 7103
1 0 14
3 7102 7123 7103
1 0 14
3 7123 7180 7103
1 0 14
3 7181 7182 7183
1 0 14
3 7131 7184 7132
1 0 14
3 7184 7185 7132
1 0 14
3 7168 7132 7185
1 0 14
3 7119 7120 7186
1 0 14
3 7187 7188 7189
1 0 14
3 7190 7191 7104
1 0 14
3 7102 7104 7191
1 0 14
3 7192 7193 7194
1 0 14
3 7107 7195 7120
1 0 14
3 7121 7120 7195
1 0 14
3 7107 7137 7195
1 0 14
3 7181 7196 7157
1 0 14
3 7181 7157 7182
1 0 14
3 4092 7197 7143
1 0 14
3 7150 7198 7197
1 0 14
3 4092 7199 7197
1 0 14
3 7199 7200 7197
1 0 14
3 7166 7201 7202
1 0 14
3 7203 7204 7205
1 0 14
3 7090 7206 7207
1 0 14
3 7090 7093 7206
1 0 14
3 7093 7208 7206
1 0 14
3 7113 7209 7210
1 0 14
3 7150 7151 7198
1 0 14
3 7130 7211 7162
1 0 14
3 7163 7162 7211
1 0 14
3 7130 7132 7211
1 0 14
3 4109 7212 7128
1 0 14
3 7213 7214 7215
1 0 14
3 4109 7088 7212
1 0 14
3 7088 7216 7212
1 0 14
3 7217 7218 7219
1 0 14
3 7203 7220 7186
1 0 14
3 7163 7221 7139
1 0 14
3 7140 7139 7221
1 0 14
3 7163 7222 7221
1 0 14
3 7198 7223 7131
1 0 14
3 7155 7174 7110
1 0 14
3 7108 7110 7174
1 0 14
3 7108 7174 4152
1 0 14
3 7224 7213 7219
1 0 14
3 7204 7225 7192
1 0 14
3 7226 7205 7204
1 0 14
3 7186 7225 7203
1 0 14
3 7124 7121 7137
1 0 14
3 7149 7227 7147
1 0 14
3 7155 7167 7174
1 0 14
3 7158 7098 7159
1 0 14
3 7155 7156 7167
1 0 14
3 7156 7138 7167
1 0 14
3 7110 7109 7142
1 0 14
3 7146 7142 7109
1 0 14
3 7215 7216 7207
1 0 14
3 7090 7207 7216
1 0 14
3 7215 7212 7216
1 0 14
3 7090 7216 7088
1 0 14
3 7120 7122 7228
1 0 14
3 7120 7228 7186
1 0 14
3 7207 7220 7229
1 0 14
3 7215 7207 7229
1 0 14
3 7205 7230 7229
1 0 14
3 7215 7229 7213
1 0 14
3 7119 7208 7107
1 0 14
3 7094 7107 7208
1 0 14
3 7119 7206 7208
1 0 14
3 7094 7208 7093
1 0 14
3 7132 7169 7211
1 0 14
3 7163 7211 7169
1 0 14
3 7121 7195 7137
1 0 14
3 7167 7159 7100
1 0 14
3 7114 7200 7199
1 0 14
3 7150 7197 7200
1 0 14
3 7114 7115 7200
1 0 14
3 7150 7200 7115
1 0 14
3 7136 7124 7137
1 0 14
3 7189 7231 7187
1 0 14
3 7115 7117 7151
1 0 14
3 7116 7151 7117
1 0 14
3 7232 7218 7233
1 0 14
3 7187 7234 7235
1 0 14
3 7133 7236 7134
1 0 14
3 7133 7156 7236
1 0 14
3 7236 7156 7153
1 0 14
3 7165 7237 7238
1 0 14
3 7176 7237 7221
1 0 14
3 7226 7239 7230
1 0 14
3 7205 7226 7230
1 0 14
3 7134 7236 7202
1 0 14
3 7153 7202 7236
1 0 14
3 7177 7222 7170
1 0 14
3 7235 7240 7147
1 0 14
3 7102 7241 7122
1 0 14
3 7102 7191 7241
1 0 14
3 7202 7153 7164
1 0 14
3 7140 7165 7164
1 0 14
3 7122 7241 7228
1 0 14
3 7115 7126 7117
1 0 14
3 7117 7126 7118
1 0 14
3 7157 7242 7182
1 0 14
3 7135 7182 7242
1 0 14
3 7135 7242 7136
1 0 14
3 7243 7244 7148
1 0 14
3 7160 7210 7209
1 0 14
3 7125 7160 7209
1 0 14
3 7113 7112 7209
1 0 14
3 7125 7209 7112
1 0 14
3 7235 7188 7187
1 0 14
3 7235 7147 7188
1 0 14
3 7115 3990 7126
1 0 14
3 3990 7127 7126
1 0 14
3 7106 7105 7188
1 0 14
3 7105 7189 7188
1 0 14
3 7202 7164 7166
1 0 14
3 7238 7166 7165
1 0 14
3 7106 7188 7227
1 0 14
3 7147 7227 7188
1 0 14
3 7136 7242 7124
1 0 14
3 7157 7124 7242
1 0 14
3 7245 7235 7234
1 0 14
3 7246 7247 7234
1 0 14
3 7187 7231 7234
1 0 14
3 7246 7234 7231
1 0 14
3 7157 7180 7123
1 0 14
3 7179 7103 7180
1 0 14
3 7157 7196 7180
1 0 14
3 7179 7180 7196
1 0 14
3 7219 7248 7224
1 0 14
3 7249 7224 7248
1 0 14
3 7219 7250 7248
1 0 14
3 7249 7248 7148
1 0 14
3 7202 7251 7134
1 0 14
3 7171 7134 7251
1 0 14
3 7202 7201 7251
1 0 14
3 7171 7251 7201
1 0 14
3 7249 7252 7224
1 0 14
3 7128 7214 7252
1 0 14
3 7249 7240 7252
1 0 14
3 7245 7247 7252
1 0 14
3 7119 7186 7220
1 0 14
3 7206 7119 7220
1 0 14
3 7206 7220 7207
1 0 14
3 7143 7145 4103
1 0 14
3 7142 7146 7145
1 0 14
3 7143 7130 7145
1 0 14
3 7153 7141 7164
1 0 14
3 7140 7164 7141
1 0 14
3 7128 7247 7129
1 0 14
3 7246 7129 7247
1 0 14
3 7128 7252 7247
1 0 14
3 7245 7234 7247
1 0 14
3 7130 7162 7145
1 0 14
3 7142 7145 7162
1 0 14
3 7131 7144 7198
1 0 14
3 7197 7198 7144
1 0 14
3 7131 7130 7144
1 0 14
3 7197 7144 7143
1 0 14
3 7219 7218 7250
1 0 14
3 7243 7148 7250
1 0 14
3 7148 7248 7250
1 0 14
3 7253 7226 7254
1 0 14
3 7192 7194 7254
1 0 14
3 7253 7254 7194
1 0 14
3 7212 7215 7214
1 0 14
3 7128 7212 7214
1 0 14
3 7213 7224 7214
1 0 14
3 7224 7252 7214
1 0 14
3 7125 7255 7126
1 0 14
3 7118 7126 7255
1 0 14
3 7125 7161 7255
1 0 14
3 7118 7255 7161
1 0 14
3 7244 7149 7148
1 0 14
3 7217 7230 7239
1 0 14
3 7218 7217 7239
1 0 14
3 7218 7239 7233
1 0 14
3 7217 7256 7230
1 0 14
3 7217 7219 7256
1 0 14
3 7213 7256 7219
1 0 14
3 7185 7184 7257
1 0 14
3 7226 7253 7239
1 0 14
3 7233 7239 7253
1 0 14
3 7151 7258 7198
1 0 14
3 7259 7198 7258
1 0 14
3 7151 7152 7258
1 0 14
3 7259 7258 7152
1 0 14
3 7176 7221 7222
1 0 14
3 7177 7176 7222
1 0 14
3 7163 7169 7222
1 0 14
3 7169 7170 7222
1 0 14
3 7140 7221 7237
1 0 14
3 7165 7140 7237
1 0 14
3 7176 7175 7237
1 0 14
3 7175 7238 7237
1 0 14
3 7203 7205 7220
1 0 14
3 7205 7229 7220
1 0 14
3 7192 7254 7204
1 0 14
3 7226 7204 7254
1 0 14
3 7213 7229 7256
1 0 14
3 7230 7256 7229
1 0 14
3 7174 7167 7100
1 0 14
3 7098 7100 7159
1 0 14
3 7135 7173 7182
1 0 14
3 7218 7260 7250
1 0 14
3 7243 7250 7260
1 0 14
3 7218 7232 7260
1 0 14
3 7243 7260 7232
1 0 14
3 7245 7252 7240
1 0 14
3 7235 7245 7240
1 0 14
3 7249 7148 7240
1 0 14
3 7148 7147 7240
1 0 14
3 7190 7194 7193
1 0 14
3 7191 7190 7193
1 0 14
3 7192 7241 7193
1 0 14
3 7191 7193 7241
1 0 14
3 7182 7173 7183
1 0 14
3 7172 7183 7173
1 0 14
3 7154 7261 7141
1 0 14
3 7139 7141 7261
1 0 14
3 7154 7110 7261
1 0 14
3 7139 7261 7110
1 0 14
3 7184 7223 7257
1 0 14
3 7259 7257 7223
1 0 14
3 7184 7131 7223
1 0 14
3 7259 7223 7198
1 0 14
3 7228 7225 7186
1 0 14
3 7204 7203 7225
1 0 14
3 7228 7241 7225
1 0 14
3 7241 7192 7225
1 0 14
3 7106 7262 3967
1 0 14
3 7178 7263 7104
1 0 14
3 7075 7264 7077
1 0 14
3 7168 7265 7170
1 0 14
3 7079 7266 7080
1 0 14
3 7111 7267 7112
1 0 14
3 7268 7269 7270
1 0 14
3 7271 7272 7273
1 0 14
3 7274 7275 7276
1 0 14
3 7277 7278 7279
1 0 14
3 7280 7270 7281
1 0 14
3 7269 7281 7270
1 0 14
3 7282 7283 7284
1 0 14
3 7285 7286 4204
1 0 14
3 7282 7284 7287
1 0 14
3 7282 7287 7288
1 0 14
3 7289 7290 7265
1 0 14
3 7276 7291 7274
1 0 14
3 7264 7292 7293
1 0 14
3 7264 7291 7292
1 0 14
3 7294 7295 7296
1 0 14
3 7297 7281 7288
1 0 14
3 7269 7298 7281
1 0 14
3 7277 7299 7300
1 0 14
3 7268 7270 7300
1 0 14
3 7294 7300 7270
1 0 14
3 7294 7296 7301
1 0 14
3 7301 7302 7278
1 0 14
3 7116 7303 7152
1 0 14
3 7266 7298 7269
1 0 14
3 7289 7265 7304
1 0 14
3 7304 7272 7289
1 0 14
3 7288 7287 7305
1 0 14
3 7185 7257 7306
1 0 14
3 7275 7307 7276
1 0 14
3 7238 7308 7166
1 0 14
3 7279 7278 7309
1 0 14
3 7310 7309 7278
1 0 14
3 7185 7311 7168
1 0 14
3 7265 7168 7311
1 0 14
3 7185 7306 7311
1 0 14
3 7284 7263 7287
1 0 14
3 7179 7312 7263
1 0 14
3 7284 7104 7263
1 0 14
3 7179 7263 7178
1 0 14
3 7313 7314 7292
1 0 14
3 7293 7292 7315
1 0 14
3 7314 7283 7315
1 0 14
3 7294 7301 7300
1 0 14
3 7277 7300 7301
1 0 14
3 7277 7301 7278
1 0 14
3 7171 7201 7316
1 0 14
3 7296 7295 7316
1 0 14
3 7171 7316 7295
1 0 14
3 7274 7317 7275
1 0 14
3 7265 7318 7170
1 0 14
3 7177 7170 7318
1 0 14
3 7265 7290 7318
1 0 14
3 7177 7318 7290
1 0 14
3 4171 7319 4304
1 0 14
3 7284 7320 7104
1 0 14
3 7190 7104 7320
1 0 14
3 7190 7320 7321
1 0 14
3 7190 7321 7194
1 0 14
3 7181 7305 7196
1 0 14
3 7238 7175 7322
1 0 14
3 7291 7313 7292
1 0 14
3 7315 7292 7314
1 0 14
3 7291 7276 7313
1 0 14
3 7323 7321 7313
1 0 14
3 7324 7268 7085
1 0 14
3 7085 7299 4199
1 0 14
3 7172 7325 7183
1 0 14
3 7326 7327 7328
1 0 14
3 7072 7326 7328
1 0 14
3 7264 7075 7328
1 0 14
3 7072 7328 7075
1 0 14
3 7080 7324 7083
1 0 14
3 7080 7266 7324
1 0 14
3 7269 7324 7266
1 0 14
3 7329 7330 7331
1 0 14
3 7332 7333 7267
1 0 14
3 7334 7317 7335
1 0 14
3 7275 7317 7334
1 0 14
3 7336 7335 7317
1 0 14
3 7269 7268 7324
1 0 14
3 7152 7337 7259
1 0 14
3 7265 7311 7304
1 0 14
3 7274 7338 7317
1 0 14
3 7339 7317 7338
1 0 14
3 7274 7327 7338
1 0 14
3 7339 7338 7326
1 0 14
3 7340 7341 7279
1 0 14
3 7273 7340 7271
1 0 14
3 7279 7342 7271
1 0 14
3 7289 7271 7342
1 0 14
3 7279 7309 7342
1 0 14
3 7309 7343 7342
1 0 14
3 7341 4199 7344
1 0 14
3 7277 7279 7344
1 0 14
3 7297 7345 7280
1 0 14
3 7305 7345 7288
1 0 14
3 7280 7281 7297
1 0 14
3 7346 7347 7348
1 0 14
3 7347 7349 7348
1 0 14
3 7322 7350 7310
1 0 14
3 7289 7343 7290
1 0 14
3 7280 7351 7270
1 0 14
3 7294 7270 7351
1 0 14
3 7294 7351 7295
1 0 14
3 7337 7152 7303
1 0 14
3 7233 7253 7352
1 0 14
3 7077 7353 7079
1 0 14
3 7077 7264 7353
1 0 14
3 7293 7353 7264
1 0 14
3 7326 7338 7327
1 0 14
3 7264 7328 7327
1 0 14
3 7274 7291 7327
1 0 14
3 7264 7327 7291
1 0 14
3 7083 7324 7085
1 0 14
3 7325 7354 7280
1 0 14
3 7336 7317 7339
1 0 14
3 7344 7279 7341
1 0 14
3 7271 7340 7279
1 0 14
3 7293 7355 7353
1 0 14
3 7079 7353 7266
1 0 14
3 7310 7343 7309
1 0 14
3 7289 7342 7343
1 0 14
3 7308 7356 7166
1 0 14
3 7319 7272 7304
1 0 14
3 7271 7289 7272
1 0 14
3 7319 4171 7272
1 0 14
3 4171 7273 7272
1 0 14
3 7319 7357 7306
1 0 14
3 7311 7306 7357
1 0 14
3 7319 7304 7357
1 0 14
3 7311 7357 7304
1 0 14
3 7358 7359 7335
1 0 14
3 7267 7360 7112
1 0 14
3 7267 7333 7360
1 0 14
3 7297 7288 7345
1 0 14
3 7325 7280 7345
1 0 14
3 7305 7181 7345
1 0 14
3 7303 7361 7362
1 0 14
3 7363 7364 7348
1 0 14
3 7112 7365 7161
1 0 14
3 7112 7360 7365
1 0 14
3 7360 7286 7365
1 0 14
3 7310 7278 7302
1 0 14
3 7302 7366 7310
1 0 14
3 7301 7296 7302
1 0 14
3 7352 7323 7276
1 0 14
3 7352 7253 7323
1 0 14
3 7331 7367 7368
1 0 14
3 7335 7336 7358
1 0 14
3 7296 7308 7366
1 0 14
3 7322 7310 7366
1 0 14
3 7296 7366 7302
1 0 14
3 7284 7369 7320
1 0 14
3 7321 7320 7369
1 0 14
3 7284 7283 7369
1 0 14
3 7314 7313 7321
1 0 14
3 7276 7323 7313
1 0 14
3 7337 7370 7259
1 0 14
3 7337 7363 7370
1 0 14
3 7253 7194 7323
1 0 14
3 7321 7323 7194
1 0 14
3 7181 7371 7345
1 0 14
3 7325 7345 7371
1 0 14
3 7181 7183 7371
1 0 14
3 7325 7371 7183
1 0 14
3 7372 4204 7286
1 0 14
3 7333 7372 7286
1 0 14
3 7285 7365 7286
1 0 14
3 7333 7286 7360
1 0 14
3 7275 7373 7232
1 0 14
3 7243 7232 7373
1 0 14
3 7275 7334 7373
1 0 14
3 7243 7373 7334
1 0 14
3 7259 7374 7257
1 0 14
3 7306 7257 7374
1 0 14
3 7259 7370 7374
1 0 14
3 7306 7374 7370
1 0 14
3 7285 7361 7118
1 0 14
3 7116 7118 7361
1 0 14
3 7285 7362 7361
1 0 14
3 7116 7361 7303
1 0 14
3 7262 7106 7375
1 0 14
3 7262 7375 7376
1 0 14
3 7177 7377 7175
1 0 14
3 7322 7175 7377
1 0 14
3 7177 7290 7377
1 0 14
3 7335 7359 7334
1 0 14
3 7243 7334 7359
1 0 14
3 7243 7359 7244
1 0 14
3 7339 7368 7336
1 0 14
3 7266 7355 7298
1 0 14
3 7298 7378 7282
1 0 14
3 7363 7379 7370
1 0 14
3 7306 7370 7379
1 0 14
3 7363 7349 7379
1 0 14
3 7306 7379 7319
1 0 14
3 7283 7314 7369
1 0 14
3 7321 7369 7314
1 0 14
3 7171 7380 7172
1 0 14
3 7325 7172 7380
1 0 14
3 7171 7295 7380
1 0 14
3 7282 7378 7283
1 0 14
3 7315 7283 7378
1 0 14
3 7362 7348 7364
1 0 14
3 7303 7362 7364
1 0 14
3 7363 7337 7364
1 0 14
3 7303 7364 7337
1 0 14
3 7368 7381 7382
1 0 14
3 7331 7368 7382
1 0 14
3 7383 7329 7382
1 0 14
3 7331 7382 7329
1 0 14
3 7376 7384 7330
1 0 14
3 7331 7330 7384
1 0 14
3 7385 7367 7384
1 0 14
3 7106 7386 7375
1 0 14
3 7385 7375 7386
1 0 14
3 7106 7227 7386
1 0 14
3 7385 7386 7227
1 0 14
3 7348 7362 7346
1 0 14
3 7378 7298 7355
1 0 14
3 7315 7378 7355
1 0 14
3 7266 7353 7355
1 0 14
3 7315 7355 7293
1 0 14
3 7161 7365 7118
1 0 14
3 7285 7118 7365
1 0 14
3 7308 7238 7366
1 0 14
3 7322 7366 7238
1 0 14
3 7358 7149 7359
1 0 14
3 7244 7359 7149
1 0 14
3 7339 7381 7368
1 0 14
3 7383 7382 7381
1 0 14
3 7383 7381 4301
1 0 14
3 7352 7276 7307
1 0 14
3 7233 7352 7307
1 0 14
3 7275 7232 7307
1 0 14
3 7233 7307 7232
1 0 14
3 7268 7299 7085
1 0 14
3 7344 4199 7299
1 0 14
3 7268 7300 7299
1 0 14
3 7344 7299 7277
1 0 14
3 7326 7387 7339
1 0 14
3 7326 7072 7387
1 0 14
3 4301 7387 7072
1 0 14
3 7290 7350 7377
1 0 14
3 7322 7377 7350
1 0 14
3 7290 7343 7350
1 0 14
3 7343 7310 7350
1 0 14
3 7319 7349 4304
1 0 14
3 7347 4304 7349
1 0 14
3 7319 7379 7349
1 0 14
3 7363 7348 7349
1 0 14
3 7296 7356 7308
1 0 14
3 7201 7166 7356
1 0 14
3 7296 7316 7356
1 0 14
3 7201 7356 7316
1 0 14
3 7295 7354 7380
1 0 14
3 7325 7380 7354
1 0 14
3 7295 7351 7354
1 0 14
3 7351 7280 7354
1 0 14
3 7358 7388 7149
1 0 14
3 7227 7149 7388
1 0 14
3 7358 7385 7388
1 0 14
3 7227 7388 7385
1 0 14
3 7285 4204 7362
1 0 14
3 7346 7362 4204
1 0 14
3 7288 7389 7282
1 0 14
3 7298 7282 7389
1 0 14
3 7288 7281 7389
1 0 14
3 7298 7389 7281
1 0 14
3 7358 7367 7385
1 0 14
3 7331 7384 7367
1 0 14
3 7358 7336 7367
1 0 14
3 7336 7368 7367
1 0 14
3 7385 7384 7375
1 0 14
3 7376 7375 7384
1 0 14
3 7339 7387 7381
1 0 14
3 4301 7381 7387
1 0 14
3 7305 7312 7196
1 0 14
3 7179 7196 7312
1 0 14
3 7305 7287 7312
1 0 14
3 7287 7263 7312
1 0 14
3 7113 7210 7390
1 0 14
3 7391 7390 4741
1 0 14
3 7111 7113 7391
1 0 14
3 7391 7113 7390
1 0 14
3 4741 7392 7391
1 0 14
3 4741 4720 7392
1 0 14
3 7393 7394 4634
1 0 14
3 7394 7393 4720
1 0 14
3 4720 7393 7392
1 0 14
3 7111 7391 7267
1 0 14
3 7391 7392 4915
1 0 14
3 7395 7391 4915
1 0 14
3 7395 7267 7391
1 0 14
3 7392 4886 4915
1 0 14
3 4886 7392 7393
1 0 14
3 7393 4634 7396
1 0 14
3 7393 7396 4886
1 0 14
3 7395 7332 7267
# Part 3 - Hole List
0
# Part 4 - region list
0
